funil,janela,conjunto,regra_1,regra_2,n_jogos,delta_ppg,se,z
FIRST_5a45,propria,todas,bsskill_todas,llskill_todas,450,-0.002504857898075802,0.017077031143797917,-0.1466799396794169
FIRST_5a45,propria,todas,bsskill_todas,ll_todas,450,-0.008763042582865862,0.046265385262743854,-0.18940818352857164
FIRST_5a45,propria,todas,bsskill_todas,llskill_entradas,450,-0.019073392299270502,0.05954073063680695,-0.3203419255234952
FIRST_5a45,propria,todas,bsskill_todas,ll_entradas,450,0.02070125820251066,0.04003024629877192,0.5171404154749293
FIRST_5a45,propria,todas,bsskill_todas,ppg,450,-0.05823191981915718,0.04272916639140522,-1.362814319515259
FIRST_5a45,propria,todas,bsskill_todas,lucro,450,-0.0636315133738879,0.05957815882598187,-1.0680342365017559
FIRST_5a45,propria,todas,bsskill_todas,roi,450,-0.0769172525017191,0.04390925567779756,-1.751732096442979
FIRST_5a45,propria,todas,bsskill_todas,sharpe,450,-0.052148881110542084,0.0533607391202902,-0.97728933238694
FIRST_5a45,propria,todas,bsskill_todas,sortino,450,-0.06239271796822936,0.03811959031866271,-1.6367625529722163
FIRST_5a45,propria,todas,bsskill_todas,calmar,450,-0.05357585409669489,0.046241536711326976,-1.1586088591984736
FIRST_5a45,propria,todas,bsskill_todas,maxdd,450,-0.061201925965742615,0.0416172918627358,-1.4705888640616458
FIRST_5a45,propria,todas,bsskill_todas,seq_ruim,450,-0.0017401198387250875,0.05368970479692294,-0.03241067994892043
FIRST_5a45,propria,todas,bsskill_todas,ppg_nao_piorando_ou_nada,450,-0.05823191981915718,0.04272916639140522,-1.362814319515259
FIRST_5a45,propria,todas,bsskill_todas,funcao_menor_vol,450,0.03786878554917273,0.04621246531650927,0.8194495855135479
FIRST_5a45,propria,todas,bsskill_todas,ACASO,450,0.009895048349090454,0.046903725120420084,0.21096508483464846
FIRST_5a45,propria,todas,bsskill_todas,FIXO_RETROSPECTO,450,-0.05039198111359071,0.06873639467574393,-0.7331193518558707
FIRST_5a45,propria,todas,bsskill_todas,BASE_V6_MOM,450,0.04062936721272948,0.06756669886230096,0.6013223658526072
FIRST_5a45,propria,todas,bsskill_todas,FIXO_TUDO_INI,450,-0.015416730723725338,0.07044462320615187,-0.21884893441205897
FIRST_5a45,propria,todas,bsskill_todas,FIXO_TUDO_INI_CALR,450,-0.07453078069947902,0.050035815200736716,-1.4895486443155153
FIRST_5a45,propria,todas,bsskill_todas,FIXO_TUDO_MOM,450,-0.017196906961982453,0.06977459688828967,-0.24646372360294674
FIRST_5a45,propria,todas,bsskill_todas,FIXO_V6E_INI,450,0.03879208072916562,0.056156329352636904,0.6907873284517675
FIRST_5a45,propria,todas,bsskill_todas,FIXO_V6E_MOM,450,0.02165820475621898,0.06462310465801879,0.33514645993616016
FIRST_5a45,propria,todas,bsskill_todas,FIXO_V6WR_INI,450,0.07342272798633481,0.055093020916081606,1.3327047013481663
FIRST_5a45,propria,todas,bsskill_todas,FIXO_V6WR_MOM,450,0.04056882887920462,0.06712076409106307,0.6044154804937066
FIRST_5a45,propria,todas,bsskill_todas,FIXO_V6_INI,450,0.07342272798633481,0.055093020916081606,1.3327047013481663
FIRST_5a45,propria,todas,bsskill_todas,FIXO_V6_MOM,450,0.04062936721272948,0.06756669886230096,0.6013223658526072
FIRST_5a45,propria,todas,bsskill_todas,FAVORITO,450,0.03433254987906216,0.07246183014677052,0.47380185967594274
FIRST_5a45,propria,todas,bsskill_todas,ZEBRA,450,-0.009362539393132953,0.05784117295841568,-0.16186634734852376
FIRST_5a45,propria,todas,bsskill_todas,VIG_MERCADO,450,0.021564771864317725,0.05407493979575364,0.39879419090931933
FIRST_5a45,propria,todas,llskill_todas,ppg,450,-0.055727061921081386,0.037844196600564546,-1.472539171838307
FIRST_5a45,propria,todas,llskill_todas,lucro,450,-0.06112665547581208,0.05713477141044242,-1.069867857467967
FIRST_5a45,propria,todas,llskill_todas,roi,450,-0.0744123946036433,0.03998121341628072,-1.8611839973156463
FIRST_5a45,propria,todas,llskill_todas,sharpe,450,-0.04964402321246628,0.05197761202073747,-0.9551039626957053
FIRST_5a45,propria,todas,llskill_todas,sortino,450,-0.05988786007015356,0.035420595155096914,-1.6907638002106207
FIRST_5a45,propria,todas,llskill_todas,maxdd,450,-0.05869706806766682,0.040712918046171685,-1.4417308039944394
FIRST_5a45,propria,todas,llskill_todas,seq_ruim,450,0.0007647380593507138,0.058135963305471494,0.013154302704720818
FIRST_5a45,propria,todas,llskill_todas,ppg_nao_piorando_ou_nada,450,-0.055727061921081386,0.037844196600564546,-1.472539171838307
FIRST_5a45,propria,todas,llskill_todas,ACASO,450,0.012399906247166251,0.048660529132732146,0.2548247310123328
FIRST_5a45,propria,todas,llskill_todas,FIXO_RETROSPECTO,450,-0.0478871232155149,0.06655419439830157,-0.7195207401794793
FIRST_5a45,propria,todas,llskill_todas,BASE_V6_MOM,450,0.04313422511080528,0.06800348655366598,0.6342943177886219
FIRST_5a45,propria,todas,llskill_todas,FIXO_TUDO_INI,450,-0.01291187282564953,0.071897925182206,-0.17958616737448058
FIRST_5a45,propria,todas,llskill_todas,FIXO_TUDO_INI_CALR,450,-0.07202592280140323,0.05410817483430149,-1.3311467818305138
FIRST_5a45,propria,todas,llskill_todas,FIXO_TUDO_MOM,450,-0.01469204906390666,0.07143193995751497,-0.20567898719599298
FIRST_5a45,propria,todas,llskill_todas,FIXO_V6E_INI,450,0.04129693862724143,0.0570246339756886,0.7241947163544727
FIRST_5a45,propria,todas,llskill_todas,FIXO_V6E_MOM,450,0.024163062654294788,0.0661646793973687,0.36519579440833394
FIRST_5a45,propria,todas,llskill_todas,FIXO_V6WR_INI,450,0.0759275858844106,0.0567419768930814,1.338120207328704
FIRST_5a45,propria,todas,llskill_todas,FIXO_V6WR_MOM,450,0.04307368677728042,0.06766858086070883,0.6365389406635359
FIRST_5a45,propria,todas,llskill_todas,FIXO_V6_INI,450,0.0759275858844106,0.0567419768930814,1.338120207328704
FIRST_5a45,propria,todas,llskill_todas,FIXO_V6_MOM,450,0.04313422511080528,0.06800348655366598,0.6342943177886219
FIRST_5a45,propria,todas,llskill_todas,FAVORITO,450,0.036837407777137954,0.07305848193620969,0.5042180839358554
FIRST_5a45,propria,todas,llskill_todas,ZEBRA,450,-0.006857681495057159,0.06007669598287588,-0.11414877903757985
FIRST_5a45,propria,todas,llskill_todas,VIG_MERCADO,450,0.024069629762393522,0.05485732764105115,0.438767814573264
FIRST_5a45,propria,todas,brier_todas,bsskill_todas,450,0.012092778302422929,0.04615022277368613,0.26203076768933764
FIRST_5a45,propria,todas,brier_todas,llskill_todas,450,0.00958792040434712,0.048300436119506886,0.19850587644021062
FIRST_5a45,propria,todas,brier_todas,ll_todas,450,0.003329735719557069,0.0028504488316799933,1.168144357671067
FIRST_5a45,propria,todas,brier_todas,bsskill_entradas,450,0.015546248180643537,0.04795627582217368,0.32417546846820355
FIRST_5a45,propria,todas,brier_todas,llskill_entradas,450,-0.006980613996847565,0.05289859492213439,-0.1319621817389078
FIRST_5a45,propria,todas,brier_todas,ll_entradas,450,0.03279403650493359,0.0171349639324051,1.913866678348505
FIRST_5a45,propria,todas,brier_todas,ppg,450,-0.04613914151673426,0.05552327727569152,-0.8309873584665778
FIRST_5a45,propria,todas,brier_todas,lucro,450,-0.05153873507146496,0.0584003360400247,-0.8825075087948614
FIRST_5a45,propria,todas,brier_todas,roi,450,-0.06482447419929617,0.051252620826738295,-1.264803109648541
FIRST_5a45,propria,todas,brier_todas,sharpe,450,-0.040056102808119165,0.051691059801380064,-0.7749135529825166
FIRST_5a45,propria,todas,brier_todas,sortino,450,-0.05029993966580641,0.051019560833247476,-0.985895190870163
FIRST_5a45,propria,todas,brier_todas,calmar,450,-0.041483075794271955,0.05726408801062739,-0.7244169467358547
FIRST_5a45,propria,todas,brier_todas,maxdd,450,-0.0491091476633197,0.0485671469334575,-1.0111598223096119
FIRST_5a45,propria,todas,brier_todas,seq_ruim,450,0.010352658463697843,0.05285135970069506,0.19588253778760764
FIRST_5a45,propria,todas,brier_todas,bsskill_t_ppg>=1_relaxar,450,-0.030861195107213312,0.05724978064380077,-0.5390622419887836
FIRST_5a45,propria,todas,brier_todas,ppg_nao_piorando_ou_nada,450,-0.04613914151673426,0.05552327727569152,-0.8309873584665778
FIRST_5a45,propria,todas,brier_todas,funcao_menor_vol,450,0.049961563851595656,0.039295054530349705,1.2714466094711137
FIRST_5a45,propria,todas,brier_todas,ACASO,450,0.021987826651513376,0.03830214660784098,0.5740625160421731
FIRST_5a45,propria,todas,brier_todas,FIXO_RETROSPECTO,450,-0.03829920281116779,0.06373734066145778,-0.6008911324775034
FIRST_5a45,propria,todas,brier_todas,BASE_V6_MOM,450,0.0527221455151524,0.06080678641870111,0.8670437729124544
FIRST_5a45,propria,todas,brier_todas,FIXO_TUDO_INI,450,-0.003323952421302412,0.054560952426040164,-0.06092181814106305
FIRST_5a45,propria,todas,brier_todas,FIXO_TUDO_INI_CALR,450,-0.062438002397056075,0.052031995472045116,-1.1999924629183543
FIRST_5a45,propria,todas,brier_todas,FIXO_TUDO_MOM,450,-0.00510412865955952,0.057059889824419556,-0.08945212960041747
FIRST_5a45,propria,todas,brier_todas,FIXO_V6E_INI,450,0.05088485903158855,0.05237369734527974,0.971572785784516
FIRST_5a45,propria,todas,brier_todas,FIXO_V6E_MOM,450,0.03375098305864192,0.05706500061778801,0.5914480450933569
FIRST_5a45,propria,todas,brier_todas,FIXO_V6WR_INI,450,0.08551550628875774,0.05286010766780522,1.6177701874194537
FIRST_5a45,propria,todas,brier_todas,FIXO_V6WR_MOM,450,0.05266160718162753,0.06031122780113329,0.8731642366040173
FIRST_5a45,propria,todas,brier_todas,FIXO_V6_INI,450,0.08551550628875774,0.05286010766780522,1.6177701874194537
FIRST_5a45,propria,todas,brier_todas,FIXO_V6_MOM,450,0.0527221455151524,0.06080678641870111,0.8670437729124544
FIRST_5a45,propria,todas,brier_todas,FAVORITO,450,0.04642532818148508,0.06186471020069513,0.7504331311158947
FIRST_5a45,propria,todas,brier_todas,ZEBRA,450,0.0027302389092899817,0.05849129221300205,0.04667769861106054
FIRST_5a45,propria,todas,brier_todas,VIG_MERCADO,450,0.03365755016674065,0.04634446898882617,0.7262474012779306
FIRST_5a45,propria,todas,ll_todas,llskill_todas,450,0.006258184684790058,0.04823910169291448,0.12973261244848763
FIRST_5a45,propria,todas,ll_todas,llskill_entradas,450,-0.010310349716404628,0.05291652094809518,-0.19484179102624408
FIRST_5a45,propria,todas,ll_todas,ppg,450,-0.049468877236291314,0.055360410936537,-0.893578577171338
FIRST_5a45,propria,todas,ll_todas,lucro,450,-0.05486847079102204,0.058216074571691714,-0.9424969167828865
FIRST_5a45,propria,todas,ll_todas,roi,450,-0.06815420991885324,0.051048349196953745,-1.3350913592896412
FIRST_5a45,propria,todas,ll_todas,sharpe,450,-0.043385838527676225,0.05152504582279053,-0.8420339629952512
FIRST_5a45,propria,todas,ll_todas,sortino,450,-0.05362967538536349,0.05083605430150092,-1.0549535388268734
FIRST_5a45,propria,todas,ll_todas,maxdd,450,-0.052438883382876764,0.048374580994868216,-1.0840173145569925
FIRST_5a45,propria,todas,ll_todas,seq_ruim,450,0.00702292274414077,0.0527914321226665,0.13303148753044364
FIRST_5a45,propria,todas,ll_todas,ppg_nao_piorando_ou_nada,450,-0.049468877236291314,0.055360410936537,-0.893578577171338
FIRST_5a45,propria,todas,ll_todas,ACASO,450,0.018658090931956302,0.03821121835121907,0.4882883021540988
FIRST_5a45,propria,todas,ll_todas,FIXO_RETROSPECTO,450,-0.04162893853072487,0.0635844999501804,-0.654702617199819
FIRST_5a45,propria,todas,ll_todas,BASE_V6_MOM,450,0.04939240979559533,0.060567891401599926,0.8154883495628942
FIRST_5a45,propria,todas,ll_todas,FIXO_TUDO_INI,450,-0.006653688140859474,0.05453624645457455,-0.12200487883597931
FIRST_5a45,propria,todas,ll_todas,FIXO_TUDO_INI_CALR,450,-0.06576773811661314,0.051904261588508215,-1.2670970764985192
FIRST_5a45,propria,todas,ll_todas,FIXO_TUDO_MOM,450,-0.00843386437911659,0.057038901536001906,-0.14786161991204003
FIRST_5a45,propria,todas,ll_todas,FIXO_V6E_INI,450,0.04755512331203148,0.05208646914888665,0.9130033977941078
FIRST_5a45,propria,todas,ll_todas,FIXO_V6E_MOM,450,0.030421247339084856,0.05704806646035761,0.5332564138738062
FIRST_5a45,propria,todas,ll_todas,FIXO_V6WR_INI,450,0.08218577056920068,0.05280147777752375,1.5565051212294871
FIRST_5a45,propria,todas,ll_todas,FIXO_V6WR_MOM,450,0.049331871462070465,0.06019183805144687,0.8195774221067277
FIRST_5a45,propria,todas,ll_todas,FIXO_V6_INI,450,0.08218577056920068,0.05280147777752375,1.5565051212294871
FIRST_5a45,propria,todas,ll_todas,FIXO_V6_MOM,450,0.04939240979559533,0.060567891401599926,0.8154883495628942
FIRST_5a45,propria,todas,ll_todas,FAVORITO,450,0.043095592461928005,0.06174186794789456,0.6979962526935111
FIRST_5a45,propria,todas,ll_todas,ZEBRA,450,-0.0005994968102670888,0.05806483982736463,-0.010324609730251243
FIRST_5a45,propria,todas,ll_todas,VIG_MERCADO,450,0.030327814447183576,0.04627548401443654,0.655375412988057
FIRST_5a45,propria,todas,bsskill_entradas,bsskill_todas,450,-0.0034534698782206132,0.05893746166467304,-0.05859549734037178
FIRST_5a45,propria,todas,bsskill_entradas,llskill_todas,450,-0.005958327776296411,0.062182134020435494,-0.09582057403077016
FIRST_5a45,propria,todas,bsskill_entradas,ll_todas,450,-0.012216512461086472,0.04801169294967157,-0.2544486917779066
FIRST_5a45,propria,todas,bsskill_entradas,llskill_entradas,450,-0.022526862177491114,0.026221407675957306,-0.859101938991103
FIRST_5a45,propria,todas,bsskill_entradas,ll_entradas,450,0.017247788324290046,0.042555431339521,0.4053016919669222
FIRST_5a45,propria,todas,bsskill_entradas,ppg,450,-0.0616853896973778,0.04726916870843428,-1.3049814791088388
FIRST_5a45,propria,todas,bsskill_entradas,lucro,450,-0.0670849832521085,0.03969635336671177,-1.6899532970291438
FIRST_5a45,propria,todas,bsskill_entradas,roi,450,-0.08037072237993971,0.04796537117584398,-1.6755988833130413
FIRST_5a45,propria,todas,bsskill_entradas,sharpe,450,-0.05560235098876269,0.04625086183358228,-1.202190592444061
FIRST_5a45,propria,todas,bsskill_entradas,sortino,450,-0.06584618784644995,0.04547586444095836,-1.4479370245273409
FIRST_5a45,propria,todas,bsskill_entradas,calmar,450,-0.05702932397491549,0.04898852562674963,-1.1641363614294054
FIRST_5a45,propria,todas,bsskill_entradas,maxdd,450,-0.06465539584396324,0.045622164588764086,-1.417192639296354
FIRST_5a45,propria,todas,bsskill_entradas,seq_ruim,450,-0.005193589716945692,0.052229960964917915,-0.09943698254789332
FIRST_5a45,propria,todas,bsskill_entradas,bsskill_t_ppg>=1_relaxar,450,-0.04640744328785685,0.05534592705511966,-0.8384978941926319
FIRST_5a45,propria,todas,bsskill_entradas,ppg_nao_piorando_ou_nada,450,-0.0616853896973778,0.04726916870843428,-1.3049814791088388
FIRST_5a45,propria,todas,bsskill_entradas,funcao_menor_vol,450,0.03441531567095211,0.04355259297746472,0.7902013018779276
FIRST_5a45,propria,todas,bsskill_entradas,ACASO,450,0.006441578470869837,0.033089960635779715,0.19466866527198728
FIRST_5a45,propria,todas,bsskill_entradas,FIXO_RETROSPECTO,450,-0.05384545099181134,0.04583789717516563,-1.1746928700949244
FIRST_5a45,propria,todas,bsskill_entradas,BASE_V6_MOM,450,0.03717589733450885,0.05056251308375659,0.7352462341602194
FIRST_5a45,propria,todas,bsskill_entradas,FIXO_TUDO_INI,450,-0.01887020060194594,0.044716924428682456,-0.4219923629148825
FIRST_5a45,propria,todas,bsskill_entradas,FIXO_TUDO_INI_CALR,450,-0.07798425057769964,0.06311977056874185,-1.2354964201393814
FIRST_5a45,propria,todas,bsskill_entradas,FIXO_TUDO_MOM,450,-0.02065037684020307,0.040600737157758075,-0.5086207366128364
FIRST_5a45,propria,todas,bsskill_entradas,FIXO_V6E_INI,450,0.03533861085094501,0.053932062582375415,0.6552430809960047
FIRST_5a45,propria,todas,bsskill_entradas,FIXO_V6E_MOM,450,0.018204734877998372,0.044581957210172905,0.4083431059828916
FIRST_5a45,propria,todas,bsskill_entradas,FIXO_V6WR_INI,450,0.06996925810811422,0.05377656747858726,1.3011105280375985
FIRST_5a45,propria,todas,bsskill_entradas,FIXO_V6WR_MOM,450,0.037115359000983984,0.05130881900816902,0.7233719216003538
FIRST_5a45,propria,todas,bsskill_entradas,FIXO_V6_INI,450,0.06996925810811422,0.05377656747858726,1.3011105280375985
FIRST_5a45,propria,todas,bsskill_entradas,FIXO_V6_MOM,450,0.03717589733450885,0.05056251308375659,0.7352462341602194
FIRST_5a45,propria,todas,bsskill_entradas,FAVORITO,450,0.030879080000841556,0.0622720605730054,0.4958737468569889
FIRST_5a45,propria,todas,bsskill_entradas,ZEBRA,450,-0.012816009271353549,0.05994948910810362,-0.21378012493556273
FIRST_5a45,propria,todas,bsskill_entradas,VIG_MERCADO,450,0.01811130198609711,0.045377011062397936,0.3991294614180792
FIRST_5a45,propria,todas,llskill_entradas,llskill_todas,450,0.016568534401194702,0.06066154681336819,0.273130760284923
FIRST_5a45,propria,todas,llskill_entradas,ppg,450,-0.039158527519886695,0.03986794181565116,-0.9822058961798231
FIRST_5a45,propria,todas,llskill_entradas,lucro,450,-0.044558121074617395,0.03546033760668919,-1.2565622349351804
FIRST_5a45,propria,todas,llskill_entradas,roi,450,-0.0578438602024486,0.03935263608188748,-1.4698852722873101
FIRST_5a45,propria,todas,llskill_entradas,sharpe,450,-0.03307548881127159,0.0400605148983308,-0.8256381350867198
FIRST_5a45,propria,todas,llskill_entradas,sortino,450,-0.04331932566895885,0.0392153317568068,-1.1046527908421866
FIRST_5a45,propria,todas,llskill_entradas,maxdd,450,-0.042128533666472116,0.04250302055472494,-0.9911891700080314
FIRST_5a45,propria,todas,llskill_entradas,seq_ruim,450,0.017333272460545415,0.05669050411637313,0.3057526605331295
FIRST_5a45,propria,todas,llskill_entradas,ppg_nao_piorando_ou_nada,450,-0.039158527519886695,0.03986794181565116,-0.9822058961798231
FIRST_5a45,propria,todas,llskill_entradas,ACASO,450,0.02896844064836095,0.03511649055127351,0.8249241365979949
FIRST_5a45,propria,todas,llskill_entradas,FIXO_RETROSPECTO,450,-0.03131858881432023,0.04040190450362532,-0.7751760517009779
FIRST_5a45,propria,todas,llskill_entradas,BASE_V6_MOM,450,0.05970275951199996,0.05627111912594952,1.0609840436684674
FIRST_5a45,propria,todas,llskill_entradas,FIXO_TUDO_INI,450,0.0036566615755451635,0.051436822498317034,0.07109034730255366
FIRST_5a45,propria,todas,llskill_entradas,FIXO_TUDO_INI_CALR,450,-0.05545738840020851,0.06629820725441224,-0.8364839819483617
FIRST_5a45,propria,todas,llskill_entradas,FIXO_TUDO_MOM,450,0.0018764853372880412,0.04797641715661608,0.03911266093844335
FIRST_5a45,propria,todas,llskill_entradas,FIXO_V6E_INI,450,0.05786547302843612,0.06052671625205881,0.9560319246043326
FIRST_5a45,propria,todas,llskill_entradas,FIXO_V6E_MOM,450,0.04073159705548949,0.05125534390183119,0.7946800070935488
FIRST_5a45,propria,todas,llskill_entradas,FIXO_V6WR_INI,450,0.09249612028560533,0.06164595090244156,1.5004411308698284
FIRST_5a45,propria,todas,llskill_entradas,FIXO_V6WR_MOM,450,0.05964222117847509,0.056943201804042894,1.0473984477325364
FIRST_5a45,propria,todas,llskill_entradas,FIXO_V6_INI,450,0.09249612028560533,0.06164595090244156,1.5004411308698284
FIRST_5a45,propria,todas,llskill_entradas,FIXO_V6_MOM,450,0.05970275951199996,0.05627111912594952,1.0609840436684674
FIRST_5a45,propria,todas,llskill_entradas,FAVORITO,450,0.05340594217833265,0.05652282317285006,0.9448562400185531
FIRST_5a45,propria,todas,llskill_entradas,ZEBRA,450,0.009710852906137551,0.06291326172814793,0.1543530352646274
FIRST_5a45,propria,todas,llskill_entradas,VIG_MERCADO,450,0.0406381641635882,0.04100103584198149,0.991149694856691
FIRST_5a45,propria,todas,brier_entradas,bsskill_todas,450,-0.027106282809667,0.0409161128211476,-0.6624843109645804
FIRST_5a45,propria,todas,brier_entradas,llskill_todas,450,-0.029611140707742793,0.04343726488913797,-0.6816990154264393
FIRST_5a45,propria,todas,brier_entradas,brier_todas,450,-0.03919906111208993,0.019426572390073116,-2.0178063492106544
FIRST_5a45,propria,todas,brier_entradas,ll_todas,450,-0.03586932539253286,0.019771993923708833,-1.8141481092365463
FIRST_5a45,propria,todas,brier_entradas,bsskill_entradas,450,-0.023652812931446384,0.04399922022738977,-0.5375734571932793
FIRST_5a45,propria,todas,brier_entradas,llskill_entradas,450,-0.04617967510893747,0.04978387787243436,-0.9276030129124883
FIRST_5a45,propria,todas,brier_entradas,ll_entradas,450,-0.0064050246071563404,0.009403215900896171,-0.681152562555318
FIRST_5a45,propria,todas,brier_entradas,ppg,450,-0.08533820262882418,0.050752503396001264,-1.6814579955389528
FIRST_5a45,propria,todas,brier_entradas,lucro,450,-0.09073779618355489,0.05516131228856214,-1.6449535447757944
FIRST_5a45,propria,todas,brier_entradas,roi,450,-0.10402353531138607,0.050754584799363615,-2.049539676515891
FIRST_5a45,propria,todas,brier_entradas,sharpe,450,-0.07925516392020908,0.05158553153817356,-1.5363835858037025
FIRST_5a45,propria,todas,brier_entradas,sortino,450,-0.08949900077789633,0.0466739936517534,-1.917534664928638
FIRST_5a45,propria,todas,brier_entradas,calmar,450,-0.08068213690636193,0.05367804152352878,-1.5030752728002643
FIRST_5a45,propria,todas,brier_entradas,maxdd,450,-0.0883082087754096,0.04457888429660644,-1.9809425509137752
FIRST_5a45,propria,todas,brier_entradas,seq_ruim,450,-0.02884640264839208,0.050114035866539196,-0.575615237320222
FIRST_5a45,propria,todas,brier_entradas,bsskill_t_ppg>=1_relaxar,450,-0.07006025621930323,0.052749531253472655,-1.3281683183618993
FIRST_5a45,propria,todas,brier_entradas,ppg_nao_piorando_ou_nada,450,-0.08533820262882418,0.050752503396001264,-1.6814579955389528
FIRST_5a45,propria,todas,brier_entradas,funcao_menor_vol,450,0.010762502739505726,0.03260348534142647,0.33010282878655095
FIRST_5a45,propria,todas,brier_entradas,ACASO,450,-0.017211234460576545,0.033129354327425184,-0.5195161454242022
FIRST_5a45,propria,todas,brier_entradas,FIXO_RETROSPECTO,450,-0.07749826392325777,0.06090293454194262,-1.2724881732896842
FIRST_5a45,propria,todas,brier_entradas,BASE_V6_MOM,450,0.013523084403062468,0.057152885937556484,0.2366124506440039
FIRST_5a45,propria,todas,brier_entradas,FIXO_TUDO_INI,450,-0.04252301353339233,0.04904678989550885,-0.8669887188128923
FIRST_5a45,propria,todas,brier_entradas,FIXO_TUDO_INI_CALR,450,-0.101637063509146,0.05258169726413093,-1.9329361507407754
FIRST_5a45,propria,todas,brier_entradas,FIXO_TUDO_MOM,450,-0.04430318977164946,0.05236822223016064,-0.8459937703620144
FIRST_5a45,propria,todas,brier_entradas,FIXO_V6E_INI,450,0.011685797919498624,0.04841495349208271,0.24136753371888708
FIRST_5a45,propria,todas,brier_entradas,FIXO_V6E_MOM,450,-0.005448078053448017,0.05263254337281894,-0.10351158626055627
FIRST_5a45,propria,todas,brier_entradas,FIXO_V6WR_INI,450,0.046316445176667824,0.046993620520177644,0.9855900580543893
FIRST_5a45,propria,todas,brier_entradas,FIXO_V6WR_MOM,450,0.013462546069537612,0.05662440332223746,0.23775166323475622
FIRST_5a45,propria,todas,brier_entradas,FIXO_V6_INI,450,0.046316445176667824,0.046993620520177644,0.9855900580543893
FIRST_5a45,propria,todas,brier_entradas,FIXO_V6_MOM,450,0.013523084403062468,0.057152885937556484,0.2366124506440039
FIRST_5a45,propria,todas,brier_entradas,FAVORITO,450,0.007226267069395147,0.06036194261691971,0.11971561477495579
FIRST_5a45,propria,todas,brier_entradas,ZEBRA,450,-0.03646882220279994,0.05725340455323593,-0.6369721152370972
FIRST_5a45,propria,todas,brier_entradas,VIG_MERCADO,450,-0.00554151094534927,0.042688066159727096,-0.12981405446230446
FIRST_5a45,propria,todas,ll_entradas,llskill_todas,450,-0.02320611610058646,0.042805705738723256,-0.5421267025062397
FIRST_5a45,propria,todas,ll_entradas,ll_todas,450,-0.029464300785376523,0.017497834436765797,-1.683882705134484
FIRST_5a45,propria,todas,ll_entradas,llskill_entradas,450,-0.03977465050178117,0.04825217811749706,-0.8243078769403407
FIRST_5a45,propria,todas,ll_entradas,ppg,450,-0.07893317802166781,0.04987134084165214,-1.5827362306598236
FIRST_5a45,propria,todas,ll_entradas,lucro,450,-0.08433277157639853,0.05342680178018416,-1.5784731401922938
FIRST_5a45,propria,todas,ll_entradas,roi,450,-0.09761851070422975,0.04859478589922481,-2.0088268504088003
FIRST_5a45,propria,todas,ll_entradas,sharpe,450,-0.07285013931305273,0.04938332146009225,-1.4751972358101617
FIRST_5a45,propria,todas,ll_entradas,sortino,450,-0.08309397617073999,0.04547306938257204,-1.8273227934463228
FIRST_5a45,propria,todas,ll_entradas,maxdd,450,-0.08190318416825325,0.04342596637235883,-1.8860417167454366
FIRST_5a45,propria,todas,ll_entradas,seq_ruim,450,-0.022441378041235742,0.048619960175516556,-0.461567182700748
FIRST_5a45,propria,todas,ll_entradas,ppg_nao_piorando_ou_nada,450,-0.07893317802166781,0.04987134084165214,-1.5827362306598236
FIRST_5a45,propria,todas,ll_entradas,ACASO,450,-0.01080620985342021,0.031196455723160817,-0.3463922295954115
FIRST_5a45,propria,todas,ll_entradas,FIXO_RETROSPECTO,450,-0.0710932393161014,0.059303619443175686,-1.198801017267124
FIRST_5a45,propria,todas,ll_entradas,BASE_V6_MOM,450,0.019928109010218808,0.05506573380821202,0.36189673018117313
FIRST_5a45,propria,todas,ll_entradas,FIXO_TUDO_INI,450,-0.03611798892623599,0.048612856073915064,-0.7429719593376527
FIRST_5a45,propria,todas,ll_entradas,FIXO_TUDO_INI_CALR,450,-0.09523203890198964,0.05123499196936032,-1.8587304348352498
FIRST_5a45,propria,todas,ll_entradas,FIXO_TUDO_MOM,450,-0.03789816516449311,0.05123996615468996,-0.7396211982279836
FIRST_5a45,propria,todas,ll_entradas,FIXO_V6E_INI,450,0.018090822526654966,0.04677470775237557,0.3867650573559421
FIRST_5a45,propria,todas,ll_entradas,FIXO_V6E_MOM,450,0.0009569465537083211,0.05043131090044219,0.018975246461418682
FIRST_5a45,propria,todas,ll_entradas,FIXO_V6WR_INI,450,0.05272146978382415,0.04613520543945155,1.1427600523642731
FIRST_5a45,propria,todas,ll_entradas,FIXO_V6WR_MOM,450,0.01986757067669395,0.054517184512631774,0.3644276727476743
FIRST_5a45,propria,todas,ll_entradas,FIXO_V6_INI,450,0.05272146978382415,0.04613520543945155,1.1427600523642731
FIRST_5a45,propria,todas,ll_entradas,FIXO_V6_MOM,450,0.019928109010218808,0.05506573380821202,0.36189673018117313
FIRST_5a45,propria,todas,ll_entradas,FAVORITO,450,0.013631291676551494,0.05998992239827821,0.22722635955506304
FIRST_5a45,propria,todas,ll_entradas,ZEBRA,450,-0.030063797595643593,0.05665703732422421,-0.530627773979801
FIRST_5a45,propria,todas,ll_entradas,VIG_MERCADO,450,0.00086351366180708,0.04285845454089418,0.020148035458981438
FIRST_5a45,propria,todas,ppg,roi,450,-0.018685332682561912,0.015964665471136535,-1.1704180533155695
FIRST_5a45,propria,todas,ppg,sharpe,450,0.006083038708615091,0.03141907118202761,0.19360975610554398
FIRST_5a45,propria,todas,ppg,sortino,450,-0.0041607981490721655,0.015063390933785639,-0.27621922363708445
FIRST_5a45,propria,todas,ppg,seq_ruim,450,0.056491799980432106,0.062404285878057734,0.9052551308866985
FIRST_5a45,propria,todas,ppg,ppg_nao_piorando_ou_nada,450,0.0,0.0,
FIRST_5a45,propria,todas,ppg,ACASO,450,0.06812696816824762,0.04186911335432768,1.6271414107030733
FIRST_5a45,propria,todas,ppg,FIXO_RETROSPECTO,450,0.007839938705566445,0.04577117477611518,0.171285503243355
FIRST_5a45,propria,todas,ppg,BASE_V6_MOM,450,0.09886128703188665,0.05890826703256741,1.6782243310133573
FIRST_5a45,propria,todas,ppg,FIXO_TUDO_INI,450,0.042815189095431846,0.06370090771083023,0.6721283987002361
FIRST_5a45,propria,todas,ppg,FIXO_TUDO_INI_CALR,450,-0.01629886088032183,0.05771176402935365,-0.28241834493279083
FIRST_5a45,propria,todas,ppg,FIXO_TUDO_MOM,450,0.04103501285717472,0.060917194423338754,0.6736195461006537
FIRST_5a45,propria,todas,ppg,FIXO_V6E_INI,450,0.0970240005483228,0.057158506365573125,1.6974551421581736
FIRST_5a45,propria,todas,ppg,FIXO_V6E_MOM,450,0.07989012457537616,0.0583973011040033,1.3680448079799952
FIRST_5a45,propria,todas,ppg,FIXO_V6WR_INI,450,0.131654647805492,0.057733764266095354,2.280375261843221
FIRST_5a45,propria,todas,ppg,FIXO_V6WR_MOM,450,0.09880074869836179,0.05914059395623942,1.6706079883382396
FIRST_5a45,propria,todas,ppg,FIXO_V6_INI,450,0.131654647805492,0.057733764266095354,2.280375261843221
FIRST_5a45,propria,todas,ppg,FIXO_V6_MOM,450,0.09886128703188665,0.05890826703256741,1.6782243310133573
FIRST_5a45,propria,todas,ppg,FAVORITO,450,0.09256446969821933,0.0696396893466816,1.3291913069487309
FIRST_5a45,propria,todas,ppg,ZEBRA,450,0.04886938042602424,0.05389539552767926,0.906745000153607
FIRST_5a45,propria,todas,ppg,VIG_MERCADO,450,0.0797966916834749,0.04978308882795175,1.602887517872764
FIRST_5a45,propria,todas,lucro,ppg,450,0.0053995935547307165,0.033340335854461625,0.1619537840980729
FIRST_5a45,propria,todas,lucro,roi,450,-0.013285739127831195,0.03659022484140798,-0.36309531262557726
FIRST_5a45,propria,todas,lucro,sharpe,450,0.011482632263345803,0.0365731631920862,0.3139633343453991
FIRST_5a45,propria,todas,lucro,sortino,450,0.001238795405658549,0.03319118683771359,0.037323022274423884
FIRST_5a45,propria,todas,lucro,maxdd,450,0.0024295874081452823,0.046322108380262336,0.052449845076147694
FIRST_5a45,propria,todas,lucro,seq_ruim,450,0.06189139353516283,0.06690519357373392,0.9250611234979007
FIRST_5a45,propria,todas,lucro,ppg_nao_piorando_ou_nada,450,0.0053995935547307165,0.033340335854461625,0.1619537840980729
FIRST_5a45,propria,todas,lucro,ACASO,450,0.07352656172297833,0.036218685532816416,2.030072616974424
FIRST_5a45,propria,todas,lucro,FIXO_RETROSPECTO,450,0.01323953226029717,0.027465170282589203,0.48204806757342444
FIRST_5a45,propria,todas,lucro,BASE_V6_MOM,450,0.10426088058661735,0.04622023050366653,2.255741251189706
FIRST_5a45,propria,todas,lucro,FIXO_TUDO_INI,450,0.04821478265016257,0.06083670167077079,0.7925278873776869
FIRST_5a45,propria,todas,lucro,FIXO_TUDO_INI_CALR,450,-0.01089926732559112,0.06928275140788696,-0.157315740268802
FIRST_5a45,propria,todas,lucro,FIXO_TUDO_MOM,450,0.04643460641190544,0.05535836383928002,0.8388001955172915
FIRST_5a45,propria,todas,lucro,FIXO_V6E_INI,450,0.10242359410305352,0.054678881726819006,1.8731837753151523
FIRST_5a45,propria,todas,lucro,FIXO_V6E_MOM,450,0.08528971813010688,0.04600730220681231,1.853830023475665
FIRST_5a45,propria,todas,lucro,FIXO_V6WR_INI,450,0.1370542413602227,0.05521616668245063,2.4821397354225008
FIRST_5a45,propria,todas,lucro,FIXO_V6WR_MOM,450,0.10420034225309252,0.04603783844632671,2.2633630459122154
FIRST_5a45,propria,todas,lucro,FIXO_V6_INI,450,0.1370542413602227,0.05521616668245063,2.4821397354225008
FIRST_5a45,propria,todas,lucro,FIXO_V6_MOM,450,0.10426088058661735,0.04622023050366653,2.255741251189706
FIRST_5a45,propria,todas,lucro,FAVORITO,450,0.09796406325295004,0.06610288394285081,1.481993786196148
FIRST_5a45,propria,todas,lucro,ZEBRA,450,0.054268973980754955,0.05777399400788931,0.9393322188066878
FIRST_5a45,propria,todas,lucro,VIG_MERCADO,450,0.08519628523820563,0.04674779176771508,1.8224665169541507
FIRST_5a45,propria,todas,roi,sharpe,450,0.024768371391177,0.026477937028300622,0.9354343340534282
FIRST_5a45,propria,todas,roi,sortino,450,0.014524534533489748,0.017369325560795335,0.8362175308794588
FIRST_5a45,propria,todas,roi,seq_ruim,450,0.075177132662994,0.06231005953075839,1.2065007356618553
FIRST_5a45,propria,todas,roi,ACASO,450,0.08681230085080953,0.043312919066150424,2.004305013897214
FIRST_5a45,propria,todas,roi,FIXO_RETROSPECTO,450,0.02652527138812836,0.04765394127092381,0.5566228244863521
FIRST_5a45,propria,todas,roi,BASE_V6_MOM,450,0.11754661971444855,0.06058149046071546,1.940305839630548
FIRST_5a45,propria,todas,roi,FIXO_TUDO_INI,450,0.061500521777993755,0.06617815569119753,0.9293175540425954
FIRST_5a45,propria,todas,roi,FIXO_TUDO_INI_CALR,450,0.0023864718022400806,0.054718766287100845,0.04361340659105205
FIRST_5a45,propria,todas,roi,FIXO_TUDO_MOM,450,0.05972034553973664,0.06364216839918423,0.9383769761764142
FIRST_5a45,propria,todas,roi,FIXO_V6E_INI,450,0.1157093332308847,0.05873418231728007,1.9700509765476393
FIRST_5a45,propria,todas,roi,FIXO_V6E_MOM,450,0.09857545725793807,0.06070188810954707,1.6239273658183677
FIRST_5a45,propria,todas,roi,FIXO_V6WR_INI,450,0.15033998048805394,0.06083412988132755,2.4713097858279607
FIRST_5a45,propria,todas,roi,FIXO_V6WR_MOM,450,0.11748608138092369,0.06080784910319715,1.9320874379479822
FIRST_5a45,propria,todas,roi,FIXO_V6_INI,450,0.15033998048805394,0.06083412988132755,2.4713097858279607
FIRST_5a45,propria,todas,roi,FIXO_V6_MOM,450,0.11754661971444855,0.06058149046071546,1.940305839630548
FIRST_5a45,propria,todas,roi,FAVORITO,450,0.11124980238078125,0.07052491588986537,1.577453882462101
FIRST_5a45,propria,todas,roi,ZEBRA,450,0.06755471310858616,0.05501740579405045,1.2278789254707367
FIRST_5a45,propria,todas,roi,VIG_MERCADO,450,0.09848202436603683,0.05220073858504159,1.8866021254775387
FIRST_5a45,propria,todas,sharpe,sortino,450,-0.010243836857687259,0.026434033483128814,-0.38752454725553925
FIRST_5a45,propria,todas,sharpe,ACASO,450,0.062043929459632524,0.04285385338032577,1.4478028127131488
FIRST_5a45,propria,todas,sharpe,FIXO_RETROSPECTO,450,0.0017568999969513558,0.048547575011111954,0.03618924316094517
FIRST_5a45,propria,todas,sharpe,BASE_V6_MOM,450,0.09277824832327156,0.058478433498103596,1.586537852904016
FIRST_5a45,propria,todas,sharpe,FIXO_TUDO_INI,450,0.036732150386816764,0.06099623309912752,0.6022035873448417
FIRST_5a45,propria,todas,sharpe,FIXO_TUDO_INI_CALR,450,-0.022381899588936927,0.05985621733512089,-0.37392773191172324
FIRST_5a45,propria,todas,sharpe,FIXO_TUDO_MOM,450,0.03495197414855964,0.05821718636117499,0.600372095135623
FIRST_5a45,propria,todas,sharpe,FIXO_V6E_INI,450,0.09094096183970772,0.06199934300821044,1.4668052503018396
FIRST_5a45,propria,todas,sharpe,FIXO_V6E_MOM,450,0.07380708586676109,0.06099053932942304,1.210139911505178
FIRST_5a45,propria,todas,sharpe,FIXO_V6WR_INI,450,0.12557160909687692,0.06247930806716009,2.009811135582645
FIRST_5a45,propria,todas,sharpe,FIXO_V6WR_MOM,450,0.0927177099897467,0.05871231826027904,1.579186663669411
FIRST_5a45,propria,todas,sharpe,FIXO_V6_INI,450,0.12557160909687692,0.06247930806716009,2.009811135582645
FIRST_5a45,propria,todas,sharpe,FIXO_V6_MOM,450,0.09277824832327156,0.058478433498103596,1.586537852904016
FIRST_5a45,propria,todas,sharpe,FAVORITO,450,0.08648143098960424,0.06749463210892295,1.2813082801909397
FIRST_5a45,propria,todas,sharpe,ZEBRA,450,0.042786341717409145,0.05977649677804348,0.7157719843683614
FIRST_5a45,propria,todas,sharpe,VIG_MERCADO,450,0.07371365297485981,0.051738411447495046,1.4247374612509234
FIRST_5a45,propria,todas,sortino,ACASO,450,0.07228776631731978,0.03771196633296178,1.9168389597902604
FIRST_5a45,propria,todas,sortino,FIXO_RETROSPECTO,450,0.012000736854638611,0.04519462917617296,0.26553457951515874
FIRST_5a45,propria,todas,sortino,BASE_V6_MOM,450,0.10302208518095882,0.05467098281875548,1.884401557632433
FIRST_5a45,propria,todas,sortino,FIXO_TUDO_INI,450,0.04697598724450401,0.06336786682499333,0.7413218970150958
FIRST_5a45,propria,todas,sortino,FIXO_TUDO_INI_CALR,450,-0.012138062731249665,0.05324968159455615,-0.22794620301524152
FIRST_5a45,propria,todas,sortino,FIXO_TUDO_MOM,450,0.04519581100624689,0.0607044915333442,0.7445216962474911
FIRST_5a45,propria,todas,sortino,FIXO_V6E_INI,450,0.10118479869739498,0.05354783417536692,1.8896151498120166
FIRST_5a45,propria,todas,sortino,FIXO_V6E_MOM,450,0.08405092272444832,0.056351094283098764,1.4915579509812198
FIRST_5a45,propria,todas,sortino,FIXO_V6WR_INI,450,0.13581544595456418,0.053941146027567236,2.51784502103745
FIRST_5a45,propria,todas,sortino,FIXO_V6WR_MOM,450,0.10296154684743394,0.05492134175938447,1.8747092395979343
FIRST_5a45,propria,todas,sortino,FIXO_V6_INI,450,0.13581544595456418,0.053941146027567236,2.51784502103745
FIRST_5a45,propria,todas,sortino,FIXO_V6_MOM,450,0.10302208518095882,0.05467098281875548,1.884401557632433
FIRST_5a45,propria,todas,sortino,FAVORITO,450,0.09672526784729149,0.06750991379627155,1.4327565006109289
FIRST_5a45,propria,todas,sortino,ZEBRA,450,0.053030178575096405,0.053780469661072784,0.9860490045790833
FIRST_5a45,propria,todas,sortino,VIG_MERCADO,450,0.08395748983254707,0.048138405624048725,1.7440853876266322
FIRST_5a45,propria,todas,calmar,llskill_todas,450,0.051070996198619094,0.04337430158881621,1.1774482660900627
FIRST_5a45,propria,todas,calmar,ll_todas,450,0.044812811513829036,0.05711237806153276,0.7846427173028551
FIRST_5a45,propria,todas,calmar,llskill_entradas,450,0.03450246179742438,0.04420652028138403,0.7804835480786267
FIRST_5a45,propria,todas,calmar,ll_entradas,450,0.07427711229920557,0.052491389522049764,1.4150342175263697
FIRST_5a45,propria,todas,calmar,ppg,450,-0.004656065722462297,0.0311270489642276,-0.14958262596024524
FIRST_5a45,propria,todas,calmar,lucro,450,-0.01005565927719301,0.04197377127710341,-0.23957006890820762
FIRST_5a45,propria,todas,calmar,roi,450,-0.023341398405024204,0.03306358993014839,-0.7059547512637399
FIRST_5a45,propria,todas,calmar,sharpe,450,0.0014269729861527845,0.05186951530590079,0.027510821678922628
FIRST_5a45,propria,todas,calmar,sortino,450,-0.008816863871534464,0.03349126623078551,-0.2632586003401064
FIRST_5a45,propria,todas,calmar,maxdd,450,-0.007626071869047727,0.026735057504577896,-0.28524613675290955
FIRST_5a45,propria,todas,calmar,seq_ruim,450,0.05183573425796981,0.05022834585299397,1.0320016193581263
FIRST_5a45,propria,todas,calmar,ppg_nao_piorando_ou_nada,450,-0.004656065722462297,0.0311270489642276,-0.14958262596024524
FIRST_5a45,propria,todas,calmar,funcao_menor_vol,450,0.0914446396458676,0.05066307863517144,1.8049562345858845
FIRST_5a45,propria,todas,calmar,ACASO,450,0.06347090244578535,0.044633997956986235,1.4220304106961745
FIRST_5a45,propria,todas,calmar,FIXO_RETROSPECTO,450,0.003183872983104161,0.04668894503534325,0.06819329459455527
FIRST_5a45,propria,todas,calmar,BASE_V6_MOM,450,0.09420522130942435,0.05999595785498006,1.5701928042741415
FIRST_5a45,propria,todas,calmar,FIXO_TUDO_INI,450,0.03815912337296953,0.07065300236380202,0.5400920285946655
FIRST_5a45,propria,todas,calmar,FIXO_TUDO_INI_CALR,450,-0.020954926602784134,0.06150319838864313,-0.34071279464798643
FIRST_5a45,propria,todas,calmar,FIXO_TUDO_MOM,450,0.036378947134712424,0.06814641477759803,0.533835085138938
FIRST_5a45,propria,todas,calmar,FIXO_V6E_INI,450,0.09236793482586052,0.060767029777687595,1.5200337282204326
FIRST_5a45,propria,todas,calmar,FIXO_V6E_MOM,450,0.07523405885291387,0.06032175266371375,1.2472127471549834
FIRST_5a45,propria,todas,calmar,FIXO_V6WR_INI,450,0.12699858208302972,0.060189478689163405,2.1099797647174956
FIRST_5a45,propria,todas,calmar,FIXO_V6WR_MOM,450,0.09414468297589948,0.05997747880150837,1.5696672293856382
FIRST_5a45,propria,todas,calmar,FIXO_V6_INI,450,0.12699858208302972,0.060189478689163405,2.1099797647174956
FIRST_5a45,propria,todas,calmar,FIXO_V6_MOM,450,0.09420522130942435,0.05999595785498006,1.5701928042741415
FIRST_5a45,propria,todas,calmar,FAVORITO,450,0.08790840397575705,0.0707385373208144,1.2427229527954986
FIRST_5a45,propria,todas,calmar,ZEBRA,450,0.04421331470356195,0.05831817511495895,0.7581395442571209
FIRST_5a45,propria,todas,calmar,VIG_MERCADO,450,0.07514062596101259,0.05130525809677483,1.4645794358792263
FIRST_5a45,propria,todas,maxdd,ppg,450,0.002970006146585431,0.03520076210284028,0.08437334788117519
FIRST_5a45,propria,todas,maxdd,roi,450,-0.01571532653597648,0.036470539666315686,-0.4309046885448533
FIRST_5a45,propria,todas,maxdd,sharpe,450,0.009053044855200523,0.05241522417834787,0.17271785053130104
FIRST_5a45,propria,todas,maxdd,sortino,450,-0.001190792002486736,0.035937373565641244,-0.03313519838370215
FIRST_5a45,propria,todas,maxdd,seq_ruim,450,0.059461806127017534,0.046959968260419295,1.26622330316044
FIRST_5a45,propria,todas,maxdd,ppg_nao_piorando_ou_nada,450,0.002970006146585431,0.03520076210284028,0.08437334788117519
FIRST_5a45,propria,todas,maxdd,ACASO,450,0.07109697431483306,0.04040952465350653,1.759411300292631
FIRST_5a45,propria,todas,maxdd,FIXO_RETROSPECTO,450,0.010809944852151886,0.04908512365555722,0.22022853457613786
FIRST_5a45,propria,todas,maxdd,BASE_V6_MOM,450,0.10183129317847207,0.061019343827248856,1.6688362540699462
FIRST_5a45,propria,todas,maxdd,FIXO_TUDO_INI,450,0.0457851952420173,0.06375956921263337,0.7180913517361938
FIRST_5a45,propria,todas,maxdd,FIXO_TUDO_INI_CALR,450,-0.013328854733736399,0.05419254762031506,-0.24595364711622889
FIRST_5a45,propria,todas,maxdd,FIXO_TUDO_MOM,450,0.04400501900376017,0.06132769378508683,0.7175391130468525
FIRST_5a45,propria,todas,maxdd,FIXO_V6E_INI,450,0.09999400669490824,0.054420871631526584,1.8374201606315446
FIRST_5a45,propria,todas,maxdd,FIXO_V6E_MOM,450,0.0828601307219616,0.05729543403489536,1.4461908198739932
FIRST_5a45,propria,todas,maxdd,FIXO_V6WR_INI,450,0.13462465395207743,0.05374463161759436,2.504894905782653
FIRST_5a45,propria,todas,maxdd,FIXO_V6WR_MOM,450,0.10177075484494724,0.06124375325051217,1.6617328207933786
FIRST_5a45,propria,todas,maxdd,FIXO_V6_INI,450,0.13462465395207743,0.05374463161759436,2.504894905782653
FIRST_5a45,propria,todas,maxdd,FIXO_V6_MOM,450,0.10183129317847207,0.061019343827248856,1.6688362540699462
FIRST_5a45,propria,todas,maxdd,FAVORITO,450,0.09553447584480476,0.06837096098949144,1.3972960809997732
FIRST_5a45,propria,todas,maxdd,ZEBRA,450,0.05183938657260966,0.05523098103241138,0.9385925363554304
FIRST_5a45,propria,todas,maxdd,VIG_MERCADO,450,0.08276669783006034,0.048602190593264885,1.7029417155845203
FIRST_5a45,propria,todas,seq_ruim,sharpe,450,-0.050408761271816996,0.07209012405447278,-0.6992464215171429
FIRST_5a45,propria,todas,seq_ruim,sortino,450,-0.060652598129504263,0.06041044960825712,-1.0040083879993842
FIRST_5a45,propria,todas,seq_ruim,ACASO,450,0.011635168187815525,0.043176332143616526,0.2694802362811577
FIRST_5a45,propria,todas,seq_ruim,FIXO_RETROSPECTO,450,-0.04865186127486567,0.06831413574837406,-0.7121785373098808
FIRST_5a45,propria,todas,seq_ruim,BASE_V6_MOM,450,0.042369487051454546,0.06485627411505923,0.6532827799556961
FIRST_5a45,propria,todas,seq_ruim,FIXO_TUDO_INI,450,-0.01367661088500025,0.06017912531178516,-0.22726503275250987
FIRST_5a45,propria,todas,seq_ruim,FIXO_TUDO_INI_CALR,450,-0.07279066086075393,0.06708689573879269,-1.085020555194106
FIRST_5a45,propria,todas,seq_ruim,FIXO_TUDO_MOM,450,-0.01545678712325737,0.05997240829663794,-0.25773163963675405
FIRST_5a45,propria,todas,seq_ruim,FIXO_V6E_INI,450,0.04053220056789071,0.05310694526352336,0.7632184522526163
FIRST_5a45,propria,todas,seq_ruim,FIXO_V6E_MOM,450,0.02339832459494407,0.05979548049031927,0.3913059047787432
FIRST_5a45,propria,todas,seq_ruim,FIXO_V6WR_INI,450,0.07516284782505991,0.05414250545112874,1.3882410353710912
FIRST_5a45,propria,todas,seq_ruim,FIXO_V6WR_MOM,450,0.042308948717929694,0.06382645673467824,0.6628747839442944
FIRST_5a45,propria,todas,seq_ruim,FIXO_V6_INI,450,0.07516284782505991,0.05414250545112874,1.3882410353710912
FIRST_5a45,propria,todas,seq_ruim,FIXO_V6_MOM,450,0.042369487051454546,0.06485627411505923,0.6532827799556961
FIRST_5a45,propria,todas,seq_ruim,FAVORITO,450,0.03607266971778723,0.06739920854414533,0.5352090995869817
FIRST_5a45,propria,todas,seq_ruim,ZEBRA,450,-0.007622419554407857,0.06836962294769339,-0.11148839536879467
FIRST_5a45,propria,todas,seq_ruim,VIG_MERCADO,450,0.023304891703042802,0.052703670957538765,0.4421872571612444
FIRST_5a45,propria,todas,brier_com_roi>=0,bsskill_todas,450,-0.020938325890562836,0.05099351849044772,-0.41060759309018996
FIRST_5a45,propria,todas,brier_com_roi>=0,llskill_todas,450,-0.023443183788638636,0.05297528540748936,-0.4425305802189103
FIRST_5a45,propria,todas,brier_com_roi>=0,brier_todas,450,-0.03303110419298577,0.03177865399885247,-1.0394116816331658
FIRST_5a45,propria,todas,brier_com_roi>=0,ll_todas,450,-0.029701368473428698,0.03210633007692288,-0.92509384916519
FIRST_5a45,propria,todas,brier_com_roi>=0,bsskill_entradas,450,-0.017484856012342228,0.0453239671997729,-0.385775056611325
FIRST_5a45,propria,todas,brier_com_roi>=0,llskill_entradas,450,-0.040011718189833345,0.04488194709472049,-0.8914880209049568
FIRST_5a45,propria,todas,brier_com_roi>=0,brier_entradas,450,0.006167956919104157,0.029172779758584556,0.21142849499246424
FIRST_5a45,propria,todas,brier_com_roi>=0,ll_entradas,450,-0.00023706768805218281,0.02810287237482095,-0.008435710232402648
FIRST_5a45,propria,todas,brier_com_roi>=0,ppg,450,-0.07917024570972002,0.05141471674106082,-1.5398362711681162
FIRST_5a45,propria,todas,brier_com_roi>=0,lucro,450,-0.08456983926445075,0.052454787037603826,-1.6122425433511771
FIRST_5a45,propria,todas,brier_com_roi>=0,roi,450,-0.09785557839228191,0.050231907691615764,-1.9480760912573314
FIRST_5a45,propria,todas,brier_com_roi>=0,sharpe,450,-0.07308720700110492,0.047332245359684985,-1.5441314149731127
FIRST_5a45,propria,todas,brier_com_roi>=0,sortino,450,-0.08333104385879218,0.047226657743337605,-1.7644916629855714
FIRST_5a45,propria,todas,brier_com_roi>=0,calmar,450,-0.07451417998725773,0.05787792481748213,-1.2874369670688435
FIRST_5a45,propria,todas,brier_com_roi>=0,maxdd,450,-0.08214025185630545,0.050670317286326094,-1.6210723803474554
FIRST_5a45,propria,todas,brier_com_roi>=0,seq_ruim,450,-0.022678445729287927,0.05378033721283377,-0.4216865662172921
FIRST_5a45,propria,todas,brier_com_roi>=0,bsskill_t_ppg>=1_relaxar,450,-0.06389229930019909,0.05948440455771259,-1.0741016872449298
FIRST_5a45,propria,todas,brier_com_roi>=0,ppg_nao_piorando_ou_nada,450,-0.07917024570972002,0.05141471674106082,-1.5398362711681162
FIRST_5a45,propria,todas,brier_com_roi>=0,funcao_menor_vol,450,0.016930459658609884,0.038016245462458534,0.4453480203701047
FIRST_5a45,propria,todas,brier_com_roi>=0,ACASO,450,-0.011043277541472399,0.03197984277184507,-0.3453199448245836
FIRST_5a45,propria,todas,brier_com_roi>=0,FIXO_RETROSPECTO,450,-0.07133030700415358,0.05876125330040277,-1.2139003679770841
FIRST_5a45,propria,todas,brier_com_roi>=0,BASE_V6_MOM,450,0.019691041322166637,0.05701577808785379,0.345361266346753
FIRST_5a45,propria,todas,brier_com_roi>=0,FIXO_TUDO_INI,450,-0.03635505661428817,0.047277812787636396,-0.768966550495656
FIRST_5a45,propria,todas,brier_com_roi>=0,FIXO_TUDO_INI_CALR,450,-0.09546910659004185,0.061704229473755055,-1.5472052305692945
FIRST_5a45,propria,todas,brier_com_roi>=0,FIXO_TUDO_MOM,450,-0.03813523285254529,0.0508906530190982,-0.7493563275408144
FIRST_5a45,propria,todas,brier_com_roi>=0,FIXO_V6E_INI,450,0.017853754838602787,0.0510932850705775,0.34943446705257997
FIRST_5a45,propria,todas,brier_com_roi>=0,FIXO_V6E_MOM,450,0.0007198788656561482,0.05245938045890734,0.013722595641785098
FIRST_5a45,propria,todas,brier_com_roi>=0,FIXO_V6WR_INI,450,0.05248440209577199,0.050809893108682884,1.0329563572099494
FIRST_5a45,propria,todas,brier_com_roi>=0,FIXO_V6WR_MOM,450,0.01963050298864177,0.05619811769606048,0.34930890559022904
FIRST_5a45,propria,todas,brier_com_roi>=0,FIXO_V6_INI,450,0.05248440209577199,0.050809893108682884,1.0329563572099494
FIRST_5a45,propria,todas,brier_com_roi>=0,FIXO_V6_MOM,450,0.019691041322166637,0.05701577808785379,0.345361266346753
FIRST_5a45,propria,todas,brier_com_roi>=0,FAVORITO,450,0.013394223988499316,0.05351395575089241,0.25029403639771014
FIRST_5a45,propria,todas,brier_com_roi>=0,ZEBRA,450,-0.03030086528369579,0.06708403705333113,-0.45168517898836213
FIRST_5a45,propria,todas,brier_com_roi>=0,VIG_MERCADO,450,0.0006264459737548873,0.041136068356324024,0.015228630221258883
FIRST_5a45,propria,todas,bsskill_t_ppg>=1_relaxar,bsskill_todas,450,0.04295397340963625,0.03771304552301949,1.1389685668164289
FIRST_5a45,propria,todas,bsskill_t_ppg>=1_relaxar,llskill_todas,450,0.04044911551156045,0.03431104549750086,1.178894869714963
FIRST_5a45,propria,todas,bsskill_t_ppg>=1_relaxar,ll_todas,450,0.034190930826770376,0.05728574220754931,0.5968488756398547
FIRST_5a45,propria,todas,bsskill_t_ppg>=1_relaxar,llskill_entradas,450,0.023880581110365742,0.056161478182702174,0.42521283062882415
FIRST_5a45,propria,todas,bsskill_t_ppg>=1_relaxar,ll_entradas,450,0.0636552316121469,0.05093545711085591,1.249723379798235
FIRST_5a45,propria,todas,bsskill_t_ppg>=1_relaxar,ppg,450,-0.01527794640952094,0.033303317566560214,-0.4587514856135982
FIRST_5a45,propria,todas,bsskill_t_ppg>=1_relaxar,lucro,450,-0.020677539964251656,0.04437499150871693,-0.46597282075400065
FIRST_5a45,propria,todas,bsskill_t_ppg>=1_relaxar,roi,450,-0.03396327909208286,0.03604152367078802,-0.9423374938948657
FIRST_5a45,propria,todas,bsskill_t_ppg>=1_relaxar,sharpe,450,-0.009194907700905853,0.04851344310324593,-0.18953319147720193
FIRST_5a45,propria,todas,bsskill_t_ppg>=1_relaxar,sortino,450,-0.01943874455859311,0.03137769031232466,-0.619508458561014
FIRST_5a45,propria,todas,bsskill_t_ppg>=1_relaxar,calmar,450,-0.010621880687058646,0.03824451805070835,-0.27773603194515645
FIRST_5a45,propria,todas,bsskill_t_ppg>=1_relaxar,maxdd,450,-0.018247952556106384,0.035903008424533756,-0.5082569221034117
FIRST_5a45,propria,todas,bsskill_t_ppg>=1_relaxar,seq_ruim,450,0.04121385357091115,0.06311969809069296,0.6529475713222426
FIRST_5a45,propria,todas,bsskill_t_ppg>=1_relaxar,ppg_nao_piorando_ou_nada,450,-0.01527794640952094,0.033303317566560214,-0.4587514856135982
FIRST_5a45,propria,todas,bsskill_t_ppg>=1_relaxar,funcao_menor_vol,450,0.08082275895880897,0.05442905887330914,1.484919280837368
FIRST_5a45,propria,todas,bsskill_t_ppg>=1_relaxar,ACASO,450,0.05284902175872669,0.048036278139599126,1.1001897691811418
FIRST_5a45,propria,todas,bsskill_t_ppg>=1_relaxar,FIXO_RETROSPECTO,450,-0.00743800770395449,0.054788863425912576,-0.13575765655391675
FIRST_5a45,propria,todas,bsskill_t_ppg>=1_relaxar,BASE_V6_MOM,450,0.0835833406223657,0.05993558519397578,1.3945528412187223
FIRST_5a45,propria,todas,bsskill_t_ppg>=1_relaxar,FIXO_TUDO_INI,450,0.027537242685910908,0.07321892528408289,0.37609460367068853
FIRST_5a45,propria,todas,bsskill_t_ppg>=1_relaxar,FIXO_TUDO_INI_CALR,450,-0.03157680728984277,0.05439326424649971,-0.5805278967399863
FIRST_5a45,propria,todas,bsskill_t_ppg>=1_relaxar,FIXO_TUDO_MOM,450,0.02575706644765378,0.06990970203974751,0.3684333604083947
FIRST_5a45,propria,todas,bsskill_t_ppg>=1_relaxar,FIXO_V6E_INI,450,0.08174605413880187,0.053603642153768075,1.525009325006389
FIRST_5a45,propria,todas,bsskill_t_ppg>=1_relaxar,FIXO_V6E_MOM,450,0.06461217816585521,0.058177284614765214,1.1106083515877405
FIRST_5a45,propria,todas,bsskill_t_ppg>=1_relaxar,FIXO_V6WR_INI,450,0.11637670139597106,0.05233712604932461,2.223597476221621
FIRST_5a45,propria,todas,bsskill_t_ppg>=1_relaxar,FIXO_V6WR_MOM,450,0.08352280228884083,0.06032534421681676,1.3845391745905258
FIRST_5a45,propria,todas,bsskill_t_ppg>=1_relaxar,FIXO_V6_INI,450,0.11637670139597106,0.05233712604932461,2.223597476221621
FIRST_5a45,propria,todas,bsskill_t_ppg>=1_relaxar,FIXO_V6_MOM,450,0.0835833406223657,0.05993558519397578,1.3945528412187223
FIRST_5a45,propria,todas,bsskill_t_ppg>=1_relaxar,FAVORITO,450,0.07728652328869837,0.07971364591714256,0.9695519807114702
FIRST_5a45,propria,todas,bsskill_t_ppg>=1_relaxar,ZEBRA,450,0.03359143401650329,0.055285421946663076,0.6076002105746939
FIRST_5a45,propria,todas,bsskill_t_ppg>=1_relaxar,VIG_MERCADO,450,0.06451874527395396,0.059695638205512463,1.0807949661554355
FIRST_5a45,propria,todas,ppg_nao_piorando_ou_nada,roi,450,-0.018685332682561912,0.015964665471136535,-1.1704180533155695
FIRST_5a45,propria,todas,ppg_nao_piorando_ou_nada,sharpe,450,0.006083038708615091,0.03141907118202761,0.19360975610554398
FIRST_5a45,propria,todas,ppg_nao_piorando_ou_nada,sortino,450,-0.0041607981490721655,0.015063390933785639,-0.27621922363708445
FIRST_5a45,propria,todas,ppg_nao_piorando_ou_nada,seq_ruim,450,0.056491799980432106,0.062404285878057734,0.9052551308866985
FIRST_5a45,propria,todas,ppg_nao_piorando_ou_nada,ACASO,450,0.06812696816824762,0.04186911335432768,1.6271414107030733
FIRST_5a45,propria,todas,ppg_nao_piorando_ou_nada,FIXO_RETROSPECTO,450,0.007839938705566445,0.04577117477611518,0.171285503243355
FIRST_5a45,propria,todas,ppg_nao_piorando_ou_nada,BASE_V6_MOM,450,0.09886128703188665,0.05890826703256741,1.6782243310133573
FIRST_5a45,propria,todas,ppg_nao_piorando_ou_nada,FIXO_TUDO_INI,450,0.042815189095431846,0.06370090771083023,0.6721283987002361
FIRST_5a45,propria,todas,ppg_nao_piorando_ou_nada,FIXO_TUDO_INI_CALR,450,-0.01629886088032183,0.05771176402935365,-0.28241834493279083
FIRST_5a45,propria,todas,ppg_nao_piorando_ou_nada,FIXO_TUDO_MOM,450,0.04103501285717472,0.060917194423338754,0.6736195461006537
FIRST_5a45,propria,todas,ppg_nao_piorando_ou_nada,FIXO_V6E_INI,450,0.0970240005483228,0.057158506365573125,1.6974551421581736
FIRST_5a45,propria,todas,ppg_nao_piorando_ou_nada,FIXO_V6E_MOM,450,0.07989012457537616,0.0583973011040033,1.3680448079799952
FIRST_5a45,propria,todas,ppg_nao_piorando_ou_nada,FIXO_V6WR_INI,450,0.131654647805492,0.057733764266095354,2.280375261843221
FIRST_5a45,propria,todas,ppg_nao_piorando_ou_nada,FIXO_V6WR_MOM,450,0.09880074869836179,0.05914059395623942,1.6706079883382396
FIRST_5a45,propria,todas,ppg_nao_piorando_ou_nada,FIXO_V6_INI,450,0.131654647805492,0.057733764266095354,2.280375261843221
FIRST_5a45,propria,todas,ppg_nao_piorando_ou_nada,FIXO_V6_MOM,450,0.09886128703188665,0.05890826703256741,1.6782243310133573
FIRST_5a45,propria,todas,ppg_nao_piorando_ou_nada,FAVORITO,450,0.09256446969821933,0.0696396893466816,1.3291913069487309
FIRST_5a45,propria,todas,ppg_nao_piorando_ou_nada,ZEBRA,450,0.04886938042602424,0.05389539552767926,0.906745000153607
FIRST_5a45,propria,todas,ppg_nao_piorando_ou_nada,VIG_MERCADO,450,0.0797966916834749,0.04978308882795175,1.602887517872764
FIRST_5a45,propria,todas,funcao_menor_vol,llskill_todas,450,-0.04037364344724853,0.05077826239348714,-0.7950969872578169
FIRST_5a45,propria,todas,funcao_menor_vol,ll_todas,450,-0.04663182813203859,0.03934568312216504,-1.1851828315510669
FIRST_5a45,propria,todas,funcao_menor_vol,llskill_entradas,450,-0.056942177848443236,0.04950014212114442,-1.1503437244500332
FIRST_5a45,propria,todas,funcao_menor_vol,ll_entradas,450,-0.017167527346662066,0.0312811390620727,-0.5488140093810426
FIRST_5a45,propria,todas,funcao_menor_vol,ppg,450,-0.09610070536832993,0.053274226822449366,-1.8038873785744705
FIRST_5a45,propria,todas,funcao_menor_vol,lucro,450,-0.1015002989230606,0.05046250615855957,-2.0114002781418314
FIRST_5a45,propria,todas,funcao_menor_vol,roi,450,-0.11478603805089183,0.056292225634186205,-2.0391099615926787
FIRST_5a45,propria,todas,funcao_menor_vol,sharpe,450,-0.09001766665971483,0.05810160392895394,-1.5493146586759898
FIRST_5a45,propria,todas,funcao_menor_vol,sortino,450,-0.10026150351740207,0.05047863179965397,-1.9862167404879891
FIRST_5a45,propria,todas,funcao_menor_vol,maxdd,450,-0.09907071151491531,0.04713205074309633,-2.1019817714896845
FIRST_5a45,propria,todas,funcao_menor_vol,seq_ruim,450,-0.03960890538789781,0.039908109401038325,-0.9925026763324266
FIRST_5a45,propria,todas,funcao_menor_vol,ppg_nao_piorando_ou_nada,450,-0.09610070536832993,0.053274226822449366,-1.8038873785744705
FIRST_5a45,propria,todas,funcao_menor_vol,ACASO,450,-0.027973737200082286,0.026445060899553265,-1.0578057394662626
FIRST_5a45,propria,todas,funcao_menor_vol,FIXO_RETROSPECTO,450,-0.08826076666276346,0.05551929543509031,-1.5897313892600176
FIRST_5a45,propria,todas,funcao_menor_vol,BASE_V6_MOM,450,0.0027605816635567514,0.05154491576363843,0.0535568178288529
FIRST_5a45,propria,todas,funcao_menor_vol,FIXO_TUDO_INI,450,-0.05328551627289806,0.04676998434806062,-1.1393101155721814
FIRST_5a45,propria,todas,funcao_menor_vol,FIXO_TUDO_INI_CALR,450,-0.11239956624865172,0.061578186234587266,-1.8253146628979318
FIRST_5a45,propria,todas,funcao_menor_vol,FIXO_TUDO_MOM,450,-0.05506569251115519,0.046556760801759745,-1.182764684717366
FIRST_5a45,propria,todas,funcao_menor_vol,FIXO_V6E_INI,450,0.0009232951799929011,0.047171409870864225,0.0195731944947268
FIRST_5a45,propria,todas,funcao_menor_vol,FIXO_V6E_MOM,450,-0.01621058079295374,0.04813615775339643,-0.3367651584491066
FIRST_5a45,propria,todas,funcao_menor_vol,FIXO_V6WR_INI,450,0.0355539424371621,0.042979431472210755,0.8272315668053972
FIRST_5a45,propria,todas,funcao_menor_vol,FIXO_V6WR_MOM,450,0.0027000433300318942,0.04978236909537463,0.05423693928384698
FIRST_5a45,propria,todas,funcao_menor_vol,FIXO_V6_INI,450,0.0355539424371621,0.042979431472210755,0.8272315668053972
FIRST_5a45,propria,todas,funcao_menor_vol,FIXO_V6_MOM,450,0.0027605816635567514,0.05154491576363843,0.0535568178288529
FIRST_5a45,propria,todas,funcao_menor_vol,FAVORITO,450,-0.00353623567011056,0.055596292065492776,-0.06360560279712274
FIRST_5a45,propria,todas,funcao_menor_vol,ZEBRA,450,-0.04723132494230567,0.05603107963530521,-0.8429486857958951
FIRST_5a45,propria,todas,funcao_menor_vol,VIG_MERCADO,450,-0.016304013684854995,0.035208073287848744,-0.4630759982677595
FIRST_5a45,propria,so_INI,bsskill_todas,llskill_todas,450,-0.02017907425410214,0.02060382141207596,-0.9793850301126724
FIRST_5a45,propria,so_INI,bsskill_todas,ll_todas,450,-0.011262136786715907,0.045109834644531166,-0.24966034292660078
FIRST_5a45,propria,so_INI,bsskill_todas,llskill_entradas,450,-0.027941477277193937,0.0430772107544668,-0.6486371050450755
FIRST_5a45,propria,so_INI,bsskill_todas,ll_entradas,450,0.01798033119861873,0.042572830732266156,0.4223428625569723
FIRST_5a45,propria,so_INI,bsskill_todas,ppg,450,-0.05245794008098491,0.03145701846370967,-1.6676068694019082
FIRST_5a45,propria,so_INI,bsskill_todas,lucro,450,-0.050235717858762685,0.03089154215651669,-1.6261965040215796
FIRST_5a45,propria,so_INI,bsskill_todas,roi,450,-0.08568955046808026,0.030543644028693855,-2.8054789529232416
FIRST_5a45,propria,so_INI,bsskill_todas,sharpe,450,-0.056252499800727475,0.03691137494675284,-1.5239881982688404
FIRST_5a45,propria,so_INI,bsskill_todas,sortino,450,-0.040003817905150035,0.03481905947228881,-1.1489057576924955
FIRST_5a45,propria,so_INI,bsskill_todas,calmar,450,-0.07329479322746188,0.029643993766729916,-2.4725006287689273
FIRST_5a45,propria,so_INI,bsskill_todas,maxdd,450,-0.06778912757653283,0.04027080748791857,-1.6833317185623824
FIRST_5a45,propria,so_INI,bsskill_todas,seq_ruim,450,-0.010042096091351371,0.05168378732772382,-0.19429876583298816
FIRST_5a45,propria,so_INI,bsskill_todas,ppg_nao_piorando_ou_nada,450,-0.05245794008098491,0.03145701846370967,-1.6676068694019082
FIRST_5a45,propria,so_INI,bsskill_todas,funcao_menor_vol,450,0.004290020969263731,0.04925799166557757,0.08709289242625944
FIRST_5a45,propria,so_INI,bsskill_todas,ACASO,450,0.010128013705023644,0.04190303830590706,0.2417011776350332
FIRST_5a45,propria,so_INI,bsskill_todas,FIXO_RETROSPECTO,450,-0.04813932384269354,0.05074127294024687,-0.9487212490585839
FIRST_5a45,propria,so_INI,bsskill_todas,BASE_V6_MOM,450,0.03317345361913688,0.06769394720366882,0.4900505139599685
FIRST_5a45,propria,so_INI,bsskill_todas,FIXO_TUDO_INI,450,-0.02287264431731792,0.07069059982499996,-0.32355991283057317
FIRST_5a45,propria,so_INI,bsskill_todas,FIXO_TUDO_INI_CALR,450,-0.08198669429307161,0.04904648301835097,-1.6716120962719367
FIRST_5a45,propria,so_INI,bsskill_todas,FIXO_V6E_INI,450,0.03133616713557303,0.05386795597930292,0.5817218523682794
FIRST_5a45,propria,so_INI,bsskill_todas,FIXO_V6WR_INI,450,0.06596681439274223,0.05347771542562315,1.2335383788877243
FIRST_5a45,propria,so_INI,bsskill_todas,FIXO_V6_INI,450,0.06596681439274223,0.05347771542562315,1.2335383788877243
FIRST_5a45,propria,so_INI,bsskill_todas,FAVORITO,450,0.026876636285469564,0.07391216510909902,0.36362940046199366
FIRST_5a45,propria,so_INI,bsskill_todas,ZEBRA,450,-0.016818452986725543,0.05596578064405325,-0.3005131491632757
FIRST_5a45,propria,so_INI,bsskill_todas,VIG_MERCADO,450,0.014108858270725127,0.05506450672872471,0.2562241833969823
FIRST_5a45,propria,so_INI,llskill_todas,ppg,450,-0.03227886582688279,0.02429234256706471,-1.3287671099553042
FIRST_5a45,propria,so_INI,llskill_todas,lucro,450,-0.030056643604660566,0.024464814100636636,-1.2285661963758154
FIRST_5a45,propria,so_INI,llskill_todas,roi,450,-0.06551047621397811,0.02905526195800296,-2.2546854441948665
FIRST_5a45,propria,so_INI,llskill_todas,sharpe,450,-0.036073425546625335,0.03070567585760017,-1.174812947088952
FIRST_5a45,propria,so_INI,llskill_todas,sortino,450,-0.019824743651047885,0.027892003587991758,-0.7107680016068462
FIRST_5a45,propria,so_INI,llskill_todas,maxdd,450,-0.04761005332243067,0.03736868624542737,-1.2740628078209864
FIRST_5a45,propria,so_INI,llskill_todas,seq_ruim,450,0.010136978162750769,0.05643122924271493,0.1796341901246005
FIRST_5a45,propria,so_INI,llskill_todas,ppg_nao_piorando_ou_nada,450,-0.03227886582688279,0.02429234256706471,-1.3287671099553042
FIRST_5a45,propria,so_INI,llskill_todas,ACASO,450,0.030307087959125786,0.044101652959397095,0.6872097965812869
FIRST_5a45,propria,so_INI,llskill_todas,FIXO_RETROSPECTO,450,-0.027960249588591408,0.04669863352868927,-0.5987380673872191
FIRST_5a45,propria,so_INI,llskill_todas,BASE_V6_MOM,450,0.05335252787323902,0.06866841637492341,0.776958763428284
FIRST_5a45,propria,so_INI,llskill_todas,FIXO_TUDO_INI,450,-0.002693570063215785,0.0718811747860481,-0.037472538133010574
FIRST_5a45,propria,so_INI,llskill_todas,FIXO_TUDO_INI_CALR,450,-0.06180762003896947,0.04948870838464013,-1.2489236849461356
FIRST_5a45,propria,so_INI,llskill_todas,FIXO_V6E_INI,450,0.05151524138967517,0.05474914020704862,0.9409324273377885
FIRST_5a45,propria,so_INI,llskill_todas,FIXO_V6WR_INI,450,0.08614588864684436,0.054969124282248476,1.5671686564354455
FIRST_5a45,propria,so_INI,llskill_todas,FIXO_V6_INI,450,0.08614588864684436,0.054969124282248476,1.5671686564354455
FIRST_5a45,propria,so_INI,llskill_todas,FAVORITO,450,0.04705571053957171,0.07518725270333942,0.6258469201586048
FIRST_5a45,propria,so_INI,llskill_todas,ZEBRA,450,0.003360621267376594,0.05652536458274963,0.05945333200738321
FIRST_5a45,propria,so_INI,llskill_todas,VIG_MERCADO,450,0.03428793252482726,0.055836886268473475,0.6140731479897519
FIRST_5a45,propria,so_INI,brier_todas,bsskill_todas,450,0.01177543544207334,0.04510010234838399,0.26109553701479066
FIRST_5a45,propria,so_INI,brier_todas,llskill_todas,450,-0.0084036388120288,0.0486034517885181,-0.17290209857099173
FIRST_5a45,propria,so_INI,brier_todas,ll_todas,450,0.0005132986553574313,0.0005131485727722895,1.0002924739405024
FIRST_5a45,propria,so_INI,brier_todas,bsskill_entradas,450,-0.017757760341230548,0.045699637305632514,-0.3885755202490828
FIRST_5a45,propria,so_INI,brier_todas,llskill_entradas,450,-0.016166041835120583,0.047023117930434205,-0.3437892370096886
FIRST_5a45,propria,so_INI,brier_todas,ll_entradas,450,0.029755766640692072,0.016176228467439435,1.839474924614623
FIRST_5a45,propria,so_INI,brier_todas,ppg,450,-0.040682504638911585,0.0495890189932942,-0.8203934150101452
FIRST_5a45,propria,so_INI,brier_todas,lucro,450,-0.03846028241668936,0.04947572544215901,-0.777356614238076
FIRST_5a45,propria,so_INI,brier_todas,roi,450,-0.0739141150260069,0.04195629632960113,-1.7616930351847762
FIRST_5a45,propria,so_INI,brier_todas,sharpe,450,-0.04447706435865413,0.04634451831378246,-0.9597049656987596
FIRST_5a45,propria,so_INI,brier_todas,sortino,450,-0.028228382463076677,0.04776399670310622,-0.5909970775381305
FIRST_5a45,propria,so_INI,brier_todas,calmar,450,-0.06151935778538856,0.051163992122600886,-1.2023955761304512
FIRST_5a45,propria,so_INI,brier_todas,maxdd,450,-0.05601369213445948,0.0467864285545069,-1.1972209434452277
FIRST_5a45,propria,so_INI,brier_todas,seq_ruim,450,0.0017333393507219794,0.05162253504763647,0.033577183862095905
FIRST_5a45,propria,so_INI,brier_todas,bsskill_t_ppg>=1_relaxar,450,0.017657193601154208,0.049084282806810264,0.35973212994984083
FIRST_5a45,propria,so_INI,brier_todas,ppg_nao_piorando_ou_nada,450,-0.040682504638911585,0.0495890189932942,-0.8203934150101452
FIRST_5a45,propria,so_INI,brier_todas,funcao_menor_vol,450,0.016065456411337074,0.0405526236588488,0.3961631816103594
FIRST_5a45,propria,so_INI,brier_todas,ACASO,450,0.02190344914709699,0.03511121726306223,0.6238305263810918
FIRST_5a45,propria,so_INI,brier_todas,FIXO_RETROSPECTO,450,-0.0363638884006202,0.049271052907090024,-0.738037574906127
FIRST_5a45,propria,so_INI,brier_todas,BASE_V6_MOM,450,0.04494888906121023,0.061430741558100355,0.7317002517167758
FIRST_5a45,propria,so_INI,brier_todas,FIXO_TUDO_INI,450,-0.011097208875244586,0.05409909377073132,-0.20512744487502663
FIRST_5a45,propria,so_INI,brier_todas,FIXO_TUDO_INI_CALR,450,-0.07021125885099827,0.05125710570251359,-1.3697858645880425
FIRST_5a45,propria,so_INI,brier_todas,FIXO_V6E_INI,450,0.04311160257764636,0.05088112508487366,0.8473004971044343
FIRST_5a45,propria,so_INI,brier_todas,FIXO_V6WR_INI,450,0.07774224983481556,0.05166837102999503,1.5046390719321086
FIRST_5a45,propria,so_INI,brier_todas,FIXO_V6_INI,450,0.07774224983481556,0.05166837102999503,1.5046390719321086
FIRST_5a45,propria,so_INI,brier_todas,FAVORITO,450,0.0386520717275429,0.06287056606475595,0.6147880343200937
FIRST_5a45,propria,so_INI,brier_todas,ZEBRA,450,-0.005043017544652201,0.05793319408176774,-0.0870488434926342
FIRST_5a45,propria,so_INI,brier_todas,VIG_MERCADO,450,0.025884293712798462,0.047034223821254786,0.5503289224282115
FIRST_5a45,propria,so_INI,ll_todas,llskill_todas,450,-0.008916937467386225,0.048607676294744245,-0.18344710438977266
FIRST_5a45,propria,so_INI,ll_todas,llskill_entradas,450,-0.016679340490478017,0.04696659538696266,-0.35513199015289904
FIRST_5a45,propria,so_INI,ll_todas,ppg,450,-0.04119580329426901,0.049585069038133534,-0.8308106471040155
FIRST_5a45,propria,so_INI,ll_todas,lucro,450,-0.038973581072046785,0.04947229229440413,-0.7877860366792653
FIRST_5a45,propria,so_INI,ll_todas,roi,450,-0.07442741368136434,0.041942353291751305,-1.774516874712459
FIRST_5a45,propria,so_INI,ll_todas,sharpe,450,-0.044990363014011575,0.04633933319061058,-0.9708893053974212
FIRST_5a45,propria,so_INI,ll_todas,sortino,450,-0.028741681118434108,0.04776294842913469,-0.6017568442425155
FIRST_5a45,propria,so_INI,ll_todas,maxdd,450,-0.056526990789816906,0.04677814605215055,-1.2084059664698528
FIRST_5a45,propria,so_INI,ll_todas,seq_ruim,450,0.0012200406953645467,0.051628026014494885,0.023631364387668295
FIRST_5a45,propria,so_INI,ll_todas,ppg_nao_piorando_ou_nada,450,-0.04119580329426901,0.049585069038133534,-0.8308106471040155
FIRST_5a45,propria,so_INI,ll_todas,ACASO,450,0.02139015049173956,0.03511374624464737,0.6091674281265334
FIRST_5a45,propria,so_INI,ll_todas,FIXO_RETROSPECTO,450,-0.036877187055977624,0.049241649874464506,-0.7489023448643871
FIRST_5a45,propria,so_INI,ll_todas,BASE_V6_MOM,450,0.044435590405852786,0.06140339837412602,0.7236666305521117
FIRST_5a45,propria,so_INI,ll_todas,FIXO_TUDO_INI,450,-0.01161050753060202,0.05412313776081876,-0.21452022205200358
FIRST_5a45,propria,so_INI,ll_todas,FIXO_TUDO_INI_CALR,450,-0.07072455750635569,0.05125192976338821,-1.3799394058499967
FIRST_5a45,propria,so_INI,ll_todas,FIXO_V6E_INI,450,0.04259830392228894,0.05084768624115864,0.8377628771593496
FIRST_5a45,propria,so_INI,ll_todas,FIXO_V6WR_INI,450,0.07722895117945813,0.051665866099479686,1.4947770551403934
FIRST_5a45,propria,so_INI,ll_todas,FIXO_V6_INI,450,0.07722895117945813,0.051665866099479686,1.4947770551403934
FIRST_5a45,propria,so_INI,ll_todas,FAVORITO,450,0.03813877307218547,0.06285637492156698,0.606760620856286
FIRST_5a45,propria,so_INI,ll_todas,ZEBRA,450,-0.005556316200009631,0.05790971801568971,-0.09594790633420518
FIRST_5a45,propria,so_INI,ll_todas,VIG_MERCADO,450,0.025370995057441028,0.047030410887286135,0.5394593536136773
FIRST_5a45,propria,so_INI,bsskill_entradas,bsskill_todas,450,0.029533195783303896,0.04251378308627561,0.694673436221155
FIRST_5a45,propria,so_INI,bsskill_entradas,llskill_todas,450,0.009354121529201755,0.045078974155817214,0.20750519958304448
FIRST_5a45,propria,so_INI,bsskill_entradas,ll_todas,450,0.01827105899658797,0.045641067521285626,0.4003205882085667
FIRST_5a45,propria,so_INI,bsskill_entradas,llskill_entradas,450,0.0015917185061099619,0.017921733373789727,0.08881498641408353
FIRST_5a45,propria,so_INI,bsskill_entradas,ll_entradas,450,0.047513526981922606,0.043207572076632804,1.0996574141600175
FIRST_5a45,propria,so_INI,bsskill_entradas,ppg,450,-0.022924744297681026,0.036513833491545654,-0.6278372360707889
FIRST_5a45,propria,so_INI,bsskill_entradas,lucro,450,-0.0207025220754588,0.03635326508892117,-0.5694817790044392
FIRST_5a45,propria,so_INI,bsskill_entradas,roi,450,-0.05615635468477636,0.03162167427875132,-1.775881763557077
FIRST_5a45,propria,so_INI,bsskill_entradas,sharpe,450,-0.02671930401742358,0.04728616236130289,-0.5650554556165377
FIRST_5a45,propria,so_INI,bsskill_entradas,sortino,450,-0.010470622121846138,0.043568546012232874,-0.24032525939484575
FIRST_5a45,propria,so_INI,bsskill_entradas,calmar,450,-0.04376159744415799,0.03907834050299716,-1.1198427794241068
FIRST_5a45,propria,so_INI,bsskill_entradas,maxdd,450,-0.03825593179322894,0.03170547153346437,-1.2066034644162513
FIRST_5a45,propria,so_INI,bsskill_entradas,seq_ruim,450,0.019491099691952524,0.031355819744303015,0.621610273655621
FIRST_5a45,propria,so_INI,bsskill_entradas,bsskill_t_ppg>=1_relaxar,450,0.03541495394238476,0.04877491990798608,0.7260894330363862
FIRST_5a45,propria,so_INI,bsskill_entradas,ppg_nao_piorando_ou_nada,450,-0.022924744297681026,0.036513833491545654,-0.6278372360707889
FIRST_5a45,propria,so_INI,bsskill_entradas,funcao_menor_vol,450,0.03382321675256761,0.044666959758061134,0.7572312271927902
FIRST_5a45,propria,so_INI,bsskill_entradas,ACASO,450,0.039661209488327534,0.03779520562540398,1.0493714436010193
FIRST_5a45,propria,so_INI,bsskill_entradas,FIXO_RETROSPECTO,450,-0.018606128059389646,0.04637209921249827,-0.40123540610330827
FIRST_5a45,propria,so_INI,bsskill_entradas,BASE_V6_MOM,450,0.06270664940244076,0.0641780507823021,0.9770731369693283
FIRST_5a45,propria,so_INI,bsskill_entradas,FIXO_TUDO_INI,450,0.00666055146598596,0.0597021447120623,0.11156301834899163
FIRST_5a45,propria,so_INI,bsskill_entradas,FIXO_TUDO_INI_CALR,450,-0.052453498509767715,0.054027953345980595,-0.9708585141818997
FIRST_5a45,propria,so_INI,bsskill_entradas,FIXO_V6E_INI,450,0.06086936291887691,0.052984270660130645,1.1488194922852755
FIRST_5a45,propria,so_INI,bsskill_entradas,FIXO_V6WR_INI,450,0.09550001017604612,0.054666212551995184,1.7469659176628032
FIRST_5a45,propria,so_INI,bsskill_entradas,FIXO_V6_INI,450,0.09550001017604612,0.054666212551995184,1.7469659176628032
FIRST_5a45,propria,so_INI,bsskill_entradas,FAVORITO,450,0.056409832068773445,0.06528642545733568,0.8640361556574568
FIRST_5a45,propria,so_INI,bsskill_entradas,ZEBRA,450,0.012714742796578343,0.06104293543925904,0.20829179830695047
FIRST_5a45,propria,so_INI,bsskill_entradas,VIG_MERCADO,450,0.043642054054029,0.049080998266217146,0.8891843197098985
FIRST_5a45,propria,so_INI,llskill_entradas,llskill_todas,450,0.007762403023091792,0.04260259304788335,0.1822049426514299
FIRST_5a45,propria,so_INI,llskill_entradas,ppg,450,-0.024516462803790995,0.03126417301703341,-0.7841711594429153
FIRST_5a45,propria,so_INI,llskill_entradas,lucro,450,-0.022294240581568772,0.031079087886660656,-0.7173389599743564
FIRST_5a45,propria,so_INI,llskill_entradas,roi,450,-0.057748073190886325,0.029832893156123426,-1.935718164801361
FIRST_5a45,propria,so_INI,llskill_entradas,sharpe,450,-0.02831102252353354,0.04112891351796894,-0.6883484172555312
FIRST_5a45,propria,so_INI,llskill_entradas,sortino,450,-0.012062340627956098,0.03654494785934673,-0.33006862328498404
FIRST_5a45,propria,so_INI,llskill_entradas,maxdd,450,-0.03984765029933889,0.022435887390226745,-1.7760674942902794
FIRST_5a45,propria,so_INI,llskill_entradas,seq_ruim,450,0.017899381185842566,0.0379483233341937,0.47167778740079824
FIRST_5a45,propria,so_INI,llskill_entradas,ppg_nao_piorando_ou_nada,450,-0.024516462803790995,0.03126417301703341,-0.7841711594429153
FIRST_5a45,propria,so_INI,llskill_entradas,ACASO,450,0.038069490982217576,0.03699610553724435,1.0290134712663916
FIRST_5a45,propria,so_INI,llskill_entradas,FIXO_RETROSPECTO,450,-0.020197846565499618,0.039405577322696395,-0.5125631430316917
FIRST_5a45,propria,so_INI,llskill_entradas,BASE_V6_MOM,450,0.06111493089633081,0.06270198804666902,0.9746888862733195
FIRST_5a45,propria,so_INI,llskill_entradas,FIXO_TUDO_INI,450,0.005068832959875994,0.06117900045278821,0.08285249713727522
FIRST_5a45,propria,so_INI,llskill_entradas,FIXO_TUDO_INI_CALR,450,-0.05404521701587768,0.05593852988149489,-0.9661536892437436
FIRST_5a45,propria,so_INI,llskill_entradas,FIXO_V6E_INI,450,0.059277644412766964,0.056662645919293264,1.046150306803504
FIRST_5a45,propria,so_INI,llskill_entradas,FIXO_V6WR_INI,450,0.09390829166993618,0.057701334479782644,1.6274890783130798
FIRST_5a45,propria,so_INI,llskill_entradas,FIXO_V6_INI,450,0.09390829166993618,0.057701334479782644,1.6274890783130798
FIRST_5a45,propria,so_INI,llskill_entradas,FAVORITO,450,0.05481811356266347,0.06019670335384616,0.9106497616727207
FIRST_5a45,propria,so_INI,llskill_entradas,ZEBRA,450,0.011123024290468374,0.059713048532299334,0.18627460101039436
FIRST_5a45,propria,so_INI,llskill_entradas,VIG_MERCADO,450,0.04205033554791906,0.04360208833744293,0.9644110443170834
FIRST_5a45,propria,so_INI,brier_entradas,bsskill_todas,450,-0.01575810897639651,0.042332385107291245,-0.3722471326965785
FIRST_5a45,propria,so_INI,brier_entradas,llskill_todas,450,-0.035937183230498645,0.04657543586866523,-0.7715909161180018
FIRST_5a45,propria,so_INI,brier_entradas,brier_todas,450,-0.02753354441846985,0.016371269592162365,-1.6818209646765176
FIRST_5a45,propria,so_INI,brier_entradas,ll_todas,450,-0.027020245763112415,0.016398976998698103,-1.6476787402810262
FIRST_5a45,propria,so_INI,brier_entradas,bsskill_entradas,450,-0.04529130475970038,0.04300836655069297,-1.053081258185348
FIRST_5a45,propria,so_INI,brier_entradas,llskill_entradas,450,-0.043699586253590425,0.04469180969221104,-0.9777985396999143
FIRST_5a45,propria,so_INI,brier_entradas,ll_entradas,450,0.0022222222222222222,0.002221572470167761,1.0002924739405024
FIRST_5a45,propria,so_INI,brier_entradas,ppg,450,-0.06821604905738142,0.04731069294642613,-1.4418738092597412
FIRST_5a45,propria,so_INI,brier_entradas,lucro,450,-0.0659938268351592,0.047166784846196436,-1.3991589007042737
FIRST_5a45,propria,so_INI,brier_entradas,roi,450,-0.10144765944447674,0.04380006998469296,-2.31615290751659
FIRST_5a45,propria,so_INI,brier_entradas,sharpe,450,-0.07201060877712398,0.04840351229925546,-1.487714534679163
FIRST_5a45,propria,so_INI,brier_entradas,sortino,450,-0.055761926881546534,0.04636764072463369,-1.2026043596374303
FIRST_5a45,propria,so_INI,brier_entradas,calmar,450,-0.08905290220385838,0.04944190869319063,-1.8011623045637628
FIRST_5a45,propria,so_INI,brier_entradas,maxdd,450,-0.08354723655292931,0.04473402366429861,-1.8676441265355437
FIRST_5a45,propria,so_INI,brier_entradas,seq_ruim,450,-0.025800205067747876,0.04941695962916263,-0.5220921169849206
FIRST_5a45,propria,so_INI,brier_entradas,bsskill_t_ppg>=1_relaxar,450,-0.00987635081731564,0.046498038035993824,-0.21240360312988738
FIRST_5a45,propria,so_INI,brier_entradas,ppg_nao_piorando_ou_nada,450,-0.06821604905738142,0.04731069294642613,-1.4418738092597412
FIRST_5a45,propria,so_INI,brier_entradas,funcao_menor_vol,450,-0.011468088007132777,0.03388747589820235,-0.3384167071511257
FIRST_5a45,propria,so_INI,brier_entradas,ACASO,450,-0.0056300952713728624,0.029677973699237158,-0.18970618844903075
FIRST_5a45,propria,so_INI,brier_entradas,FIXO_RETROSPECTO,450,-0.06389743281909005,0.04677383813059794,-1.3660934268571474
FIRST_5a45,propria,so_INI,brier_entradas,BASE_V6_MOM,450,0.01741534464274038,0.05883180409816414,0.29601921800123465
FIRST_5a45,propria,so_INI,brier_entradas,FIXO_TUDO_INI,450,-0.03863075329371443,0.049852193354796376,-0.7749057903787836
FIRST_5a45,propria,so_INI,brier_entradas,FIXO_TUDO_INI_CALR,450,-0.09774480326946809,0.052973973395964075,-1.8451476640964026
FIRST_5a45,propria,so_INI,brier_entradas,FIXO_V6E_INI,450,0.015578058159176523,0.04762348544471356,0.32710873666021784
FIRST_5a45,propria,so_INI,brier_entradas,FIXO_V6WR_INI,450,0.050208705416345714,0.04680549514381888,1.072709630825821
FIRST_5a45,propria,so_INI,brier_entradas,FIXO_V6_INI,450,0.050208705416345714,0.04680549514381888,1.072709630825821
FIRST_5a45,propria,so_INI,brier_entradas,FAVORITO,450,0.011118527309073038,0.060528561563981724,0.18369059204091934
FIRST_5a45,propria,so_INI,brier_entradas,ZEBRA,450,-0.03257656196312205,0.05672574391088496,-0.5742817937178435
FIRST_5a45,propria,so_INI,brier_entradas,VIG_MERCADO,450,-0.0016492507056713754,0.04292474019977967,-0.03842191468126442
FIRST_5a45,propria,so_INI,ll_entradas,llskill_todas,450,-0.03815940545272088,0.046772463231542695,-0.8158519525434511
FIRST_5a45,propria,so_INI,ll_entradas,ll_todas,450,-0.029242467985334638,0.016205874737614444,-1.8044362589982121
FIRST_5a45,propria,so_INI,ll_entradas,llskill_entradas,450,-0.04592180847581265,0.04488534157176691,-1.0230914340350634
FIRST_5a45,propria,so_INI,ll_entradas,ppg,450,-0.07043827127960363,0.04746809370638349,-1.483907732113774
FIRST_5a45,propria,so_INI,ll_entradas,lucro,450,-0.06821604905738142,0.0473270440577249,-1.4413756535096118
FIRST_5a45,propria,so_INI,ll_entradas,roi,450,-0.10366988166669897,0.04393171852716398,-2.359795727148655
FIRST_5a45,propria,so_INI,ll_entradas,sharpe,450,-0.07423283099934619,0.04855341001382604,-1.5288901640112957
FIRST_5a45,propria,so_INI,ll_entradas,sortino,450,-0.057984149103768756,0.04654179583780171,-1.2458511335884779
FIRST_5a45,propria,so_INI,ll_entradas,maxdd,450,-0.08576945877515153,0.04488197936966347,-1.9109999153273673
FIRST_5a45,propria,so_INI,ll_entradas,seq_ruim,450,-0.0280224272899701,0.049609520822795655,-0.5648598661145251
FIRST_5a45,propria,so_INI,ll_entradas,ppg_nao_piorando_ou_nada,450,-0.07043827127960363,0.04746809370638349,-1.483907732113774
FIRST_5a45,propria,so_INI,ll_entradas,ACASO,450,-0.007852317493595084,0.029887016264952725,-0.2627334031601935
FIRST_5a45,propria,so_INI,ll_entradas,FIXO_RETROSPECTO,450,-0.06611965504131227,0.046955575459515696,-1.408132141801127
FIRST_5a45,propria,so_INI,ll_entradas,BASE_V6_MOM,450,0.015193122420518157,0.058688356642399575,0.2588779664268507
FIRST_5a45,propria,so_INI,ll_entradas,FIXO_TUDO_INI,450,-0.040852975515936654,0.05027036574063784,-0.8126651738861669
FIRST_5a45,propria,so_INI,ll_entradas,FIXO_TUDO_INI_CALR,450,-0.09996702549169031,0.05241793298292412,-1.907114985328704
FIRST_5a45,propria,so_INI,ll_entradas,FIXO_V6E_INI,450,0.013355835936954302,0.04766873905220437,0.2801801810265565
FIRST_5a45,propria,so_INI,ll_entradas,FIXO_V6WR_INI,450,0.04798648319412349,0.04666069519198713,1.028413378683737
FIRST_5a45,propria,so_INI,ll_entradas,FIXO_V6_INI,450,0.04798648319412349,0.04666069519198713,1.028413378683737
FIRST_5a45,propria,so_INI,ll_entradas,FAVORITO,450,0.008896305086850832,0.06089898684204292,0.14608297359569664
FIRST_5a45,propria,so_INI,ll_entradas,ZEBRA,450,-0.034798784185344274,0.0564475311276052,-0.616480180624343
FIRST_5a45,propria,so_INI,ll_entradas,VIG_MERCADO,450,-0.0038714729278935996,0.04315892053134297,-0.08970272843321114
FIRST_5a45,propria,so_INI,ppg,roi,450,-0.03323161038709533,0.0184922023837189,-1.797060712268294
FIRST_5a45,propria,so_INI,ppg,sharpe,450,-0.0037945597197425484,0.023559405001324973,-0.161063478450714
FIRST_5a45,propria,so_INI,ppg,sortino,450,0.012454122175834897,0.01808918933578017,0.6884842623212978
FIRST_5a45,propria,so_INI,ppg,seq_ruim,450,0.04241584398963356,0.05307705091663088,0.7991371648786011
FIRST_5a45,propria,so_INI,ppg,ppg_nao_piorando_ou_nada,450,0.0,0.0,
FIRST_5a45,propria,so_INI,ppg,ACASO,450,0.06258595378600856,0.04060565382431887,1.5413113173054147
FIRST_5a45,propria,so_INI,ppg,FIXO_RETROSPECTO,450,0.004318616238291379,0.04069204188833162,0.10612925864331559
FIRST_5a45,propria,so_INI,ppg,BASE_V6_MOM,450,0.08563139370012181,0.06613058162063079,1.2948834200697146
FIRST_5a45,propria,so_INI,ppg,FIXO_TUDO_INI,450,0.02958529576366698,0.06594754714743441,0.4486185922506741
FIRST_5a45,propria,so_INI,ppg,FIXO_TUDO_INI_CALR,450,-0.029528754212086686,0.05333527045079965,-0.5536440325980191
FIRST_5a45,propria,so_INI,ppg,FIXO_V6E_INI,450,0.08379410721655797,0.05458146130248533,1.535211868956364
FIRST_5a45,propria,so_INI,ppg,FIXO_V6WR_INI,450,0.11842475447372716,0.0553210991918751,2.140679708170368
FIRST_5a45,propria,so_INI,ppg,FIXO_V6_INI,450,0.11842475447372716,0.0553210991918751,2.140679708170368
FIRST_5a45,propria,so_INI,ppg,FAVORITO,450,0.07933457636645445,0.06955945825724881,1.1405289568681622
FIRST_5a45,propria,so_INI,ppg,ZEBRA,450,0.035639487094259376,0.057287173682504876,0.6221198359650171
FIRST_5a45,propria,so_INI,ppg,VIG_MERCADO,450,0.06656679835171005,0.05074550063960772,1.3117773499657532
FIRST_5a45,propria,so_INI,lucro,ppg,450,-0.0022222222222222222,0.002221572470167761,-1.0002924739405024
FIRST_5a45,propria,so_INI,lucro,roi,450,-0.03545383260931755,0.0181603980016211,-1.9522607712756483
FIRST_5a45,propria,so_INI,lucro,sharpe,450,-0.006016781941964769,0.023363816673948802,-0.2575256442871177
FIRST_5a45,propria,so_INI,lucro,sortino,450,0.010231899953612676,0.01787982574734761,0.5722594894489132
FIRST_5a45,propria,so_INI,lucro,maxdd,450,-0.017553409717770127,0.029797462640912143,-0.5890907534411726
FIRST_5a45,propria,so_INI,lucro,seq_ruim,450,0.040193621767411335,0.05288808140310854,0.7599750397647989
FIRST_5a45,propria,so_INI,lucro,ppg_nao_piorando_ou_nada,450,-0.0022222222222222222,0.002221572470167761,-1.0002924739405024
FIRST_5a45,propria,so_INI,lucro,ACASO,450,0.06036373156378634,0.04041626065171745,1.4935506301279071
FIRST_5a45,propria,so_INI,lucro,FIXO_RETROSPECTO,450,0.0020963940160691565,0.040589388243189764,0.05164882021647363
FIRST_5a45,propria,so_INI,lucro,BASE_V6_MOM,450,0.08340917147789959,0.06597317830008691,1.2642891191099355
FIRST_5a45,propria,so_INI,lucro,FIXO_TUDO_INI,450,0.02736307354144476,0.06614603334520572,0.41367671132509476
FIRST_5a45,propria,so_INI,lucro,FIXO_TUDO_INI_CALR,450,-0.031750976434308915,0.05289251795393716,-0.6002923979145801
FIRST_5a45,propria,so_INI,lucro,FIXO_V6E_INI,450,0.08157188499433574,0.05443638215514823,1.4984810115016287
FIRST_5a45,propria,so_INI,lucro,FIXO_V6WR_INI,450,0.11620253225150494,0.055162981369122746,2.106531035259614
FIRST_5a45,propria,so_INI,lucro,FIXO_V6_INI,450,0.11620253225150494,0.055162981369122746,2.106531035259614
FIRST_5a45,propria,so_INI,lucro,FAVORITO,450,0.07711235414423223,0.06940400878998072,1.1110648432077932
FIRST_5a45,propria,so_INI,lucro,ZEBRA,450,0.03341726487203715,0.056794251860416825,0.5883916730546381
FIRST_5a45,propria,so_INI,lucro,VIG_MERCADO,450,0.06434457612948782,0.050489595558229745,1.2744125877435304
FIRST_5a45,propria,so_INI,roi,sharpe,450,0.02943705066735278,0.021260222041526326,1.3846069250760948
FIRST_5a45,propria,so_INI,roi,sortino,450,0.04568573256293022,0.023487738179067946,1.9450886336788666
FIRST_5a45,propria,so_INI,roi,seq_ruim,450,0.07564745437672887,0.04841507225558514,1.5624773619542047
FIRST_5a45,propria,so_INI,roi,ACASO,450,0.09581756417310389,0.04013039320087347,2.387655752424034
FIRST_5a45,propria,so_INI,roi,FIXO_RETROSPECTO,450,0.03755022662538671,0.04383906974936322,0.8565470672637194
FIRST_5a45,propria,so_INI,roi,BASE_V6_MOM,450,0.11886300408721713,0.06569866986052769,1.80921477313852
FIRST_5a45,propria,so_INI,roi,FIXO_TUDO_INI,450,0.0628169061507623,0.06439120124574144,0.9755510836182256
FIRST_5a45,propria,so_INI,roi,FIXO_TUDO_INI_CALR,450,0.0037028561750086413,0.04636602245672121,0.07986141529532638
FIRST_5a45,propria,so_INI,roi,FIXO_V6E_INI,450,0.11702571760365327,0.05367068218072207,2.180440285994495
FIRST_5a45,propria,so_INI,roi,FIXO_V6WR_INI,450,0.15165636486082248,0.05589138479259101,2.7134121908699984
FIRST_5a45,propria,so_INI,roi,FIXO_V6_INI,450,0.15165636486082248,0.05589138479259101,2.7134121908699984
FIRST_5a45,propria,so_INI,roi,FAVORITO,450,0.11256618675354979,0.07048724938148312,1.5969723282055142
FIRST_5a45,propria,so_INI,roi,ZEBRA,450,0.06887109748135471,0.05560424120565498,1.2385943228077085
FIRST_5a45,propria,so_INI,roi,VIG_MERCADO,450,0.09979840873880537,0.05283809991585664,1.8887584696976585
FIRST_5a45,propria,so_INI,sharpe,sortino,450,0.016248681895577443,0.012611354203237926,1.2884169006533528
FIRST_5a45,propria,so_INI,sharpe,ACASO,450,0.06638051350575112,0.04343373051334277,1.5283171102551079
FIRST_5a45,propria,so_INI,sharpe,FIXO_RETROSPECTO,450,0.008113175958033918,0.04222580123906476,0.19213788063133536
FIRST_5a45,propria,so_INI,sharpe,BASE_V6_MOM,450,0.08942595341986433,0.0675315511640969,1.324209971166893
FIRST_5a45,propria,so_INI,sharpe,FIXO_TUDO_INI,450,0.033379855483409535,0.06828673001501942,0.48881906449566054
FIRST_5a45,propria,so_INI,sharpe,FIXO_TUDO_INI_CALR,450,-0.025734194492344136,0.05307365821774429,-0.4848769682836812
FIRST_5a45,propria,so_INI,sharpe,FIXO_V6E_INI,450,0.08758866693630048,0.058089671259657666,1.5078182581682018
FIRST_5a45,propria,so_INI,sharpe,FIXO_V6WR_INI,450,0.12221931419346968,0.06019347239979607,2.030441330609858
FIRST_5a45,propria,so_INI,sharpe,FIXO_V6_INI,450,0.12221931419346968,0.06019347239979607,2.030441330609858
FIRST_5a45,propria,so_INI,sharpe,FAVORITO,450,0.08312913608619703,0.06829491689414001,1.217208247211878
FIRST_5a45,propria,so_INI,sharpe,ZEBRA,450,0.03943404681400192,0.059903332699317635,0.6582947064387809
FIRST_5a45,propria,so_INI,sharpe,VIG_MERCADO,450,0.0703613580714526,0.05205926197793534,1.3515627267492647
FIRST_5a45,propria,so_INI,sortino,ACASO,450,0.05013183161017367,0.03860249122212476,1.2986682989371667
FIRST_5a45,propria,so_INI,sortino,FIXO_RETROSPECTO,450,-0.008135505937543523,0.03837477990242302,-0.21200137064577246
FIRST_5a45,propria,so_INI,sortino,BASE_V6_MOM,450,0.0731772715242869,0.06461584406698134,1.132497339947006
FIRST_5a45,propria,so_INI,sortino,FIXO_TUDO_INI,450,0.017131173587832088,0.06505259322474174,0.26334343857204623
FIRST_5a45,propria,so_INI,sortino,FIXO_TUDO_INI_CALR,450,-0.04198287638792158,0.05467351079418727,-0.7678833090847547
FIRST_5a45,propria,so_INI,sortino,FIXO_V6E_INI,450,0.07133998504072304,0.05571607456247705,1.2804201588309343
FIRST_5a45,propria,so_INI,sortino,FIXO_V6WR_INI,450,0.10597063229789223,0.056532855892990855,1.8744963548008344
FIRST_5a45,propria,so_INI,sortino,FIXO_V6_INI,450,0.10597063229789223,0.056532855892990855,1.8744963548008344
FIRST_5a45,propria,so_INI,sortino,FAVORITO,450,0.06688045419061958,0.06343571710215228,1.0543028004699648
FIRST_5a45,propria,so_INI,sortino,ZEBRA,450,0.023185364918424472,0.05895258251645491,0.3932883671712422
FIRST_5a45,propria,so_INI,sortino,VIG_MERCADO,450,0.05411267617587515,0.04607608701582454,1.1744199579554249
FIRST_5a45,propria,so_INI,calmar,llskill_todas,450,0.05311571897335976,0.02336660746217213,2.2731463717763924
FIRST_5a45,propria,so_INI,calmar,ll_todas,450,0.06203265644074599,0.051155395538722385,1.2126317427022921
FIRST_5a45,propria,so_INI,calmar,llskill_entradas,450,0.04535331595026796,0.03426911550578124,1.3234457697811548
FIRST_5a45,propria,so_INI,calmar,ll_entradas,450,0.0912751244260806,0.04957124650674829,1.8412916934347219
FIRST_5a45,propria,so_INI,calmar,ppg,450,0.02083685314647696,0.011206599515174004,1.8593377159827442
FIRST_5a45,propria,so_INI,calmar,lucro,450,0.023059075368699184,0.010709003790801785,2.153241871900836
FIRST_5a45,propria,so_INI,calmar,roi,450,-0.01239475724061836,0.019426510696382758,-0.6380331205297861
FIRST_5a45,propria,so_INI,calmar,sharpe,450,0.017042293426734415,0.02640837642528235,0.6453366595615014
FIRST_5a45,propria,so_INI,calmar,sortino,450,0.033290975322311865,0.02347836773817059,1.4179424947070816
FIRST_5a45,propria,so_INI,calmar,maxdd,450,0.0055056656509290605,0.029211304148654006,0.18847722864104818
FIRST_5a45,propria,so_INI,calmar,seq_ruim,450,0.06325269713611051,0.054633554198010775,1.1577628083075284
FIRST_5a45,propria,so_INI,calmar,ppg_nao_piorando_ou_nada,450,0.02083685314647696,0.011206599515174004,1.8593377159827442
FIRST_5a45,propria,so_INI,calmar,funcao_menor_vol,450,0.07758481419672561,0.05985965404263672,1.2961119712029014
FIRST_5a45,propria,so_INI,calmar,ACASO,450,0.08342280693248552,0.04471186155063493,1.865786930790424
FIRST_5a45,propria,so_INI,calmar,FIXO_RETROSPECTO,450,0.025155469384768342,0.043226873793366045,0.5819405193402838
FIRST_5a45,propria,so_INI,calmar,BASE_V6_MOM,450,0.10646824684659874,0.06880673066713945,1.5473522112487983
FIRST_5a45,propria,so_INI,calmar,FIXO_TUDO_INI,450,0.050422148910143946,0.07041338444386926,0.7160875635844273
FIRST_5a45,propria,so_INI,calmar,FIXO_TUDO_INI_CALR,450,-0.008691901065609726,0.05084616051300856,-0.17094508175078385
FIRST_5a45,propria,so_INI,calmar,FIXO_V6E_INI,450,0.10463096036303493,0.05633266577707574,1.857376336086937
FIRST_5a45,propria,so_INI,calmar,FIXO_V6WR_INI,450,0.13926160762020412,0.057131013250567894,2.4375833666632865
FIRST_5a45,propria,so_INI,calmar,FIXO_V6_INI,450,0.13926160762020412,0.057131013250567894,2.4375833666632865
FIRST_5a45,propria,so_INI,calmar,FAVORITO,450,0.10017142951293143,0.0749834575012514,1.3359137181859033
FIRST_5a45,propria,so_INI,calmar,ZEBRA,450,0.056476340240736354,0.05618328097174653,1.0052161294947726
FIRST_5a45,propria,so_INI,calmar,VIG_MERCADO,450,0.087403651498187,0.05590700102336235,1.563375782966124
FIRST_5a45,propria,so_INI,maxdd,ppg,450,0.015331187495547904,0.029972334517097306,0.5115112900799382
FIRST_5a45,propria,so_INI,maxdd,roi,450,-0.017900422891547422,0.03172059313292024,-0.5643155163126511
FIRST_5a45,propria,so_INI,maxdd,sharpe,450,0.011536627775805356,0.04029949002179019,0.28627230194643727
FIRST_5a45,propria,so_INI,maxdd,sortino,450,0.027785309671382798,0.03646308560224516,0.7620120242833195
FIRST_5a45,propria,so_INI,maxdd,seq_ruim,450,0.05774703148518145,0.045562694735970355,1.2674191423447994
FIRST_5a45,propria,so_INI,maxdd,ppg_nao_piorando_ou_nada,450,0.015331187495547904,0.029972334517097306,0.5115112900799382
FIRST_5a45,propria,so_INI,maxdd,ACASO,450,0.07791714128155647,0.03769263991099162,2.0671712425967517
FIRST_5a45,propria,so_INI,maxdd,FIXO_RETROSPECTO,450,0.019649803733839274,0.03244548806299975,0.6056251548962691
FIRST_5a45,propria,so_INI,maxdd,BASE_V6_MOM,450,0.1009625811956697,0.06084695064969203,1.6592874436211489
FIRST_5a45,propria,so_INI,maxdd,FIXO_TUDO_INI,450,0.0449164832592149,0.06378307022202509,0.7042069800475782
FIRST_5a45,propria,so_INI,maxdd,FIXO_TUDO_INI_CALR,450,-0.014197566716538785,0.05330846736890775,-0.26632854811390694
FIRST_5a45,propria,so_INI,maxdd,FIXO_V6E_INI,450,0.09912529471210584,0.05351639630903781,1.852241584797548
FIRST_5a45,propria,so_INI,maxdd,FIXO_V6WR_INI,450,0.13375594196927504,0.05289820876908462,2.5285533306648795
FIRST_5a45,propria,so_INI,maxdd,FIXO_V6_INI,450,0.13375594196927504,0.05289820876908462,2.5285533306648795
FIRST_5a45,propria,so_INI,maxdd,FAVORITO,450,0.09466576386200239,0.06853480008104121,1.381280221873585
FIRST_5a45,propria,so_INI,maxdd,ZEBRA,450,0.05097067458980728,0.05563271727330771,0.9161996229557305
FIRST_5a45,propria,so_INI,maxdd,VIG_MERCADO,450,0.08189798584725796,0.04909001685028742,1.6683226265133877
FIRST_5a45,propria,so_INI,seq_ruim,sharpe,450,-0.0462104037093761,0.0625269492614721,-0.7390477906755968
FIRST_5a45,propria,so_INI,seq_ruim,sortino,450,-0.02996172181379866,0.05939355177205012,-0.5044608534069566
FIRST_5a45,propria,so_INI,seq_ruim,ACASO,450,0.02017010979637501,0.04052945889759633,0.4976654104200546
FIRST_5a45,propria,so_INI,seq_ruim,FIXO_RETROSPECTO,450,-0.03809722775134217,0.05570087330992903,-0.6839610492166395
FIRST_5a45,propria,so_INI,seq_ruim,BASE_V6_MOM,450,0.04321554971048823,0.06514831680574068,0.6633410014160213
FIRST_5a45,propria,so_INI,seq_ruim,FIXO_TUDO_INI,450,-0.012830548225966566,0.06006460662942322,-0.21361245741816612
FIRST_5a45,propria,so_INI,seq_ruim,FIXO_TUDO_INI_CALR,450,-0.07194459820172025,0.06649619710202602,-1.0819355292052968
FIRST_5a45,propria,so_INI,seq_ruim,FIXO_V6E_INI,450,0.041378263226924394,0.05334706988809476,0.7756426606695151
FIRST_5a45,propria,so_INI,seq_ruim,FIXO_V6WR_INI,450,0.0760089104840936,0.05431825720784562,1.3993252801401557
FIRST_5a45,propria,so_INI,seq_ruim,FIXO_V6_INI,450,0.0760089104840936,0.05431825720784562,1.3993252801401557
FIRST_5a45,propria,so_INI,seq_ruim,FAVORITO,450,0.03691873237682092,0.0668963307422014,0.5518797812557874
FIRST_5a45,propria,so_INI,seq_ruim,ZEBRA,450,-0.006776356895374172,0.06733142115470303,-0.10064182188884113
FIRST_5a45,propria,so_INI,seq_ruim,VIG_MERCADO,450,0.02415095436207649,0.052077129043187224,0.46375356717626004
FIRST_5a45,propria,so_INI,brier_com_roi>=0,bsskill_todas,450,0.006316664294137723,0.048562785762865386,0.1300721158168793
FIRST_5a45,propria,so_INI,brier_com_roi>=0,llskill_todas,450,-0.013862409959964423,0.05136706808567756,-0.269869596934025
FIRST_5a45,propria,so_INI,brier_com_roi>=0,brier_todas,450,-0.00545877114793563,0.031586493888914845,-0.17281978706257628
FIRST_5a45,propria,so_INI,brier_com_roi>=0,ll_todas,450,-0.004945472492578199,0.031715759794501884,-0.1559310741606615
FIRST_5a45,propria,so_INI,brier_com_roi>=0,bsskill_entradas,450,-0.023216531489166164,0.04842415025852197,-0.47944117481091747
FIRST_5a45,propria,so_INI,brier_com_roi>=0,llskill_entradas,450,-0.02162481298305621,0.04629987204102304,-0.4670598865564033
FIRST_5a45,propria,so_INI,brier_com_roi>=0,brier_entradas,450,0.02207477327053422,0.029319176177027152,0.7529124671596592
FIRST_5a45,propria,so_INI,brier_com_roi>=0,ll_entradas,450,0.02429699549275644,0.02887260414966858,0.8415242132925284
FIRST_5a45,propria,so_INI,brier_com_roi>=0,ppg,450,-0.04614127578684721,0.04778685185733165,-0.9655642502796097
FIRST_5a45,propria,so_INI,brier_com_roi>=0,lucro,450,-0.043919053564624985,0.047742819294075124,-0.9199090923831416
FIRST_5a45,propria,so_INI,brier_com_roi>=0,roi,450,-0.07937288617394253,0.045288904316692864,-1.7525901182971826
FIRST_5a45,propria,so_INI,brier_com_roi>=0,sharpe,450,-0.04993583550658976,0.04530262437338696,-1.1022724664914685
FIRST_5a45,propria,so_INI,brier_com_roi>=0,sortino,450,-0.03368715361101231,0.042725600881143445,-0.7884535949470948
FIRST_5a45,propria,so_INI,brier_com_roi>=0,calmar,450,-0.06697812893332417,0.05232997103858286,-1.2799190904183995
FIRST_5a45,propria,so_INI,brier_com_roi>=0,maxdd,450,-0.061472463282395126,0.04913814437152869,-1.2510131196165621
FIRST_5a45,propria,so_INI,brier_com_roi>=0,seq_ruim,450,-0.00372543179721365,0.05506378619187726,-0.06765665884710281
FIRST_5a45,propria,so_INI,brier_com_roi>=0,bsskill_t_ppg>=1_relaxar,450,0.012198422453218593,0.05262378762001446,0.23180434181782753
FIRST_5a45,propria,so_INI,brier_com_roi>=0,ppg_nao_piorando_ou_nada,450,-0.04614127578684721,0.04778685185733165,-0.9655642502796097
FIRST_5a45,propria,so_INI,brier_com_roi>=0,funcao_menor_vol,450,0.01060668526340145,0.04009986194394778,0.26450677756017316
FIRST_5a45,propria,so_INI,brier_com_roi>=0,ACASO,450,0.01644467799916137,0.029466693600986162,0.5580767975478258
FIRST_5a45,propria,so_INI,brier_com_roi>=0,FIXO_RETROSPECTO,450,-0.04182265954855581,0.046841437191143434,-0.8928560278347618
FIRST_5a45,propria,so_INI,brier_com_roi>=0,BASE_V6_MOM,450,0.0394901179132746,0.05698321781774001,0.6930131260678041
FIRST_5a45,propria,so_INI,brier_com_roi>=0,FIXO_TUDO_INI,450,-0.016555980023180216,0.04818548586445732,-0.3435885251785387
FIRST_5a45,propria,so_INI,brier_com_roi>=0,FIXO_TUDO_INI_CALR,450,-0.07567002999893387,0.05975418067228884,-1.2663554105767538
FIRST_5a45,propria,so_INI,brier_com_roi>=0,FIXO_V6E_INI,450,0.03765283142971075,0.05237234565496962,0.7189449118389424
FIRST_5a45,propria,so_INI,brier_com_roi>=0,FIXO_V6WR_INI,450,0.07228347868687994,0.05151173504057714,1.4032429431845064
FIRST_5a45,propria,so_INI,brier_com_roi>=0,FIXO_V6_INI,450,0.07228347868687994,0.05151173504057714,1.4032429431845064
FIRST_5a45,propria,so_INI,brier_com_roi>=0,FAVORITO,450,0.03319330057960727,0.05254893296109022,0.6316645973417804
FIRST_5a45,propria,so_INI,brier_com_roi>=0,ZEBRA,450,-0.01050178869258785,0.06490244059476089,-0.16180884102893944
FIRST_5a45,propria,so_INI,brier_com_roi>=0,VIG_MERCADO,450,0.020425522564862842,0.03934147892230876,0.5191854278076073
FIRST_5a45,propria,so_INI,bsskill_t_ppg>=1_relaxar,bsskill_todas,450,-0.005881758159080868,0.018446405688369735,-0.31885659778095715
FIRST_5a45,propria,so_INI,bsskill_t_ppg>=1_relaxar,llskill_todas,450,-0.026060832413183004,0.020408522402160505,-1.2769583167091083
FIRST_5a45,propria,so_INI,bsskill_t_ppg>=1_relaxar,ll_todas,450,-0.017143894945796774,0.049094152815283204,-0.3492044156521184
FIRST_5a45,propria,so_INI,bsskill_t_ppg>=1_relaxar,llskill_entradas,450,-0.0338232354362748,0.04467561395977418,-0.7570849606393583
FIRST_5a45,propria,so_INI,bsskill_t_ppg>=1_relaxar,ll_entradas,450,0.01209857303953786,0.04672126825475719,0.258952153729388
FIRST_5a45,propria,so_INI,bsskill_t_ppg>=1_relaxar,ppg,450,-0.058339698240065796,0.030214789645448176,-1.930832513634746
FIRST_5a45,propria,so_INI,bsskill_t_ppg>=1_relaxar,lucro,450,-0.05611747601784357,0.029632265487985244,-1.8937963430638496
FIRST_5a45,propria,so_INI,bsskill_t_ppg>=1_relaxar,roi,450,-0.0915713086271611,0.03391816584972692,-2.699771828254633
FIRST_5a45,propria,so_INI,bsskill_t_ppg>=1_relaxar,sharpe,450,-0.06213425795980834,0.03389269787156953,-1.8332638551010392
FIRST_5a45,propria,so_INI,bsskill_t_ppg>=1_relaxar,sortino,450,-0.045885576064230896,0.031646724923594535,-1.449931270139756
FIRST_5a45,propria,so_INI,bsskill_t_ppg>=1_relaxar,calmar,450,-0.07917655138654275,0.02695169419557433,-2.93772075373073
FIRST_5a45,propria,so_INI,bsskill_t_ppg>=1_relaxar,maxdd,450,-0.07367088573561369,0.03787349295868858,-1.9451832925991792
FIRST_5a45,propria,so_INI,bsskill_t_ppg>=1_relaxar,seq_ruim,450,-0.015923854250432228,0.05884978231721191,-0.27058476044311464
FIRST_5a45,propria,so_INI,bsskill_t_ppg>=1_relaxar,ppg_nao_piorando_ou_nada,450,-0.058339698240065796,0.030214789645448176,-1.930832513634746
FIRST_5a45,propria,so_INI,bsskill_t_ppg>=1_relaxar,funcao_menor_vol,450,-0.001591737189817131,0.055315869139777596,-0.02877541679395785
FIRST_5a45,propria,so_INI,bsskill_t_ppg>=1_relaxar,ACASO,450,0.00424625554594278,0.0443066523275014,0.09583787812619514
FIRST_5a45,propria,so_INI,bsskill_t_ppg>=1_relaxar,FIXO_RETROSPECTO,450,-0.05402108200177441,0.045973083097889965,-1.1750589336535888
FIRST_5a45,propria,so_INI,bsskill_t_ppg>=1_relaxar,BASE_V6_MOM,450,0.027291695460056,0.06800705612427617,0.4013068204302672
FIRST_5a45,propria,so_INI,bsskill_t_ppg>=1_relaxar,FIXO_TUDO_INI,450,-0.028754402476398794,0.07447987995489462,-0.3860693987935077
FIRST_5a45,propria,so_INI,bsskill_t_ppg>=1_relaxar,FIXO_TUDO_INI_CALR,450,-0.08786845245215248,0.053474069424500614,-1.6431974113399557
FIRST_5a45,propria,so_INI,bsskill_t_ppg>=1_relaxar,FIXO_V6E_INI,450,0.02545440897649216,0.05581554997781868,0.4560451162195453
FIRST_5a45,propria,so_INI,bsskill_t_ppg>=1_relaxar,FIXO_V6WR_INI,450,0.06008505623366135,0.05524994362834024,1.087513439612651
FIRST_5a45,propria,so_INI,bsskill_t_ppg>=1_relaxar,FIXO_V6_INI,450,0.06008505623366135,0.05524994362834024,1.087513439612651
FIRST_5a45,propria,so_INI,bsskill_t_ppg>=1_relaxar,FAVORITO,450,0.0209948781263887,0.07429711117269588,0.28258000607302614
FIRST_5a45,propria,so_INI,bsskill_t_ppg>=1_relaxar,ZEBRA,450,-0.02270021114580642,0.05611618590141103,-0.4045216327725443
FIRST_5a45,propria,so_INI,bsskill_t_ppg>=1_relaxar,VIG_MERCADO,450,0.00822710011164426,0.05489008158490582,0.14988318242738088
FIRST_5a45,propria,so_INI,ppg_nao_piorando_ou_nada,roi,450,-0.03323161038709533,0.0184922023837189,-1.797060712268294
FIRST_5a45,propria,so_INI,ppg_nao_piorando_ou_nada,sharpe,450,-0.0037945597197425484,0.023559405001324973,-0.161063478450714
FIRST_5a45,propria,so_INI,ppg_nao_piorando_ou_nada,sortino,450,0.012454122175834897,0.01808918933578017,0.6884842623212978
FIRST_5a45,propria,so_INI,ppg_nao_piorando_ou_nada,seq_ruim,450,0.04241584398963356,0.05307705091663088,0.7991371648786011
FIRST_5a45,propria,so_INI,ppg_nao_piorando_ou_nada,ACASO,450,0.06258595378600856,0.04060565382431887,1.5413113173054147
FIRST_5a45,propria,so_INI,ppg_nao_piorando_ou_nada,FIXO_RETROSPECTO,450,0.004318616238291379,0.04069204188833162,0.10612925864331559
FIRST_5a45,propria,so_INI,ppg_nao_piorando_ou_nada,BASE_V6_MOM,450,0.08563139370012181,0.06613058162063079,1.2948834200697146
FIRST_5a45,propria,so_INI,ppg_nao_piorando_ou_nada,FIXO_TUDO_INI,450,0.02958529576366698,0.06594754714743441,0.4486185922506741
FIRST_5a45,propria,so_INI,ppg_nao_piorando_ou_nada,FIXO_TUDO_INI_CALR,450,-0.029528754212086686,0.05333527045079965,-0.5536440325980191
FIRST_5a45,propria,so_INI,ppg_nao_piorando_ou_nada,FIXO_V6E_INI,450,0.08379410721655797,0.05458146130248533,1.535211868956364
FIRST_5a45,propria,so_INI,ppg_nao_piorando_ou_nada,FIXO_V6WR_INI,450,0.11842475447372716,0.0553210991918751,2.140679708170368
FIRST_5a45,propria,so_INI,ppg_nao_piorando_ou_nada,FIXO_V6_INI,450,0.11842475447372716,0.0553210991918751,2.140679708170368
FIRST_5a45,propria,so_INI,ppg_nao_piorando_ou_nada,FAVORITO,450,0.07933457636645445,0.06955945825724881,1.1405289568681622
FIRST_5a45,propria,so_INI,ppg_nao_piorando_ou_nada,ZEBRA,450,0.035639487094259376,0.057287173682504876,0.6221198359650171
FIRST_5a45,propria,so_INI,ppg_nao_piorando_ou_nada,VIG_MERCADO,450,0.06656679835171005,0.05074550063960772,1.3117773499657532
FIRST_5a45,propria,so_INI,funcao_menor_vol,llskill_todas,450,-0.024469095223365874,0.05632649647539949,-0.4344153596354553
FIRST_5a45,propria,so_INI,funcao_menor_vol,ll_todas,450,-0.015552157755979644,0.04061668379470845,-0.38290072706540806
FIRST_5a45,propria,so_INI,funcao_menor_vol,llskill_entradas,450,-0.032231498246457664,0.048914462918132014,-0.6589359531638612
FIRST_5a45,propria,so_INI,funcao_menor_vol,ll_entradas,450,0.013690310229355,0.033986357495780786,0.40281781391414406
FIRST_5a45,propria,so_INI,funcao_menor_vol,ppg,450,-0.05674796105024865,0.05688669726854411,-0.9975611834584011
FIRST_5a45,propria,so_INI,funcao_menor_vol,lucro,450,-0.05452573882802643,0.05668605858119832,-0.9618897519558992
FIRST_5a45,propria,so_INI,funcao_menor_vol,roi,450,-0.08997957143734396,0.05494501774046216,-1.6376293090370946
FIRST_5a45,propria,so_INI,funcao_menor_vol,sharpe,450,-0.0605425207699912,0.06251116272777242,-0.9685073533769578
FIRST_5a45,propria,so_INI,funcao_menor_vol,sortino,450,-0.04429383887441376,0.058085760882102024,-0.7625593295458066
FIRST_5a45,propria,so_INI,funcao_menor_vol,maxdd,450,-0.07207914854579653,0.05358258356783654,-1.3451973336549365
FIRST_5a45,propria,so_INI,funcao_menor_vol,seq_ruim,450,-0.014332117060615096,0.04084550802883562,-0.3508860031927399
FIRST_5a45,propria,so_INI,funcao_menor_vol,ppg_nao_piorando_ou_nada,450,-0.05674796105024865,0.05688669726854411,-0.9975611834584011
FIRST_5a45,propria,so_INI,funcao_menor_vol,ACASO,450,0.005837992735759916,0.030034663200855388,0.19437516900784324
FIRST_5a45,propria,so_INI,funcao_menor_vol,FIXO_RETROSPECTO,450,-0.052429344811957275,0.05420096045574282,-0.967313943721862
FIRST_5a45,propria,so_INI,funcao_menor_vol,BASE_V6_MOM,450,0.028883432649873156,0.05269495069363025,0.5481252429251172
FIRST_5a45,propria,so_INI,funcao_menor_vol,FIXO_TUDO_INI,450,-0.02716266528658167,0.047452222413600476,-0.572421351519175
FIRST_5a45,propria,so_INI,funcao_menor_vol,FIXO_TUDO_INI_CALR,450,-0.08627671526233534,0.06317486385306281,-1.3656810636427277
FIRST_5a45,propria,so_INI,funcao_menor_vol,FIXO_V6E_INI,450,0.0270461461663093,0.047588542592910295,0.5683331468599884
FIRST_5a45,propria,so_INI,funcao_menor_vol,FIXO_V6WR_INI,450,0.06167679342347849,0.04326114973900445,1.425685489072206
FIRST_5a45,propria,so_INI,funcao_menor_vol,FIXO_V6_INI,450,0.06167679342347849,0.04326114973900445,1.425685489072206
FIRST_5a45,propria,so_INI,funcao_menor_vol,FAVORITO,450,0.02258661531620583,0.061773215683184904,0.3656376807716368
FIRST_5a45,propria,so_INI,funcao_menor_vol,ZEBRA,450,-0.021108473955989266,0.05897377031557658,-0.35792987022934064
FIRST_5a45,propria,so_INI,funcao_menor_vol,VIG_MERCADO,450,0.009818837301461403,0.04321434069612502,0.22721247491673166
FIRST_5a45,comum,todas,bsskill_todas,llskill_todas,450,0.014241684772142958,0.019457088858481655,0.7319535247912886
FIRST_5a45,comum,todas,bsskill_todas,ll_todas,450,0.006232190631653521,0.037158786275786074,0.1677178200977632
FIRST_5a45,comum,todas,bsskill_todas,llskill_entradas,450,-0.022302913276256997,0.03255905737365094,-0.684998739991351
FIRST_5a45,comum,todas,bsskill_todas,ll_entradas,450,0.00830522373265929,0.04797591568765015,0.173112354680855
FIRST_5a45,comum,todas,bsskill_todas,ppg,450,-0.04828319964386092,0.03527304859781396,-1.3688411283750865
FIRST_5a45,comum,todas,bsskill_todas,lucro,450,-0.04828319964386092,0.03527304859781396,-1.3688411283750865
FIRST_5a45,comum,todas,bsskill_todas,roi,450,-0.066627451140717,0.03838107686931169,-1.7359453297150769
FIRST_5a45,comum,todas,bsskill_todas,sharpe,450,-0.05346248700730896,0.036559063061282294,-1.462359331192165
FIRST_5a45,comum,todas,bsskill_todas,sortino,450,-0.06096604099416194,0.03737219123523586,-1.6313210164856735
FIRST_5a45,comum,todas,bsskill_todas,calmar,450,-0.07306247089300727,0.04948849528616582,-1.4763526446000348
FIRST_5a45,comum,todas,bsskill_todas,maxdd,450,-0.056703967257026464,0.05007047886129344,-1.1324830228628187
FIRST_5a45,comum,todas,bsskill_todas,seq_ruim,450,-0.0002681630052452075,0.062194703476884335,-0.004311669487175457
FIRST_5a45,comum,todas,bsskill_todas,ppg_nao_piorando_ou_nada,450,-0.04828319964386092,0.03527304859781396,-1.3688411283750865
FIRST_5a45,comum,todas,bsskill_todas,funcao_menor_vol,450,0.02862816903450714,0.04291392924877041,0.6671066839056087
FIRST_5a45,comum,todas,bsskill_todas,ACASO,450,0.0038189525634604975,0.03305033573566457,0.11554958454898451
FIRST_5a45,comum,todas,bsskill_todas,FIXO_RETROSPECTO,450,-0.05646807689922068,0.04304351686619111,-1.3118834382135258
FIRST_5a45,comum,todas,bsskill_todas,BASE_V6_MOM,450,0.03455327142709952,0.05601964765651205,0.6168062969436197
FIRST_5a45,comum,todas,bsskill_todas,FIXO_TUDO_INI,450,-0.021492826509355287,0.05802704610947461,-0.37039325539346996
FIRST_5a45,comum,todas,bsskill_todas,FIXO_TUDO_INI_CALR,450,-0.08060687648510895,0.06708010498501943,-1.2016510186307903
FIRST_5a45,comum,todas,bsskill_todas,FIXO_TUDO_MOM,450,-0.023273002747612407,0.05570690027311865,-0.4177759421814893
FIRST_5a45,comum,todas,bsskill_todas,FIXO_V6E_INI,450,0.03271598494353568,0.05451093698364854,0.6001728598675414
FIRST_5a45,comum,todas,bsskill_todas,FIXO_V6E_MOM,450,0.015582108970589032,0.048810808291255045,0.3192348071273535
FIRST_5a45,comum,todas,bsskill_todas,FIXO_V6WR_INI,450,0.06734663220070487,0.05500939861434936,1.2242750129454663
FIRST_5a45,comum,todas,bsskill_todas,FIXO_V6WR_MOM,450,0.034492733093574666,0.055302885368262555,0.6237058494125064
FIRST_5a45,comum,todas,bsskill_todas,FIXO_V6_INI,450,0.06734663220070487,0.05500939861434936,1.2242750129454663
FIRST_5a45,comum,todas,bsskill_todas,FIXO_V6_MOM,450,0.03455327142709952,0.05601964765651205,0.6168062969436197
FIRST_5a45,comum,todas,bsskill_todas,FAVORITO,450,0.02825645409343219,0.054455954781291775,0.5188863955634772
FIRST_5a45,comum,todas,bsskill_todas,ZEBRA,450,-0.015438635178762903,0.060674124722423305,-0.25445171643419284
FIRST_5a45,comum,todas,bsskill_todas,VIG_MERCADO,450,0.01548867607868778,0.036296714143924956,0.4267239182387573
FIRST_5a45,comum,todas,llskill_todas,ppg,450,-0.06252488441600389,0.034918843599325816,-1.7905771775675603
FIRST_5a45,comum,todas,llskill_todas,lucro,450,-0.06252488441600389,0.034918843599325816,-1.7905771775675603
FIRST_5a45,comum,todas,llskill_todas,roi,450,-0.08086913591285995,0.03635598028622732,-2.2243695611061676
FIRST_5a45,comum,todas,llskill_todas,sharpe,450,-0.06770417177945191,0.035451977934460296,-1.909743143375975
FIRST_5a45,comum,todas,llskill_todas,sortino,450,-0.0752077257663049,0.03534212541538379,-2.1279910272054074
FIRST_5a45,comum,todas,llskill_todas,maxdd,450,-0.07094565202916943,0.05073447268597699,-1.39837172386299
FIRST_5a45,comum,todas,llskill_todas,seq_ruim,450,-0.014509847777388165,0.06042639746602753,-0.24012432290946656
FIRST_5a45,comum,todas,llskill_todas,ppg_nao_piorando_ou_nada,450,-0.06252488441600389,0.034918843599325816,-1.7905771775675603
FIRST_5a45,comum,todas,llskill_todas,ACASO,450,-0.01042273220868246,0.033847954218521194,-0.30792798115341535
FIRST_5a45,comum,todas,llskill_todas,FIXO_RETROSPECTO,450,-0.07070976167136364,0.048946032184822796,-1.444647472227368
FIRST_5a45,comum,todas,llskill_todas,BASE_V6_MOM,450,0.02031158665495656,0.05990476643860304,0.3390646164320513
FIRST_5a45,comum,todas,llskill_todas,FIXO_TUDO_INI,450,-0.035734511281498245,0.05671767137453763,-0.6300419325314651
FIRST_5a45,comum,todas,llskill_todas,FIXO_TUDO_INI_CALR,450,-0.09484856125725193,0.06503333756985702,-1.4584606111499077
FIRST_5a45,comum,todas,llskill_todas,FIXO_TUDO_MOM,450,-0.037514687519755355,0.05614902691009551,-0.6681271178541167
FIRST_5a45,comum,todas,llskill_todas,FIXO_V6E_INI,450,0.01847430017139272,0.055953403803493694,0.330172945979726
FIRST_5a45,comum,todas,llskill_todas,FIXO_V6E_MOM,450,0.0013404241984460816,0.05520928845799965,0.024278961672650545
FIRST_5a45,comum,todas,llskill_todas,FIXO_V6WR_INI,450,0.053104947428561915,0.05747417521649455,0.9239792868453603
FIRST_5a45,comum,todas,llskill_todas,FIXO_V6WR_MOM,450,0.0202510483214317,0.059397735485400435,0.3409397371118512
FIRST_5a45,comum,todas,llskill_todas,FIXO_V6_INI,450,0.053104947428561915,0.05747417521649455,0.9239792868453603
FIRST_5a45,comum,todas,llskill_todas,FIXO_V6_MOM,450,0.02031158665495656,0.05990476643860304,0.3390646164320513
FIRST_5a45,comum,todas,llskill_todas,FAVORITO,450,0.014014769321289235,0.05120815654150045,0.2736823636666415
FIRST_5a45,comum,todas,llskill_todas,ZEBRA,450,-0.029680319950905858,0.06095225684208352,-0.4869437407018792
FIRST_5a45,comum,todas,llskill_todas,VIG_MERCADO,450,0.0012469913065448147,0.03416853060514169,0.03649531555674118
FIRST_5a45,comum,todas,brier_todas,bsskill_todas,450,-0.022036969065068232,0.04071874065420949,-0.541199671478299
FIRST_5a45,comum,todas,brier_todas,llskill_todas,450,-0.007795284292925284,0.03676415278182336,-0.21203492269185018
FIRST_5a45,comum,todas,brier_todas,ll_todas,450,-0.015804778433414723,0.012365828287437469,-1.2781010754832256
FIRST_5a45,comum,todas,brier_todas,bsskill_entradas,450,-0.045271909532646704,0.050946244325339965,-0.8886211364971819
FIRST_5a45,comum,todas,brier_todas,llskill_entradas,450,-0.04433988234132525,0.051268649977616716,-0.8648537139301213
FIRST_5a45,comum,todas,brier_todas,ll_entradas,450,-0.013731745332408962,0.03120451469605073,-0.44005636575872986
FIRST_5a45,comum,todas,brier_todas,ppg,450,-0.07032016870892915,0.049766481357128724,-1.4130026232778108
FIRST_5a45,comum,todas,brier_todas,lucro,450,-0.07032016870892915,0.049766481357128724,-1.4130026232778108
FIRST_5a45,comum,todas,brier_todas,roi,450,-0.08866442020578524,0.04979744465008516,-1.7805014058213047
FIRST_5a45,comum,todas,brier_todas,sharpe,450,-0.07549945607237718,0.04467258587054677,-1.6900623637763261
FIRST_5a45,comum,todas,brier_todas,sortino,450,-0.08300301005923018,0.04563352398247989,-1.8189042356469682
FIRST_5a45,comum,todas,brier_todas,calmar,450,-0.09509943995807553,0.056083444226740345,-1.6956775973600517
FIRST_5a45,comum,todas,brier_todas,maxdd,450,-0.0787409363220947,0.05844904685167773,-1.3471722904551438
FIRST_5a45,comum,todas,brier_todas,seq_ruim,450,-0.022305132070313465,0.05637861462944416,-0.3956310777928275
FIRST_5a45,comum,todas,brier_todas,bsskill_t_ppg>=1_relaxar,450,-0.061184328109807305,0.04336190133443093,-1.4110158048172283
FIRST_5a45,comum,todas,brier_todas,ppg_nao_piorando_ou_nada,450,-0.07032016870892915,0.049766481357128724,-1.4130026232778108
FIRST_5a45,comum,todas,brier_todas,funcao_menor_vol,450,0.006591199969438893,0.03534936852809775,0.18645877547147185
FIRST_5a45,comum,todas,brier_todas,ACASO,450,-0.018218016501607755,0.03259436512701004,-0.5589314726830189
FIRST_5a45,comum,todas,brier_todas,FIXO_RETROSPECTO,450,-0.07850504596428898,0.059799417036414566,-1.3128062087375152
FIRST_5a45,comum,todas,brier_todas,BASE_V6_MOM,450,0.012516302362031282,0.057966457720949556,0.21592318823904583
FIRST_5a45,comum,todas,brier_todas,FIXO_TUDO_INI,450,-0.04352979557442354,0.045992809372043676,-0.9464478506260317
FIRST_5a45,comum,todas,brier_todas,FIXO_TUDO_INI_CALR,450,-0.10264384555017718,0.059405961640324564,-1.7278374546251414
FIRST_5a45,comum,todas,brier_todas,FIXO_TUDO_MOM,450,-0.04530997181268064,0.048161413901390185,-0.9407940536266682
FIRST_5a45,comum,todas,brier_todas,FIXO_V6E_INI,450,0.010679015878467424,0.05377571665247788,0.19858435262666752
FIRST_5a45,comum,todas,brier_todas,FIXO_V6E_MOM,450,-0.0064548600944792115,0.0533856588238072,-0.12091000161265562
FIRST_5a45,comum,todas,brier_todas,FIXO_V6WR_INI,450,0.045309663135636606,0.052798033407227475,0.8581695228336707
FIRST_5a45,comum,todas,brier_todas,FIXO_V6WR_MOM,450,0.012455764028506417,0.05688601379346033,0.2189600430385288
FIRST_5a45,comum,todas,brier_todas,FIXO_V6_INI,450,0.045309663135636606,0.052798033407227475,0.8581695228336707
FIRST_5a45,comum,todas,brier_todas,FIXO_V6_MOM,450,0.012516302362031282,0.057966457720949556,0.21592318823904583
FIRST_5a45,comum,todas,brier_todas,FAVORITO,450,0.006219485028363946,0.05406696118558859,0.11503300522134272
FIRST_5a45,comum,todas,brier_todas,ZEBRA,450,-0.037475604243831145,0.05860189410518245,-0.639494760639776
FIRST_5a45,comum,todas,brier_todas,VIG_MERCADO,450,-0.006548292986380473,0.03742856883144168,-0.17495440490579517
FIRST_5a45,comum,todas,ll_todas,llskill_todas,450,0.008009494140489438,0.03190828558649619,0.25101612303103843
FIRST_5a45,comum,todas,ll_todas,llskill_entradas,450,-0.02853510390791052,0.04896916057905632,-0.5827158066522939
FIRST_5a45,comum,todas,ll_todas,ppg,450,-0.054515390275514455,0.04670623912021357,-1.167197173277033
FIRST_5a45,comum,todas,ll_todas,lucro,450,-0.054515390275514455,0.04670623912021357,-1.167197173277033
FIRST_5a45,comum,todas,ll_todas,roi,450,-0.07285964177237052,0.0464375876736405,-1.5689799023244277
FIRST_5a45,comum,todas,ll_todas,sharpe,450,-0.059694677638962475,0.04358145141223415,-1.369726700341261
FIRST_5a45,comum,todas,ll_todas,sortino,450,-0.06719823162581547,0.04462657196403199,-1.5057896824335
FIRST_5a45,comum,todas,ll_todas,maxdd,450,-0.06293615788867998,0.054838318273972994,-1.147667541047668
FIRST_5a45,comum,todas,ll_todas,seq_ruim,450,-0.0065003536368987425,0.05316979776320249,-0.12225650482720996
FIRST_5a45,comum,todas,ll_todas,ppg_nao_piorando_ou_nada,450,-0.054515390275514455,0.04670623912021357,-1.167197173277033
FIRST_5a45,comum,todas,ll_todas,ACASO,450,-0.00241323806819303,0.02927414672952198,-0.08243581240779127
FIRST_5a45,comum,todas,ll_todas,FIXO_RETROSPECTO,450,-0.06270026753087424,0.056995732796446825,-1.1000870495831758
FIRST_5a45,comum,todas,ll_todas,BASE_V6_MOM,450,0.028321080795446,0.057243456032612716,0.4947479198200564
FIRST_5a45,comum,todas,ll_todas,FIXO_TUDO_INI,450,-0.02772501714100881,0.04339933049278156,-0.6388351346945365
FIRST_5a45,comum,todas,ll_todas,FIXO_TUDO_INI_CALR,450,-0.08683906711676248,0.058931848629503805,-1.4735507053699843
FIRST_5a45,comum,todas,ll_todas,FIXO_TUDO_MOM,450,-0.029505193379265923,0.04526796749609165,-0.6517896652155488
FIRST_5a45,comum,todas,ll_todas,FIXO_V6E_INI,450,0.026483794311882157,0.052982260107416294,0.49986154343338474
FIRST_5a45,comum,todas,ll_todas,FIXO_V6E_MOM,450,0.009349918338935524,0.05187739591061338,0.18023106547301967
FIRST_5a45,comum,todas,ll_todas,FIXO_V6WR_INI,450,0.06111444156905133,0.052083255620175364,1.1733990289458323
FIRST_5a45,comum,todas,ll_todas,FIXO_V6WR_MOM,450,0.02826054246192114,0.05627951150978188,0.5021461932378216
FIRST_5a45,comum,todas,ll_todas,FIXO_V6_INI,450,0.06111444156905133,0.052083255620175364,1.1733990289458323
FIRST_5a45,comum,todas,ll_todas,FIXO_V6_MOM,450,0.028321080795446,0.057243456032612716,0.4947479198200564
FIRST_5a45,comum,todas,ll_todas,FAVORITO,450,0.022024263461778677,0.051656840113334754,0.42635715644738614
FIRST_5a45,comum,todas,ll_todas,ZEBRA,450,-0.021670825810416423,0.05646074806709118,-0.3838210890274676
FIRST_5a45,comum,todas,ll_todas,VIG_MERCADO,450,0.00925648544703425,0.034014677880712246,0.27213209190151016
FIRST_5a45,comum,todas,bsskill_entradas,bsskill_todas,450,0.02323494046757845,0.02926611008291296,0.7939196702859458
FIRST_5a45,comum,todas,bsskill_entradas,llskill_todas,450,0.0374766252397214,0.03420926541031203,1.0955109614374958
FIRST_5a45,comum,todas,bsskill_entradas,ll_todas,450,0.029467131099231974,0.04762445074200225,0.6187395474409854
FIRST_5a45,comum,todas,bsskill_entradas,llskill_entradas,450,0.0009320271913214502,0.015112646944599394,0.06167200191588651
FIRST_5a45,comum,todas,bsskill_entradas,ll_entradas,450,0.03154016420023774,0.052051476013364,0.6059417833250288
FIRST_5a45,comum,todas,bsskill_entradas,ppg,450,-0.025048259176282468,0.03412283082436273,-0.7340615819716435
FIRST_5a45,comum,todas,bsskill_entradas,lucro,450,-0.025048259176282468,0.03412283082436273,-0.7340615819716435
FIRST_5a45,comum,todas,bsskill_entradas,roi,450,-0.04339251067313855,0.03591628398803998,-1.2081570211324792
FIRST_5a45,comum,todas,bsskill_entradas,sharpe,450,-0.030227546539730494,0.032606878598639,-0.9270297507407588
FIRST_5a45,comum,todas,bsskill_entradas,sortino,450,-0.037731100526583475,0.035652822119747456,-1.0582921149931888
FIRST_5a45,comum,todas,bsskill_entradas,calmar,450,-0.04982753042542882,0.046612716056875135,-1.0689686128701679
FIRST_5a45,comum,todas,bsskill_entradas,maxdd,450,-0.033469026789448006,0.045272190694241085,-0.739284454235732
FIRST_5a45,comum,todas,bsskill_entradas,seq_ruim,450,0.022966777462333225,0.061141722079046605,0.3756318383155908
FIRST_5a45,comum,todas,bsskill_entradas,bsskill_t_ppg>=1_relaxar,450,-0.015912418577160612,0.021796314038335998,-0.7300508952648316
FIRST_5a45,comum,todas,bsskill_entradas,ppg_nao_piorando_ou_nada,450,-0.025048259176282468,0.03412283082436273,-0.7340615819716435
FIRST_5a45,comum,todas,bsskill_entradas,funcao_menor_vol,450,0.0518631095020856,0.0494808618231546,1.0481448299636573
FIRST_5a45,comum,todas,bsskill_entradas,ACASO,450,0.027053893031038938,0.03347481594344266,0.808186461032312
FIRST_5a45,comum,todas,bsskill_entradas,FIXO_RETROSPECTO,450,-0.03323313643164223,0.03173021344319579,-1.047365675340855
FIRST_5a45,comum,todas,bsskill_entradas,BASE_V6_MOM,450,0.057788211894677984,0.052539624821070906,1.09989768848715
FIRST_5a45,comum,todas,bsskill_entradas,FIXO_TUDO_INI,450,0.0017421139582231662,0.05958697515250827,0.029236489245583617
FIRST_5a45,comum,todas,bsskill_entradas,FIXO_TUDO_INI_CALR,450,-0.0573719360175305,0.06840359841649594,-0.8387268703059182
FIRST_5a45,comum,todas,bsskill_entradas,FIXO_TUDO_MOM,450,-3.806228003395399e-05,0.05600724111631628,-0.0006795956964726391
FIRST_5a45,comum,todas,bsskill_entradas,FIXO_V6E_INI,450,0.055950925411114134,0.053316049439196274,1.0494199401424664
FIRST_5a45,comum,todas,bsskill_entradas,FIXO_V6E_MOM,450,0.0388170494381675,0.04683039220447064,0.8288858497850004
FIRST_5a45,comum,todas,bsskill_entradas,FIXO_V6WR_INI,450,0.09058157266828332,0.05468337808216486,1.6564736094426973
FIRST_5a45,comum,todas,bsskill_entradas,FIXO_V6WR_MOM,450,0.05772767356115312,0.05297988257365938,1.089614977551012
FIRST_5a45,comum,todas,bsskill_entradas,FIXO_V6_INI,450,0.09058157266828332,0.05468337808216486,1.6564736094426973
FIRST_5a45,comum,todas,bsskill_entradas,FIXO_V6_MOM,450,0.057788211894677984,0.052539624821070906,1.09989768848715
FIRST_5a45,comum,todas,bsskill_entradas,FAVORITO,450,0.051491394561010664,0.05990016983045756,0.8596201764828508
FIRST_5a45,comum,todas,bsskill_entradas,ZEBRA,450,0.0077963052888155564,0.06063915874411235,0.12856882335249292
FIRST_5a45,comum,todas,bsskill_entradas,VIG_MERCADO,450,0.03872361654626622,0.040615841300035184,0.9534116568018173
FIRST_5a45,comum,todas,llskill_entradas,llskill_todas,450,0.03654459804839995,0.03642778921117215,1.003206585954219
FIRST_5a45,comum,todas,llskill_entradas,ppg,450,-0.025980286367603918,0.036413014375441324,-0.7134890316887982
FIRST_5a45,comum,todas,llskill_entradas,lucro,450,-0.025980286367603918,0.036413014375441324,-0.7134890316887982
FIRST_5a45,comum,todas,llskill_entradas,roi,450,-0.044324537864459994,0.036222013163343086,-1.2236906232842053
FIRST_5a45,comum,todas,llskill_entradas,sharpe,450,-0.031159573731051948,0.02925525571256064,-1.0650931934146006
FIRST_5a45,comum,todas,llskill_entradas,sortino,450,-0.03866312771790493,0.03472241568270143,-1.1134918742755202
FIRST_5a45,comum,todas,llskill_entradas,maxdd,450,-0.03440105398076945,0.0480636761839351,-0.7157391342501539
FIRST_5a45,comum,todas,llskill_entradas,seq_ruim,450,0.022034750271011788,0.0608605288508124,0.3620532172013431
FIRST_5a45,comum,todas,llskill_entradas,ppg_nao_piorando_ou_nada,450,-0.025980286367603918,0.036413014375441324,-0.7134890316887982
FIRST_5a45,comum,todas,llskill_entradas,ACASO,450,0.026121865839717498,0.03624689398340902,0.7206649444687325
FIRST_5a45,comum,todas,llskill_entradas,FIXO_RETROSPECTO,450,-0.03416516362296368,0.034668110243234955,-0.9854925285300367
FIRST_5a45,comum,todas,llskill_entradas,BASE_V6_MOM,450,0.05685618470335653,0.05461519184361831,1.041032408457979
FIRST_5a45,comum,todas,llskill_entradas,FIXO_TUDO_INI,450,0.0008100867669017199,0.06345349469125738,0.012766621773053164
FIRST_5a45,comum,todas,llskill_entradas,FIXO_TUDO_INI_CALR,450,-0.05830396320885196,0.069325670060041,-0.8410155020262557
FIRST_5a45,comum,todas,llskill_entradas,FIXO_TUDO_MOM,450,-0.0009700894713554082,0.06001179849048436,-0.01616497915004544
FIRST_5a45,comum,todas,llskill_entradas,FIXO_V6E_INI,450,0.05501889821979268,0.05783479378063984,0.9513113927313807
FIRST_5a45,comum,todas,llskill_entradas,FIXO_V6E_MOM,450,0.037885022246846034,0.05094313340816837,0.7436727918422749
FIRST_5a45,comum,todas,llskill_entradas,FIXO_V6WR_INI,450,0.08964954547696187,0.059555410095914994,1.5053132088685102
FIRST_5a45,comum,todas,llskill_entradas,FIXO_V6WR_MOM,450,0.056795646369831664,0.05503881027564028,1.0319199504021428
FIRST_5a45,comum,todas,llskill_entradas,FIXO_V6_INI,450,0.08964954547696187,0.059555410095914994,1.5053132088685102
FIRST_5a45,comum,todas,llskill_entradas,FIXO_V6_MOM,450,0.05685618470335653,0.05461519184361831,1.041032408457979
FIRST_5a45,comum,todas,llskill_entradas,FAVORITO,450,0.050559367369689204,0.058227542012954325,0.8683067431979333
FIRST_5a45,comum,todas,llskill_entradas,ZEBRA,450,0.006864278097494097,0.06388201341616151,0.10745243818125343
FIRST_5a45,comum,todas,llskill_entradas,VIG_MERCADO,450,0.037791589354944775,0.041294552904730095,0.9151712924979005
FIRST_5a45,comum,todas,brier_entradas,bsskill_todas,450,-0.008957277081757597,0.048574168824468016,-0.1844041246310651
FIRST_5a45,comum,todas,brier_entradas,llskill_todas,450,0.005284407690385359,0.04601898056927808,0.11483104634249959
FIRST_5a45,comum,todas,brier_entradas,brier_todas,450,0.013079691983310653,0.02975241986367543,0.4396177535555546
FIRST_5a45,comum,todas,brier_entradas,ll_todas,450,-0.0027250864501040736,0.030403548376211426,-0.089630539711485
FIRST_5a45,comum,todas,brier_entradas,bsskill_entradas,450,-0.03219221754933605,0.05342340622303176,-0.6025863909714059
FIRST_5a45,comum,todas,brier_entradas,llskill_entradas,450,-0.0312601903580146,0.05384201420867057,-0.5805910276101919
FIRST_5a45,comum,todas,brier_entradas,ll_entradas,450,-0.0006520533490983096,0.008452013439604012,-0.07714769430476191
FIRST_5a45,comum,todas,brier_entradas,ppg,450,-0.057240476725618494,0.05608323473745169,-1.0206343659310009
FIRST_5a45,comum,todas,brier_entradas,lucro,450,-0.057240476725618494,0.05608323473745169,-1.0206343659310009
FIRST_5a45,comum,todas,brier_entradas,roi,450,-0.07558472822247457,0.051527681588736135,-1.4668761700894624
FIRST_5a45,comum,todas,brier_entradas,sharpe,450,-0.06241976408906655,0.04951695372671535,-1.2605735892713021
FIRST_5a45,comum,todas,brier_entradas,sortino,450,-0.06992331807591952,0.049217799204331454,-1.420691684844085
FIRST_5a45,comum,todas,brier_entradas,calmar,450,-0.08201974797476486,0.051294653280605576,-1.5989921508208418
FIRST_5a45,comum,todas,brier_entradas,maxdd,450,-0.06566124433878404,0.05312697418590914,-1.2359304354321643
FIRST_5a45,comum,todas,brier_entradas,seq_ruim,450,-0.009225440087002811,0.05116163992043152,-0.18031947571169646
FIRST_5a45,comum,todas,brier_entradas,bsskill_t_ppg>=1_relaxar,450,-0.04810463612649665,0.04853778918013906,-0.9910759624416587
FIRST_5a45,comum,todas,brier_entradas,ppg_nao_piorando_ou_nada,450,-0.057240476725618494,0.05608323473745169,-1.0206343659310009
FIRST_5a45,comum,todas,brier_entradas,funcao_menor_vol,450,0.019670891952749545,0.036809533841856666,0.534396660312538
FIRST_5a45,comum,todas,brier_entradas,ACASO,450,-0.005138324518297105,0.03517051089713426,-0.1460975228174972
FIRST_5a45,comum,todas,brier_entradas,FIXO_RETROSPECTO,450,-0.0654253539809783,0.060838057484212116,-1.0754017581504245
FIRST_5a45,comum,todas,brier_entradas,BASE_V6_MOM,450,0.025595994345341926,0.054689625783855084,0.46802284671873023
FIRST_5a45,comum,todas,brier_entradas,FIXO_TUDO_INI,450,-0.030450103591112877,0.05273694543831248,-0.577396042528307
FIRST_5a45,comum,todas,brier_entradas,FIXO_TUDO_INI_CALR,450,-0.08956415356686655,0.050563992497979104,-1.771303038826417
FIRST_5a45,comum,todas,brier_entradas,FIXO_TUDO_MOM,450,-0.03223027982936999,0.05384891021113729,-0.5985317010687426
FIRST_5a45,comum,todas,brier_entradas,FIXO_V6E_INI,450,0.023758707861778076,0.04829377345140225,0.49196213432537694
FIRST_5a45,comum,todas,brier_entradas,FIXO_V6E_MOM,450,0.006624831888831438,0.05181708705258185,0.12785033404345617
FIRST_5a45,comum,todas,brier_entradas,FIXO_V6WR_INI,450,0.05838935511894727,0.04898085664749219,1.1920852168667981
FIRST_5a45,comum,todas,brier_entradas,FIXO_V6WR_MOM,450,0.02553545601181706,0.053836529390305754,0.474314676317437
FIRST_5a45,comum,todas,brier_entradas,FIXO_V6_INI,450,0.05838935511894727,0.04898085664749219,1.1920852168667981
FIRST_5a45,comum,todas,brier_entradas,FIXO_V6_MOM,450,0.025595994345341926,0.054689625783855084,0.46802284671873023
FIRST_5a45,comum,todas,brier_entradas,FAVORITO,450,0.0192991770116746,0.06555095724636684,0.2944148769504698
FIRST_5a45,comum,todas,brier_entradas,ZEBRA,450,-0.0243959122605205,0.056771350546419554,-0.429722245916503
FIRST_5a45,comum,todas,brier_entradas,VIG_MERCADO,450,0.006531398996930167,0.049050911878878035,0.13315550612103244
FIRST_5a45,comum,todas,ll_entradas,llskill_todas,450,0.0059364610394836695,0.04554935025455223,0.13033031220660224
FIRST_5a45,comum,todas,ll_entradas,ll_todas,450,-0.002073033101005765,0.030995962508173817,-0.06688074617650909
FIRST_5a45,comum,todas,ll_entradas,llskill_entradas,450,-0.03060813700891629,0.0526512471295076,-0.5813373600368608
FIRST_5a45,comum,todas,ll_entradas,ppg,450,-0.05658842337652021,0.0557622661622129,-1.0148157037216532
FIRST_5a45,comum,todas,ll_entradas,lucro,450,-0.05658842337652021,0.0557622661622129,-1.0148157037216532
FIRST_5a45,comum,todas,ll_entradas,roi,450,-0.07493267487337628,0.05174694360262175,-1.4480599172929671
FIRST_5a45,comum,todas,ll_entradas,sharpe,450,-0.06176771073996823,0.049741143410381945,-1.2417830895112898
FIRST_5a45,comum,todas,ll_entradas,sortino,450,-0.06927126472682121,0.04944560218550407,-1.400959067440166
FIRST_5a45,comum,todas,ll_entradas,maxdd,450,-0.06500919098968574,0.05334105839840146,-1.2187458018574666
FIRST_5a45,comum,todas,ll_entradas,seq_ruim,450,-0.008573386737904497,0.05074463646194075,-0.16895158455484585
FIRST_5a45,comum,todas,ll_entradas,ppg_nao_piorando_ou_nada,450,-0.05658842337652021,0.0557622661622129,-1.0148157037216532
FIRST_5a45,comum,todas,ll_entradas,ACASO,450,-0.004486271169198791,0.03451036194560435,-0.1299978011320225
FIRST_5a45,comum,todas,ll_entradas,FIXO_RETROSPECTO,450,-0.06477330063187997,0.05964487860150742,-1.0859826048877723
FIRST_5a45,comum,todas,ll_entradas,BASE_V6_MOM,450,0.02624804769444023,0.052969394675429785,0.49553233249644
FIRST_5a45,comum,todas,ll_entradas,FIXO_TUDO_INI,450,-0.02979805024201457,0.0541759351909265,-0.5500237353910084
FIRST_5a45,comum,todas,ll_entradas,FIXO_TUDO_INI_CALR,450,-0.08891210021776821,0.05205388771268259,-1.708077996182125
FIRST_5a45,comum,todas,ll_entradas,FIXO_TUDO_MOM,450,-0.031578226480271684,0.0545370591397098,-0.5790232729523691
FIRST_5a45,comum,todas,ll_entradas,FIXO_V6E_INI,450,0.024410761210876382,0.04666349014681398,0.5231233483409526
FIRST_5a45,comum,todas,ll_entradas,FIXO_V6E_MOM,450,0.007276885237929744,0.04994589067927828,0.1456953743133227
FIRST_5a45,comum,todas,ll_entradas,FIXO_V6WR_INI,450,0.05904140846804558,0.04742437601744614,1.24495909964795
FIRST_5a45,comum,todas,ll_entradas,FIXO_V6WR_MOM,450,0.026187509360915368,0.05208814933616847,0.5027536914760674
FIRST_5a45,comum,todas,ll_entradas,FIXO_V6_INI,450,0.05904140846804558,0.04742437601744614,1.24495909964795
FIRST_5a45,comum,todas,ll_entradas,FIXO_V6_MOM,450,0.02624804769444023,0.052969394675429785,0.49553233249644
FIRST_5a45,comum,todas,ll_entradas,FAVORITO,450,0.019951230360772905,0.06588306557292749,0.30282789951066297
FIRST_5a45,comum,todas,ll_entradas,ZEBRA,450,-0.02374385891142219,0.05647848701321941,-0.4204053643622691
FIRST_5a45,comum,todas,ll_entradas,VIG_MERCADO,450,0.007183452346028481,0.04893533443175705,0.14679479417978006
FIRST_5a45,comum,todas,ppg,roi,450,-0.018344251496856083,0.016514037776614646,-1.1108277542414964
FIRST_5a45,comum,todas,ppg,sharpe,450,-0.005179287363448027,0.024470860604471272,-0.2116512143631629
FIRST_5a45,comum,todas,ppg,sortino,450,-0.012682841350301012,0.021529970361443836,-0.589078439839082
FIRST_5a45,comum,todas,ppg,seq_ruim,450,0.048015036638615706,0.06693336392852521,0.7173557971759579
FIRST_5a45,comum,todas,ppg,ppg_nao_piorando_ou_nada,450,0.0,0.0,
FIRST_5a45,comum,todas,ppg,ACASO,450,0.052102152207321416,0.03992041992031195,1.305150404512936
FIRST_5a45,comum,todas,ppg,FIXO_RETROSPECTO,450,-0.008184877255359761,0.043637715387218064,-0.18756429347254958
FIRST_5a45,comum,todas,ppg,BASE_V6_MOM,450,0.08283647107096044,0.05714684883628612,1.449536986864661
FIRST_5a45,comum,todas,ppg,FIXO_TUDO_INI,450,0.026790373134505635,0.05820588072585134,0.4602691824334351
FIRST_5a45,comum,todas,ppg,FIXO_TUDO_INI_CALR,450,-0.03232367684124803,0.06218647800924178,-0.5197862602291817
FIRST_5a45,comum,todas,ppg,FIXO_TUDO_MOM,450,0.02501019689624851,0.05514727573653577,0.4535164532103793
FIRST_5a45,comum,todas,ppg,FIXO_V6E_INI,450,0.08099918458739659,0.058600459527565874,1.382227805727262
FIRST_5a45,comum,todas,ppg,FIXO_V6E_MOM,450,0.06386530861444994,0.05674367854465782,1.1255052589547456
FIRST_5a45,comum,todas,ppg,FIXO_V6WR_INI,450,0.1156298318445658,0.058845028384136425,1.9649889722160037
FIRST_5a45,comum,todas,ppg,FIXO_V6WR_MOM,450,0.08277593273743558,0.05712717341921328,1.4489765164820143
FIRST_5a45,comum,todas,ppg,FIXO_V6_INI,450,0.1156298318445658,0.058845028384136425,1.9649889722160037
FIRST_5a45,comum,todas,ppg,FIXO_V6_MOM,450,0.08283647107096044,0.05714684883628612,1.449536986864661
FIRST_5a45,comum,todas,ppg,FAVORITO,450,0.07653965373729313,0.06637490092618174,1.1531415138745897
FIRST_5a45,comum,todas,ppg,ZEBRA,450,0.03284456446509803,0.05510538509972447,0.5960318470809898
FIRST_5a45,comum,todas,ppg,VIG_MERCADO,450,0.06377187572254868,0.04670533785528005,1.3654087230917924
FIRST_5a45,comum,todas,lucro,ppg,450,0.0,0.0,
FIRST_5a45,comum,todas,lucro,roi,450,-0.018344251496856083,0.016514037776614646,-1.1108277542414964
FIRST_5a45,comum,todas,lucro,sharpe,450,-0.005179287363448027,0.024470860604471272,-0.2116512143631629
FIRST_5a45,comum,todas,lucro,sortino,450,-0.012682841350301012,0.021529970361443836,-0.589078439839082
FIRST_5a45,comum,todas,lucro,maxdd,450,-0.008420767613165544,0.05057500578289699,-0.16650057637785193
FIRST_5a45,comum,todas,lucro,seq_ruim,450,0.048015036638615706,0.06693336392852521,0.7173557971759579
FIRST_5a45,comum,todas,lucro,ppg_nao_piorando_ou_nada,450,0.0,0.0,
FIRST_5a45,comum,todas,lucro,ACASO,450,0.052102152207321416,0.03992041992031195,1.305150404512936
FIRST_5a45,comum,todas,lucro,FIXO_RETROSPECTO,450,-0.008184877255359761,0.043637715387218064,-0.18756429347254958
FIRST_5a45,comum,todas,lucro,BASE_V6_MOM,450,0.08283647107096044,0.05714684883628612,1.449536986864661
FIRST_5a45,comum,todas,lucro,FIXO_TUDO_INI,450,0.026790373134505635,0.05820588072585134,0.4602691824334351
FIRST_5a45,comum,todas,lucro,FIXO_TUDO_INI_CALR,450,-0.03232367684124803,0.06218647800924178,-0.5197862602291817
FIRST_5a45,comum,todas,lucro,FIXO_TUDO_MOM,450,0.02501019689624851,0.05514727573653577,0.4535164532103793
FIRST_5a45,comum,todas,lucro,FIXO_V6E_INI,450,0.08099918458739659,0.058600459527565874,1.382227805727262
FIRST_5a45,comum,todas,lucro,FIXO_V6E_MOM,450,0.06386530861444994,0.05674367854465782,1.1255052589547456
FIRST_5a45,comum,todas,lucro,FIXO_V6WR_INI,450,0.1156298318445658,0.058845028384136425,1.9649889722160037
FIRST_5a45,comum,todas,lucro,FIXO_V6WR_MOM,450,0.08277593273743558,0.05712717341921328,1.4489765164820143
FIRST_5a45,comum,todas,lucro,FIXO_V6_INI,450,0.1156298318445658,0.058845028384136425,1.9649889722160037
FIRST_5a45,comum,todas,lucro,FIXO_V6_MOM,450,0.08283647107096044,0.05714684883628612,1.449536986864661
FIRST_5a45,comum,todas,lucro,FAVORITO,450,0.07653965373729313,0.06637490092618174,1.1531415138745897
FIRST_5a45,comum,todas,lucro,ZEBRA,450,0.03284456446509803,0.05510538509972447,0.5960318470809898
FIRST_5a45,comum,todas,lucro,VIG_MERCADO,450,0.06377187572254868,0.04670533785528005,1.3654087230917924
FIRST_5a45,comum,todas,roi,sharpe,450,0.013164964133408055,0.01808606571149939,0.7279064636504984
FIRST_5a45,comum,todas,roi,sortino,450,0.0056614101465550706,0.014074835279480107,0.40223633414800364
FIRST_5a45,comum,todas,roi,seq_ruim,450,0.06635928813547179,0.06635654890993105,1.000041280409933
FIRST_5a45,comum,todas,roi,ACASO,450,0.0704464037041775,0.04133187161223686,1.7044087518001698
FIRST_5a45,comum,todas,roi,FIXO_RETROSPECTO,450,0.010159374241496318,0.04560377204268613,0.22277486678046984
FIRST_5a45,comum,todas,roi,BASE_V6_MOM,450,0.10118072256781653,0.05870505899991293,1.7235434950839008
FIRST_5a45,comum,todas,roi,FIXO_TUDO_INI,450,0.04513462463136172,0.06097446239319234,0.7402217725235885
FIRST_5a45,comum,todas,roi,FIXO_TUDO_INI_CALR,450,-0.01397942534439196,0.059419491889758376,-0.23526665913481956
FIRST_5a45,comum,todas,roi,FIXO_TUDO_MOM,450,0.043354448393104594,0.05831718623808173,0.7434249007849711
FIRST_5a45,comum,todas,roi,FIXO_V6E_INI,450,0.0993434360842527,0.0599271010891499,1.657738056383964
FIRST_5a45,comum,todas,roi,FIXO_V6E_MOM,450,0.08220956011130603,0.058860095684108694,1.3966942995218632
FIRST_5a45,comum,todas,roi,FIXO_V6WR_INI,450,0.13397408334142188,0.06179137305590232,2.168168090717393
FIRST_5a45,comum,todas,roi,FIXO_V6WR_MOM,450,0.10112018423429166,0.058686337581052135,1.7230617619413346
FIRST_5a45,comum,todas,roi,FIXO_V6_INI,450,0.13397408334142188,0.06179137305590232,2.168168090717393
FIRST_5a45,comum,todas,roi,FIXO_V6_MOM,450,0.10118072256781653,0.05870505899991293,1.7235434950839008
FIRST_5a45,comum,todas,roi,FAVORITO,450,0.09488390523414918,0.06738084868024656,1.4081731989517883
FIRST_5a45,comum,todas,roi,ZEBRA,450,0.05118881596195412,0.05625146830824109,0.9099996409241238
FIRST_5a45,comum,todas,roi,VIG_MERCADO,450,0.08211612721940478,0.049497367789384294,1.6589998799292967
FIRST_5a45,comum,todas,sharpe,sortino,450,-0.007503553986852985,0.011443010614870132,-0.655732502520111
FIRST_5a45,comum,todas,sharpe,ACASO,450,0.05728143957076944,0.03799253365684603,1.5077025419821577
FIRST_5a45,comum,todas,sharpe,FIXO_RETROSPECTO,450,-0.003005589891911736,0.04105651031300053,-0.07320617044649351
FIRST_5a45,comum,todas,sharpe,BASE_V6_MOM,450,0.08801575843440845,0.05491188282921524,1.6028544988732507
FIRST_5a45,comum,todas,sharpe,FIXO_TUDO_INI,450,0.03196966049795365,0.06000315876946407,0.5327996251127896
FIRST_5a45,comum,todas,sharpe,FIXO_TUDO_INI_CALR,450,-0.02714438947780003,0.06350524975030263,-0.42743536297439216
FIRST_5a45,comum,todas,sharpe,FIXO_TUDO_MOM,450,0.03018948425969654,0.057301466270624164,0.5268536081976894
FIRST_5a45,comum,todas,sharpe,FIXO_V6E_INI,450,0.0861784719508446,0.05927099256007378,1.4539738281504042
FIRST_5a45,comum,todas,sharpe,FIXO_V6E_MOM,450,0.06904459597789797,0.05606523337860438,1.2315046565782561
FIRST_5a45,comum,todas,sharpe,FIXO_V6WR_INI,450,0.12080911920801383,0.06157955582846666,1.9618381065387105
FIRST_5a45,comum,todas,sharpe,FIXO_V6WR_MOM,450,0.0879552201008836,0.054891536586325014,1.6023457452782557
FIRST_5a45,comum,todas,sharpe,FIXO_V6_INI,450,0.12080911920801383,0.06157955582846666,1.9618381065387105
FIRST_5a45,comum,todas,sharpe,FIXO_V6_MOM,450,0.08801575843440845,0.05491188282921524,1.6028544988732507
FIRST_5a45,comum,todas,sharpe,FAVORITO,450,0.08171894110074115,0.0617846921076061,1.3226405815605096
FIRST_5a45,comum,todas,sharpe,ZEBRA,450,0.03802385182854605,0.05975152071675135,0.6363662610161159
FIRST_5a45,comum,todas,sharpe,VIG_MERCADO,450,0.06895116308599672,0.04520072444675898,1.5254437606904487
FIRST_5a45,comum,todas,sortino,ACASO,450,0.06478499355762243,0.040318810905415337,1.6068180609195737
FIRST_5a45,comum,todas,sortino,FIXO_RETROSPECTO,450,0.004497964094941247,0.04491592122248919,0.100141864455162
FIRST_5a45,comum,todas,sortino,BASE_V6_MOM,450,0.09551931242126145,0.05646183446906936,1.6917500701042287
FIRST_5a45,comum,todas,sortino,FIXO_TUDO_INI,450,0.03947321448480663,0.06313111698893523,0.6252576600494011
FIRST_5a45,comum,todas,sortino,FIXO_TUDO_INI_CALR,450,-0.01964083549094704,0.05997037128850294,-0.3275089860034338
FIRST_5a45,comum,todas,sortino,FIXO_TUDO_MOM,450,0.037693038246549515,0.06057431695162107,0.6222610529253485
FIRST_5a45,comum,todas,sortino,FIXO_V6E_INI,450,0.0936820259376976,0.057894562501993665,1.6181489571576182
FIRST_5a45,comum,todas,sortino,FIXO_V6E_MOM,450,0.07654814996475096,0.057675957444968895,1.3272107366017951
FIRST_5a45,comum,todas,sortino,FIXO_V6WR_INI,450,0.1283126731948668,0.06012345632377251,2.1341533078851396
FIRST_5a45,comum,todas,sortino,FIXO_V6WR_MOM,450,0.09545877408773658,0.05644223050848561,1.6912650904783992
FIRST_5a45,comum,todas,sortino,FIXO_V6_INI,450,0.1283126731948668,0.06012345632377251,2.1341533078851396
FIRST_5a45,comum,todas,sortino,FIXO_V6_MOM,450,0.09551931242126145,0.05646183446906936,1.6917500701042287
FIRST_5a45,comum,todas,sortino,FAVORITO,450,0.08922249508759411,0.06592767996124703,1.3533389183426447
FIRST_5a45,comum,todas,sortino,ZEBRA,450,0.04552740581539904,0.05800894202831051,0.7848342725019875
FIRST_5a45,comum,todas,sortino,VIG_MERCADO,450,0.07645471707284972,0.04871868030731794,1.5693101001622491
FIRST_5a45,comum,todas,calmar,llskill_todas,450,0.08730415566515023,0.04532661333539331,1.926112480964439
FIRST_5a45,comum,todas,calmar,ll_todas,450,0.07929466152466079,0.052386294601458785,1.5136528003729566
FIRST_5a45,comum,todas,calmar,llskill_entradas,450,0.05075955761675027,0.04549823657162822,1.1156379113032022
FIRST_5a45,comum,todas,calmar,ll_entradas,450,0.08136769462566655,0.050950756277687644,1.596986984495441
FIRST_5a45,comum,todas,calmar,ppg,450,0.02477927124914635,0.038348624974187014,0.6461580112931199
FIRST_5a45,comum,todas,calmar,lucro,450,0.02477927124914635,0.038348624974187014,0.6461580112931199
FIRST_5a45,comum,todas,calmar,roi,450,0.006435019752290272,0.03515593668259208,0.18304219314050182
FIRST_5a45,comum,todas,calmar,sharpe,450,0.01959998388569832,0.04277055703078321,0.45825879404824316
FIRST_5a45,comum,todas,calmar,sortino,450,0.012096429898845346,0.038749968302678975,0.31216618822392844
FIRST_5a45,comum,todas,calmar,maxdd,450,0.016358503635980806,0.03319147826507637,0.4928525179064714
FIRST_5a45,comum,todas,calmar,seq_ruim,450,0.07279430788776207,0.05174551347431177,1.406775254513604
FIRST_5a45,comum,todas,calmar,ppg_nao_piorando_ou_nada,450,0.02477927124914635,0.038348624974187014,0.6461580112931199
FIRST_5a45,comum,todas,calmar,funcao_menor_vol,450,0.10169063992751444,0.054513033466180964,1.8654371892659711
FIRST_5a45,comum,todas,calmar,ACASO,450,0.07688142345646777,0.046935917309266044,1.6380083284595763
FIRST_5a45,comum,todas,calmar,FIXO_RETROSPECTO,450,0.016594393993786594,0.05546208999516603,0.29920246415583923
FIRST_5a45,comum,todas,calmar,BASE_V6_MOM,450,0.10761574232010676,0.06493705105045683,1.6572317433461539
FIRST_5a45,comum,todas,calmar,FIXO_TUDO_INI,450,0.05156964438365196,0.07190824598675995,0.7171589805312062
FIRST_5a45,comum,todas,calmar,FIXO_TUDO_INI_CALR,450,-0.007544405592101697,0.053214056285333315,-0.14177467606770397
FIRST_5a45,comum,todas,calmar,FIXO_TUDO_MOM,450,0.04978946814539485,0.07061369312534288,0.7050965038327061
FIRST_5a45,comum,todas,calmar,FIXO_V6E_INI,450,0.10577845583654294,0.059601167696485,1.7747715342627635
FIRST_5a45,comum,todas,calmar,FIXO_V6E_MOM,450,0.08864457986359627,0.06495469461567936,1.364713980845942
FIRST_5a45,comum,todas,calmar,FIXO_V6WR_INI,450,0.14040910309371213,0.06150787952770082,2.2827823714923743
FIRST_5a45,comum,todas,calmar,FIXO_V6WR_MOM,450,0.10755520398658193,0.06514806752520282,1.6509346796046365
FIRST_5a45,comum,todas,calmar,FIXO_V6_INI,450,0.14040910309371213,0.06150787952770082,2.2827823714923743
FIRST_5a45,comum,todas,calmar,FIXO_V6_MOM,450,0.10761574232010676,0.06493705105045683,1.6572317433461539
FIRST_5a45,comum,todas,calmar,FAVORITO,450,0.10131892498643945,0.07353329422973974,1.3778646264627992
FIRST_5a45,comum,todas,calmar,ZEBRA,450,0.05762383571424439,0.055527014575916106,1.0377621803430748
FIRST_5a45,comum,todas,calmar,VIG_MERCADO,450,0.08855114697169504,0.05479320210716354,1.6160973180305895
FIRST_5a45,comum,todas,maxdd,ppg,450,0.008420767613165544,0.05057500578289699,0.16650057637785193
FIRST_5a45,comum,todas,maxdd,roi,450,-0.009923483883690538,0.04723359123081088,-0.21009378336698148
FIRST_5a45,comum,todas,maxdd,sharpe,450,0.003241480249717515,0.05233533785452939,0.0619367406918723
FIRST_5a45,comum,todas,maxdd,sortino,450,-0.004262073737135468,0.04999164329678507,-0.08525572387834586
FIRST_5a45,comum,todas,maxdd,seq_ruim,450,0.05643580425178127,0.05306845325842996,1.0634529703919042
FIRST_5a45,comum,todas,maxdd,ppg_nao_piorando_ou_nada,450,0.008420767613165544,0.05057500578289699,0.16650057637785193
FIRST_5a45,comum,todas,maxdd,ACASO,450,0.06052291982048696,0.046924054589441135,1.2898058437197761
FIRST_5a45,comum,todas,maxdd,FIXO_RETROSPECTO,450,0.00023589035780578608,0.051531989704917604,0.004577551908174729
FIRST_5a45,comum,todas,maxdd,BASE_V6_MOM,450,0.09125723868412598,0.06592691674041433,1.3842182100438458
FIRST_5a45,comum,todas,maxdd,FIXO_TUDO_INI,450,0.03521114074767117,0.07011954893196672,0.5021586887536125
FIRST_5a45,comum,todas,maxdd,FIXO_TUDO_INI_CALR,450,-0.023902909228082494,0.05693511805963505,-0.4198271654244412
FIRST_5a45,comum,todas,maxdd,FIXO_TUDO_MOM,450,0.03343096450941406,0.06829277526924589,0.48952417554582733
FIRST_5a45,comum,todas,maxdd,FIXO_V6E_INI,450,0.08941995220056215,0.059454166931013186,1.5040148877087007
FIRST_5a45,comum,todas,maxdd,FIXO_V6E_MOM,450,0.07228607622761549,0.06268448456631914,1.1531733367152126
FIRST_5a45,comum,todas,maxdd,FIXO_V6WR_INI,450,0.12405059945773132,0.06033973285554977,2.0558692189556442
FIRST_5a45,comum,todas,maxdd,FIXO_V6WR_MOM,450,0.09119670035060112,0.06613448673407978,1.3789583144009876
FIRST_5a45,comum,todas,maxdd,FIXO_V6_INI,450,0.12405059945773132,0.06033973285554977,2.0558692189556442
FIRST_5a45,comum,todas,maxdd,FIXO_V6_MOM,450,0.09125723868412598,0.06592691674041433,1.3842182100438458
FIRST_5a45,comum,todas,maxdd,FAVORITO,450,0.08496042135045868,0.07201472756940255,1.1797645317560914
FIRST_5a45,comum,todas,maxdd,ZEBRA,450,0.04126533207826357,0.05912214783099462,0.6979674046386781
FIRST_5a45,comum,todas,maxdd,VIG_MERCADO,450,0.07219264333571425,0.0543467748227056,1.3283703323928029
FIRST_5a45,comum,todas,seq_ruim,sharpe,450,-0.05319432400206373,0.06689316486317755,-0.7952131448835879
FIRST_5a45,comum,todas,seq_ruim,sortino,450,-0.060697877988916724,0.06779579469954039,-0.8953044692214253
FIRST_5a45,comum,todas,seq_ruim,ACASO,450,0.004087115568705704,0.0427779575315234,0.09554255987312806
FIRST_5a45,comum,todas,seq_ruim,FIXO_RETROSPECTO,450,-0.056199913893975495,0.06808281712714877,-0.8254639902608432
FIRST_5a45,comum,todas,seq_ruim,BASE_V6_MOM,450,0.03482143443234473,0.06393131130058405,0.5446694854830331
FIRST_5a45,comum,todas,seq_ruim,FIXO_TUDO_INI,450,-0.021224663504110074,0.05997294230785315,-0.3539039888214858
FIRST_5a45,comum,todas,seq_ruim,FIXO_TUDO_INI_CALR,450,-0.08033871347986375,0.06681620400312126,-1.202383683396782
FIRST_5a45,comum,todas,seq_ruim,FIXO_TUDO_MOM,450,-0.023004839742367195,0.05976028196853302,-0.38495199461208146
FIRST_5a45,comum,todas,seq_ruim,FIXO_V6E_INI,450,0.03298414794878088,0.0517957979533961,0.6368112714173989
FIRST_5a45,comum,todas,seq_ruim,FIXO_V6E_MOM,450,0.01585027197583425,0.05873537326387975,0.26985904907122854
FIRST_5a45,comum,todas,seq_ruim,FIXO_V6WR_INI,450,0.0676147952059501,0.05289599822870698,1.278259177822929
FIRST_5a45,comum,todas,seq_ruim,FIXO_V6WR_MOM,450,0.03476089609881986,0.06288618297168574,0.5527588805075165
FIRST_5a45,comum,todas,seq_ruim,FIXO_V6_INI,450,0.0676147952059501,0.05289599822870698,1.278259177822929
FIRST_5a45,comum,todas,seq_ruim,FIXO_V6_MOM,450,0.03482143443234473,0.06393131130058405,0.5446694854830331
FIRST_5a45,comum,todas,seq_ruim,FAVORITO,450,0.0285246170986774,0.06793919026112324,0.41985512322186164
FIRST_5a45,comum,todas,seq_ruim,ZEBRA,450,-0.015170472173517684,0.0675642788678135,-0.2245339168526913
FIRST_5a45,comum,todas,seq_ruim,VIG_MERCADO,450,0.015756839083932977,0.05292631735853006,0.2977127423620655
FIRST_5a45,comum,todas,brier_com_roi>=0,bsskill_todas,450,-0.027758699128098696,0.042809221877084885,-0.6484280234712114
FIRST_5a45,comum,todas,brier_com_roi>=0,llskill_todas,450,-0.013517014355955743,0.038566731065840965,-0.3504837973661691
FIRST_5a45,comum,todas,brier_com_roi>=0,brier_todas,450,-0.0057217300630304615,0.03485464145128328,-0.16415977398670956
FIRST_5a45,comum,todas,brier_com_roi>=0,ll_todas,450,-0.021526508496445183,0.03258372741173047,-0.6606521170655087
FIRST_5a45,comum,todas,brier_com_roi>=0,bsskill_entradas,450,-0.05099363959567715,0.04424698562391756,-1.1524771433946612
FIRST_5a45,comum,todas,brier_com_roi>=0,llskill_entradas,450,-0.05006161240435573,0.043110310268442545,-1.161244539708211
FIRST_5a45,comum,todas,brier_com_roi>=0,brier_entradas,450,-0.0188014220463411,0.0392752209824766,-0.47870951648444493
FIRST_5a45,comum,todas,brier_com_roi>=0,ll_entradas,450,-0.019453475395439415,0.03945101927376093,-0.49310450664016225
FIRST_5a45,comum,todas,brier_com_roi>=0,ppg,450,-0.0760418987719596,0.05129285316675492,-1.4825047560669835
FIRST_5a45,comum,todas,brier_com_roi>=0,lucro,450,-0.0760418987719596,0.05129285316675492,-1.4825047560669835
FIRST_5a45,comum,todas,brier_com_roi>=0,roi,450,-0.09438615026881571,0.04972638927952196,-1.898109869555425
FIRST_5a45,comum,todas,brier_com_roi>=0,sharpe,450,-0.08122118613540763,0.044822971575416544,-1.8120437641834959
FIRST_5a45,comum,todas,brier_com_roi>=0,sortino,450,-0.08872474012226063,0.048575375864063866,-1.8265373873905384
FIRST_5a45,comum,todas,brier_com_roi>=0,calmar,450,-0.10082117002110598,0.05401239121130875,-1.8666303742537644
FIRST_5a45,comum,todas,brier_com_roi>=0,maxdd,450,-0.08446266638512516,0.056656208313862054,-1.4907927815645883
FIRST_5a45,comum,todas,brier_com_roi>=0,seq_ruim,450,-0.028026862133343912,0.051915446777894184,-0.5398559363892033
FIRST_5a45,comum,todas,brier_com_roi>=0,bsskill_t_ppg>=1_relaxar,450,-0.06690605817283778,0.04259065783628253,-1.5709092456383993
FIRST_5a45,comum,todas,brier_com_roi>=0,ppg_nao_piorando_ou_nada,450,-0.0760418987719596,0.05129285316675492,-1.4825047560669835
FIRST_5a45,comum,todas,brier_com_roi>=0,funcao_menor_vol,450,0.0008694699064084372,0.038065982385598225,0.022841126168791324
FIRST_5a45,comum,todas,brier_com_roi>=0,ACASO,450,-0.023939746564638206,0.03359598802468843,-0.7125775419090453
FIRST_5a45,comum,todas,brier_com_roi>=0,FIXO_RETROSPECTO,450,-0.0842267760273194,0.05670602518598697,-1.4853232218458028
FIRST_5a45,comum,todas,brier_com_roi>=0,BASE_V6_MOM,450,0.006794572299000823,0.059627606410038565,0.11395010982458165
FIRST_5a45,comum,todas,brier_com_roi>=0,FIXO_TUDO_INI,450,-0.049251525637453976,0.051268185758638014,-0.9606644921925239
FIRST_5a45,comum,todas,brier_com_roi>=0,FIXO_TUDO_INI_CALR,450,-0.10836557561320764,0.06756989096466232,-1.6037553718990112
FIRST_5a45,comum,todas,brier_com_roi>=0,FIXO_TUDO_MOM,450,-0.05103170187571111,0.054724896890618546,-0.9325134404128852
FIRST_5a45,comum,todas,brier_com_roi>=0,FIXO_V6E_INI,450,0.0049572858154369745,0.057069376320802036,0.0868642016967342
FIRST_5a45,comum,todas,brier_com_roi>=0,FIXO_V6E_MOM,450,-0.012176590157509668,0.055306718135649593,-0.22016475697661916
FIRST_5a45,comum,todas,brier_com_roi>=0,FIXO_V6WR_INI,450,0.03958793307260616,0.05677380495271041,0.6972922302033627
FIRST_5a45,comum,todas,brier_com_roi>=0,FIXO_V6WR_MOM,450,0.006734033965475957,0.05868120571386142,0.1147562304413468
FIRST_5a45,comum,todas,brier_com_roi>=0,FIXO_V6_INI,450,0.03958793307260616,0.05677380495271041,0.6972922302033627
FIRST_5a45,comum,todas,brier_com_roi>=0,FIXO_V6_MOM,450,0.006794572299000823,0.059627606410038565,0.11395010982458165
FIRST_5a45,comum,todas,brier_com_roi>=0,FAVORITO,450,0.000497754965333494,0.04745827311908355,0.010488265430234137
FIRST_5a45,comum,todas,brier_com_roi>=0,ZEBRA,450,-0.04319733430686161,0.07120464560537101,-0.6066645503197786
FIRST_5a45,comum,todas,brier_com_roi>=0,VIG_MERCADO,450,-0.012270023049410926,0.03718014038441766,-0.33001551157545767
FIRST_5a45,comum,todas,bsskill_t_ppg>=1_relaxar,bsskill_todas,450,0.039147359044739066,0.02535034919303905,1.5442532466372705
FIRST_5a45,comum,todas,bsskill_t_ppg>=1_relaxar,llskill_todas,450,0.05338904381688203,0.027840113395345183,1.9177020962065687
FIRST_5a45,comum,todas,bsskill_t_ppg>=1_relaxar,ll_todas,450,0.04537954967639258,0.0402170070753054,1.1283671505296364
FIRST_5a45,comum,todas,bsskill_t_ppg>=1_relaxar,llskill_entradas,450,0.016844445768482066,0.023781667825629318,0.7082953934092435
FIRST_5a45,comum,todas,bsskill_t_ppg>=1_relaxar,ll_entradas,450,0.04745258277739836,0.048109060296427995,0.9863543890696536
FIRST_5a45,comum,todas,bsskill_t_ppg>=1_relaxar,ppg,450,-0.009135840599121852,0.02596804560498306,-0.3518108654803332
FIRST_5a45,comum,todas,bsskill_t_ppg>=1_relaxar,lucro,450,-0.009135840599121852,0.02596804560498306,-0.3518108654803332
FIRST_5a45,comum,todas,bsskill_t_ppg>=1_relaxar,roi,450,-0.027480092095977935,0.02852913109912292,-0.9632291989720908
FIRST_5a45,comum,todas,bsskill_t_ppg>=1_relaxar,sharpe,450,-0.014315127962569884,0.026214443483513632,-0.546077889144308
FIRST_5a45,comum,todas,bsskill_t_ppg>=1_relaxar,sortino,450,-0.021818681949422863,0.02697417408919263,-0.8088730308211607
FIRST_5a45,comum,todas,bsskill_t_ppg>=1_relaxar,calmar,450,-0.03391511184826822,0.04248486025847828,-0.7982870048748746
FIRST_5a45,comum,todas,bsskill_t_ppg>=1_relaxar,maxdd,450,-0.017556608212287404,0.0486008264727912,-0.3612409394337427
FIRST_5a45,comum,todas,bsskill_t_ppg>=1_relaxar,seq_ruim,450,0.038879196039493864,0.05981644426246264,0.6499750448037283
FIRST_5a45,comum,todas,bsskill_t_ppg>=1_relaxar,ppg_nao_piorando_ou_nada,450,-0.009135840599121852,0.02596804560498306,-0.3518108654803332
FIRST_5a45,comum,todas,bsskill_t_ppg>=1_relaxar,funcao_menor_vol,450,0.06777552807924621,0.04682744727388612,1.4473462045205703
FIRST_5a45,comum,todas,bsskill_t_ppg>=1_relaxar,ACASO,450,0.04296631160819956,0.030676045183771868,1.4006470309585228
FIRST_5a45,comum,todas,bsskill_t_ppg>=1_relaxar,FIXO_RETROSPECTO,450,-0.01732071785448162,0.038693552828684474,-0.44763834252101425
FIRST_5a45,comum,todas,bsskill_t_ppg>=1_relaxar,BASE_V6_MOM,450,0.07370063047183859,0.05090581502460012,1.4477841173198567
FIRST_5a45,comum,todas,bsskill_t_ppg>=1_relaxar,FIXO_TUDO_INI,450,0.017654532535383773,0.0555469444944414,0.3178308491324931
FIRST_5a45,comum,todas,bsskill_t_ppg>=1_relaxar,FIXO_TUDO_INI_CALR,450,-0.0414595174403699,0.061500004221072595,-0.6741384486956515
FIRST_5a45,comum,todas,bsskill_t_ppg>=1_relaxar,FIXO_TUDO_MOM,450,0.01587435629712666,0.05274209797070145,0.30098075176958183
FIRST_5a45,comum,todas,bsskill_t_ppg>=1_relaxar,FIXO_V6E_INI,450,0.07186334398827475,0.05056666276728021,1.4211605048766403
FIRST_5a45,comum,todas,bsskill_t_ppg>=1_relaxar,FIXO_V6E_MOM,450,0.0547294680153281,0.04577742225104983,1.195555916521118
FIRST_5a45,comum,todas,bsskill_t_ppg>=1_relaxar,FIXO_V6WR_INI,450,0.10649399124544393,0.05143390418022135,2.0705018011523157
FIRST_5a45,comum,todas,bsskill_t_ppg>=1_relaxar,FIXO_V6WR_MOM,450,0.07364009213831373,0.05136042494570091,1.4337905540339133
FIRST_5a45,comum,todas,bsskill_t_ppg>=1_relaxar,FIXO_V6_INI,450,0.10649399124544393,0.05143390418022135,2.0705018011523157
FIRST_5a45,comum,todas,bsskill_t_ppg>=1_relaxar,FIXO_V6_MOM,450,0.07370063047183859,0.05090581502460012,1.4477841173198567
FIRST_5a45,comum,todas,bsskill_t_ppg>=1_relaxar,FAVORITO,450,0.06740381313817126,0.059122281492753136,1.1400746289947086
FIRST_5a45,comum,todas,bsskill_t_ppg>=1_relaxar,ZEBRA,450,0.023708723865976174,0.055502293366775896,0.4271665624571903
FIRST_5a45,comum,todas,bsskill_t_ppg>=1_relaxar,VIG_MERCADO,450,0.05463603512342683,0.04018730732314154,1.3595346083803208
FIRST_5a45,comum,todas,ppg_nao_piorando_ou_nada,roi,450,-0.018344251496856083,0.016514037776614646,-1.1108277542414964
FIRST_5a45,comum,todas,ppg_nao_piorando_ou_nada,sharpe,450,-0.005179287363448027,0.024470860604471272,-0.2116512143631629
FIRST_5a45,comum,todas,ppg_nao_piorando_ou_nada,sortino,450,-0.012682841350301012,0.021529970361443836,-0.589078439839082
FIRST_5a45,comum,todas,ppg_nao_piorando_ou_nada,seq_ruim,450,0.048015036638615706,0.06693336392852521,0.7173557971759579
FIRST_5a45,comum,todas,ppg_nao_piorando_ou_nada,ACASO,450,0.052102152207321416,0.03992041992031195,1.305150404512936
FIRST_5a45,comum,todas,ppg_nao_piorando_ou_nada,FIXO_RETROSPECTO,450,-0.008184877255359761,0.043637715387218064,-0.18756429347254958
FIRST_5a45,comum,todas,ppg_nao_piorando_ou_nada,BASE_V6_MOM,450,0.08283647107096044,0.05714684883628612,1.449536986864661
FIRST_5a45,comum,todas,ppg_nao_piorando_ou_nada,FIXO_TUDO_INI,450,0.026790373134505635,0.05820588072585134,0.4602691824334351
FIRST_5a45,comum,todas,ppg_nao_piorando_ou_nada,FIXO_TUDO_INI_CALR,450,-0.03232367684124803,0.06218647800924178,-0.5197862602291817
FIRST_5a45,comum,todas,ppg_nao_piorando_ou_nada,FIXO_TUDO_MOM,450,0.02501019689624851,0.05514727573653577,0.4535164532103793
FIRST_5a45,comum,todas,ppg_nao_piorando_ou_nada,FIXO_V6E_INI,450,0.08099918458739659,0.058600459527565874,1.382227805727262
FIRST_5a45,comum,todas,ppg_nao_piorando_ou_nada,FIXO_V6E_MOM,450,0.06386530861444994,0.05674367854465782,1.1255052589547456
FIRST_5a45,comum,todas,ppg_nao_piorando_ou_nada,FIXO_V6WR_INI,450,0.1156298318445658,0.058845028384136425,1.9649889722160037
FIRST_5a45,comum,todas,ppg_nao_piorando_ou_nada,FIXO_V6WR_MOM,450,0.08277593273743558,0.05712717341921328,1.4489765164820143
FIRST_5a45,comum,todas,ppg_nao_piorando_ou_nada,FIXO_V6_INI,450,0.1156298318445658,0.058845028384136425,1.9649889722160037
FIRST_5a45,comum,todas,ppg_nao_piorando_ou_nada,FIXO_V6_MOM,450,0.08283647107096044,0.05714684883628612,1.449536986864661
FIRST_5a45,comum,todas,ppg_nao_piorando_ou_nada,FAVORITO,450,0.07653965373729313,0.06637490092618174,1.1531415138745897
FIRST_5a45,comum,todas,ppg_nao_piorando_ou_nada,ZEBRA,450,0.03284456446509803,0.05510538509972447,0.5960318470809898
FIRST_5a45,comum,todas,ppg_nao_piorando_ou_nada,VIG_MERCADO,450,0.06377187572254868,0.04670533785528005,1.3654087230917924
FIRST_5a45,comum,todas,funcao_menor_vol,llskill_todas,450,-0.01438648426236418,0.044293657311443274,-0.32479784094612185
FIRST_5a45,comum,todas,funcao_menor_vol,ll_todas,450,-0.022395978402853622,0.03280269244585496,-0.6827481750109705
FIRST_5a45,comum,todas,funcao_menor_vol,llskill_entradas,450,-0.050931082310764125,0.05047418554642584,-1.0090520879018055
FIRST_5a45,comum,todas,funcao_menor_vol,ll_entradas,450,-0.020322945301847858,0.03508910952815504,-0.5791809930525879
FIRST_5a45,comum,todas,funcao_menor_vol,ppg,450,-0.07691136867836808,0.053343152320823824,-1.441822714484457
FIRST_5a45,comum,todas,funcao_menor_vol,lucro,450,-0.07691136867836808,0.053343152320823824,-1.441822714484457
FIRST_5a45,comum,todas,funcao_menor_vol,roi,450,-0.09525562017522417,0.05687094743791327,-1.6749434371427683
FIRST_5a45,comum,todas,funcao_menor_vol,sharpe,450,-0.08209065604181613,0.05479606390064268,-1.4981122766530195
FIRST_5a45,comum,todas,funcao_menor_vol,sortino,450,-0.0895942100286691,0.05638411611677703,-1.5889973311474939
FIRST_5a45,comum,todas,funcao_menor_vol,maxdd,450,-0.08533213629153365,0.05633227880932518,-1.5148000062338658
FIRST_5a45,comum,todas,funcao_menor_vol,seq_ruim,450,-0.028896332039752354,0.03950253543517733,-0.7315057558057384
FIRST_5a45,comum,todas,funcao_menor_vol,ppg_nao_piorando_ou_nada,450,-0.07691136867836808,0.053343152320823824,-1.441822714484457
FIRST_5a45,comum,todas,funcao_menor_vol,ACASO,450,-0.024809216471046645,0.026556808968572498,-0.9341941835107537
FIRST_5a45,comum,todas,funcao_menor_vol,FIXO_RETROSPECTO,450,-0.08509624593372782,0.05555408076784119,-1.531773089529506
FIRST_5a45,comum,todas,funcao_menor_vol,BASE_V6_MOM,450,0.005925102392592387,0.051476142368178164,0.11510385432951951
FIRST_5a45,comum,todas,funcao_menor_vol,FIXO_TUDO_INI,450,-0.05012099554386243,0.04531576642639348,-1.1060387917144487
FIRST_5a45,comum,todas,funcao_menor_vol,FIXO_TUDO_INI_CALR,450,-0.10923504551961609,0.062102757359163374,-1.7589403460440434
FIRST_5a45,comum,todas,funcao_menor_vol,FIXO_TUDO_MOM,450,-0.05190117178211955,0.045245027913675934,-1.1471132669238935
FIRST_5a45,comum,todas,funcao_menor_vol,FIXO_V6E_INI,450,0.004087815909028535,0.046966001402855395,0.08703776746853326
FIRST_5a45,comum,todas,funcao_menor_vol,FIXO_V6E_MOM,450,-0.01304606006391811,0.048090986523849126,-0.2712786949680966
FIRST_5a45,comum,todas,funcao_menor_vol,FIXO_V6WR_INI,450,0.03871846316619774,0.042959386127178256,0.901280643340071
FIRST_5a45,comum,todas,funcao_menor_vol,FIXO_V6WR_MOM,450,0.005864564059067526,0.049711245239249545,0.11797258408721485
FIRST_5a45,comum,todas,funcao_menor_vol,FIXO_V6_INI,450,0.03871846316619774,0.042959386127178256,0.901280643340071
FIRST_5a45,comum,todas,funcao_menor_vol,FIXO_V6_MOM,450,0.005925102392592387,0.051476142368178164,0.11510385432951951
FIRST_5a45,comum,todas,funcao_menor_vol,FAVORITO,450,-0.0003717149410749333,0.05602866500010893,-0.006634370836324774
FIRST_5a45,comum,todas,funcao_menor_vol,ZEBRA,450,-0.044066804213270035,0.057028554752171265,-0.7727147286963688
FIRST_5a45,comum,todas,funcao_menor_vol,VIG_MERCADO,450,-0.01313949295581936,0.03589543655818172,-0.36604911976824667
FIRST_5a45,comum,so_INI,bsskill_todas,llskill_todas,450,-0.00455884545890714,0.0256488458393621,-0.17774076414428328
FIRST_5a45,comum,so_INI,bsskill_todas,ll_todas,450,-0.008819627819624316,0.038889850804274845,-0.22678482013242504
FIRST_5a45,comum,so_INI,bsskill_todas,llskill_entradas,450,-0.013162357473355545,0.030327349289222323,-0.4340094924825217
FIRST_5a45,comum,so_INI,bsskill_todas,ll_entradas,450,0.01811877746926323,0.048097767121485745,0.37670724762541824
FIRST_5a45,comum,so_INI,bsskill_todas,ppg,450,-0.040711001487753466,0.03741418780425415,-1.0881166711608918
FIRST_5a45,comum,so_INI,bsskill_todas,lucro,450,-0.040711001487753466,0.03741418780425415,-1.0881166711608918
FIRST_5a45,comum,so_INI,bsskill_todas,roi,450,-0.05681022944752418,0.040242170098136354,-1.4117088941521845
FIRST_5a45,comum,so_INI,bsskill_todas,sharpe,450,-0.048128356593236235,0.03892382740462523,-1.2364754393992934
FIRST_5a45,comum,so_INI,bsskill_todas,sortino,450,-0.04518506085075986,0.036930329751495926,-1.2235217273934458
FIRST_5a45,comum,so_INI,bsskill_todas,calmar,450,-0.0566285573786646,0.04031209115310786,-1.4047536547678903
FIRST_5a45,comum,so_INI,bsskill_todas,maxdd,450,-0.052306946822900435,0.04318279773483732,-1.211291291131475
FIRST_5a45,comum,so_INI,bsskill_todas,seq_ruim,450,-0.0009446903876577217,0.0558287033492586,-0.016921231033216664
FIRST_5a45,comum,so_INI,bsskill_todas,ppg_nao_piorando_ou_nada,450,-0.040711001487753466,0.03741418780425415,-1.0881166711608918
FIRST_5a45,comum,so_INI,bsskill_todas,funcao_menor_vol,450,0.02291223191879569,0.04306721816544854,0.5320109562399701
FIRST_5a45,comum,so_INI,bsskill_todas,ACASO,450,0.01503613996430993,0.03411047810661777,0.4408070715781838
FIRST_5a45,comum,so_INI,bsskill_todas,FIXO_RETROSPECTO,450,-0.04323119758340725,0.03195282132683354,-1.352969653014718
FIRST_5a45,comum,so_INI,bsskill_todas,BASE_V6_MOM,450,0.03808157987842316,0.05852889725020809,0.6506457778561302
FIRST_5a45,comum,so_INI,bsskill_todas,FIXO_TUDO_INI,450,-0.017964518058031655,0.06369325421169188,-0.28204742056866033
FIRST_5a45,comum,so_INI,bsskill_todas,FIXO_TUDO_INI_CALR,450,-0.07707856803378532,0.06381166503007527,-1.2079071749257317
FIRST_5a45,comum,so_INI,bsskill_todas,FIXO_V6E_INI,450,0.0362442933948593,0.05109886137895743,0.7092974758491339
FIRST_5a45,comum,so_INI,bsskill_todas,FIXO_V6WR_INI,450,0.07087494065202851,0.05284813445814558,1.3411058191308478
FIRST_5a45,comum,so_INI,bsskill_todas,FIXO_V6_INI,450,0.07087494065202851,0.05284813445814558,1.3411058191308478
FIRST_5a45,comum,so_INI,bsskill_todas,FAVORITO,450,0.03178476254475584,0.06208705096114205,0.5119386740505476
FIRST_5a45,comum,so_INI,bsskill_todas,ZEBRA,450,-0.011910326727439257,0.05613511303956766,-0.21217249031001484
FIRST_5a45,comum,so_INI,bsskill_todas,VIG_MERCADO,450,0.019016984530011424,0.041571582780135265,0.4574515392062142
FIRST_5a45,comum,so_INI,llskill_todas,ppg,450,-0.03615215602884632,0.031115300287743855,-1.1618771374379586
FIRST_5a45,comum,so_INI,llskill_todas,lucro,450,-0.03615215602884632,0.031115300287743855,-1.1618771374379586
FIRST_5a45,comum,so_INI,llskill_todas,roi,450,-0.05225138398861702,0.033167125843227445,-1.5753968021104994
FIRST_5a45,comum,so_INI,llskill_todas,sharpe,450,-0.0435695111343291,0.03112807351345116,-1.3996854355764006
FIRST_5a45,comum,so_INI,llskill_todas,sortino,450,-0.0406262153918527,0.028959864914150847,-1.40284547294284
FIRST_5a45,comum,so_INI,llskill_todas,maxdd,450,-0.04774810136399329,0.04298625226437864,-1.1107760934897932
FIRST_5a45,comum,so_INI,llskill_todas,seq_ruim,450,0.0036141550712494165,0.05270860755397384,0.06856859323305983
FIRST_5a45,comum,so_INI,llskill_todas,ppg_nao_piorando_ou_nada,450,-0.03615215602884632,0.031115300287743855,-1.1618771374379586
FIRST_5a45,comum,so_INI,llskill_todas,ACASO,450,0.019594985423217075,0.0325166560643147,0.6026137922811051
FIRST_5a45,comum,so_INI,llskill_todas,FIXO_RETROSPECTO,450,-0.038672352124500126,0.03395702373668925,-1.1388616512558534
FIRST_5a45,comum,so_INI,llskill_todas,BASE_V6_MOM,450,0.0426404253373303,0.06155509526555018,0.6927196709448415
FIRST_5a45,comum,so_INI,llskill_todas,FIXO_TUDO_INI,450,-0.013405672599124507,0.06052194353297337,-0.22150102618269144
FIRST_5a45,comum,so_INI,llskill_todas,FIXO_TUDO_INI_CALR,450,-0.07251972257487818,0.05669111718469723,-1.279207857883838
FIRST_5a45,comum,so_INI,llskill_todas,FIXO_V6E_INI,450,0.04080313885376646,0.05114089382024939,0.7978573663022358
FIRST_5a45,comum,so_INI,llskill_todas,FIXO_V6WR_INI,450,0.07543378611093567,0.053564281746537434,1.408285216403783
FIRST_5a45,comum,so_INI,llskill_todas,FIXO_V6_INI,450,0.07543378611093567,0.053564281746537434,1.408285216403783
FIRST_5a45,comum,so_INI,llskill_todas,FAVORITO,450,0.03634360800366298,0.058780540302429136,0.61829319391542
FIRST_5a45,comum,so_INI,llskill_todas,ZEBRA,450,-0.0073514812685321175,0.05512723177257178,-0.13335480545913794
FIRST_5a45,comum,so_INI,llskill_todas,VIG_MERCADO,450,0.023575829988918558,0.03853880746110253,0.6117425925208971
FIRST_5a45,comum,so_INI,brier_todas,bsskill_todas,450,-0.005077164446965076,0.040404217608810855,-0.12565926894369342
FIRST_5a45,comum,so_INI,brier_todas,llskill_todas,450,-0.009636009905872212,0.03698026991150285,-0.2605716488530792
FIRST_5a45,comum,so_INI,brier_todas,ll_todas,450,-0.013896792266589393,0.010389817886464411,-1.3375395428916783
FIRST_5a45,comum,so_INI,brier_todas,bsskill_entradas,450,-0.019726158068273738,0.04771950097797372,-0.41337729154751435
FIRST_5a45,comum,so_INI,brier_todas,llskill_entradas,450,-0.018239521920320627,0.04872834319652787,-0.3743103238039146
FIRST_5a45,comum,so_INI,brier_todas,ll_entradas,450,0.01304161302229815,0.02667585117719075,0.4888921045357088
FIRST_5a45,comum,so_INI,brier_todas,ppg,450,-0.04578816593471856,0.04603543074981064,-0.994628815000431
FIRST_5a45,comum,so_INI,brier_todas,lucro,450,-0.04578816593471856,0.04603543074981064,-0.994628815000431
FIRST_5a45,comum,so_INI,brier_todas,roi,450,-0.061887393894489266,0.04620471268746949,-1.3394173514961136
FIRST_5a45,comum,so_INI,brier_todas,sharpe,450,-0.05320552104020133,0.04131396520826689,-1.287833805639042
FIRST_5a45,comum,so_INI,brier_todas,sortino,450,-0.050262225297724936,0.041857046829145796,-1.2008067722237505
FIRST_5a45,comum,so_INI,brier_todas,calmar,450,-0.06170572182562969,0.04526510792289686,-1.3632072175932342
FIRST_5a45,comum,so_INI,brier_todas,maxdd,450,-0.057384111269865506,0.049939345387437134,-1.1490761607840618
FIRST_5a45,comum,so_INI,brier_todas,seq_ruim,450,-0.006021854834622808,0.04696596250354344,-0.12821742627266453
FIRST_5a45,comum,so_INI,brier_todas,bsskill_t_ppg>=1_relaxar,450,-0.024889032715363277,0.041503197389137395,-0.5996895246889452
FIRST_5a45,comum,so_INI,brier_todas,ppg_nao_piorando_ou_nada,450,-0.04578816593471856,0.04603543074981064,-0.994628815000431
FIRST_5a45,comum,so_INI,brier_todas,funcao_menor_vol,450,0.017835067471830616,0.02944342388642327,0.6057402678651985
FIRST_5a45,comum,so_INI,brier_todas,ACASO,450,0.009958975517344856,0.02833733564822432,0.3514436092713222
FIRST_5a45,comum,so_INI,brier_todas,FIXO_RETROSPECTO,450,-0.04830836203037232,0.04749145191808574,-1.0172012031490552
FIRST_5a45,comum,so_INI,brier_todas,BASE_V6_MOM,450,0.033004415431458094,0.05974326860212125,0.5524373909178152
FIRST_5a45,comum,so_INI,brier_todas,FIXO_TUDO_INI,450,-0.023041682504996722,0.04833043181191279,-0.47675308581284526
FIRST_5a45,comum,so_INI,brier_todas,FIXO_TUDO_INI_CALR,450,-0.08215573248075038,0.053223172854362434,-1.5436083208635032
FIRST_5a45,comum,so_INI,brier_todas,FIXO_V6E_INI,450,0.03116712894789423,0.05049671171140233,0.6172110597224608
FIRST_5a45,comum,so_INI,brier_todas,FIXO_V6WR_INI,450,0.06579777620506343,0.04881441285703328,1.3479169850464185
FIRST_5a45,comum,so_INI,brier_todas,FIXO_V6_INI,450,0.06579777620506343,0.04881441285703328,1.3479169850464185
FIRST_5a45,comum,so_INI,brier_todas,FAVORITO,450,0.026707598097790764,0.05704987028703319,0.46814476463167537
FIRST_5a45,comum,so_INI,brier_todas,ZEBRA,450,-0.016987491174404335,0.0539477424001055,-0.3148878974103486
FIRST_5a45,comum,so_INI,brier_todas,VIG_MERCADO,450,0.01393982008304633,0.03788349560641334,0.3679655179625621
FIRST_5a45,comum,so_INI,ll_todas,llskill_todas,450,0.004260782360717179,0.03402756472856131,0.1252156125395849
FIRST_5a45,comum,so_INI,ll_todas,llskill_entradas,450,-0.004342729653731224,0.04738544917863833,-0.09164690277303428
FIRST_5a45,comum,so_INI,ll_todas,ppg,450,-0.03189137366812916,0.04450701278070105,-0.7165471613488686
FIRST_5a45,comum,so_INI,ll_todas,lucro,450,-0.03189137366812916,0.04450701278070105,-0.7165471613488686
FIRST_5a45,comum,so_INI,ll_todas,roi,450,-0.04799060162789987,0.04479613655398944,-1.0713111736781225
FIRST_5a45,comum,so_INI,ll_todas,sharpe,450,-0.039308728773611926,0.039610767667987844,-0.9923748285590532
FIRST_5a45,comum,so_INI,ll_todas,sortino,450,-0.03636543303113553,0.04020524486503047,-0.9044947531899074
FIRST_5a45,comum,so_INI,ll_todas,maxdd,450,-0.04348731900327611,0.0495213755746971,-0.8781524846312209
FIRST_5a45,comum,so_INI,ll_todas,seq_ruim,450,0.007874937431966588,0.04592823526861775,0.1714617900276139
FIRST_5a45,comum,so_INI,ll_todas,ppg_nao_piorando_ou_nada,450,-0.03189137366812916,0.04450701278070105,-0.7165471613488686
FIRST_5a45,comum,so_INI,ll_todas,ACASO,450,0.023855767783934247,0.027315612166801975,0.873338208137519
FIRST_5a45,comum,so_INI,ll_todas,FIXO_RETROSPECTO,450,-0.03441156976378294,0.04542541648893665,-0.7575399946451536
FIRST_5a45,comum,so_INI,ll_todas,BASE_V6_MOM,450,0.04690120769804748,0.06033383764111049,0.7773615856666436
FIRST_5a45,comum,so_INI,ll_todas,FIXO_TUDO_INI,450,-0.00914489023840733,0.04997955879374435,-0.18297260838468912
FIRST_5a45,comum,so_INI,ll_todas,FIXO_TUDO_INI_CALR,450,-0.068258940214161,0.05557026836706018,-1.2283356229861606
FIRST_5a45,comum,so_INI,ll_todas,FIXO_V6E_INI,450,0.04506392121448362,0.05024874811022858,0.8968167946319534
FIRST_5a45,comum,so_INI,ll_todas,FIXO_V6WR_INI,450,0.07969456847165282,0.048632189815354644,1.638720542386328
FIRST_5a45,comum,so_INI,ll_todas,FIXO_V6_INI,450,0.07969456847165282,0.048632189815354644,1.638720542386328
FIRST_5a45,comum,so_INI,ll_todas,FAVORITO,450,0.040604390364380155,0.0546186135922017,0.743416716278158
FIRST_5a45,comum,so_INI,ll_todas,ZEBRA,450,-0.003090698907814944,0.055883483444653013,-0.05530612476718584
FIRST_5a45,comum,so_INI,ll_todas,VIG_MERCADO,450,0.027836612349635727,0.035390049795580976,0.7865660690059719
FIRST_5a45,comum,so_INI,bsskill_entradas,bsskill_todas,450,0.01464899362130866,0.02796607175533571,0.5238130599630513
FIRST_5a45,comum,so_INI,bsskill_entradas,llskill_todas,450,0.010090148162401514,0.03209455742084547,0.3143881384651201
FIRST_5a45,comum,so_INI,bsskill_entradas,ll_todas,450,0.005829365801684349,0.04569627633230063,0.12756763284810219
FIRST_5a45,comum,so_INI,bsskill_entradas,llskill_entradas,450,0.0014866361479531213,0.015802636432511313,0.09407519778754216
FIRST_5a45,comum,so_INI,bsskill_entradas,ll_entradas,450,0.032767771090571884,0.05080286058174503,0.6449985436911856
FIRST_5a45,comum,so_INI,bsskill_entradas,ppg,450,-0.026062007866444803,0.03689288616767576,-0.7064236652018678
FIRST_5a45,comum,so_INI,bsskill_entradas,lucro,450,-0.026062007866444803,0.03689288616767576,-0.7064236652018678
FIRST_5a45,comum,so_INI,bsskill_entradas,roi,450,-0.04216123582621552,0.03910048235453689,-1.078279174254828
FIRST_5a45,comum,so_INI,bsskill_entradas,sharpe,450,-0.03347936297192758,0.03909395510951253,-0.8563820897154818
FIRST_5a45,comum,so_INI,bsskill_entradas,sortino,450,-0.030536067229451184,0.036540763857461855,-0.8356712888807202
FIRST_5a45,comum,so_INI,bsskill_entradas,calmar,450,-0.04197956375735594,0.03809253984276829,-1.102041605275779
FIRST_5a45,comum,so_INI,bsskill_entradas,maxdd,450,-0.03765795320159177,0.03843196144840795,-0.9798602981048671
FIRST_5a45,comum,so_INI,bsskill_entradas,seq_ruim,450,0.013704303233650938,0.0536528610457958,0.25542539515187324
FIRST_5a45,comum,so_INI,bsskill_entradas,bsskill_t_ppg>=1_relaxar,450,-0.005162874647089549,0.03591310016530663,-0.14376020514311028
FIRST_5a45,comum,so_INI,bsskill_entradas,ppg_nao_piorando_ou_nada,450,-0.026062007866444803,0.03689288616767576,-0.7064236652018678
FIRST_5a45,comum,so_INI,bsskill_entradas,funcao_menor_vol,450,0.037561225540104354,0.046039020434216094,0.8158563146184782
FIRST_5a45,comum,so_INI,bsskill_entradas,ACASO,450,0.02968513358561859,0.03296666050304998,0.9004592255521972
FIRST_5a45,comum,so_INI,bsskill_entradas,FIXO_RETROSPECTO,450,-0.028582203962098596,0.019873451045127492,-1.4382103992505262
FIRST_5a45,comum,so_INI,bsskill_entradas,BASE_V6_MOM,450,0.052730573499731835,0.055594933275229644,0.9484780427504529
FIRST_5a45,comum,so_INI,bsskill_entradas,FIXO_TUDO_INI,450,-0.0033155244367229822,0.062149327734404576,-0.053347711996047494
FIRST_5a45,comum,so_INI,bsskill_entradas,FIXO_TUDO_INI_CALR,450,-0.06242957441247666,0.06281990272541128,-0.9937865501855238
FIRST_5a45,comum,so_INI,bsskill_entradas,FIXO_V6E_INI,450,0.05089328701616798,0.04916343723837163,1.0351856964233213
FIRST_5a45,comum,so_INI,bsskill_entradas,FIXO_V6WR_INI,450,0.08552393427333715,0.05064525063962354,1.6886861688551984
FIRST_5a45,comum,so_INI,bsskill_entradas,FIXO_V6_INI,450,0.08552393427333715,0.05064525063962354,1.6886861688551984
FIRST_5a45,comum,so_INI,bsskill_entradas,FAVORITO,450,0.0464337561660645,0.05971791306390922,0.7775515550312648
FIRST_5a45,comum,so_INI,bsskill_entradas,ZEBRA,450,0.0027386668938694015,0.059161898910412354,0.04629105800029354
FIRST_5a45,comum,so_INI,bsskill_entradas,VIG_MERCADO,450,0.03366597815132008,0.04021599488755144,0.8371290638327868
FIRST_5a45,comum,so_INI,llskill_entradas,llskill_todas,450,0.0086035120144484,0.033302890633982576,0.25834129862797245
FIRST_5a45,comum,so_INI,llskill_entradas,ppg,450,-0.027548644014397924,0.038588201975955604,-0.71391364727394
FIRST_5a45,comum,so_INI,llskill_entradas,lucro,450,-0.027548644014397924,0.038588201975955604,-0.71391364727394
FIRST_5a45,comum,so_INI,llskill_entradas,roi,450,-0.04364787197416864,0.039234317392117884,-1.1124921975305586
FIRST_5a45,comum,so_INI,llskill_entradas,sharpe,450,-0.0349659991198807,0.039027462729180756,-0.8959331884451892
FIRST_5a45,comum,so_INI,llskill_entradas,sortino,450,-0.032022703377404316,0.03548096867850498,-0.9025318239635395
FIRST_5a45,comum,so_INI,llskill_entradas,maxdd,450,-0.039144589349544893,0.04123903148227045,-0.9492121405997132
FIRST_5a45,comum,so_INI,llskill_entradas,seq_ruim,450,0.012217667085697813,0.05340866337617286,0.22875815108206707
FIRST_5a45,comum,so_INI,llskill_entradas,ppg_nao_piorando_ou_nada,450,-0.027548644014397924,0.038588201975955604,-0.71391364727394
FIRST_5a45,comum,so_INI,llskill_entradas,ACASO,450,0.028198497437665466,0.03676185844913655,0.7670585391291006
FIRST_5a45,comum,so_INI,llskill_entradas,FIXO_RETROSPECTO,450,-0.03006884011005171,0.028682857768282555,-1.0483209292799887
FIRST_5a45,comum,so_INI,llskill_entradas,BASE_V6_MOM,450,0.05124393735177871,0.05660580080770598,0.9052771380420548
FIRST_5a45,comum,so_INI,llskill_entradas,FIXO_TUDO_INI,450,-0.004802160584676112,0.06579263875943403,-0.07298932943296074
FIRST_5a45,comum,so_INI,llskill_entradas,FIXO_TUDO_INI_CALR,450,-0.06391621056042979,0.06373589057407382,-1.0028291749708338
FIRST_5a45,comum,so_INI,llskill_entradas,FIXO_V6E_INI,450,0.049406650868214844,0.054768439751441335,0.9021007553335425
FIRST_5a45,comum,so_INI,llskill_entradas,FIXO_V6WR_INI,450,0.08403729812538403,0.056613168930264114,1.4844125441714957
FIRST_5a45,comum,so_INI,llskill_entradas,FIXO_V6_INI,450,0.08403729812538403,0.056613168930264114,1.4844125441714957
FIRST_5a45,comum,so_INI,llskill_entradas,FAVORITO,450,0.04494712001811138,0.058502898674974435,0.7682887692082553
FIRST_5a45,comum,so_INI,llskill_entradas,ZEBRA,450,0.001252030745916281,0.06091440083496663,0.020553936815505523
FIRST_5a45,comum,so_INI,llskill_entradas,VIG_MERCADO,450,0.03217934200336696,0.040834190773734624,0.788048970571626
FIRST_5a45,comum,so_INI,brier_entradas,bsskill_todas,450,-0.020848359948033496,0.048027992716993415,-0.43408768030101047
FIRST_5a45,comum,so_INI,brier_entradas,llskill_todas,450,-0.02540720540694065,0.044881854830443754,-0.5660908066951529
FIRST_5a45,comum,so_INI,brier_entradas,brier_todas,450,-0.015771195501068418,0.026498889642247628,-0.5951643904325763
FIRST_5a45,comum,so_INI,brier_entradas,ll_todas,450,-0.02966798776765781,0.029211322548705784,-1.0156331579369815
FIRST_5a45,comum,so_INI,brier_entradas,bsskill_entradas,450,-0.03549735356934215,0.05071615783822083,-0.6999219791565234
FIRST_5a45,comum,so_INI,brier_entradas,llskill_entradas,450,-0.03401071742138904,0.05102055013470337,-0.6666082065284413
FIRST_5a45,comum,so_INI,brier_entradas,ll_entradas,450,-0.0027295824787702642,0.0027287843804497326,-1.0002924739405024
FIRST_5a45,comum,so_INI,brier_entradas,ppg,450,-0.06155936143578694,0.05401968501065353,-1.1395727580352693
FIRST_5a45,comum,so_INI,brier_entradas,lucro,450,-0.06155936143578694,0.05401968501065353,-1.1395727580352693
FIRST_5a45,comum,so_INI,brier_entradas,roi,450,-0.07765858939555766,0.05056333837245832,-1.5358675256667393
FIRST_5a45,comum,so_INI,brier_entradas,sharpe,450,-0.06897671654126974,0.04529126244438128,-1.522958575640826
FIRST_5a45,comum,so_INI,brier_entradas,sortino,450,-0.06603342079879336,0.0452917925197164,-1.4579555615964577
FIRST_5a45,comum,so_INI,brier_entradas,calmar,450,-0.07747691732669809,0.04920718171396934,-1.5745042619399459
FIRST_5a45,comum,so_INI,brier_entradas,maxdd,450,-0.07315530677093392,0.05232406090318734,-1.3981198230444998
FIRST_5a45,comum,so_INI,brier_entradas,seq_ruim,450,-0.02179305033569122,0.04979465829874095,-0.43765839711048393
FIRST_5a45,comum,so_INI,brier_entradas,bsskill_t_ppg>=1_relaxar,450,-0.04066022821643169,0.045883253478034056,-0.8861670682506677
FIRST_5a45,comum,so_INI,brier_entradas,ppg_nao_piorando_ou_nada,450,-0.06155936143578694,0.05401968501065353,-1.1395727580352693
FIRST_5a45,comum,so_INI,brier_entradas,funcao_menor_vol,450,0.0020638719707622,0.03428881821206124,0.06019081666793123
FIRST_5a45,comum,so_INI,brier_entradas,ACASO,450,-0.005812219983723565,0.03270213982944314,-0.17773209991875133
FIRST_5a45,comum,so_INI,brier_entradas,FIXO_RETROSPECTO,450,-0.06407955753144076,0.04792837585679982,-1.3369857915256167
FIRST_5a45,comum,so_INI,brier_entradas,BASE_V6_MOM,450,0.017233219930389666,0.05493117429191321,0.31372385812852877
FIRST_5a45,comum,so_INI,brier_entradas,FIXO_TUDO_INI,450,-0.038812878006065143,0.052186342992710806,-0.7437363068626285
FIRST_5a45,comum,so_INI,brier_entradas,FIXO_TUDO_INI_CALR,450,-0.0979269279818188,0.04956508861431938,-1.9757238556318784
FIRST_5a45,comum,so_INI,brier_entradas,FIXO_V6E_INI,450,0.015395933446825815,0.04602858655889733,0.33448633985589504
FIRST_5a45,comum,so_INI,brier_entradas,FIXO_V6WR_INI,450,0.05002658070399502,0.04703529030210765,1.063596724558822
FIRST_5a45,comum,so_INI,brier_entradas,FIXO_V6_INI,450,0.05002658070399502,0.04703529030210765,1.063596724558822
FIRST_5a45,comum,so_INI,brier_entradas,FAVORITO,450,0.010936402596722343,0.06635172981643649,0.16482467943154067
FIRST_5a45,comum,so_INI,brier_entradas,ZEBRA,450,-0.03275868667547274,0.05477926845568831,-0.5980124890125483
FIRST_5a45,comum,so_INI,brier_entradas,VIG_MERCADO,450,-0.0018313754180220698,0.04912028441520464,-0.037283485627684756
FIRST_5a45,comum,so_INI,ll_entradas,llskill_todas,450,-0.022677622928170382,0.04487976990219654,-0.5052972191611098
FIRST_5a45,comum,so_INI,ll_entradas,ll_todas,450,-0.02693840528888754,0.02940138589579039,-0.9162290983277938
FIRST_5a45,comum,so_INI,ll_entradas,llskill_entradas,450,-0.03128113494261877,0.05110415310943923,-0.6121055342729271
FIRST_5a45,comum,so_INI,ll_entradas,ppg,450,-0.058829778957016673,0.05403726624003525,-1.0886890298205119
FIRST_5a45,comum,so_INI,ll_entradas,lucro,450,-0.058829778957016673,0.05403726624003525,-1.0886890298205119
FIRST_5a45,comum,so_INI,ll_entradas,roi,450,-0.07492900691678739,0.05032064207407208,-1.4890312171790605
FIRST_5a45,comum,so_INI,ll_entradas,sharpe,450,-0.06624713406249948,0.04500814741595673,-1.471892043239551
FIRST_5a45,comum,so_INI,ll_entradas,sortino,450,-0.06330383832002309,0.045004609648453375,-1.406607874493554
FIRST_5a45,comum,so_INI,ll_entradas,maxdd,450,-0.07042572429216366,0.05208551003564197,-1.352117397793965
FIRST_5a45,comum,so_INI,ll_entradas,seq_ruim,450,-0.01906346785692097,0.049791473375109786,-0.3828661127037584
FIRST_5a45,comum,so_INI,ll_entradas,ppg_nao_piorando_ou_nada,450,-0.058829778957016673,0.05403726624003525,-1.0886890298205119
FIRST_5a45,comum,so_INI,ll_entradas,ACASO,450,-0.0030826375049533075,0.032703080857613274,-0.09426137917631909
FIRST_5a45,comum,so_INI,ll_entradas,FIXO_RETROSPECTO,450,-0.061349975052670494,0.04805532456013376,-1.276653016377
FIRST_5a45,comum,so_INI,ll_entradas,BASE_V6_MOM,450,0.019962802409159926,0.05537551936269726,0.3604986939880065
FIRST_5a45,comum,so_INI,ll_entradas,FIXO_TUDO_INI,450,-0.036083295527294876,0.052113427501634974,-0.6923992003051962
FIRST_5a45,comum,so_INI,ll_entradas,FIXO_TUDO_INI_CALR,450,-0.09519734550304855,0.04937981722158018,-1.927859414219237
FIRST_5a45,comum,so_INI,ll_entradas,FIXO_V6E_INI,450,0.018125515925596084,0.04659082618201564,0.38903615606182684
FIRST_5a45,comum,so_INI,ll_entradas,FIXO_V6WR_INI,450,0.05275616318276527,0.04751052279400743,1.110410075079609
FIRST_5a45,comum,so_INI,ll_entradas,FIXO_V6_INI,450,0.05275616318276527,0.04751052279400743,1.110410075079609
FIRST_5a45,comum,so_INI,ll_entradas,FAVORITO,450,0.013665985075492595,0.06587058044384539,0.20746720286065848
FIRST_5a45,comum,so_INI,ll_entradas,ZEBRA,450,-0.030029104196702478,0.05541627341660211,-0.5418824172992132
FIRST_5a45,comum,so_INI,ll_entradas,VIG_MERCADO,450,0.0008982070607481813,0.048954207399347985,0.01834790324396396
FIRST_5a45,comum,so_INI,ppg,roi,450,-0.016099227959770715,0.014980623863842416,-1.074670060879653
FIRST_5a45,comum,so_INI,ppg,sharpe,450,-0.007417355105482773,0.023919692228829812,-0.31009408626682994
FIRST_5a45,comum,so_INI,ppg,sortino,450,-0.004474059363006384,0.02277492931293369,-0.19644668492848424
FIRST_5a45,comum,so_INI,ppg,seq_ruim,450,0.03976631110009574,0.05740009274525219,0.692791756915497
FIRST_5a45,comum,so_INI,ppg,ppg_nao_piorando_ou_nada,450,0.0,0.0,
FIRST_5a45,comum,so_INI,ppg,ACASO,450,0.055747141452063394,0.04351839301136596,1.2810018384066613
FIRST_5a45,comum,so_INI,ppg,FIXO_RETROSPECTO,450,-0.0025201960956537936,0.0410339118736343,-0.06141739796621989
FIRST_5a45,comum,so_INI,ppg,BASE_V6_MOM,450,0.07879258136617662,0.06856170678775599,1.1492214102850733
FIRST_5a45,comum,so_INI,ppg,FIXO_TUDO_INI,450,0.02274648342972182,0.06905061931874583,0.3294175150655979
FIRST_5a45,comum,so_INI,ppg,FIXO_TUDO_INI_CALR,450,-0.036367566546031856,0.05607885069593237,-0.648507701115739
FIRST_5a45,comum,so_INI,ppg,FIXO_V6E_INI,450,0.07695529488261277,0.057514123172269255,1.3380243084313799
FIRST_5a45,comum,so_INI,ppg,FIXO_V6WR_INI,450,0.11158594213978197,0.058293288921960645,1.914215927826034
FIRST_5a45,comum,so_INI,ppg,FIXO_V6_INI,450,0.11158594213978197,0.058293288921960645,1.914215927826034
FIRST_5a45,comum,so_INI,ppg,FAVORITO,450,0.0724957640325093,0.07012809215456228,1.033762103105966
FIRST_5a45,comum,so_INI,ppg,ZEBRA,450,0.02880067476031421,0.0592064427427208,0.4864449446062209
FIRST_5a45,comum,so_INI,ppg,VIG_MERCADO,450,0.05972798601776488,0.05176549470969115,1.1538185108193906
FIRST_5a45,comum,so_INI,lucro,ppg,450,0.0,0.0,
FIRST_5a45,comum,so_INI,lucro,roi,450,-0.016099227959770715,0.014980623863842416,-1.074670060879653
FIRST_5a45,comum,so_INI,lucro,sharpe,450,-0.007417355105482773,0.023919692228829812,-0.31009408626682994
FIRST_5a45,comum,so_INI,lucro,sortino,450,-0.004474059363006384,0.02277492931293369,-0.19644668492848424
FIRST_5a45,comum,so_INI,lucro,maxdd,450,-0.011595945335146962,0.03979630448843337,-0.29138246588994904
FIRST_5a45,comum,so_INI,lucro,seq_ruim,450,0.03976631110009574,0.05740009274525219,0.692791756915497
FIRST_5a45,comum,so_INI,lucro,ppg_nao_piorando_ou_nada,450,0.0,0.0,
FIRST_5a45,comum,so_INI,lucro,ACASO,450,0.055747141452063394,0.04351839301136596,1.2810018384066613
FIRST_5a45,comum,so_INI,lucro,FIXO_RETROSPECTO,450,-0.0025201960956537936,0.0410339118736343,-0.06141739796621989
FIRST_5a45,comum,so_INI,lucro,BASE_V6_MOM,450,0.07879258136617662,0.06856170678775599,1.1492214102850733
FIRST_5a45,comum,so_INI,lucro,FIXO_TUDO_INI,450,0.02274648342972182,0.06905061931874583,0.3294175150655979
FIRST_5a45,comum,so_INI,lucro,FIXO_TUDO_INI_CALR,450,-0.036367566546031856,0.05607885069593237,-0.648507701115739
FIRST_5a45,comum,so_INI,lucro,FIXO_V6E_INI,450,0.07695529488261277,0.057514123172269255,1.3380243084313799
FIRST_5a45,comum,so_INI,lucro,FIXO_V6WR_INI,450,0.11158594213978197,0.058293288921960645,1.914215927826034
FIRST_5a45,comum,so_INI,lucro,FIXO_V6_INI,450,0.11158594213978197,0.058293288921960645,1.914215927826034
FIRST_5a45,comum,so_INI,lucro,FAVORITO,450,0.0724957640325093,0.07012809215456228,1.033762103105966
FIRST_5a45,comum,so_INI,lucro,ZEBRA,450,0.02880067476031421,0.0592064427427208,0.4864449446062209
FIRST_5a45,comum,so_INI,lucro,VIG_MERCADO,450,0.05972798601776488,0.05176549470969115,1.1538185108193906
FIRST_5a45,comum,so_INI,roi,sharpe,450,0.008681872854287946,0.0182005783494041,0.4770108228221328
FIRST_5a45,comum,so_INI,roi,sortino,450,0.011625168596764332,0.016602571474305706,0.7002028941574232
FIRST_5a45,comum,so_INI,roi,seq_ruim,450,0.055865539059866465,0.057444414545537774,0.9725147257890548
FIRST_5a45,comum,so_INI,roi,ACASO,450,0.0718463694118341,0.04553525230997635,1.5778186298990426
FIRST_5a45,comum,so_INI,roi,FIXO_RETROSPECTO,450,0.013579031864116917,0.042730708269404144,0.3177815770921756
FIRST_5a45,comum,so_INI,roi,BASE_V6_MOM,450,0.09489180932594733,0.07054109356821912,1.3451990113277594
FIRST_5a45,comum,so_INI,roi,FIXO_TUDO_INI,450,0.03884571138949252,0.07106829024648144,0.5465969598363281
FIRST_5a45,comum,so_INI,roi,FIXO_TUDO_INI_CALR,450,-0.02026833858626115,0.05293041631675019,-0.38292422385211994
FIRST_5a45,comum,so_INI,roi,FIXO_V6E_INI,450,0.09305452284238348,0.05957731888084163,1.5619118918140367
FIRST_5a45,comum,so_INI,roi,FIXO_V6WR_INI,450,0.12768517009955271,0.061635173178016624,2.0716283173370575
FIRST_5a45,comum,so_INI,roi,FIXO_V6_INI,450,0.12768517009955271,0.061635173178016624,2.0716283173370575
FIRST_5a45,comum,so_INI,roi,FAVORITO,450,0.08859499199228003,0.07072431651017877,1.2526807803017692
FIRST_5a45,comum,so_INI,roi,ZEBRA,450,0.04489990272008491,0.0592817759392735,0.7573980706326855
FIRST_5a45,comum,so_INI,roi,VIG_MERCADO,450,0.0758272139775356,0.0536163992323137,1.4142541286479346
FIRST_5a45,comum,so_INI,sharpe,sortino,450,0.0029432957424763866,0.007352206191191005,0.4003282369859099
FIRST_5a45,comum,so_INI,sharpe,ACASO,450,0.06316449655754616,0.04023085456671798,1.5700510774086471
FIRST_5a45,comum,so_INI,sharpe,FIXO_RETROSPECTO,450,0.004897159009828971,0.04188445991995322,0.11692066745490079
FIRST_5a45,comum,so_INI,sharpe,BASE_V6_MOM,450,0.08620993647165939,0.06528755511255807,1.3204650767367592
FIRST_5a45,comum,so_INI,sharpe,FIXO_TUDO_INI,450,0.03016383853520459,0.06590606881409973,0.45767922557006524
FIRST_5a45,comum,so_INI,sharpe,FIXO_TUDO_INI_CALR,450,-0.028950211440549083,0.05304791230298512,-0.5457370551210173
FIRST_5a45,comum,so_INI,sharpe,FIXO_V6E_INI,450,0.08437264998809556,0.05606356612487924,1.5049461855522894
FIRST_5a45,comum,so_INI,sharpe,FIXO_V6WR_INI,450,0.11900329724526472,0.05732132400165003,2.0760737704146393
FIRST_5a45,comum,so_INI,sharpe,FIXO_V6_INI,450,0.11900329724526472,0.05732132400165003,2.0760737704146393
FIRST_5a45,comum,so_INI,sharpe,FAVORITO,450,0.07991311913799208,0.0655156329204217,1.2197565004837583
FIRST_5a45,comum,so_INI,sharpe,ZEBRA,450,0.036218029865796975,0.05858175406432295,0.6182476172705492
FIRST_5a45,comum,so_INI,sharpe,VIG_MERCADO,450,0.06714534112324766,0.04881140042740002,1.3756077583374555
FIRST_5a45,comum,so_INI,sortino,ACASO,450,0.06022120081506978,0.03930914746527041,1.5319894909518235
FIRST_5a45,comum,so_INI,sortino,FIXO_RETROSPECTO,450,0.001953863267352587,0.04003149437670639,0.048808152125580026
FIRST_5a45,comum,so_INI,sortino,BASE_V6_MOM,450,0.08326664072918301,0.0646652952661585,1.2876557724891302
FIRST_5a45,comum,so_INI,sortino,FIXO_TUDO_INI,450,0.02722054279272819,0.06552119319215931,0.4154463840866924
FIRST_5a45,comum,so_INI,sortino,FIXO_TUDO_INI_CALR,450,-0.03189350718302548,0.053059780620535256,-0.6010862994537527
FIRST_5a45,comum,so_INI,sortino,FIXO_V6E_INI,450,0.08142935424561916,0.05590387424589458,1.4565959040235765
FIRST_5a45,comum,so_INI,sortino,FIXO_V6WR_INI,450,0.11606000150278835,0.05746318396203951,2.019727998007528
FIRST_5a45,comum,so_INI,sortino,FIXO_V6_INI,450,0.11606000150278835,0.05746318396203951,2.019727998007528
FIRST_5a45,comum,so_INI,sortino,FAVORITO,450,0.0769698233955157,0.06456530058046044,1.1921236748460098
FIRST_5a45,comum,so_INI,sortino,ZEBRA,450,0.03327473412332058,0.058165135449007546,0.5720735259439397
FIRST_5a45,comum,so_INI,sortino,VIG_MERCADO,450,0.06420204538077126,0.04748845761827345,1.351950528628381
FIRST_5a45,comum,so_INI,calmar,llskill_todas,450,0.052069711919757455,0.0352055234227879,1.4790210983215684
FIRST_5a45,comum,so_INI,calmar,ll_todas,450,0.0478089295590403,0.0442293644387195,1.080931868810377
FIRST_5a45,comum,so_INI,calmar,llskill_entradas,450,0.04346619990530906,0.03656900685662666,1.1886076117878646
FIRST_5a45,comum,so_INI,calmar,ll_entradas,450,0.07474733484792782,0.04915785947021912,1.5205571530878264
FIRST_5a45,comum,so_INI,calmar,ppg,450,0.015917555890911136,0.020245188299949275,0.7862389647890318
FIRST_5a45,comum,so_INI,calmar,lucro,450,0.015917555890911136,0.020245188299949275,0.7862389647890318
FIRST_5a45,comum,so_INI,calmar,roi,450,-0.00018167206885957496,0.014453921562760154,-0.012569050417960234
FIRST_5a45,comum,so_INI,calmar,sharpe,450,0.008500200785428368,0.027933168037223666,0.3043049314743327
FIRST_5a45,comum,so_INI,calmar,sortino,450,0.011443496527904754,0.025491144838959406,0.448920462387985
FIRST_5a45,comum,so_INI,calmar,maxdd,450,0.004321610555764168,0.030941495492085656,0.13967038396284265
FIRST_5a45,comum,so_INI,calmar,seq_ruim,450,0.055683866991006886,0.04951814303897943,1.1245144420535713
FIRST_5a45,comum,so_INI,calmar,ppg_nao_piorando_ou_nada,450,0.015917555890911136,0.020245188299949275,0.7862389647890318
FIRST_5a45,comum,so_INI,calmar,funcao_menor_vol,450,0.07954078929746031,0.05459223041486158,1.456998343775436
FIRST_5a45,comum,so_INI,calmar,ACASO,450,0.07166469734297454,0.04430803149783405,1.6174200234212117
FIRST_5a45,comum,so_INI,calmar,FIXO_RETROSPECTO,450,0.013397359795257342,0.0422237603462281,0.3172943310922838
FIRST_5a45,comum,so_INI,calmar,BASE_V6_MOM,450,0.09471013725708775,0.06770755926201887,1.3988118651651975
FIRST_5a45,comum,so_INI,calmar,FIXO_TUDO_INI,450,0.038664039320632955,0.07109610253503525,0.5438278322159757
FIRST_5a45,comum,so_INI,calmar,FIXO_TUDO_INI_CALR,450,-0.020450010655120726,0.05130173795036606,-0.3986221806930969
FIRST_5a45,comum,so_INI,calmar,FIXO_V6E_INI,450,0.09287285077352392,0.057900810379488986,1.6039991524267778
FIRST_5a45,comum,so_INI,calmar,FIXO_V6WR_INI,450,0.1275034980306931,0.05975912598340202,2.1336238763951627
FIRST_5a45,comum,so_INI,calmar,FIXO_V6_INI,450,0.1275034980306931,0.05975912598340202,2.1336238763951627
FIRST_5a45,comum,so_INI,calmar,FAVORITO,450,0.08841331992342043,0.07163804692127954,1.2341670902973476
FIRST_5a45,comum,so_INI,calmar,ZEBRA,450,0.04471823065122536,0.05726402638476563,0.7809131399660377
FIRST_5a45,comum,so_INI,calmar,VIG_MERCADO,450,0.07564554190867602,0.05374615243995841,1.4074596687303735
FIRST_5a45,comum,so_INI,maxdd,ppg,450,0.011595945335146962,0.03979630448843337,0.29138246588994904
FIRST_5a45,comum,so_INI,maxdd,roi,450,-0.004503282624623748,0.03569121400734876,-0.12617342250382768
FIRST_5a45,comum,so_INI,maxdd,sharpe,450,0.004178590229664197,0.04315192270230566,0.09683439272199404
FIRST_5a45,comum,so_INI,maxdd,sortino,450,0.007121885972140581,0.04142079757697834,0.1719398560325869
FIRST_5a45,comum,so_INI,maxdd,seq_ruim,450,0.051362256435242705,0.0525514991544415,0.9773699563602595
FIRST_5a45,comum,so_INI,maxdd,ppg_nao_piorando_ou_nada,450,0.011595945335146962,0.03979630448843337,0.29138246588994904
FIRST_5a45,comum,so_INI,maxdd,ACASO,450,0.06734308678721035,0.045787712957594165,1.4707676456690353
FIRST_5a45,comum,so_INI,maxdd,FIXO_RETROSPECTO,450,0.009075749239493176,0.035081681828849035,0.25870336786504444
FIRST_5a45,comum,so_INI,maxdd,BASE_V6_MOM,450,0.09038852670132362,0.06629739391670961,1.3633797855595962
FIRST_5a45,comum,so_INI,maxdd,FIXO_TUDO_INI,450,0.0343424287648688,0.07063811669475246,0.4861741843043788
FIRST_5a45,comum,so_INI,maxdd,FIXO_TUDO_INI_CALR,450,-0.024771621210884893,0.056714752499664164,-0.4367756204354692
FIRST_5a45,comum,so_INI,maxdd,FIXO_V6E_INI,450,0.08855124021775976,0.059221333801456034,1.4952591327077238
FIRST_5a45,comum,so_INI,maxdd,FIXO_V6WR_INI,450,0.12318188747492896,0.06017153339692819,2.0471787990235515
FIRST_5a45,comum,so_INI,maxdd,FIXO_V6_INI,450,0.12318188747492896,0.06017153339692819,2.0471787990235515
FIRST_5a45,comum,so_INI,maxdd,FAVORITO,450,0.0840917093676563,0.07265360630697415,1.1574333834490496
FIRST_5a45,comum,so_INI,maxdd,ZEBRA,450,0.04039662009546117,0.06008295379349273,0.6723474387478652
FIRST_5a45,comum,so_INI,maxdd,VIG_MERCADO,450,0.07132393135291185,0.05541862290348904,1.287002953449813
FIRST_5a45,comum,so_INI,seq_ruim,sharpe,450,-0.04718366620557851,0.060312537946540866,-0.7823193619774487
FIRST_5a45,comum,so_INI,seq_ruim,sortino,450,-0.04424037046310213,0.05832308336836056,-0.7585396365909882
FIRST_5a45,comum,so_INI,seq_ruim,ACASO,450,0.015980830351967658,0.0401428267043805,0.39809927859972516
FIRST_5a45,comum,so_INI,seq_ruim,FIXO_RETROSPECTO,450,-0.042286507195749515,0.05517115039779719,-0.7664604941324167
FIRST_5a45,comum,so_INI,seq_ruim,BASE_V6_MOM,450,0.03902627026608089,0.06427488094362427,0.6071776360085517
FIRST_5a45,comum,so_INI,seq_ruim,FIXO_TUDO_INI,450,-0.01701982767037392,0.059312796614690834,-0.2869503486901574
FIRST_5a45,comum,so_INI,seq_ruim,FIXO_TUDO_INI_CALR,450,-0.0761338776461276,0.06656754153938854,-1.1437087187766817
FIRST_5a45,comum,so_INI,seq_ruim,FIXO_V6E_INI,450,0.03718898378251704,0.052028115176122734,0.7147862969209421
FIRST_5a45,comum,so_INI,seq_ruim,FIXO_V6WR_INI,450,0.07181963103968624,0.05308583151235711,1.3528964131035293
FIRST_5a45,comum,so_INI,seq_ruim,FIXO_V6_INI,450,0.07181963103968624,0.05308583151235711,1.3528964131035293
FIRST_5a45,comum,so_INI,seq_ruim,FAVORITO,450,0.032729452932413555,0.06749445743986428,0.48492060198534975
FIRST_5a45,comum,so_INI,seq_ruim,ZEBRA,450,-0.010965636339781527,0.06696038207733403,-0.16376304912831996
FIRST_5a45,comum,so_INI,seq_ruim,VIG_MERCADO,450,0.01996167491766913,0.052434286609040016,0.38069889396049506
FIRST_5a45,comum,so_INI,brier_com_roi>=0,bsskill_todas,450,-0.01700761912916132,0.045977293156148284,-0.36991344991537384
FIRST_5a45,comum,so_INI,brier_com_roi>=0,llskill_todas,450,-0.021566464588068473,0.03981236169405786,-0.5417027192156588
FIRST_5a45,comum,so_INI,brier_com_roi>=0,brier_todas,450,-0.011930454682196246,0.033990397615731194,-0.3509948549903011
FIRST_5a45,comum,so_INI,brier_com_roi>=0,ll_todas,450,-0.025827246948785642,0.03276483963148449,-0.788261051763783
FIRST_5a45,comum,so_INI,brier_com_roi>=0,bsskill_entradas,450,-0.031656612750469985,0.04381901248142114,-0.7224401226269556
FIRST_5a45,comum,so_INI,brier_com_roi>=0,llskill_entradas,450,-0.030169976602516864,0.04255043336344285,-0.7090404072931807
FIRST_5a45,comum,so_INI,brier_com_roi>=0,brier_entradas,450,0.00384074081887217,0.03799061720510837,0.10109708926644469
FIRST_5a45,comum,so_INI,brier_com_roi>=0,ll_entradas,450,0.0011111583401019033,0.03774445068517241,0.029438985597382467
FIRST_5a45,comum,so_INI,brier_com_roi>=0,ppg,450,-0.05771862061691481,0.052668472980138346,-1.0958855905824516
FIRST_5a45,comum,so_INI,brier_com_roi>=0,lucro,450,-0.05771862061691481,0.052668472980138346,-1.0958855905824516
FIRST_5a45,comum,so_INI,brier_com_roi>=0,roi,450,-0.0738178485766855,0.05224383638012056,-1.4129484680182123
FIRST_5a45,comum,so_INI,brier_com_roi>=0,sharpe,450,-0.06513597572239756,0.04747050091504596,-1.3721358415611842
FIRST_5a45,comum,so_INI,brier_com_roi>=0,sortino,450,-0.06219267997992118,0.04591580678054564,-1.3544938952542154
FIRST_5a45,comum,so_INI,brier_com_roi>=0,calmar,450,-0.0736361765078259,0.052001999041946474,-1.4160258810133166
FIRST_5a45,comum,so_INI,brier_com_roi>=0,maxdd,450,-0.06931456595206176,0.05614703267330019,-1.234518774222296
FIRST_5a45,comum,so_INI,brier_com_roi>=0,seq_ruim,450,-0.017952309516819052,0.053119484708711966,-0.3379609123707246
FIRST_5a45,comum,so_INI,brier_com_roi>=0,bsskill_t_ppg>=1_relaxar,450,-0.03681948739755953,0.05108122088625229,-0.7208028069561846
FIRST_5a45,comum,so_INI,brier_com_roi>=0,ppg_nao_piorando_ou_nada,450,-0.05771862061691481,0.052668472980138346,-1.0958855905824516
FIRST_5a45,comum,so_INI,brier_com_roi>=0,funcao_menor_vol,450,0.005904612789634373,0.036030667139116866,0.1638774204994945
FIRST_5a45,comum,so_INI,brier_com_roi>=0,ACASO,450,-0.001971479164851392,0.031331341067090596,-0.06292354868021173
FIRST_5a45,comum,so_INI,brier_com_roi>=0,FIXO_RETROSPECTO,450,-0.0602388167125686,0.046975008282724835,-1.2823588311046996
FIRST_5a45,comum,so_INI,brier_com_roi>=0,BASE_V6_MOM,450,0.021073960749261843,0.058171942712293465,0.36227019017551715
FIRST_5a45,comum,so_INI,brier_com_roi>=0,FIXO_TUDO_INI,450,-0.03497213718719298,0.05082577133365362,-0.6880788283096185
FIRST_5a45,comum,so_INI,brier_com_roi>=0,FIXO_TUDO_INI_CALR,450,-0.09408618716294664,0.06564060023803737,-1.4333535467645775
FIRST_5a45,comum,so_INI,brier_com_roi>=0,FIXO_V6E_INI,450,0.019236674265697987,0.05648140407474723,0.34058420786140975
FIRST_5a45,comum,so_INI,brier_com_roi>=0,FIXO_V6WR_INI,450,0.053867321522867176,0.05571275418462351,0.966875939113675
FIRST_5a45,comum,so_INI,brier_com_roi>=0,FIXO_V6_INI,450,0.053867321522867176,0.05571275418462351,0.966875939113675
FIRST_5a45,comum,so_INI,brier_com_roi>=0,FAVORITO,450,0.014777143415594506,0.04713107753002178,0.3135328999465733
FIRST_5a45,comum,so_INI,brier_com_roi>=0,ZEBRA,450,-0.028917945856600593,0.06846331706333764,-0.4223859885410995
FIRST_5a45,comum,so_INI,brier_com_roi>=0,VIG_MERCADO,450,0.0020093654008500887,0.03543197046788154,0.05671051805237711
FIRST_5a45,comum,so_INI,bsskill_t_ppg>=1_relaxar,bsskill_todas,450,0.019811868268398203,0.020368427404061338,0.9726753997929088
FIRST_5a45,comum,so_INI,bsskill_t_ppg>=1_relaxar,llskill_todas,450,0.015253022809491062,0.028104440117367364,0.5427264427183993
FIRST_5a45,comum,so_INI,bsskill_t_ppg>=1_relaxar,ll_todas,450,0.010992240448773888,0.04024207971577667,0.2731528918587288
FIRST_5a45,comum,so_INI,bsskill_t_ppg>=1_relaxar,llskill_entradas,450,0.006649510795042662,0.03880883874659501,0.1713401124537918
FIRST_5a45,comum,so_INI,bsskill_t_ppg>=1_relaxar,ll_entradas,450,0.037930645737661424,0.04590369656621396,0.8263091771476012
FIRST_5a45,comum,so_INI,bsskill_t_ppg>=1_relaxar,ppg,450,-0.020899133219355256,0.03453868851537977,-0.6050934218318411
FIRST_5a45,comum,so_INI,bsskill_t_ppg>=1_relaxar,lucro,450,-0.020899133219355256,0.03453868851537977,-0.6050934218318411
FIRST_5a45,comum,so_INI,bsskill_t_ppg>=1_relaxar,roi,450,-0.03699836117912598,0.036324442817663574,-1.0185527515134987
FIRST_5a45,comum,so_INI,bsskill_t_ppg>=1_relaxar,sharpe,450,-0.02831648832483803,0.032620670145885204,-0.8680535439094862
FIRST_5a45,comum,so_INI,bsskill_t_ppg>=1_relaxar,sortino,450,-0.025373192582361644,0.03231135552182377,-0.7852716846009155
FIRST_5a45,comum,so_INI,bsskill_t_ppg>=1_relaxar,calmar,450,-0.0368166891102664,0.03946566663964275,-0.9328789361759954
FIRST_5a45,comum,so_INI,bsskill_t_ppg>=1_relaxar,maxdd,450,-0.032495078554502226,0.04866529321636486,-0.6677259378676667
FIRST_5a45,comum,so_INI,bsskill_t_ppg>=1_relaxar,seq_ruim,450,0.018867177880740472,0.061116384111404395,0.3087090009505296
FIRST_5a45,comum,so_INI,bsskill_t_ppg>=1_relaxar,ppg_nao_piorando_ou_nada,450,-0.020899133219355256,0.03453868851537977,-0.6050934218318411
FIRST_5a45,comum,so_INI,bsskill_t_ppg>=1_relaxar,funcao_menor_vol,450,0.042724100187193886,0.04893976113612769,0.8729936394326747
FIRST_5a45,comum,so_INI,bsskill_t_ppg>=1_relaxar,ACASO,450,0.03484800823270814,0.03776385748293963,0.9227873039307817
FIRST_5a45,comum,so_INI,bsskill_t_ppg>=1_relaxar,FIXO_RETROSPECTO,450,-0.023419329315009042,0.03792520630095085,-0.617513564175968
FIRST_5a45,comum,so_INI,bsskill_t_ppg>=1_relaxar,BASE_V6_MOM,450,0.05789344814682137,0.060617863818816425,0.9550558944119477
FIRST_5a45,comum,so_INI,bsskill_t_ppg>=1_relaxar,FIXO_TUDO_INI,450,0.0018473502103665575,0.06465947842508474,0.02857044713880456
FIRST_5a45,comum,so_INI,bsskill_t_ppg>=1_relaxar,FIXO_TUDO_INI_CALR,450,-0.057266699765387105,0.05773017017249635,-0.9919717817265322
FIRST_5a45,comum,so_INI,bsskill_t_ppg>=1_relaxar,FIXO_V6E_INI,450,0.05605616166325752,0.05035058326887303,1.1133170268141006
FIRST_5a45,comum,so_INI,bsskill_t_ppg>=1_relaxar,FIXO_V6WR_INI,450,0.09068680892042674,0.052348546877417156,1.7323653535748569
FIRST_5a45,comum,so_INI,bsskill_t_ppg>=1_relaxar,FIXO_V6_INI,450,0.09068680892042674,0.052348546877417156,1.7323653535748569
FIRST_5a45,comum,so_INI,bsskill_t_ppg>=1_relaxar,FAVORITO,450,0.05159663081315404,0.07002133877407282,0.7368700986942427
FIRST_5a45,comum,so_INI,bsskill_t_ppg>=1_relaxar,ZEBRA,450,0.007901541540958944,0.05252863986455986,0.15042349395172466
FIRST_5a45,comum,so_INI,bsskill_t_ppg>=1_relaxar,VIG_MERCADO,450,0.03882885279840963,0.04945643472071478,0.785112251169739
FIRST_5a45,comum,so_INI,ppg_nao_piorando_ou_nada,roi,450,-0.016099227959770715,0.014980623863842416,-1.074670060879653
FIRST_5a45,comum,so_INI,ppg_nao_piorando_ou_nada,sharpe,450,-0.007417355105482773,0.023919692228829812,-0.31009408626682994
FIRST_5a45,comum,so_INI,ppg_nao_piorando_ou_nada,sortino,450,-0.004474059363006384,0.02277492931293369,-0.19644668492848424
FIRST_5a45,comum,so_INI,ppg_nao_piorando_ou_nada,seq_ruim,450,0.03976631110009574,0.05740009274525219,0.692791756915497
FIRST_5a45,comum,so_INI,ppg_nao_piorando_ou_nada,ACASO,450,0.055747141452063394,0.04351839301136596,1.2810018384066613
FIRST_5a45,comum,so_INI,ppg_nao_piorando_ou_nada,FIXO_RETROSPECTO,450,-0.0025201960956537936,0.0410339118736343,-0.06141739796621989
FIRST_5a45,comum,so_INI,ppg_nao_piorando_ou_nada,BASE_V6_MOM,450,0.07879258136617662,0.06856170678775599,1.1492214102850733
FIRST_5a45,comum,so_INI,ppg_nao_piorando_ou_nada,FIXO_TUDO_INI,450,0.02274648342972182,0.06905061931874583,0.3294175150655979
FIRST_5a45,comum,so_INI,ppg_nao_piorando_ou_nada,FIXO_TUDO_INI_CALR,450,-0.036367566546031856,0.05607885069593237,-0.648507701115739
FIRST_5a45,comum,so_INI,ppg_nao_piorando_ou_nada,FIXO_V6E_INI,450,0.07695529488261277,0.057514123172269255,1.3380243084313799
FIRST_5a45,comum,so_INI,ppg_nao_piorando_ou_nada,FIXO_V6WR_INI,450,0.11158594213978197,0.058293288921960645,1.914215927826034
FIRST_5a45,comum,so_INI,ppg_nao_piorando_ou_nada,FIXO_V6_INI,450,0.11158594213978197,0.058293288921960645,1.914215927826034
FIRST_5a45,comum,so_INI,ppg_nao_piorando_ou_nada,FAVORITO,450,0.0724957640325093,0.07012809215456228,1.033762103105966
FIRST_5a45,comum,so_INI,ppg_nao_piorando_ou_nada,ZEBRA,450,0.02880067476031421,0.0592064427427208,0.4864449446062209
FIRST_5a45,comum,so_INI,ppg_nao_piorando_ou_nada,VIG_MERCADO,450,0.05972798601776488,0.05176549470969115,1.1538185108193906
FIRST_5a45,comum,so_INI,funcao_menor_vol,llskill_todas,450,-0.027471077377702834,0.04445024877696997,-0.6180185293346618
FIRST_5a45,comum,so_INI,funcao_menor_vol,ll_todas,450,-0.031731859738420014,0.02937683986301023,-1.0801658682959667
FIRST_5a45,comum,so_INI,funcao_menor_vol,llskill_entradas,450,-0.036074589392151225,0.04795849581754647,-0.7522043545609429
FIRST_5a45,comum,so_INI,funcao_menor_vol,ll_entradas,450,-0.004793454449532468,0.03504242560137112,-0.13679003000708123
FIRST_5a45,comum,so_INI,funcao_menor_vol,ppg,450,-0.06362323340654917,0.05525598542646277,-1.1514269977362348
FIRST_5a45,comum,so_INI,funcao_menor_vol,lucro,450,-0.06362323340654917,0.05525598542646277,-1.1514269977362348
FIRST_5a45,comum,so_INI,funcao_menor_vol,roi,450,-0.07972246136631989,0.058362963802517445,-1.3659769170749536
FIRST_5a45,comum,so_INI,funcao_menor_vol,sharpe,450,-0.07104058851203195,0.054938990600008154,-1.293081429712715
FIRST_5a45,comum,so_INI,funcao_menor_vol,sortino,450,-0.06809729276955555,0.053783300499063574,-1.2661419462485608
FIRST_5a45,comum,so_INI,funcao_menor_vol,maxdd,450,-0.07521917874169613,0.057031646956075294,-1.3189024472610538
FIRST_5a45,comum,so_INI,funcao_menor_vol,seq_ruim,450,-0.023856922306453435,0.04005722939890494,-0.5955709534695284
FIRST_5a45,comum,so_INI,funcao_menor_vol,ppg_nao_piorando_ou_nada,450,-0.06362323340654917,0.05525598542646277,-1.1514269977362348
FIRST_5a45,comum,so_INI,funcao_menor_vol,ACASO,450,-0.007876091954485765,0.02528585916957518,-0.3114820778549044
FIRST_5a45,comum,so_INI,funcao_menor_vol,FIXO_RETROSPECTO,450,-0.06614342950220296,0.046914405789748516,-1.4098746086358036
FIRST_5a45,comum,so_INI,funcao_menor_vol,BASE_V6_MOM,450,0.01516934795962747,0.05147147223307933,0.2947136987054848
FIRST_5a45,comum,so_INI,funcao_menor_vol,FIXO_TUDO_INI,450,-0.04087674997682735,0.04534612895239771,-0.90143857747456
FIRST_5a45,comum,so_INI,funcao_menor_vol,FIXO_TUDO_INI_CALR,450,-0.09999079995258102,0.06310342420503655,-1.584554264879343
FIRST_5a45,comum,so_INI,funcao_menor_vol,FIXO_V6E_INI,450,0.013332061476063615,0.046082692434509985,0.28930734667924096
FIRST_5a45,comum,so_INI,funcao_menor_vol,FIXO_V6WR_INI,450,0.047962708733232814,0.04211510442731819,1.1388481492668827
FIRST_5a45,comum,so_INI,funcao_menor_vol,FIXO_V6_INI,450,0.047962708733232814,0.04211510442731819,1.1388481492668827
FIRST_5a45,comum,so_INI,funcao_menor_vol,FAVORITO,450,0.008872530625960141,0.057171321842070036,0.1551919798263473
FIRST_5a45,comum,so_INI,funcao_menor_vol,ZEBRA,450,-0.03482255864623496,0.05782075776495723,-0.6022501259459362
FIRST_5a45,comum,so_INI,funcao_menor_vol,VIG_MERCADO,450,-0.0038952473887842788,0.03727295762925851,-0.10450599138198223
MULTI_5a45,propria,todas,bsskill_todas,llskill_todas,450,0.11788040929252747,0.09724804684387357,1.2121622296618257
MULTI_5a45,propria,todas,bsskill_todas,ll_todas,450,-0.3038289302714645,0.21361846294151257,-1.4222971464533523
MULTI_5a45,propria,todas,bsskill_todas,llskill_entradas,450,-0.04945572345923316,0.20673946324918838,-0.23921762532401908
MULTI_5a45,propria,todas,bsskill_todas,ll_entradas,450,-0.5583905790167698,0.21502319180622487,-2.5968853607195155
MULTI_5a45,propria,todas,bsskill_todas,ppg,450,-0.17873666541693412,0.18829794530073984,-0.9492226010829011
MULTI_5a45,propria,todas,bsskill_todas,lucro,450,-0.33399012671269873,0.1945870419365059,-1.716404768729052
MULTI_5a45,propria,todas,bsskill_todas,roi,450,-0.018384983056150887,0.20872877384563865,-0.08808073135976523
MULTI_5a45,propria,todas,bsskill_todas,sharpe,450,-0.042512920584064945,0.217119140238305,-0.19580457318228017
MULTI_5a45,propria,todas,bsskill_todas,sortino,450,-0.018384983056150887,0.20872877384563865,-0.08808073135976523
MULTI_5a45,propria,todas,bsskill_todas,calmar,450,0.0910402376296552,0.17237444801061647,0.5281539037853689
MULTI_5a45,propria,todas,bsskill_todas,maxdd,450,-0.06493086017599546,0.2372885863695237,-0.2736366766283492
MULTI_5a45,propria,todas,bsskill_todas,seq_ruim,450,-0.09546709688392624,0.22075979995205733,-0.43244783200863085
MULTI_5a45,propria,todas,bsskill_todas,ppg_nao_piorando_ou_nada,450,-0.17873666541693412,0.18829794530073984,-0.9492226010829011
MULTI_5a45,propria,todas,bsskill_todas,funcao_menor_vol,450,-0.07310706225276634,0.24085019614044068,-0.30353748273527387
MULTI_5a45,propria,todas,bsskill_todas,ACASO,450,-0.15869872161552767,0.17536902591688927,-0.9049415698456239
MULTI_5a45,propria,todas,bsskill_todas,FIXO_RETROSPECTO,450,-0.4760616103402993,0.22345612467552872,-2.1304478050515216
MULTI_5a45,propria,todas,bsskill_todas,BASE_V6_MOM,450,-0.2866193075836357,0.215220842373854,-1.3317451247856258
MULTI_5a45,propria,todas,bsskill_todas,FIXO_TUDO_INI,450,-0.05393853957916697,0.2465680920432839,-0.21875717629229297
MULTI_5a45,propria,todas,bsskill_todas,FIXO_TUDO_INI_CALR,450,-0.26758068379736394,0.21610388080187296,-1.2382039730359384
MULTI_5a45,propria,todas,bsskill_todas,FIXO_TUDO_MOM,450,0.05269601314315809,0.25504838770109667,0.20661182616419851
MULTI_5a45,propria,todas,bsskill_todas,FIXO_V6E_INI,450,-0.3878956629290922,0.2223284098179641,-1.7446967899724992
MULTI_5a45,propria,todas,bsskill_todas,FIXO_V6E_MOM,450,-0.4760616103402993,0.22345612467552872,-2.1304478050515216
MULTI_5a45,propria,todas,bsskill_todas,FIXO_V6WR_INI,450,-0.25240342327352433,0.215301189855231,-1.1723271173895553
MULTI_5a45,propria,todas,bsskill_todas,FIXO_V6WR_MOM,450,-0.29023931103222916,0.21887145806734123,-1.3260719949283193
MULTI_5a45,propria,todas,bsskill_todas,FIXO_V6_INI,450,-0.2557546511921239,0.21481689626505912,-1.1905704608847545
MULTI_5a45,propria,todas,bsskill_todas,FIXO_V6_MOM,450,-0.2866193075836357,0.215220842373854,-1.3317451247856258
MULTI_5a45,propria,todas,bsskill_todas,FAVORITO,450,0.9303381367667497,0.3822607846833799,2.433778650711799
MULTI_5a45,propria,todas,bsskill_todas,ZEBRA,450,-0.28559052818934566,0.30430535474687037,-0.9384998447592477
MULTI_5a45,propria,todas,bsskill_todas,VIG_MERCADO,450,0.5442571016446585,0.21182403750352824,2.569383097683581
MULTI_5a45,propria,todas,llskill_todas,ppg,450,-0.2966170747094615,0.20929238089899696,-1.4172378059601074
MULTI_5a45,propria,todas,llskill_todas,lucro,450,-0.45187053600522625,0.21706555299323893,-2.0817238376800438
MULTI_5a45,propria,todas,llskill_todas,roi,450,-0.13626539234867835,0.22733100011412033,-0.5994140362743006
MULTI_5a45,propria,todas,llskill_todas,sharpe,450,-0.1603933298765924,0.23478009689707127,-0.6831640841638702
MULTI_5a45,propria,todas,llskill_todas,sortino,450,-0.13626539234867835,0.22733100011412033,-0.5994140362743006
MULTI_5a45,propria,todas,llskill_todas,maxdd,450,-0.18281126946852289,0.2360040877503135,-0.7746106061600623
MULTI_5a45,propria,todas,llskill_todas,seq_ruim,450,-0.21334750617645373,0.24255292309432178,-0.8795915689438593
MULTI_5a45,propria,todas,llskill_todas,ppg_nao_piorando_ou_nada,450,-0.2966170747094615,0.20929238089899696,-1.4172378059601074
MULTI_5a45,propria,todas,llskill_todas,ACASO,450,-0.27657913090805497,0.1895652240639939,-1.4590182997630763
MULTI_5a45,propria,todas,llskill_todas,FIXO_RETROSPECTO,450,-0.5939420196328267,0.2382935801489798,-2.4924801551997224
MULTI_5a45,propria,todas,llskill_todas,BASE_V6_MOM,450,-0.4044997168761631,0.2243173773060527,-1.8032473530763262
MULTI_5a45,propria,todas,llskill_todas,FIXO_TUDO_INI,450,-0.17181894887169444,0.2464580911777053,-0.6971528021281584
MULTI_5a45,propria,todas,llskill_todas,FIXO_TUDO_INI_CALR,450,-0.3854610930898914,0.24470692664993524,-1.5751948601001868
MULTI_5a45,propria,todas,llskill_todas,FIXO_TUDO_MOM,450,-0.06518439614936933,0.247411643020041,-0.2634653541510543
MULTI_5a45,propria,todas,llskill_todas,FIXO_V6E_INI,450,-0.5057760722216196,0.23731161654635965,-2.1312739746257403
MULTI_5a45,propria,todas,llskill_todas,FIXO_V6E_MOM,450,-0.5939420196328267,0.2382935801489798,-2.4924801551997224
MULTI_5a45,propria,todas,llskill_todas,FIXO_V6WR_INI,450,-0.37028383256605174,0.22647903627289176,-1.6349585315255626
MULTI_5a45,propria,todas,llskill_todas,FIXO_V6WR_MOM,450,-0.40811972032475663,0.22814645180055582,-1.7888497371045344
MULTI_5a45,propria,todas,llskill_todas,FIXO_V6_INI,450,-0.37363506048465134,0.22539129179630063,-1.6577173745573424
MULTI_5a45,propria,todas,llskill_todas,FIXO_V6_MOM,450,-0.4044997168761631,0.2243173773060527,-1.8032473530763262
MULTI_5a45,propria,todas,llskill_todas,FAVORITO,450,0.8124577274742222,0.377936861188135,2.1497181431841996
MULTI_5a45,propria,todas,llskill_todas,ZEBRA,450,-0.403470937481873,0.3252708331928772,-1.240415359475607
MULTI_5a45,propria,todas,llskill_todas,VIG_MERCADO,450,0.426376692352131,0.2166723542408534,1.9678407697466094
MULTI_5a45,propria,todas,brier_todas,bsskill_todas,450,0.3145383524196832,0.21405782277554536,1.4694083511701355
MULTI_5a45,propria,todas,brier_todas,llskill_todas,450,0.43241876171221066,0.2359754975600989,1.8324731431155519
MULTI_5a45,propria,todas,brier_todas,ll_todas,450,0.010709422148218658,0.02272240797182572,0.4713154592373146
MULTI_5a45,propria,todas,brier_todas,bsskill_entradas,450,0.2354821533573483,0.21572172036759957,1.0916014991725267
MULTI_5a45,propria,todas,brier_todas,llskill_entradas,450,0.26508262896044993,0.21281069473858413,1.2456264441318443
MULTI_5a45,propria,todas,brier_todas,ll_entradas,450,-0.24385222659708658,0.1344552502236121,-1.8136311240471215
MULTI_5a45,propria,todas,brier_todas,ppg,450,0.13580168700274903,0.23291926041071864,0.5830418951326003
MULTI_5a45,propria,todas,brier_todas,lucro,450,-0.019451774293015613,0.16493836615321444,-0.11793359390347352
MULTI_5a45,propria,todas,brier_todas,roi,450,0.2961533693635323,0.22925729936440806,1.2917947222818493
MULTI_5a45,propria,todas,brier_todas,sharpe,450,0.2720254318356182,0.23906416485769413,1.137876235016422
MULTI_5a45,propria,todas,brier_todas,sortino,450,0.2961533693635323,0.22925729936440806,1.2917947222818493
MULTI_5a45,propria,todas,brier_todas,calmar,450,0.40557859004933833,0.21261883196903067,1.9075384164861442
MULTI_5a45,propria,todas,brier_todas,maxdd,450,0.2496074922436877,0.2293222713780252,1.0884572647208062
MULTI_5a45,propria,todas,brier_todas,seq_ruim,450,0.2190712555357569,0.18675799986285477,1.1730220697192693
MULTI_5a45,propria,todas,brier_todas,bsskill_t_ppg>=1_relaxar,450,0.2601986240242722,0.21315371889180446,1.220708816984551
MULTI_5a45,propria,todas,brier_todas,ppg_nao_piorando_ou_nada,450,0.13580168700274903,0.23291926041071864,0.5830418951326003
MULTI_5a45,propria,todas,brier_todas,funcao_menor_vol,450,0.24143129016691686,0.19370633600442083,1.2463778684111129
MULTI_5a45,propria,todas,brier_todas,ACASO,450,0.15583963080415553,0.14091263642755053,1.105930843074387
MULTI_5a45,propria,todas,brier_todas,FIXO_RETROSPECTO,450,-0.16152325792061611,0.1646316050778911,-0.9811193776808266
MULTI_5a45,propria,todas,brier_todas,BASE_V6_MOM,450,0.027919044836047523,0.16201085973672194,0.17232823084463453
MULTI_5a45,propria,todas,brier_todas,FIXO_TUDO_INI,450,0.26059981284051625,0.20112699540394952,1.295697836668418
MULTI_5a45,propria,todas,brier_todas,FIXO_TUDO_INI_CALR,450,0.0469576686223193,0.24503818495109256,0.1916340860576144
MULTI_5a45,propria,todas,brier_todas,FIXO_TUDO_MOM,450,0.36723436556284134,0.22401537273035593,1.6393266278420813
MULTI_5a45,propria,todas,brier_todas,FIXO_V6E_INI,450,-0.07335731050940898,0.1560685748851592,-0.47003255180223114
MULTI_5a45,propria,todas,brier_todas,FIXO_V6E_MOM,450,-0.16152325792061611,0.1646316050778911,-0.9811193776808266
MULTI_5a45,propria,todas,brier_todas,FIXO_V6WR_INI,450,0.06213492914615887,0.15995369332284198,0.38845573275228507
MULTI_5a45,propria,todas,brier_todas,FIXO_V6WR_MOM,450,0.0242990413874541,0.16579256007692406,0.14656291799933535
MULTI_5a45,propria,todas,brier_todas,FIXO_V6_INI,450,0.05878370122755928,0.15560478190540114,0.37777567313642346
MULTI_5a45,propria,todas,brier_todas,FIXO_V6_MOM,450,0.027919044836047523,0.16201085973672194,0.17232823084463453
MULTI_5a45,propria,todas,brier_todas,FAVORITO,450,1.2448764891864328,0.3797574927863182,3.2780827576373834
MULTI_5a45,propria,todas,brier_todas,ZEBRA,450,0.028947824230337465,0.31369494806201564,0.0922801734907591
MULTI_5a45,propria,todas,brier_todas,VIG_MERCADO,450,0.8587954540643418,0.2139692069562993,4.013640403124645
MULTI_5a45,propria,todas,ll_todas,llskill_todas,450,0.421709339563992,0.2361421037624847,1.7858286719938499
MULTI_5a45,propria,todas,ll_todas,llskill_entradas,450,0.2543732068122313,0.20722406110925826,1.2275273703767142
MULTI_5a45,propria,todas,ll_todas,ppg,450,0.1250922648545304,0.22951702070766156,0.5450239135591685
MULTI_5a45,propria,todas,ll_todas,lucro,450,-0.030161196441234273,0.16535644327181703,-0.18240109574475152
MULTI_5a45,propria,todas,ll_todas,roi,450,0.28544394721531363,0.22405326206164458,1.2740004077101024
MULTI_5a45,propria,todas,ll_todas,sharpe,450,0.2613160096873996,0.23405307817881024,1.1164818327565904
MULTI_5a45,propria,todas,ll_todas,sortino,450,0.28544394721531363,0.22405326206164458,1.2740004077101024
MULTI_5a45,propria,todas,ll_todas,maxdd,450,0.23889807009546898,0.2283967725072308,1.0459783099076223
MULTI_5a45,propria,todas,ll_todas,seq_ruim,450,0.20836183338753825,0.18654673028742486,1.1169417607400645
MULTI_5a45,propria,todas,ll_todas,ppg_nao_piorando_ou_nada,450,0.1250922648545304,0.22951702070766156,0.5450239135591685
MULTI_5a45,propria,todas,ll_todas,ACASO,450,0.14513020865593687,0.13921067673417592,1.0425221115264338
MULTI_5a45,propria,todas,ll_todas,FIXO_RETROSPECTO,450,-0.17223268006883474,0.16473648653769665,-1.0455041484050513
MULTI_5a45,propria,todas,ll_todas,BASE_V6_MOM,450,0.01720962268782886,0.16167234910617373,0.10644753282162635
MULTI_5a45,propria,todas,ll_todas,FIXO_TUDO_INI,450,0.24989039069229754,0.20158785756243605,1.2396103302744867
MULTI_5a45,propria,todas,ll_todas,FIXO_TUDO_INI_CALR,450,0.03624824647410064,0.24488738398761775,0.1480200649125047
MULTI_5a45,propria,todas,ll_todas,FIXO_TUDO_MOM,450,0.35652494341462265,0.22560850456500933,1.5802814885105079
MULTI_5a45,propria,todas,ll_todas,FIXO_V6E_INI,450,-0.08406673265762765,0.15671065459224065,-0.5364455459417762
MULTI_5a45,propria,todas,ll_todas,FIXO_V6E_MOM,450,-0.17223268006883474,0.16473648653769665,-1.0455041484050513
MULTI_5a45,propria,todas,ll_todas,FIXO_V6WR_INI,450,0.05142550699794021,0.160711678638946,0.3199861231831974
MULTI_5a45,propria,todas,ll_todas,FIXO_V6WR_MOM,450,0.013589619239235434,0.16547178279248853,0.08212650525605097
MULTI_5a45,propria,todas,ll_todas,FIXO_V6_INI,450,0.04807427907934062,0.15643453304523455,0.3073124465775052
MULTI_5a45,propria,todas,ll_todas,FIXO_V6_MOM,450,0.01720962268782886,0.16167234910617373,0.10644753282162635
MULTI_5a45,propria,todas,ll_todas,FAVORITO,450,1.234167067038214,0.3769856669527129,3.2737771624432117
MULTI_5a45,propria,todas,ll_todas,ZEBRA,450,0.018238402082118833,0.3154889009617171,0.05780996423811425
MULTI_5a45,propria,todas,ll_todas,VIG_MERCADO,450,0.8480860319161231,0.211749971288107,4.005129383286751
MULTI_5a45,propria,todas,bsskill_entradas,bsskill_todas,450,0.07905619906233483,0.2086471596456903,0.37889899482256273
MULTI_5a45,propria,todas,bsskill_entradas,llskill_todas,450,0.1969366083548623,0.24092259956892195,0.8174268777907804
MULTI_5a45,propria,todas,bsskill_entradas,ll_todas,450,-0.22477273120912966,0.2102436895694897,-1.0691057204589145
MULTI_5a45,propria,todas,bsskill_entradas,llskill_entradas,450,0.029600475603101653,0.027153763293320168,1.090105827444676
MULTI_5a45,propria,todas,bsskill_entradas,ll_entradas,450,-0.47933437995443484,0.24040360192682447,-1.9938735364719602
MULTI_5a45,propria,todas,bsskill_entradas,ppg,450,-0.09968046635459929,0.18130519748596846,-0.5497937606687405
MULTI_5a45,propria,todas,bsskill_entradas,lucro,450,-0.25493392765036393,0.2320777819999337,-1.0984848504387927
MULTI_5a45,propria,todas,bsskill_entradas,roi,450,0.06067121600618397,0.08193497213547506,0.740480095677184
MULTI_5a45,propria,todas,bsskill_entradas,sharpe,450,0.03654327847826991,0.08516050219808617,0.4291106503020499
MULTI_5a45,propria,todas,bsskill_entradas,sortino,450,0.06067121600618397,0.08193497213547506,0.740480095677184
MULTI_5a45,propria,todas,bsskill_entradas,calmar,450,0.1700964366919901,0.19830939900326336,0.8577326014143737
MULTI_5a45,propria,todas,bsskill_entradas,maxdd,450,0.014125338886339397,0.22362808106384172,0.06316442380197713
MULTI_5a45,propria,todas,bsskill_entradas,seq_ruim,450,-0.01641089782159141,0.19257702891998316,-0.085217317525499
MULTI_5a45,propria,todas,bsskill_entradas,bsskill_t_ppg>=1_relaxar,450,0.02471647066692389,0.20690089348030943,0.1194604346610815
MULTI_5a45,propria,todas,bsskill_entradas,ppg_nao_piorando_ou_nada,450,-0.09968046635459929,0.18130519748596846,-0.5497937606687405
MULTI_5a45,propria,todas,bsskill_entradas,funcao_menor_vol,450,0.005949136809568447,0.24011898373492235,0.024775787057869418
MULTI_5a45,propria,todas,bsskill_entradas,ACASO,450,-0.07964252255319276,0.17031999184494123,-0.46760525109523876
MULTI_5a45,propria,todas,bsskill_entradas,FIXO_RETROSPECTO,450,-0.39700541127796435,0.2418814696794771,-1.641322139327356
MULTI_5a45,propria,todas,bsskill_entradas,BASE_V6_MOM,450,-0.20756310852130078,0.20998049639608135,-0.988487559957851
MULTI_5a45,propria,todas,bsskill_entradas,FIXO_TUDO_INI,450,0.025117659483167878,0.27052656394267766,0.0928472942438662
MULTI_5a45,propria,todas,bsskill_entradas,FIXO_TUDO_INI_CALR,450,-0.18852448473502906,0.29167196014901203,-0.646357931145366
MULTI_5a45,propria,todas,bsskill_entradas,FIXO_TUDO_MOM,450,0.13175221220549302,0.2766968135136632,0.47616093055942305
MULTI_5a45,propria,todas,bsskill_entradas,FIXO_V6E_INI,450,-0.3088394638667573,0.24294983523783725,-1.2712067228381407
MULTI_5a45,propria,todas,bsskill_entradas,FIXO_V6E_MOM,450,-0.39700541127796435,0.2418814696794771,-1.641322139327356
MULTI_5a45,propria,todas,bsskill_entradas,FIXO_V6WR_INI,450,-0.17334722421118948,0.22896916885210516,-0.7570767063541084
MULTI_5a45,propria,todas,bsskill_entradas,FIXO_V6WR_MOM,450,-0.2111831119698942,0.214719518508303,-0.9835301114543433
MULTI_5a45,propria,todas,bsskill_entradas,FIXO_V6_INI,450,-0.17669845212978905,0.22685053570075628,-0.778920144860826
MULTI_5a45,propria,todas,bsskill_entradas,FIXO_V6_MOM,450,-0.20756310852130078,0.20998049639608135,-0.988487559957851
MULTI_5a45,propria,todas,bsskill_entradas,FAVORITO,450,1.0093943358290847,0.3468882723761266,2.909854313940631
MULTI_5a45,propria,todas,bsskill_entradas,ZEBRA,450,-0.20653432912701078,0.36020685316955064,-0.5733770118743253
MULTI_5a45,propria,todas,bsskill_entradas,VIG_MERCADO,450,0.6233133007069932,0.19740931229097242,3.157466552480855
MULTI_5a45,propria,todas,llskill_entradas,llskill_todas,450,0.16733613275176065,0.2394764975380277,0.6987580596512962
MULTI_5a45,propria,todas,llskill_entradas,ppg,450,-0.12928094195770093,0.17594722110389588,-0.7347711498174855
MULTI_5a45,propria,todas,llskill_entradas,lucro,450,-0.28453440325346563,0.2286337139839756,-1.2444988899292777
MULTI_5a45,propria,todas,llskill_entradas,roi,450,0.031070740403082307,0.07807519705958826,0.39795916722910873
MULTI_5a45,propria,todas,llskill_entradas,sharpe,450,0.0069428028751682466,0.08192526369924927,0.08474556640617646
MULTI_5a45,propria,todas,llskill_entradas,sortino,450,0.031070740403082307,0.07807519705958826,0.39795916722910873
MULTI_5a45,propria,todas,llskill_entradas,maxdd,450,-0.015475136716762272,0.21567433732230015,-0.07175233228437597
MULTI_5a45,propria,todas,llskill_entradas,seq_ruim,450,-0.04601137342469307,0.1823756687841639,-0.252288990803626
MULTI_5a45,propria,todas,llskill_entradas,ppg_nao_piorando_ou_nada,450,-0.12928094195770093,0.17594722110389588,-0.7347711498174855
MULTI_5a45,propria,todas,llskill_entradas,ACASO,450,-0.10924299815629437,0.16288301043897302,-0.6706838108031173
MULTI_5a45,propria,todas,llskill_entradas,FIXO_RETROSPECTO,450,-0.42660588688106593,0.240366225318816,-1.7748162676150783
MULTI_5a45,propria,todas,llskill_entradas,BASE_V6_MOM,450,-0.2371635841244024,0.20805454293948078,-1.1399106252315234
MULTI_5a45,propria,todas,llskill_entradas,FIXO_TUDO_INI,450,-0.004482816119933817,0.264628903455658,-0.016940009429789935
MULTI_5a45,propria,todas,llskill_entradas,FIXO_TUDO_INI_CALR,450,-0.21812496033813072,0.292375382621788,-0.746044206533946
MULTI_5a45,propria,todas,llskill_entradas,FIXO_TUDO_MOM,450,0.1021517366023913,0.27156566682606265,0.37615851000715533
MULTI_5a45,propria,todas,llskill_entradas,FIXO_V6E_INI,450,-0.33843993946985906,0.24188276460642538,-1.3991899754434538
MULTI_5a45,propria,todas,llskill_entradas,FIXO_V6E_MOM,450,-0.42660588688106593,0.240366225318816,-1.7748162676150783
MULTI_5a45,propria,todas,llskill_entradas,FIXO_V6WR_INI,450,-0.20294769981429112,0.22556745299725176,-0.8997206694387943
MULTI_5a45,propria,todas,llskill_entradas,FIXO_V6WR_MOM,450,-0.24078358757299584,0.21280336594029584,-1.1314839241807395
MULTI_5a45,propria,todas,llskill_entradas,FIXO_V6_INI,450,-0.20629892773289069,0.2234595688477761,-0.9232047157193994
MULTI_5a45,propria,todas,llskill_entradas,FIXO_V6_MOM,450,-0.2371635841244024,0.20805454293948078,-1.1399106252315234
MULTI_5a45,propria,todas,llskill_entradas,FAVORITO,450,0.9797938602259828,0.3365491530047472,2.911294981663978
MULTI_5a45,propria,todas,llskill_entradas,ZEBRA,450,-0.2361348047301125,0.36274688642034836,-0.650963009111762
MULTI_5a45,propria,todas,llskill_entradas,VIG_MERCADO,450,0.5937128251038918,0.18651658864380247,3.183163650058638
MULTI_5a45,propria,todas,brier_entradas,bsskill_todas,450,0.5028251235801132,0.21501915926638565,2.338513113415939
MULTI_5a45,propria,todas,brier_entradas,llskill_todas,450,0.6207055328726406,0.22788986545132572,2.723708365193691
MULTI_5a45,propria,todas,brier_entradas,brier_todas,450,0.18828677116043002,0.12641179874781655,1.4894714973247876
MULTI_5a45,propria,todas,brier_entradas,ll_todas,450,0.19899619330864868,0.1295290214629542,1.536305849153368
MULTI_5a45,propria,todas,brier_entradas,bsskill_entradas,450,0.42376892451777837,0.23697114920661025,1.7882722261194042
MULTI_5a45,propria,todas,brier_entradas,llskill_entradas,450,0.45336940012088,0.23461909710648798,1.9323635872450167
MULTI_5a45,propria,todas,brier_entradas,ll_entradas,450,-0.05556545543665656,0.07121409584565122,-0.7802592278513037
MULTI_5a45,propria,todas,brier_entradas,ppg,450,0.32408845816317894,0.24336830619588287,1.3316789816596983
MULTI_5a45,propria,todas,brier_entradas,lucro,450,0.1688349968674144,0.18922356450947,0.8922514344610858
MULTI_5a45,propria,todas,brier_entradas,roi,450,0.4844401405239623,0.24515330282789433,1.97607021784265
MULTI_5a45,propria,todas,brier_entradas,sharpe,450,0.46031220299604825,0.2547464329051709,1.8069426831479873
MULTI_5a45,propria,todas,brier_entradas,sortino,450,0.4844401405239623,0.24515330282789433,1.97607021784265
MULTI_5a45,propria,todas,brier_entradas,calmar,450,0.5938653612097684,0.21882619123332697,2.7138678321031042
MULTI_5a45,propria,todas,brier_entradas,maxdd,450,0.4378942634041177,0.23525251291125673,1.8613797488713866
MULTI_5a45,propria,todas,brier_entradas,seq_ruim,450,0.4073580266961869,0.2193893131713083,1.8567815396646272
MULTI_5a45,propria,todas,brier_entradas,bsskill_t_ppg>=1_relaxar,450,0.44848539518470215,0.2163409662841923,2.073048867663638
MULTI_5a45,propria,todas,brier_entradas,ppg_nao_piorando_ou_nada,450,0.32408845816317894,0.24336830619588287,1.3316789816596983
MULTI_5a45,propria,todas,brier_entradas,funcao_menor_vol,450,0.4297180613273468,0.18374237833669255,2.338698699871645
MULTI_5a45,propria,todas,brier_entradas,ACASO,450,0.34412640196458555,0.1639906297227976,2.098451616084903
MULTI_5a45,propria,todas,brier_entradas,FIXO_RETROSPECTO,450,0.026763513239813932,0.19273267573285538,0.13886339271764453
MULTI_5a45,propria,todas,brier_entradas,BASE_V6_MOM,450,0.21620581599647756,0.1979056238235398,1.0924692882363713
MULTI_5a45,propria,todas,brier_entradas,FIXO_TUDO_INI,450,0.4488865840009462,0.2355792396464684,1.9054590068063135
MULTI_5a45,propria,todas,brier_entradas,FIXO_TUDO_INI_CALR,450,0.23524443978274923,0.26644205474722893,0.8829103198664469
MULTI_5a45,propria,todas,brier_entradas,FIXO_TUDO_MOM,450,0.5555211367232713,0.2565790809157808,2.1651068931282627
MULTI_5a45,propria,todas,brier_entradas,FIXO_V6E_INI,450,0.11492946065102097,0.1887018939486314,0.6090530319865638
MULTI_5a45,propria,todas,brier_entradas,FIXO_V6E_MOM,450,0.026763513239813932,0.19273267573285538,0.13886339271764453
MULTI_5a45,propria,todas,brier_entradas,FIXO_V6WR_INI,450,0.2504217003065889,0.19265161030060796,1.299868191684659
MULTI_5a45,propria,todas,brier_entradas,FIXO_V6WR_MOM,450,0.21258581254788408,0.20132639843145836,1.055926168670121
MULTI_5a45,propria,todas,brier_entradas,FIXO_V6_INI,450,0.24707047238798935,0.1875437104272382,1.3174020702968117
MULTI_5a45,propria,todas,brier_entradas,FIXO_V6_MOM,450,0.21620581599647756,0.1979056238235398,1.0924692882363713
MULTI_5a45,propria,todas,brier_entradas,FAVORITO,450,1.4331632603468625,0.37376187863905985,3.83442866234858
MULTI_5a45,propria,todas,brier_entradas,ZEBRA,450,0.21723459539076756,0.3241384566537593,0.6701907500683107
MULTI_5a45,propria,todas,brier_entradas,VIG_MERCADO,450,1.0470822252247718,0.2168907043367596,4.827695259816203
MULTI_5a45,propria,todas,ll_entradas,llskill_todas,450,0.6762709883092973,0.23955092679443196,2.823078154440337
MULTI_5a45,propria,todas,ll_entradas,ll_todas,450,0.25456164874530524,0.13721145698614923,1.855250679037698
MULTI_5a45,propria,todas,ll_entradas,llskill_entradas,450,0.5089348555575365,0.236944815048372,2.1479045888961026
MULTI_5a45,propria,todas,ll_entradas,ppg,450,0.3796539135998355,0.23638979217573258,1.6060503717419412
MULTI_5a45,propria,todas,ll_entradas,lucro,450,0.2244004523040709,0.1798716466704873,1.2475587812633826
MULTI_5a45,propria,todas,ll_entradas,roi,450,0.5400055959606189,0.2466991327648565,2.1889237708643674
MULTI_5a45,propria,todas,ll_entradas,sharpe,450,0.5158776584327048,0.25635369869732794,2.01236674584435
MULTI_5a45,propria,todas,ll_entradas,sortino,450,0.5400055959606189,0.2466991327648565,2.1889237708643674
MULTI_5a45,propria,todas,ll_entradas,maxdd,450,0.49345971884077433,0.2508610651009217,1.9670637954210028
MULTI_5a45,propria,todas,ll_entradas,seq_ruim,450,0.4629234821328435,0.22156398913862524,2.089344409858985
MULTI_5a45,propria,todas,ll_entradas,ppg_nao_piorando_ou_nada,450,0.3796539135998355,0.23638979217573258,1.6060503717419412
MULTI_5a45,propria,todas,ll_entradas,ACASO,450,0.3996918574012421,0.17377823484506036,2.3000110327832766
MULTI_5a45,propria,todas,ll_entradas,FIXO_RETROSPECTO,450,0.08232896867647051,0.18970963174078057,0.433973583317925
MULTI_5a45,propria,todas,ll_entradas,BASE_V6_MOM,450,0.2717712714331341,0.20457897712039036,1.3284418333620005
MULTI_5a45,propria,todas,ll_entradas,FIXO_TUDO_INI,450,0.5044520394376028,0.24342882350378153,2.07227735884681
MULTI_5a45,propria,todas,ll_entradas,FIXO_TUDO_INI_CALR,450,0.2908098952194058,0.24032378694987294,1.2100753691937425
MULTI_5a45,propria,todas,ll_entradas,FIXO_TUDO_MOM,450,0.6110865921599278,0.26913578072528876,2.2705512827507457
MULTI_5a45,propria,todas,ll_entradas,FIXO_V6E_INI,450,0.17049491608767758,0.18770191309668788,0.9083280680248222
MULTI_5a45,propria,todas,ll_entradas,FIXO_V6E_MOM,450,0.08232896867647051,0.18970963174078057,0.433973583317925
MULTI_5a45,propria,todas,ll_entradas,FIXO_V6WR_INI,450,0.30598715574324536,0.19964669642555505,1.532643220356731
MULTI_5a45,propria,todas,ll_entradas,FIXO_V6WR_MOM,450,0.2681512679845407,0.20785086679260953,1.2901137826482967
MULTI_5a45,propria,todas,ll_entradas,FIXO_V6_INI,450,0.3026359278246458,0.19575941213214845,1.5459585034938181
MULTI_5a45,propria,todas,ll_entradas,FIXO_V6_MOM,450,0.2717712714331341,0.20457897712039036,1.3284418333620005
MULTI_5a45,propria,todas,ll_entradas,FAVORITO,450,1.4887287157835192,0.39347902868751344,3.783502060451137
MULTI_5a45,propria,todas,ll_entradas,ZEBRA,450,0.27280005082742415,0.3109858626719195,0.8772104573615932
MULTI_5a45,propria,todas,ll_entradas,VIG_MERCADO,450,1.1026476806614283,0.23590414078597488,4.674134489490841
MULTI_5a45,propria,todas,ppg,roi,450,0.16035168236078326,0.15520296938417175,1.0331740623071906
MULTI_5a45,propria,todas,ppg,sharpe,450,0.1362237448328692,0.15377689305701958,0.8858531481863028
MULTI_5a45,propria,todas,ppg,sortino,450,0.16035168236078326,0.15520296938417175,1.0331740623071906
MULTI_5a45,propria,todas,ppg,seq_ruim,450,0.08326956853300786,0.22626624784288538,0.3680158632887594
MULTI_5a45,propria,todas,ppg,ppg_nao_piorando_ou_nada,450,0.0,0.0,
MULTI_5a45,propria,todas,ppg,ACASO,450,0.02003794380140653,0.18931466891114407,0.10584464435141819
MULTI_5a45,propria,todas,ppg,FIXO_RETROSPECTO,450,-0.29732494492336514,0.235355965061776,-1.2632989558829477
MULTI_5a45,propria,todas,ppg,BASE_V6_MOM,450,-0.10788264216670146,0.22439239429192273,-0.48077673268351423
MULTI_5a45,propria,todas,ppg,FIXO_TUDO_INI,450,0.12479812583776714,0.26360043460867866,0.47343672260265063
MULTI_5a45,propria,todas,ppg,FIXO_TUDO_INI_CALR,450,-0.0888440183804298,0.2705965331762517,-0.3283265211774228
MULTI_5a45,propria,todas,ppg,FIXO_TUDO_MOM,450,0.23143267856009228,0.2627328064918818,0.8808670742351444
MULTI_5a45,propria,todas,ppg,FIXO_V6E_INI,450,-0.20915899751215802,0.24650811657730007,-0.8484872645017751
MULTI_5a45,propria,todas,ppg,FIXO_V6E_MOM,450,-0.29732494492336514,0.235355965061776,-1.2632989558829477
MULTI_5a45,propria,todas,ppg,FIXO_V6WR_INI,450,-0.07366675785659017,0.24599876111111668,-0.29945987339064356
MULTI_5a45,propria,todas,ppg,FIXO_V6WR_MOM,450,-0.11150264561529491,0.22596807922536521,-0.49344423335160426
MULTI_5a45,propria,todas,ppg,FIXO_V6_INI,450,-0.07701798577518976,0.245587043582501,-0.313607691398088
MULTI_5a45,propria,todas,ppg,FIXO_V6_MOM,450,-0.10788264216670146,0.22439239429192273,-0.48077673268351423
MULTI_5a45,propria,todas,ppg,FAVORITO,450,1.1090748021836838,0.37917460418577903,2.9249712136319275
MULTI_5a45,propria,todas,ppg,ZEBRA,450,-0.10685386277241143,0.3393134300754954,-0.3149119760707291
MULTI_5a45,propria,todas,ppg,VIG_MERCADO,450,0.7229937670615927,0.22749378574701587,3.1780813910477397
MULTI_5a45,propria,todas,lucro,ppg,450,0.15525346129576462,0.20731313066484047,0.7488838782081786
MULTI_5a45,propria,todas,lucro,roi,450,0.3156051436565479,0.22624955009061853,1.3949426353782373
MULTI_5a45,propria,todas,lucro,sharpe,450,0.2914772061286338,0.2317736826141344,1.2575940583120306
MULTI_5a45,propria,todas,lucro,sortino,450,0.3156051436565479,0.22624955009061853,1.3949426353782373
MULTI_5a45,propria,todas,lucro,maxdd,450,0.2690592665367033,0.2000311286156128,1.345086979205809
MULTI_5a45,propria,todas,lucro,seq_ruim,450,0.23852302982877252,0.18868844445685765,1.2641104256032447
MULTI_5a45,propria,todas,lucro,ppg_nao_piorando_ou_nada,450,0.15525346129576462,0.20731313066484047,0.7488838782081786
MULTI_5a45,propria,todas,lucro,ACASO,450,0.1752914050971712,0.13705621152240038,1.2789745400814736
MULTI_5a45,propria,todas,lucro,FIXO_RETROSPECTO,450,-0.14207148362760047,0.1163493241388747,-1.2210769996224797
MULTI_5a45,propria,todas,lucro,BASE_V6_MOM,450,0.047370819129063144,0.1255615647023744,0.3772716534820894
MULTI_5a45,propria,todas,lucro,FIXO_TUDO_INI,450,0.2800515871335317,0.18794692745215832,1.4900567459652592
MULTI_5a45,propria,todas,lucro,FIXO_TUDO_INI_CALR,450,0.06640944291533489,0.16857919067151095,0.3939361830532133
MULTI_5a45,propria,todas,lucro,FIXO_TUDO_MOM,450,0.3866861398558568,0.20894969839229702,1.8506183202517228
MULTI_5a45,propria,todas,lucro,FIXO_V6E_INI,450,-0.0539055362163934,0.11920170170446533,-0.45222119689230983
MULTI_5a45,propria,todas,lucro,FIXO_V6E_MOM,450,-0.14207148362760047,0.1163493241388747,-1.2210769996224797
MULTI_5a45,propria,todas,lucro,FIXO_V6WR_INI,450,0.08158670343917446,0.13660864415458573,0.5972294355461966
MULTI_5a45,propria,todas,lucro,FIXO_V6WR_MOM,450,0.043750815680469686,0.13004613682062283,0.33642533911496897
MULTI_5a45,propria,todas,lucro,FIXO_V6_INI,450,0.07823547552057489,0.1347430346368218,0.5806272341382694
MULTI_5a45,propria,todas,lucro,FIXO_V6_MOM,450,0.047370819129063144,0.1255615647023744,0.3772716534820894
MULTI_5a45,propria,todas,lucro,FAVORITO,450,1.2643282634794484,0.419065265806299,3.01701994090784
MULTI_5a45,propria,todas,lucro,ZEBRA,450,0.04839959852335322,0.251433297676236,0.19249478478254736
MULTI_5a45,propria,todas,lucro,VIG_MERCADO,450,0.8782472283573574,0.23744950176310725,3.6986694932446955
MULTI_5a45,propria,todas,roi,sharpe,450,-0.024127937527914062,0.02412088279827366,-1.0002924739405021
MULTI_5a45,propria,todas,roi,sortino,450,0.0,0.0,
MULTI_5a45,propria,todas,roi,seq_ruim,450,-0.07708211382777537,0.17458877137307274,-0.4415067087164572
MULTI_5a45,propria,todas,roi,ACASO,450,-0.1403137385593767,0.16098378650825468,-0.8716016786708015
MULTI_5a45,propria,todas,roi,FIXO_RETROSPECTO,450,-0.4576766272841483,0.25228268467872605,-1.8141420520674452
MULTI_5a45,propria,todas,roi,BASE_V6_MOM,450,-0.26823432452748475,0.21164175467522117,-1.2673979429962143
MULTI_5a45,propria,todas,roi,FIXO_TUDO_INI,450,-0.03555355652301614,0.24791198797180714,-0.14341201010037213
MULTI_5a45,propria,todas,roi,FIXO_TUDO_INI_CALR,450,-0.249195700741213,0.2920906401522853,-0.8531451080092519
MULTI_5a45,propria,todas,roi,FIXO_TUDO_MOM,450,0.07108099619930895,0.24902316061544827,0.28543929819072184
MULTI_5a45,propria,todas,roi,FIXO_V6E_INI,450,-0.3695106798729413,0.25584421863021134,-1.4442799679089862
MULTI_5a45,propria,todas,roi,FIXO_V6E_MOM,450,-0.4576766272841483,0.25228268467872605,-1.8141420520674452
MULTI_5a45,propria,todas,roi,FIXO_V6WR_INI,450,-0.23401844021737342,0.22700159082262034,-1.0309110141886013
MULTI_5a45,propria,todas,roi,FIXO_V6WR_MOM,450,-0.27185432797607817,0.21561218892655662,-1.2608486066095232
MULTI_5a45,propria,todas,roi,FIXO_V6_INI,450,-0.237369668135973,0.2259497481407318,-1.0505418575998073
MULTI_5a45,propria,todas,roi,FIXO_V6_MOM,450,-0.26823432452748475,0.21164175467522117,-1.2673979429962143
MULTI_5a45,propria,todas,roi,FAVORITO,450,0.9487231198229005,0.3292333830936622,2.881612766324496
MULTI_5a45,propria,todas,roi,ZEBRA,450,-0.2672055451331948,0.369888119976688,-0.7223955858599493
MULTI_5a45,propria,todas,roi,VIG_MERCADO,450,0.5626420847008093,0.17911810691478924,3.1411792721127383
MULTI_5a45,propria,todas,sharpe,sortino,450,0.024127937527914062,0.02412088279827366,1.0002924739405021
MULTI_5a45,propria,todas,sharpe,ACASO,450,-0.11618580103146266,0.1725899694154132,-0.6731897654597222
MULTI_5a45,propria,todas,sharpe,FIXO_RETROSPECTO,450,-0.43354868975623423,0.2575819090165156,-1.683148833749951
MULTI_5a45,propria,todas,sharpe,BASE_V6_MOM,450,-0.24410638699957066,0.21690089371421167,-1.1254282212465427
MULTI_5a45,propria,todas,sharpe,FIXO_TUDO_INI,450,-0.011425618995102091,0.2551856952355229,-0.04477374401632054
MULTI_5a45,propria,todas,sharpe,FIXO_TUDO_INI_CALR,450,-0.225067763213299,0.29393728878077424,-0.7656999360198907
MULTI_5a45,propria,todas,sharpe,FIXO_TUDO_MOM,450,0.09520893372722296,0.2545222591311266,0.37406918378078885
MULTI_5a45,propria,todas,sharpe,FIXO_V6E_INI,450,-0.3453827423450272,0.26278211864643236,-1.3143312190496956
MULTI_5a45,propria,todas,sharpe,FIXO_V6E_MOM,450,-0.43354868975623423,0.2575819090165156,-1.683148833749951
MULTI_5a45,propria,todas,sharpe,FIXO_V6WR_INI,450,-0.2098905026894594,0.23467807394885812,-0.8943762796314729
MULTI_5a45,propria,todas,sharpe,FIXO_V6WR_MOM,450,-0.2477263904481641,0.22078579085648814,-1.1220214375534134
MULTI_5a45,propria,todas,sharpe,FIXO_V6_INI,450,-0.21324173060805895,0.23366868231318366,-0.9125815599124804
MULTI_5a45,propria,todas,sharpe,FIXO_V6_MOM,450,-0.24410638699957066,0.21690089371421167,-1.1254282212465427
MULTI_5a45,propria,todas,sharpe,FAVORITO,450,0.9728510573508146,0.3394854080916042,2.8656638375700307
MULTI_5a45,propria,todas,sharpe,ZEBRA,450,-0.24307760760528072,0.3716384903033344,-0.6540700544953747
MULTI_5a45,propria,todas,sharpe,VIG_MERCADO,450,0.5867700222287235,0.19343514832089945,3.0334198687370963
MULTI_5a45,propria,todas,sortino,ACASO,450,-0.1403137385593767,0.16098378650825468,-0.8716016786708015
MULTI_5a45,propria,todas,sortino,FIXO_RETROSPECTO,450,-0.4576766272841483,0.25228268467872605,-1.8141420520674452
MULTI_5a45,propria,todas,sortino,BASE_V6_MOM,450,-0.26823432452748475,0.21164175467522117,-1.2673979429962143
MULTI_5a45,propria,todas,sortino,FIXO_TUDO_INI,450,-0.03555355652301614,0.24791198797180714,-0.14341201010037213
MULTI_5a45,propria,todas,sortino,FIXO_TUDO_INI_CALR,450,-0.249195700741213,0.2920906401522853,-0.8531451080092519
MULTI_5a45,propria,todas,sortino,FIXO_TUDO_MOM,450,0.07108099619930895,0.24902316061544827,0.28543929819072184
MULTI_5a45,propria,todas,sortino,FIXO_V6E_INI,450,-0.3695106798729413,0.25584421863021134,-1.4442799679089862
MULTI_5a45,propria,todas,sortino,FIXO_V6E_MOM,450,-0.4576766272841483,0.25228268467872605,-1.8141420520674452
MULTI_5a45,propria,todas,sortino,FIXO_V6WR_INI,450,-0.23401844021737342,0.22700159082262034,-1.0309110141886013
MULTI_5a45,propria,todas,sortino,FIXO_V6WR_MOM,450,-0.27185432797607817,0.21561218892655662,-1.2608486066095232
MULTI_5a45,propria,todas,sortino,FIXO_V6_INI,450,-0.237369668135973,0.2259497481407318,-1.0505418575998073
MULTI_5a45,propria,todas,sortino,FIXO_V6_MOM,450,-0.26823432452748475,0.21164175467522117,-1.2673979429962143
MULTI_5a45,propria,todas,sortino,FAVORITO,450,0.9487231198229005,0.3292333830936622,2.881612766324496
MULTI_5a45,propria,todas,sortino,ZEBRA,450,-0.2672055451331948,0.369888119976688,-0.7223955858599493
MULTI_5a45,propria,todas,sortino,VIG_MERCADO,450,0.5626420847008093,0.17911810691478924,3.1411792721127383
MULTI_5a45,propria,todas,calmar,llskill_todas,450,0.02684017166287222,0.16121900722829025,0.1664826754879209
MULTI_5a45,propria,todas,calmar,ll_todas,450,-0.3948691679011197,0.2104833393012756,-1.876011513366971
MULTI_5a45,propria,todas,calmar,llskill_entradas,450,-0.1404959610888884,0.19257380658119672,-0.7295694237089807
MULTI_5a45,propria,todas,calmar,ll_entradas,450,-0.6494308166464249,0.23531618117964548,-2.759822182184043
MULTI_5a45,propria,todas,calmar,ppg,450,-0.26977690304658936,0.18895023606592704,-1.427766954217834
MULTI_5a45,propria,todas,calmar,lucro,450,-0.425030364342354,0.19848465438190815,-2.1413764488036686
MULTI_5a45,propria,todas,calmar,roi,450,-0.10942522068580611,0.1780331666508779,-0.6146339063910962
MULTI_5a45,propria,todas,calmar,sharpe,450,-0.13355315821372019,0.1865536700954643,-0.7158967076090093
MULTI_5a45,propria,todas,calmar,sortino,450,-0.10942522068580611,0.1780331666508779,-0.6146339063910962
MULTI_5a45,propria,todas,calmar,maxdd,450,-0.15597109780565072,0.1448373317767166,-1.0768708308303974
MULTI_5a45,propria,todas,calmar,seq_ruim,450,-0.1865073345135815,0.15869236050266153,-1.1752760745559234
MULTI_5a45,propria,todas,calmar,ppg_nao_piorando_ou_nada,450,-0.26977690304658936,0.18895023606592704,-1.427766954217834
MULTI_5a45,propria,todas,calmar,funcao_menor_vol,450,-0.16414729988242155,0.17080575494286138,-0.9610173845567016
MULTI_5a45,propria,todas,calmar,ACASO,450,-0.2497389592451828,0.12254570288938114,-2.0379250627059173
MULTI_5a45,propria,todas,calmar,FIXO_RETROSPECTO,450,-0.5671018479699546,0.22583027819179766,-2.5111860664153944
MULTI_5a45,propria,todas,calmar,BASE_V6_MOM,450,-0.37765954521329087,0.17644562706837158,-2.1403735047905164
MULTI_5a45,propria,todas,calmar,FIXO_TUDO_INI,450,-0.14497877720882224,0.20433638208289667,-0.7095103462779633
MULTI_5a45,propria,todas,calmar,FIXO_TUDO_INI_CALR,450,-0.3586209214270192,0.28512146068244615,-1.2577829833245453
MULTI_5a45,propria,todas,calmar,FIXO_TUDO_MOM,450,-0.03834422448649714,0.21336255523825406,-0.17971393548263218
MULTI_5a45,propria,todas,calmar,FIXO_V6E_INI,450,-0.4789359005587474,0.2274557896157066,-2.105621938082667
MULTI_5a45,propria,todas,calmar,FIXO_V6E_MOM,450,-0.5671018479699546,0.22583027819179766,-2.5111860664153944
MULTI_5a45,propria,todas,calmar,FIXO_V6WR_INI,450,-0.34344366090317957,0.1777559015133469,-1.9321083462165218
MULTI_5a45,propria,todas,calmar,FIXO_V6WR_MOM,450,-0.3812795486618843,0.17911743318645199,-2.1286568363504403
MULTI_5a45,propria,todas,calmar,FIXO_V6_INI,450,-0.3467948888217791,0.1772801612641344,-1.9561968262488223
MULTI_5a45,propria,todas,calmar,FIXO_V6_MOM,450,-0.37765954521329087,0.17644562706837158,-2.1403735047905164
MULTI_5a45,propria,todas,calmar,FAVORITO,450,0.8392978991370944,0.3043153927087948,2.757987007053023
MULTI_5a45,propria,todas,calmar,ZEBRA,450,-0.3766307658190008,0.3597039144678459,-1.0470577346265382
MULTI_5a45,propria,todas,calmar,VIG_MERCADO,450,0.45321686401500333,0.1463689157388331,3.0964010474989156
MULTI_5a45,propria,todas,maxdd,ppg,450,-0.1138058052409387,0.2584821791172188,-0.4402849187886528
MULTI_5a45,propria,todas,maxdd,roi,450,0.046545877119844585,0.19996017409905348,0.23277573811666785
MULTI_5a45,propria,todas,maxdd,sharpe,450,0.022417939591930502,0.20792725351565608,0.10781626368302183
MULTI_5a45,propria,todas,maxdd,sortino,450,0.046545877119844585,0.19996017409905348,0.23277573811666785
MULTI_5a45,propria,todas,maxdd,seq_ruim,450,-0.030536236707930788,0.12683947756941777,-0.2407471025037821
MULTI_5a45,propria,todas,maxdd,ppg_nao_piorando_ou_nada,450,-0.1138058052409387,0.2584821791172188,-0.4402849187886528
MULTI_5a45,propria,todas,maxdd,ACASO,450,-0.09376786143953214,0.1289887015184879,-0.7269463165042593
MULTI_5a45,propria,todas,maxdd,FIXO_RETROSPECTO,450,-0.4111307501643037,0.22698166296279373,-1.81129499536575
MULTI_5a45,propria,todas,maxdd,BASE_V6_MOM,450,-0.22168844740764013,0.18164796537000225,-1.2204290147488228
MULTI_5a45,propria,todas,maxdd,FIXO_TUDO_INI,450,0.01099232059682847,0.18236974540177184,0.06027491332299504
MULTI_5a45,propria,todas,maxdd,FIXO_TUDO_INI_CALR,450,-0.20264982362136846,0.29506910712129636,-0.6867876667890672
MULTI_5a45,propria,todas,maxdd,FIXO_TUDO_MOM,450,0.11762687331915357,0.1977164320835445,0.59492714935019
MULTI_5a45,propria,todas,maxdd,FIXO_V6E_INI,450,-0.3229648027530967,0.227460958810421,-1.4198691698221235
MULTI_5a45,propria,todas,maxdd,FIXO_V6E_MOM,450,-0.4111307501643037,0.22698166296279373,-1.81129499536575
MULTI_5a45,propria,todas,maxdd,FIXO_V6WR_INI,450,-0.18747256309752877,0.1725130878616356,-1.0867150163580135
MULTI_5a45,propria,todas,maxdd,FIXO_V6WR_MOM,450,-0.22530845085623358,0.18653390534517406,-1.2078686201273097
MULTI_5a45,propria,todas,maxdd,FIXO_V6_INI,450,-0.1908237910161284,0.17188016710446727,-1.1102141348288739
MULTI_5a45,propria,todas,maxdd,FIXO_V6_MOM,450,-0.22168844740764013,0.18164796537000225,-1.2204290147488228
MULTI_5a45,propria,todas,maxdd,FAVORITO,450,0.9952689969427453,0.32673092836192913,3.046142591803423
MULTI_5a45,propria,todas,maxdd,ZEBRA,450,-0.22065966801335019,0.3661797617199283,-0.6025992997999742
MULTI_5a45,propria,todas,maxdd,VIG_MERCADO,450,0.6091879618206539,0.1793484519319688,3.3966725402889657
MULTI_5a45,propria,todas,seq_ruim,sharpe,450,0.052954176299861315,0.18378702893399293,0.28812793050199315
MULTI_5a45,propria,todas,seq_ruim,sortino,450,0.07708211382777537,0.17458877137307274,0.4415067087164572
MULTI_5a45,propria,todas,seq_ruim,ACASO,450,-0.06323162473160134,0.11176315323190997,-0.5657645020125274
MULTI_5a45,propria,todas,seq_ruim,FIXO_RETROSPECTO,450,-0.38059451345637296,0.21008455675214777,-1.8116253728511247
MULTI_5a45,propria,todas,seq_ruim,BASE_V6_MOM,450,-0.19115221069970936,0.1665757736801687,-1.1475390837249135
MULTI_5a45,propria,todas,seq_ruim,FIXO_TUDO_INI,450,0.04152855730475927,0.16274134269469903,0.25518136090757454
MULTI_5a45,propria,todas,seq_ruim,FIXO_TUDO_INI_CALR,450,-0.17211358691343764,0.27349484235679883,-0.6293120024870519
MULTI_5a45,propria,todas,seq_ruim,FIXO_TUDO_MOM,450,0.1481631100270844,0.1745657221502732,0.8487525970278383
MULTI_5a45,propria,todas,seq_ruim,FIXO_V6E_INI,450,-0.29242856604516587,0.21178020406920417,-1.3808116170745022
MULTI_5a45,propria,todas,seq_ruim,FIXO_V6E_MOM,450,-0.38059451345637296,0.21008455675214777,-1.8116253728511247
MULTI_5a45,propria,todas,seq_ruim,FIXO_V6WR_INI,450,-0.15693632638959804,0.160931651754007,-0.9751737751967149
MULTI_5a45,propria,todas,seq_ruim,FIXO_V6WR_MOM,450,-0.1947722141483028,0.170191560754547,-1.1444293317763647
MULTI_5a45,propria,todas,seq_ruim,FIXO_V6_INI,450,-0.16028755430819763,0.15973763179625813,-1.0034426609794798
MULTI_5a45,propria,todas,seq_ruim,FIXO_V6_MOM,450,-0.19115221069970936,0.1665757736801687,-1.1475390837249135
MULTI_5a45,propria,todas,seq_ruim,FAVORITO,450,1.025805233650676,0.32785212573429084,3.128865586438333
MULTI_5a45,propria,todas,seq_ruim,ZEBRA,450,-0.19012343130541934,0.35031389920202727,-0.5427230599142584
MULTI_5a45,propria,todas,seq_ruim,VIG_MERCADO,450,0.6397241985285848,0.1683452587437396,3.800072561012205
MULTI_5a45,propria,todas,brier_com_roi>=0,bsskill_todas,450,0.06477946948752553,0.21154099869734883,0.30622654656275566
MULTI_5a45,propria,todas,brier_com_roi>=0,llskill_todas,450,0.18265987878005296,0.22890451069659296,0.7979741343855121
MULTI_5a45,propria,todas,brier_com_roi>=0,brier_todas,450,-0.2497588829321576,0.12476432497656847,-2.001845343042283
MULTI_5a45,propria,todas,brier_com_roi>=0,ll_todas,450,-0.2390494607839389,0.12802448845953227,-1.8672166837792203
MULTI_5a45,propria,todas,brier_com_roi>=0,bsskill_entradas,450,-0.014276729574809294,0.23093243768053082,-0.061822105712838624
MULTI_5a45,propria,todas,brier_com_roi>=0,llskill_entradas,450,0.015323746028292362,0.2234967385998427,0.0685636225579497
MULTI_5a45,propria,todas,brier_com_roi>=0,brier_entradas,450,-0.43804565409258767,0.17343841970951607,-2.5256552430900254
MULTI_5a45,propria,todas,brier_com_roi>=0,ll_entradas,450,-0.4936111095292442,0.175226061229791,-2.8169959768822506
MULTI_5a45,propria,todas,brier_com_roi>=0,ppg,450,-0.11395719592940855,0.23705142866650633,-0.48072773309343014
MULTI_5a45,propria,todas,brier_com_roi>=0,lucro,450,-0.2692106572251731,0.18496470307507498,-1.4554704370590301
MULTI_5a45,propria,todas,brier_com_roi>=0,roi,450,0.04639448643137472,0.23788008949652412,0.19503307960564994
MULTI_5a45,propria,todas,brier_com_roi>=0,sharpe,450,0.02226654890346067,0.24980903910244653,0.08913428026248951
MULTI_5a45,propria,todas,brier_com_roi>=0,sortino,450,0.04639448643137472,0.23788008949652412,0.19503307960564994
MULTI_5a45,propria,todas,brier_com_roi>=0,calmar,450,0.15581970711718077,0.19898607295221998,0.7830684067753616
MULTI_5a45,propria,todas,brier_com_roi>=0,maxdd,450,-0.00015139068846994045,0.23460464031286668,-0.0006453013387461014
MULTI_5a45,propria,todas,brier_com_roi>=0,seq_ruim,450,-0.030687627396400713,0.19858890047344352,-0.1545284118258384
MULTI_5a45,propria,todas,brier_com_roi>=0,bsskill_t_ppg>=1_relaxar,450,0.010439741092114561,0.20872217363780146,0.05001740308737294
MULTI_5a45,propria,todas,brier_com_roi>=0,ppg_nao_piorando_ou_nada,450,-0.11395719592940855,0.23705142866650633,-0.48072773309343014
MULTI_5a45,propria,todas,brier_com_roi>=0,funcao_menor_vol,450,-0.008327592765240754,0.18113736869585323,-0.04597390822886232
MULTI_5a45,propria,todas,brier_com_roi>=0,ACASO,450,-0.09391925212800203,0.13909630295062855,-0.6752102689698241
MULTI_5a45,propria,todas,brier_com_roi>=0,FIXO_RETROSPECTO,450,-0.41128214085277365,0.2000165150718489,-2.056240909432079
MULTI_5a45,propria,todas,brier_com_roi>=0,BASE_V6_MOM,450,-0.22183983809611002,0.1757392404296474,-1.2623238700346937
MULTI_5a45,propria,todas,brier_com_roi>=0,FIXO_TUDO_INI,450,0.010840929908358584,0.21533267808915463,0.05034502893179126
MULTI_5a45,propria,todas,brier_com_roi>=0,FIXO_TUDO_INI_CALR,450,-0.20280121430983836,0.27702759132117155,-0.7320614287647653
MULTI_5a45,propria,todas,brier_com_roi>=0,FIXO_TUDO_MOM,450,0.11747548263068365,0.2340191248139516,0.5019909493468889
MULTI_5a45,propria,todas,brier_com_roi>=0,FIXO_V6E_INI,450,-0.32311619344156667,0.1924518135057752,-1.678945953044347
MULTI_5a45,propria,todas,brier_com_roi>=0,FIXO_V6E_MOM,450,-0.41128214085277365,0.2000165150718489,-2.056240909432079
MULTI_5a45,propria,todas,brier_com_roi>=0,FIXO_V6WR_INI,450,-0.1876239537859988,0.16999760724888574,-1.1036858507738119
MULTI_5a45,propria,todas,brier_com_roi>=0,FIXO_V6WR_MOM,450,-0.22545984154470353,0.17884474265799696,-1.2606456202956335
MULTI_5a45,propria,todas,brier_com_roi>=0,FIXO_V6_INI,450,-0.19097518170459835,0.1680257244816585,-1.136582998191119
MULTI_5a45,propria,todas,brier_com_roi>=0,FIXO_V6_MOM,450,-0.22183983809611002,0.1757392404296474,-1.2623238700346937
MULTI_5a45,propria,todas,brier_com_roi>=0,FAVORITO,450,0.9951176062542753,0.34764687173472875,2.862437971291736
MULTI_5a45,propria,todas,brier_com_roi>=0,ZEBRA,450,-0.22081105870182002,0.3488513606684894,-0.6329660239211593
MULTI_5a45,propria,todas,brier_com_roi>=0,VIG_MERCADO,450,0.609036571132184,0.1955433519876243,3.114585921441754
MULTI_5a45,propria,todas,bsskill_t_ppg>=1_relaxar,bsskill_todas,450,0.05433972839541098,0.03852223639137672,1.410606794562297
MULTI_5a45,propria,todas,bsskill_t_ppg>=1_relaxar,llskill_todas,450,0.17222013768793845,0.10329353771471957,1.6672885980881327
MULTI_5a45,propria,todas,bsskill_t_ppg>=1_relaxar,ll_todas,450,-0.24948920187605356,0.21266734892483055,-1.173142953713304
MULTI_5a45,propria,todas,bsskill_t_ppg>=1_relaxar,llskill_entradas,450,0.004884004936177801,0.20481099437840874,0.02384640019448426
MULTI_5a45,propria,todas,bsskill_t_ppg>=1_relaxar,ll_entradas,450,-0.5040508506213588,0.21917284536904066,-2.2997869547782885
MULTI_5a45,propria,todas,bsskill_t_ppg>=1_relaxar,ppg,450,-0.12439693702152319,0.18331260215657633,-0.6786054835186379
MULTI_5a45,propria,todas,bsskill_t_ppg>=1_relaxar,lucro,450,-0.2796503983172878,0.1907968747704792,-1.4656969546995762
MULTI_5a45,propria,todas,bsskill_t_ppg>=1_relaxar,roi,450,0.03595474533926009,0.20702781564027944,0.17367108486394478
MULTI_5a45,propria,todas,bsskill_t_ppg>=1_relaxar,sharpe,450,0.011826807811346048,0.2156231458319196,0.054849435415273845
MULTI_5a45,propria,todas,bsskill_t_ppg>=1_relaxar,sortino,450,0.03595474533926009,0.20702781564027944,0.17367108486394478
MULTI_5a45,propria,todas,bsskill_t_ppg>=1_relaxar,calmar,450,0.14537996602506617,0.17017713386755537,0.854286135399435
MULTI_5a45,propria,todas,bsskill_t_ppg>=1_relaxar,maxdd,450,-0.010591131780584486,0.23840952319551076,-0.04442411376285122
MULTI_5a45,propria,todas,bsskill_t_ppg>=1_relaxar,seq_ruim,450,-0.04112736848851529,0.22101877946458984,-0.18608087777945784
MULTI_5a45,propria,todas,bsskill_t_ppg>=1_relaxar,ppg_nao_piorando_ou_nada,450,-0.12439693702152319,0.18331260215657633,-0.6786054835186379
MULTI_5a45,propria,todas,bsskill_t_ppg>=1_relaxar,funcao_menor_vol,450,-0.018767333857355347,0.2419865051647154,-0.07755529112906853
MULTI_5a45,propria,todas,bsskill_t_ppg>=1_relaxar,ACASO,450,-0.10435899322011666,0.17398440397570628,-0.5998180919405194
MULTI_5a45,propria,todas,bsskill_t_ppg>=1_relaxar,FIXO_RETROSPECTO,450,-0.42172188194488835,0.2204361555382993,-1.9131248270731933
MULTI_5a45,propria,todas,bsskill_t_ppg>=1_relaxar,BASE_V6_MOM,450,-0.23227957918822464,0.21113961905233475,-1.1001231328860643
MULTI_5a45,propria,todas,bsskill_t_ppg>=1_relaxar,FIXO_TUDO_INI,450,0.0004011888162439961,0.2488866478896605,0.0016119338648566477
MULTI_5a45,propria,todas,bsskill_t_ppg>=1_relaxar,FIXO_TUDO_INI_CALR,450,-0.21324095540195293,0.2199291688905278,-0.9695892385611478
MULTI_5a45,propria,todas,bsskill_t_ppg>=1_relaxar,FIXO_TUDO_MOM,450,0.10703574153856911,0.2567776222021425,0.41684217113868116
MULTI_5a45,propria,todas,bsskill_t_ppg>=1_relaxar,FIXO_V6E_INI,450,-0.33355593453368115,0.22056520362154067,-1.5122781338892282
MULTI_5a45,propria,todas,bsskill_t_ppg>=1_relaxar,FIXO_V6E_MOM,450,-0.42172188194488835,0.2204361555382993,-1.9131248270731933
MULTI_5a45,propria,todas,bsskill_t_ppg>=1_relaxar,FIXO_V6WR_INI,450,-0.19806369487811334,0.21290916796531975,-0.9302732088567245
MULTI_5a45,propria,todas,bsskill_t_ppg>=1_relaxar,FIXO_V6WR_MOM,450,-0.2358995826368181,0.2144335214420139,-1.100105902521444
MULTI_5a45,propria,todas,bsskill_t_ppg>=1_relaxar,FIXO_V6_INI,450,-0.20141492279671297,0.21218976280424998,-0.9492207358868814
MULTI_5a45,propria,todas,bsskill_t_ppg>=1_relaxar,FIXO_V6_MOM,450,-0.23227957918822464,0.21113961905233475,-1.1001231328860643
MULTI_5a45,propria,todas,bsskill_t_ppg>=1_relaxar,FAVORITO,450,0.9846778651621606,0.38644675574793086,2.548029839858302
MULTI_5a45,propria,todas,bsskill_t_ppg>=1_relaxar,ZEBRA,450,-0.23125079979393465,0.2953948472384816,-0.782853194481211
MULTI_5a45,propria,todas,bsskill_t_ppg>=1_relaxar,VIG_MERCADO,450,0.5985968300400694,0.21267980956237487,2.8145446964231575
MULTI_5a45,propria,todas,ppg_nao_piorando_ou_nada,roi,450,0.16035168236078326,0.15520296938417175,1.0331740623071906
MULTI_5a45,propria,todas,ppg_nao_piorando_ou_nada,sharpe,450,0.1362237448328692,0.15377689305701958,0.8858531481863028
MULTI_5a45,propria,todas,ppg_nao_piorando_ou_nada,sortino,450,0.16035168236078326,0.15520296938417175,1.0331740623071906
MULTI_5a45,propria,todas,ppg_nao_piorando_ou_nada,seq_ruim,450,0.08326956853300786,0.22626624784288538,0.3680158632887594
MULTI_5a45,propria,todas,ppg_nao_piorando_ou_nada,ACASO,450,0.02003794380140653,0.18931466891114407,0.10584464435141819
MULTI_5a45,propria,todas,ppg_nao_piorando_ou_nada,FIXO_RETROSPECTO,450,-0.29732494492336514,0.235355965061776,-1.2632989558829477
MULTI_5a45,propria,todas,ppg_nao_piorando_ou_nada,BASE_V6_MOM,450,-0.10788264216670146,0.22439239429192273,-0.48077673268351423
MULTI_5a45,propria,todas,ppg_nao_piorando_ou_nada,FIXO_TUDO_INI,450,0.12479812583776714,0.26360043460867866,0.47343672260265063
MULTI_5a45,propria,todas,ppg_nao_piorando_ou_nada,FIXO_TUDO_INI_CALR,450,-0.0888440183804298,0.2705965331762517,-0.3283265211774228
MULTI_5a45,propria,todas,ppg_nao_piorando_ou_nada,FIXO_TUDO_MOM,450,0.23143267856009228,0.2627328064918818,0.8808670742351444
MULTI_5a45,propria,todas,ppg_nao_piorando_ou_nada,FIXO_V6E_INI,450,-0.20915899751215802,0.24650811657730007,-0.8484872645017751
MULTI_5a45,propria,todas,ppg_nao_piorando_ou_nada,FIXO_V6E_MOM,450,-0.29732494492336514,0.235355965061776,-1.2632989558829477
MULTI_5a45,propria,todas,ppg_nao_piorando_ou_nada,FIXO_V6WR_INI,450,-0.07366675785659017,0.24599876111111668,-0.29945987339064356
MULTI_5a45,propria,todas,ppg_nao_piorando_ou_nada,FIXO_V6WR_MOM,450,-0.11150264561529491,0.22596807922536521,-0.49344423335160426
MULTI_5a45,propria,todas,ppg_nao_piorando_ou_nada,FIXO_V6_INI,450,-0.07701798577518976,0.245587043582501,-0.313607691398088
MULTI_5a45,propria,todas,ppg_nao_piorando_ou_nada,FIXO_V6_MOM,450,-0.10788264216670146,0.22439239429192273,-0.48077673268351423
MULTI_5a45,propria,todas,ppg_nao_piorando_ou_nada,FAVORITO,450,1.1090748021836838,0.37917460418577903,2.9249712136319275
MULTI_5a45,propria,todas,ppg_nao_piorando_ou_nada,ZEBRA,450,-0.10685386277241143,0.3393134300754954,-0.3149119760707291
MULTI_5a45,propria,todas,ppg_nao_piorando_ou_nada,VIG_MERCADO,450,0.7229937670615927,0.22749378574701587,3.1780813910477397
MULTI_5a45,propria,todas,funcao_menor_vol,llskill_todas,450,0.19098747154529377,0.23917884588672278,0.7985132248516122
MULTI_5a45,propria,todas,funcao_menor_vol,ll_todas,450,-0.23072186801869815,0.19303978698529364,-1.1952037018994186
MULTI_5a45,propria,todas,funcao_menor_vol,llskill_entradas,450,0.023651338793533167,0.23420640094291983,0.10098502303230136
MULTI_5a45,propria,todas,funcao_menor_vol,ll_entradas,450,-0.48528351676400333,0.20508019172163602,-2.3663110156572267
MULTI_5a45,propria,todas,funcao_menor_vol,ppg,450,-0.10562960316416783,0.25497056847532884,-0.41428155334088546
MULTI_5a45,propria,todas,funcao_menor_vol,lucro,450,-0.26088306445993253,0.2032842144913255,-1.2833414788882433
MULTI_5a45,propria,todas,funcao_menor_vol,roi,450,0.05472207919661547,0.22576386050829486,0.24238635481078205
MULTI_5a45,propria,todas,funcao_menor_vol,sharpe,450,0.030594141668701384,0.23568091088894078,0.12981170835307138
MULTI_5a45,propria,todas,funcao_menor_vol,sortino,450,0.05472207919661547,0.22576386050829486,0.24238635481078205
MULTI_5a45,propria,todas,funcao_menor_vol,maxdd,450,0.008176202076770864,0.1691075435306983,0.04834912686959248
MULTI_5a45,propria,todas,funcao_menor_vol,seq_ruim,450,-0.022360034631159986,0.19661049226113023,-0.11372757564465216
MULTI_5a45,propria,todas,funcao_menor_vol,ppg_nao_piorando_ou_nada,450,-0.10562960316416783,0.25497056847532884,-0.41428155334088546
MULTI_5a45,propria,todas,funcao_menor_vol,ACASO,450,-0.08559165936276131,0.1331003789061057,-0.6430609744780746
MULTI_5a45,propria,todas,funcao_menor_vol,FIXO_RETROSPECTO,450,-0.40295454808753295,0.23564166215123786,-1.710031003893155
MULTI_5a45,propria,todas,funcao_menor_vol,BASE_V6_MOM,450,-0.2135122453308693,0.1869469123372292,-1.1421009454583528
MULTI_5a45,propria,todas,funcao_menor_vol,FIXO_TUDO_INI,450,0.019168522673599326,0.19658243939844794,0.09750882496043879
MULTI_5a45,propria,todas,funcao_menor_vol,FIXO_TUDO_INI_CALR,450,-0.19447362154459755,0.30899051299711544,-0.6293837945322711
MULTI_5a45,propria,todas,funcao_menor_vol,FIXO_TUDO_MOM,450,0.1258030753959244,0.2212104303541751,0.56870318092372
MULTI_5a45,propria,todas,funcao_menor_vol,FIXO_V6E_INI,450,-0.31478860067632586,0.23262123530425574,-1.3532238373018686
MULTI_5a45,propria,todas,funcao_menor_vol,FIXO_V6E_MOM,450,-0.40295454808753295,0.23564166215123786,-1.710031003893155
MULTI_5a45,propria,todas,funcao_menor_vol,FIXO_V6WR_INI,450,-0.17929636102075797,0.1779431156879688,-1.0076049322141922
MULTI_5a45,propria,todas,funcao_menor_vol,FIXO_V6WR_MOM,450,-0.21713224877946274,0.19120929836854272,-1.1355736914057146
MULTI_5a45,propria,todas,funcao_menor_vol,FIXO_V6_INI,450,-0.1826475889393576,0.17521775777225074,-1.0424034142519059
MULTI_5a45,propria,todas,funcao_menor_vol,FIXO_V6_MOM,450,-0.2135122453308693,0.1869469123372292,-1.1421009454583528
MULTI_5a45,propria,todas,funcao_menor_vol,FAVORITO,450,1.0034451990195161,0.3019157982382496,3.3235928854165873
MULTI_5a45,propria,todas,funcao_menor_vol,ZEBRA,450,-0.21248346593657932,0.3837139107388376,-0.5537549199804729
MULTI_5a45,propria,todas,funcao_menor_vol,VIG_MERCADO,450,0.6173641638974247,0.16625565785631993,3.713342281746333
MULTI_5a45,propria,so_INI,bsskill_todas,llskill_todas,450,0.0564859649366236,0.09285134470235731,0.6083483779119628
MULTI_5a45,propria,so_INI,bsskill_todas,ll_todas,450,-0.29155993070244984,0.21599985889424617,-1.349815375783176
MULTI_5a45,propria,so_INI,bsskill_todas,llskill_entradas,450,-0.05624247511733963,0.20725141194972116,-0.27137318191580745
MULTI_5a45,propria,so_INI,bsskill_todas,ll_entradas,450,-0.4794887196026945,0.2119610402176001,-2.2621549654146316
MULTI_5a45,propria,so_INI,bsskill_todas,ppg,450,-0.12890103789060847,0.18392463066481746,-0.7008361926550041
MULTI_5a45,propria,so_INI,bsskill_todas,lucro,450,-0.07491697775768923,0.18356303628875398,-0.4081267082542752
MULTI_5a45,propria,so_INI,bsskill_todas,roi,450,-0.006655290596112159,0.21094024527554014,-0.03155059665081314
MULTI_5a45,propria,so_INI,bsskill_todas,sharpe,450,-0.03914488071397612,0.21861225205213178,-0.1790607815734013
MULTI_5a45,propria,so_INI,bsskill_todas,sortino,450,0.005228083674192455,0.21245200878805154,0.024608304266062024
MULTI_5a45,propria,so_INI,bsskill_todas,calmar,450,0.046694671321690036,0.17801894495370787,0.2623016967875668
MULTI_5a45,propria,so_INI,bsskill_todas,maxdd,450,-0.019961360280358838,0.21702208447898402,-0.09197847457912448
MULTI_5a45,propria,so_INI,bsskill_todas,seq_ruim,450,-0.2166551745413903,0.21847303873732196,-0.9916792286753637
MULTI_5a45,propria,so_INI,bsskill_todas,ppg_nao_piorando_ou_nada,450,-0.12890103789060847,0.18392463066481746,-0.7008361926550041
MULTI_5a45,propria,so_INI,bsskill_todas,funcao_menor_vol,450,-0.0815674795461303,0.2457057259771046,-0.33197223720268915
MULTI_5a45,propria,so_INI,bsskill_todas,ACASO,450,-0.19770652822742238,0.1714705375123654,-1.1530058230158926
MULTI_5a45,propria,so_INI,bsskill_todas,FIXO_RETROSPECTO,450,-0.42827700945031866,0.22074865636682062,-1.940111511884565
MULTI_5a45,propria,so_INI,bsskill_todas,BASE_V6_MOM,450,-0.3270006541048621,0.21750776242471598,-1.5033976280181907
MULTI_5a45,propria,so_INI,bsskill_todas,FIXO_TUDO_INI,450,-0.09431988610039348,0.24756480749382587,-0.38099068706583333
MULTI_5a45,propria,so_INI,bsskill_todas,FIXO_TUDO_INI_CALR,450,-0.3079620303185904,0.21838269611384967,-1.4101942864467623
MULTI_5a45,propria,so_INI,bsskill_todas,FIXO_V6E_INI,450,-0.42827700945031866,0.22074865636682062,-1.940111511884565
MULTI_5a45,propria,so_INI,bsskill_todas,FIXO_V6WR_INI,450,-0.2927847697947508,0.2166668974858368,-1.351312882549997
MULTI_5a45,propria,so_INI,bsskill_todas,FIXO_V6_INI,450,-0.29613599771335036,0.21589333704330604,-1.3716773373786355
MULTI_5a45,propria,so_INI,bsskill_todas,FAVORITO,450,0.8899567902455232,0.38198088856304563,2.3298463794704656
MULTI_5a45,propria,so_INI,bsskill_todas,ZEBRA,450,-0.32597187471057215,0.30542799234906814,-1.0672626048565477
MULTI_5a45,propria,so_INI,bsskill_todas,VIG_MERCADO,450,0.503875755123432,0.2118349718608361,2.3786240331197557
MULTI_5a45,propria,so_INI,llskill_todas,ppg,450,-0.18538700282723206,0.19431221175102628,-0.954067689089813
MULTI_5a45,propria,so_INI,llskill_todas,lucro,450,-0.1314029426943128,0.1904871586634734,-0.6898257269218735
MULTI_5a45,propria,so_INI,llskill_todas,roi,450,-0.0631412555327358,0.22995872205731796,-0.2745764760207601
MULTI_5a45,propria,so_INI,llskill_todas,sharpe,450,-0.09563084565059973,0.23596615002568733,-0.4052735769100328
MULTI_5a45,propria,so_INI,llskill_todas,sortino,450,-0.051257881262431144,0.2326735690168654,-0.22029954446057304
MULTI_5a45,propria,so_INI,llskill_todas,maxdd,450,-0.07644732521698237,0.22008259312955958,-0.347357435814921
MULTI_5a45,propria,so_INI,llskill_todas,seq_ruim,450,-0.27314113947801394,0.2408377216435848,-1.13412939473923
MULTI_5a45,propria,so_INI,llskill_todas,ppg_nao_piorando_ou_nada,450,-0.18538700282723206,0.19431221175102628,-0.954067689089813
MULTI_5a45,propria,so_INI,llskill_todas,ACASO,450,-0.2541924931640459,0.1849786354982928,-1.3741721711769892
MULTI_5a45,propria,so_INI,llskill_todas,FIXO_RETROSPECTO,450,-0.4847629743869422,0.23068543795199,-2.1014025795933877
MULTI_5a45,propria,so_INI,llskill_todas,BASE_V6_MOM,450,-0.3834866190414858,0.22586490676859455,-1.697858354925316
MULTI_5a45,propria,so_INI,llskill_todas,FIXO_TUDO_INI,450,-0.15080585103701702,0.25195237230865125,-0.5985490418493623
MULTI_5a45,propria,so_INI,llskill_todas,FIXO_TUDO_INI_CALR,450,-0.364447995255214,0.23496697072283887,-1.5510605347383386
MULTI_5a45,propria,so_INI,llskill_todas,FIXO_V6E_INI,450,-0.4847629743869422,0.23068543795199,-2.1014025795933877
MULTI_5a45,propria,so_INI,llskill_todas,FIXO_V6WR_INI,450,-0.3492707347313744,0.2266640731342872,-1.5409179315526058
MULTI_5a45,propria,so_INI,llskill_todas,FIXO_V6_INI,450,-0.3526219626499739,0.2251871295968151,-1.5659063787585183
MULTI_5a45,propria,so_INI,llskill_todas,FAVORITO,450,0.8334708253088996,0.38274919444417554,2.1775900182344143
MULTI_5a45,propria,so_INI,llskill_todas,ZEBRA,450,-0.3824578396471957,0.31858050611479755,-1.2005060959674054
MULTI_5a45,propria,so_INI,llskill_todas,VIG_MERCADO,450,0.4473897901868084,0.22241195888648815,2.011536575760936
MULTI_5a45,propria,so_INI,brier_todas,bsskill_todas,450,0.309085605470043,0.21430561181440355,1.4422655704308964
MULTI_5a45,propria,so_INI,brier_todas,llskill_todas,450,0.36557157040666666,0.23574263085469477,1.550723214894445
MULTI_5a45,propria,so_INI,brier_todas,ll_todas,450,0.01752567476759316,0.017520550463159423,1.0002924739405028
MULTI_5a45,propria,so_INI,brier_todas,bsskill_entradas,450,0.22776365005317753,0.21666350480417068,1.051232187252946
MULTI_5a45,propria,so_INI,brier_todas,llskill_entradas,450,0.25284313035270334,0.2129642969332128,1.1872559578941855
MULTI_5a45,propria,so_INI,brier_todas,ll_entradas,450,-0.17040311413265155,0.15810123925212904,-1.077810110399605
MULTI_5a45,propria,so_INI,brier_todas,ppg,450,0.18018456757943455,0.23228489342635955,0.7757050616662586
MULTI_5a45,propria,so_INI,brier_todas,lucro,450,0.23416862771235378,0.1639145465994204,1.428601869513281
MULTI_5a45,propria,so_INI,brier_todas,roi,450,0.3024303148739308,0.22907169113517517,1.3202430792527162
MULTI_5a45,propria,so_INI,brier_todas,sharpe,450,0.2699407247560668,0.23885988490000803,1.1301216395924742
MULTI_5a45,propria,so_INI,brier_todas,sortino,450,0.31431368914423546,0.22962767358153696,1.3687970802553462
MULTI_5a45,propria,so_INI,brier_todas,calmar,450,0.355780276791733,0.22582449441025723,1.5754724823844133
MULTI_5a45,propria,so_INI,brier_todas,maxdd,450,0.28912424518968416,0.2082105386832256,1.388614846386627
MULTI_5a45,propria,so_INI,brier_todas,seq_ruim,450,0.09243043092865273,0.16472838921282543,0.5611080844676667
MULTI_5a45,propria,so_INI,brier_todas,bsskill_t_ppg>=1_relaxar,450,0.2818194597676049,0.21342989132186832,1.3204310699975945
MULTI_5a45,propria,so_INI,brier_todas,ppg_nao_piorando_ou_nada,450,0.18018456757943455,0.23228489342635955,0.7757050616662586
MULTI_5a45,propria,so_INI,brier_todas,funcao_menor_vol,450,0.2275181259239126,0.19404528827017015,1.1725001310371324
MULTI_5a45,propria,so_INI,brier_todas,ACASO,450,0.11137907724262061,0.1416449449106472,0.7863258184955421
MULTI_5a45,propria,so_INI,brier_todas,FIXO_RETROSPECTO,450,-0.1191914039802757,0.16132543240748873,-0.7388258763764691
MULTI_5a45,propria,so_INI,brier_todas,BASE_V6_MOM,450,-0.017915048634819117,0.16756617754913275,-0.10691327388885609
MULTI_5a45,propria,so_INI,brier_todas,FIXO_TUDO_INI,450,0.2147657193696495,0.1994421761537464,1.0768320097153896
MULTI_5a45,propria,so_INI,brier_todas,FIXO_TUDO_INI_CALR,450,0.0011235751514525679,0.24717469952967558,0.004545672164628939
MULTI_5a45,propria,so_INI,brier_todas,FIXO_V6E_INI,450,-0.1191914039802757,0.16132543240748873,-0.7388258763764691
MULTI_5a45,propria,so_INI,brier_todas,FIXO_V6WR_INI,450,0.016300835675292183,0.16389438805505985,0.09945938887069132
MULTI_5a45,propria,so_INI,brier_todas,FIXO_V6_INI,450,0.012949607756692592,0.15943815772385117,0.08122025455864505
MULTI_5a45,propria,so_INI,brier_todas,FAVORITO,450,1.1990423957155663,0.3757880301864262,3.190741320634211
MULTI_5a45,propria,so_INI,brier_todas,ZEBRA,450,-0.016886269240529175,0.3225008555884095,-0.05236038586539507
MULTI_5a45,propria,so_INI,brier_todas,VIG_MERCADO,450,0.8129613605934749,0.2127322257739308,3.821524254897816
MULTI_5a45,propria,so_INI,ll_todas,llskill_todas,450,0.34804589563907345,0.23738048607286652,1.466194215864218
MULTI_5a45,propria,so_INI,ll_todas,llskill_entradas,450,0.23531745558511014,0.20994199595460894,1.1208689072194378
MULTI_5a45,propria,so_INI,ll_todas,ppg,450,0.1626588928118414,0.2310002888465491,0.7041501706514915
MULTI_5a45,propria,so_INI,ll_todas,lucro,450,0.21664295294476063,0.16505855773992542,1.312521785669024
MULTI_5a45,propria,so_INI,ll_todas,roi,450,0.2849046401063377,0.2263522260141503,1.2586783223794187
MULTI_5a45,propria,so_INI,ll_todas,sharpe,450,0.25241504998847364,0.23619814256791313,1.0686580649799045
MULTI_5a45,propria,so_INI,ll_todas,sortino,450,0.29678801437664226,0.2269358031284648,1.3078060415554402
MULTI_5a45,propria,so_INI,ll_todas,maxdd,450,0.271598570422091,0.2072245334521868,1.310648724344974
MULTI_5a45,propria,so_INI,ll_todas,seq_ruim,450,0.07490475616105956,0.1645387164910908,0.4552409169006456
MULTI_5a45,propria,so_INI,ll_todas,ppg_nao_piorando_ou_nada,450,0.1626588928118414,0.2310002888465491,0.7041501706514915
MULTI_5a45,propria,so_INI,ll_todas,ACASO,450,0.09385340247502744,0.1407899622173048,0.6666199848123243
MULTI_5a45,propria,so_INI,ll_todas,FIXO_RETROSPECTO,450,-0.13671707874786884,0.1615816084982563,-0.846117822557412
MULTI_5a45,propria,so_INI,ll_todas,BASE_V6_MOM,450,-0.03544072340241228,0.16631602891912314,-0.2130926503761495
MULTI_5a45,propria,so_INI,ll_todas,FIXO_TUDO_INI,450,0.19724004460205638,0.1993391329875378,0.98946976264007
MULTI_5a45,propria,so_INI,ll_todas,FIXO_TUDO_INI_CALR,450,-0.016402099616140597,0.2480005349316886,-0.06613735579505314
MULTI_5a45,propria,so_INI,ll_todas,FIXO_V6E_INI,450,-0.13671707874786884,0.1615816084982563,-0.846117822557412
MULTI_5a45,propria,so_INI,ll_todas,FIXO_V6WR_INI,450,-0.001224839092300982,0.16414243909116513,-0.007462050028516411
MULTI_5a45,propria,so_INI,ll_todas,FIXO_V6_INI,450,-0.004576067010900573,0.15968474253269055,-0.028656883170687163
MULTI_5a45,propria,so_INI,ll_todas,FAVORITO,450,1.181516720947973,0.3751428408958134,3.149511578380647
MULTI_5a45,propria,so_INI,ll_todas,ZEBRA,450,-0.03441194400812234,0.3237214301369999,-0.10630109966324783
MULTI_5a45,propria,so_INI,ll_todas,VIG_MERCADO,450,0.7954356858258818,0.2126779096065205,3.7400954678251854
MULTI_5a45,propria,so_INI,bsskill_entradas,bsskill_todas,450,0.08132195541686542,0.2090867818860532,0.3889387683109674
MULTI_5a45,propria,so_INI,bsskill_entradas,llskill_todas,450,0.13780792035348902,0.24107792846278078,0.571632256972727
MULTI_5a45,propria,so_INI,bsskill_entradas,ll_todas,450,-0.2102379752855844,0.21364661323336884,-0.9840454388852814
MULTI_5a45,propria,so_INI,bsskill_entradas,llskill_entradas,450,0.025079480299525773,0.026682864897253404,0.9399095785290779
MULTI_5a45,propria,so_INI,bsskill_entradas,ll_entradas,450,-0.39816676418582914,0.2490367821327088,-1.598827132185039
MULTI_5a45,propria,so_INI,bsskill_entradas,ppg,450,-0.04757908247374304,0.18242047715108828,-0.26082095177470704
MULTI_5a45,propria,so_INI,bsskill_entradas,lucro,450,0.006404977659176257,0.23053628236693174,0.02778294849477017
MULTI_5a45,propria,so_INI,bsskill_entradas,roi,450,0.07466666482075325,0.08434094622677471,0.8852955552572366
MULTI_5a45,propria,so_INI,bsskill_entradas,sharpe,450,0.042177074702889276,0.08693894204539805,0.4851344370036746
MULTI_5a45,propria,so_INI,bsskill_entradas,sortino,450,0.08655003909105785,0.08658070027066272,0.999645865885711
MULTI_5a45,propria,so_INI,bsskill_entradas,calmar,450,0.12801662673855543,0.19422732948198496,0.6591071765234217
MULTI_5a45,propria,so_INI,bsskill_entradas,maxdd,450,0.06136059513650663,0.23016192460207444,0.2665975062669144
MULTI_5a45,propria,so_INI,bsskill_entradas,seq_ruim,450,-0.1353332191245248,0.18704012009790363,-0.7235518190091327
MULTI_5a45,propria,so_INI,bsskill_entradas,bsskill_t_ppg>=1_relaxar,450,0.05405580971442739,0.2074837001645045,0.2605303918889482
MULTI_5a45,propria,so_INI,bsskill_entradas,ppg_nao_piorando_ou_nada,450,-0.04757908247374304,0.18242047715108828,-0.26082095177470704
MULTI_5a45,propria,so_INI,bsskill_entradas,funcao_menor_vol,450,-0.00024552412926493497,0.24397402454448652,-0.001006353564578617
MULTI_5a45,propria,so_INI,bsskill_entradas,ACASO,450,-0.11638457281055697,0.17429027445873288,-0.6677628638315882
MULTI_5a45,propria,so_INI,bsskill_entradas,FIXO_RETROSPECTO,450,-0.34695505403345317,0.24657011998266884,-1.4071252999262047
MULTI_5a45,propria,so_INI,bsskill_entradas,BASE_V6_MOM,450,-0.24567869868799666,0.21437373998487672,-1.1460298201884633
MULTI_5a45,propria,so_INI,bsskill_entradas,FIXO_TUDO_INI,450,-0.012997930683528058,0.26941762123939705,-0.04824454548939268
MULTI_5a45,propria,so_INI,bsskill_entradas,FIXO_TUDO_INI_CALR,450,-0.22664007490172494,0.2927539276674887,-0.7741657873131725
MULTI_5a45,propria,so_INI,bsskill_entradas,FIXO_V6E_INI,450,-0.34695505403345317,0.24657011998266884,-1.4071252999262047
MULTI_5a45,propria,so_INI,bsskill_entradas,FIXO_V6WR_INI,450,-0.21146281437788533,0.2312172137656349,-0.9145634571664162
MULTI_5a45,propria,so_INI,bsskill_entradas,FIXO_V6_INI,450,-0.21481404229648496,0.22880797931288624,-0.9388398208033423
MULTI_5a45,propria,so_INI,bsskill_entradas,FAVORITO,450,0.9712787456623887,0.3403665541528447,2.8536256979768555
MULTI_5a45,propria,so_INI,bsskill_entradas,ZEBRA,450,-0.24464991929370664,0.36744898235609663,-0.6658064957072467
MULTI_5a45,propria,so_INI,bsskill_entradas,VIG_MERCADO,450,0.5851977105402973,0.19356379589049355,3.023280814720983
MULTI_5a45,propria,so_INI,llskill_entradas,llskill_todas,450,0.11272844005396324,0.2396767170637303,0.4703353810707805
MULTI_5a45,propria,so_INI,llskill_entradas,ppg,450,-0.07265856277326882,0.17753612652401474,-0.4092607189074869
MULTI_5a45,propria,so_INI,llskill_entradas,lucro,450,-0.018674502640349522,0.22660938869783978,-0.08240833598139238
MULTI_5a45,propria,so_INI,llskill_entradas,roi,450,0.04958718452122749,0.08109725457000298,0.6114533073178691
MULTI_5a45,propria,so_INI,llskill_entradas,sharpe,450,0.01709759440336351,0.0842270756047598,0.20299404058137926
MULTI_5a45,propria,so_INI,llskill_entradas,sortino,450,0.06147055879153209,0.08350557696475416,0.7361251909854768
MULTI_5a45,propria,so_INI,llskill_entradas,maxdd,450,0.036281114836980856,0.22436146681948546,0.16170831538631167
MULTI_5a45,propria,so_INI,llskill_entradas,seq_ruim,450,-0.1604126994240506,0.1823511167464181,-0.8796913464869228
MULTI_5a45,propria,so_INI,llskill_entradas,ppg_nao_piorando_ou_nada,450,-0.07265856277326882,0.17753612652401474,-0.4092607189074869
MULTI_5a45,propria,so_INI,llskill_entradas,ACASO,450,-0.14146405311008275,0.1669559292136451,-0.8473137418741105
MULTI_5a45,propria,so_INI,llskill_entradas,FIXO_RETROSPECTO,450,-0.372034534332979,0.2452666875042741,-1.5168571733839549
MULTI_5a45,propria,so_INI,llskill_entradas,BASE_V6_MOM,450,-0.2707581789875224,0.2120974824473277,-1.2765742236226802
MULTI_5a45,propria,so_INI,llskill_entradas,FIXO_TUDO_INI,450,-0.03807741098305384,0.26412794190321437,-0.14416275199314854
MULTI_5a45,propria,so_INI,llskill_entradas,FIXO_TUDO_INI_CALR,450,-0.2517195552012507,0.2933593049885079,-0.8580588749728312
MULTI_5a45,propria,so_INI,llskill_entradas,FIXO_V6E_INI,450,-0.372034534332979,0.2452666875042741,-1.5168571733839549
MULTI_5a45,propria,so_INI,llskill_entradas,FIXO_V6WR_INI,450,-0.2365422946774111,0.22781642665286875,-1.0383021898497173
MULTI_5a45,propria,so_INI,llskill_entradas,FIXO_V6_INI,450,-0.23989352259601074,0.22539260984244366,-1.0643362387245245
MULTI_5a45,propria,so_INI,llskill_entradas,FAVORITO,450,0.9461992653628628,0.33149797953285665,2.8543138232583996
MULTI_5a45,propria,so_INI,llskill_entradas,ZEBRA,450,-0.2697293995932325,0.3692385106819529,-0.7305018078831069
MULTI_5a45,propria,so_INI,llskill_entradas,VIG_MERCADO,450,0.5601182302407717,0.1836902259143482,3.0492544034539204
MULTI_5a45,propria,so_INI,brier_entradas,bsskill_todas,450,0.4404238583623036,0.21628544290705273,2.0363083730585276
MULTI_5a45,propria,so_INI,brier_entradas,llskill_todas,450,0.4969098232989271,0.22002134385599437,2.2584619046057566
MULTI_5a45,propria,so_INI,brier_entradas,brier_todas,450,0.1313382528922605,0.13263718526002707,0.9902068762600768
MULTI_5a45,propria,so_INI,brier_entradas,ll_todas,450,0.1488639276598537,0.13870724063365647,1.0732239137610873
MULTI_5a45,propria,so_INI,brier_entradas,bsskill_entradas,450,0.3591019029454381,0.24071825594462737,1.4917933894803668
MULTI_5a45,propria,so_INI,brier_entradas,llskill_entradas,450,0.3841813832449638,0.23658027329260975,1.6238944096991403
MULTI_5a45,propria,so_INI,brier_entradas,ll_entradas,450,-0.03906486124039101,0.08173975398480157,-0.47791752893768935
MULTI_5a45,propria,so_INI,brier_entradas,ppg,450,0.311522820471695,0.23967390975163463,1.2997777722010493
MULTI_5a45,propria,so_INI,brier_entradas,lucro,450,0.3655068806046142,0.18418505770006505,1.9844545761134518
MULTI_5a45,propria,so_INI,brier_entradas,roi,450,0.4337685677661913,0.24922881236528802,1.740443103867254
MULTI_5a45,propria,so_INI,brier_entradas,sharpe,450,0.4012789776483274,0.257464000692867,1.5585828565097906
MULTI_5a45,propria,so_INI,brier_entradas,sortino,450,0.44565194203649594,0.2512933445586064,1.7734331278024014
MULTI_5a45,propria,so_INI,brier_entradas,calmar,450,0.48711852968399355,0.22389658249386155,2.1756407545762726
MULTI_5a45,propria,so_INI,brier_entradas,maxdd,450,0.4204624980819447,0.2145123478844586,1.9600852921922036
MULTI_5a45,propria,so_INI,brier_entradas,seq_ruim,450,0.22376868382091322,0.20991030598951063,1.0660204736783867
MULTI_5a45,propria,so_INI,brier_entradas,bsskill_t_ppg>=1_relaxar,450,0.41315771265986545,0.21705195575767605,1.9034968434982835
MULTI_5a45,propria,so_INI,brier_entradas,ppg_nao_piorando_ou_nada,450,0.311522820471695,0.23967390975163463,1.2997777722010493
MULTI_5a45,propria,so_INI,brier_entradas,funcao_menor_vol,450,0.3588563788161731,0.17997402883778146,1.9939342422546211
MULTI_5a45,propria,so_INI,brier_entradas,ACASO,450,0.24271733013488112,0.16168567524139665,1.5011678045844459
MULTI_5a45,propria,so_INI,brier_entradas,FIXO_RETROSPECTO,450,0.012146848911984845,0.1901993234353307,0.06386378611969601
MULTI_5a45,propria,so_INI,brier_entradas,BASE_V6_MOM,450,0.1134232042574414,0.19708831460394863,0.5754943132238292
MULTI_5a45,propria,so_INI,brier_entradas,FIXO_TUDO_INI,450,0.3461039722619101,0.23301075980323047,1.4853561807797329
MULTI_5a45,propria,so_INI,brier_entradas,FIXO_TUDO_INI_CALR,450,0.13246182804371306,0.2616199899249477,0.5063138641726616
MULTI_5a45,propria,so_INI,brier_entradas,FIXO_V6E_INI,450,0.012146848911984845,0.1901993234353307,0.06386378611969601
MULTI_5a45,propria,so_INI,brier_entradas,FIXO_V6WR_INI,450,0.14763908856755273,0.18971416533154342,0.7782185811456909
MULTI_5a45,propria,so_INI,brier_entradas,FIXO_V6_INI,450,0.1442878606489532,0.185441240667741,0.7780785985328733
MULTI_5a45,propria,so_INI,brier_entradas,FAVORITO,450,1.3303806486078267,0.37099497976329365,3.5859801915827836
MULTI_5a45,propria,so_INI,brier_entradas,ZEBRA,450,0.11445198365173138,0.3279584093099839,0.3489832259295788
MULTI_5a45,propria,so_INI,brier_entradas,VIG_MERCADO,450,0.9442996134857355,0.2161887548580039,4.367940479170464
MULTI_5a45,propria,so_INI,ll_entradas,llskill_todas,450,0.5359746845393181,0.21524227297305956,2.4900995382370934
MULTI_5a45,propria,so_INI,ll_entradas,ll_todas,450,0.18792878890024473,0.16313138441680972,1.1520087907798064
MULTI_5a45,propria,so_INI,ll_entradas,llskill_entradas,450,0.42324624448535486,0.24519012054359482,1.7261961597270052
MULTI_5a45,propria,so_INI,ll_entradas,ppg,450,0.350587681712086,0.22927099902887732,1.529140986854288
MULTI_5a45,propria,so_INI,ll_entradas,lucro,450,0.4045717418450053,0.16867412728568099,2.3985405963286106
MULTI_5a45,propria,so_INI,ll_entradas,roi,450,0.4728334290065823,0.24713984158871172,1.9132221901860251
MULTI_5a45,propria,so_INI,ll_entradas,sharpe,450,0.44034383888871836,0.25493019573368825,1.7273114219420351
MULTI_5a45,propria,so_INI,ll_entradas,sortino,450,0.484716803276887,0.25008808928017895,1.938184280075204
MULTI_5a45,propria,so_INI,ll_entradas,maxdd,450,0.45952735932233574,0.21876561190258148,2.1005465864853012
MULTI_5a45,propria,so_INI,ll_entradas,seq_ruim,450,0.2628335450613043,0.2189098185851271,1.2006475852022904
MULTI_5a45,propria,so_INI,ll_entradas,ppg_nao_piorando_ou_nada,450,0.350587681712086,0.22927099902887732,1.529140986854288
MULTI_5a45,propria,so_INI,ll_entradas,ACASO,450,0.28178219137527216,0.16935234185631437,1.6638812802148788
MULTI_5a45,propria,so_INI,ll_entradas,FIXO_RETROSPECTO,450,0.05121171015237584,0.19896457955126032,0.2573910907553366
MULTI_5a45,propria,so_INI,ll_entradas,BASE_V6_MOM,450,0.1524880654978324,0.2038918189699604,0.7478871210634431
MULTI_5a45,propria,so_INI,ll_entradas,FIXO_TUDO_INI,450,0.385168833502301,0.23507432373969123,1.638498102960902
MULTI_5a45,propria,so_INI,ll_entradas,FIXO_TUDO_INI_CALR,450,0.17152668928410403,0.23489871424101746,0.7302155307163978
MULTI_5a45,propria,so_INI,ll_entradas,FIXO_V6E_INI,450,0.05121171015237584,0.19896457955126032,0.2573910907553366
MULTI_5a45,propria,so_INI,ll_entradas,FIXO_V6WR_INI,450,0.18670394980794378,0.19934987939677093,0.9365641472816864
MULTI_5a45,propria,so_INI,ll_entradas,FIXO_V6_INI,450,0.18335272188934415,0.1968329584678272,0.9315143323383699
MULTI_5a45,propria,so_INI,ll_entradas,FAVORITO,450,1.3694455098482174,0.385866157934629,3.5490168849692703
MULTI_5a45,propria,so_INI,ll_entradas,ZEBRA,450,0.15351684489212242,0.3169761330986911,0.4843167319614082
MULTI_5a45,propria,so_INI,ll_entradas,VIG_MERCADO,450,0.9833644747261266,0.2294562493907444,4.285629514720869
MULTI_5a45,propria,so_INI,ppg,roi,450,0.12224574729449632,0.15690925272677778,0.7790856509103375
MULTI_5a45,propria,so_INI,ppg,sharpe,450,0.08975615717663231,0.1534800673770477,0.5848066052520835
MULTI_5a45,propria,so_INI,ppg,sortino,450,0.13412912156480092,0.16023337825958692,0.8370860242833071
MULTI_5a45,propria,so_INI,ppg,seq_ruim,450,-0.08775413665078181,0.22623895386290738,-0.38788252488100544
MULTI_5a45,propria,so_INI,ppg,ppg_nao_piorando_ou_nada,450,0.0,0.0,
MULTI_5a45,propria,so_INI,ppg,ACASO,450,-0.06880549033681392,0.186697116898185,-0.3685407224276361
MULTI_5a45,propria,so_INI,ppg,FIXO_RETROSPECTO,450,-0.29937597155971024,0.24407911281678799,-1.226553014327078
MULTI_5a45,propria,so_INI,ppg,BASE_V6_MOM,450,-0.19809961621425357,0.22301956394483005,-0.8882611583944218
MULTI_5a45,propria,so_INI,ppg,FIXO_TUDO_INI,450,0.03458115179021501,0.2600449186868999,0.13298145553019444
MULTI_5a45,propria,so_INI,ppg,FIXO_TUDO_INI_CALR,450,-0.17906099242798193,0.267961208756316,-0.6682347540491207
MULTI_5a45,propria,so_INI,ppg,FIXO_V6E_INI,450,-0.29937597155971024,0.24407911281678799,-1.226553014327078
MULTI_5a45,propria,so_INI,ppg,FIXO_V6WR_INI,450,-0.16388373190414235,0.241267686865158,-0.6792610068655205
MULTI_5a45,propria,so_INI,ppg,FIXO_V6_INI,450,-0.1672349598227419,0.2408911686815636,-0.6942344990812487
MULTI_5a45,propria,so_INI,ppg,FAVORITO,450,1.0188578281361316,0.3746930864453073,2.719179683302886
MULTI_5a45,propria,so_INI,ppg,ZEBRA,450,-0.19707083681996362,0.3393160674930892,-0.5807884026121968
MULTI_5a45,propria,so_INI,ppg,VIG_MERCADO,450,0.6327767930140406,0.22254645365091075,2.8433470074819636
MULTI_5a45,propria,so_INI,lucro,ppg,450,-0.05398406013291928,0.2128082758620912,-0.2536746276160014
MULTI_5a45,propria,so_INI,lucro,roi,450,0.068261687161577,0.22545732911390454,0.30276987414807055
MULTI_5a45,propria,so_INI,lucro,sharpe,450,0.035772097043713036,0.23397067571910463,0.1528913695435043
MULTI_5a45,propria,so_INI,lucro,sortino,450,0.0801450614318816,0.22784355263734105,0.35175479184810915
MULTI_5a45,propria,so_INI,lucro,maxdd,450,0.05495561747733038,0.2071281461083617,0.26532182375918945
MULTI_5a45,propria,so_INI,lucro,seq_ruim,450,-0.14173819678370103,0.1849374104625133,-0.7664117088545007
MULTI_5a45,propria,so_INI,lucro,ppg_nao_piorando_ou_nada,450,-0.05398406013291928,0.2128082758620912,-0.2536746276160014
MULTI_5a45,propria,so_INI,lucro,ACASO,450,-0.12278955046973325,0.13120892556386177,-0.9358322990760971
MULTI_5a45,propria,so_INI,lucro,FIXO_RETROSPECTO,450,-0.35336003169262953,0.13648398398802633,-2.5890219597020967
MULTI_5a45,propria,so_INI,lucro,BASE_V6_MOM,450,-0.25208367634717294,0.150750416343639,-1.6721922397384459
MULTI_5a45,propria,so_INI,lucro,FIXO_TUDO_INI,450,-0.019402908342704264,0.2012232516732615,-0.09642478282882513
MULTI_5a45,propria,so_INI,lucro,FIXO_TUDO_INI_CALR,450,-0.23304505256090122,0.20046857946931762,-1.1625016407948834
MULTI_5a45,propria,so_INI,lucro,FIXO_V6E_INI,450,-0.35336003169262953,0.13648398398802633,-2.5890219597020967
MULTI_5a45,propria,so_INI,lucro,FIXO_V6WR_INI,450,-0.2178677920370616,0.15630360545528416,-1.3938756652634603
MULTI_5a45,propria,so_INI,lucro,FIXO_V6_INI,450,-0.22121901995566118,0.15306721541763932,-1.4452410292567988
MULTI_5a45,propria,so_INI,lucro,FAVORITO,450,0.9648737680032123,0.39726559124129524,2.4287876656731577
MULTI_5a45,propria,so_INI,lucro,ZEBRA,450,-0.2510548969528829,0.2742331976083457,-0.9154795959876253
MULTI_5a45,propria,so_INI,lucro,VIG_MERCADO,450,0.5787927328811213,0.21679579555444012,2.669759952682197
MULTI_5a45,propria,so_INI,roi,sharpe,450,-0.032489590117863974,0.025347401786190528,-1.2817720092938507
MULTI_5a45,propria,so_INI,roi,sortino,450,0.011883374270304604,0.011879899709223872,1.0002924739405026
MULTI_5a45,propria,so_INI,roi,seq_ruim,450,-0.2099998839452781,0.17887795532069253,-1.1739841478442112
MULTI_5a45,propria,so_INI,roi,ACASO,450,-0.19105123763131024,0.1642044163180845,-1.1634963414212933
MULTI_5a45,propria,so_INI,roi,FIXO_RETROSPECTO,450,-0.4216217188542064,0.2573888819851324,-1.6380727698974995
MULTI_5a45,propria,so_INI,roi,BASE_V6_MOM,450,-0.32034536350875,0.21250023088980963,-1.5075059550164094
MULTI_5a45,propria,so_INI,roi,FIXO_TUDO_INI,450,-0.08766459550428136,0.2474553759171542,-0.3542642594826094
MULTI_5a45,propria,so_INI,roi,FIXO_TUDO_INI_CALR,450,-0.30130673972247823,0.29286988306113104,-1.028807525625932
MULTI_5a45,propria,so_INI,roi,FIXO_V6E_INI,450,-0.4216217188542064,0.2573888819851324,-1.6380727698974995
MULTI_5a45,propria,so_INI,roi,FIXO_V6WR_INI,450,-0.2861294791986386,0.22755204071520066,-1.2574243601565949
MULTI_5a45,propria,so_INI,roi,FIXO_V6_INI,450,-0.2894807071172382,0.2267190530685636,-1.276825671240319
MULTI_5a45,propria,so_INI,roi,FAVORITO,450,0.8966120808416352,0.328048811932478,2.7331666758975617
MULTI_5a45,propria,so_INI,roi,ZEBRA,450,-0.31931658411445996,0.37295489730358705,-0.8561801612556242
MULTI_5a45,propria,so_INI,roi,VIG_MERCADO,450,0.5105310457195441,0.1779144753340036,2.8695306818689743
MULTI_5a45,propria,so_INI,sharpe,sortino,450,0.04437296438816858,0.031131293536095173,1.4253492016552527
MULTI_5a45,propria,so_INI,sharpe,ACASO,450,-0.15856164751344626,0.17559510539039036,-0.9029958275939719
MULTI_5a45,propria,so_INI,sharpe,FIXO_RETROSPECTO,450,-0.38913212873634245,0.2635213922004285,-1.4766623896718687
MULTI_5a45,propria,so_INI,sharpe,BASE_V6_MOM,450,-0.2878557733908859,0.2175729606542038,-1.3230310077380663
MULTI_5a45,propria,so_INI,sharpe,FIXO_TUDO_INI,450,-0.05517500538641735,0.2545544069642963,-0.21675132654119073
MULTI_5a45,propria,so_INI,sharpe,FIXO_TUDO_INI_CALR,450,-0.2688171496046142,0.2946849994154552,-0.9122186407107484
MULTI_5a45,propria,so_INI,sharpe,FIXO_V6E_INI,450,-0.38913212873634245,0.2635213922004285,-1.4766623896718687
MULTI_5a45,propria,so_INI,sharpe,FIXO_V6WR_INI,450,-0.2536398890807746,0.2353963518810232,-1.0775013591076055
MULTI_5a45,propria,so_INI,sharpe,FIXO_V6_INI,450,-0.25699111699937416,0.23440643379786721,-1.0963483929838809
MULTI_5a45,propria,so_INI,sharpe,FAVORITO,450,0.9291016709594994,0.33774391174615903,2.7509057562458503
MULTI_5a45,propria,so_INI,sharpe,ZEBRA,450,-0.286826993996596,0.3742573946379016,-0.7663896508286883
MULTI_5a45,propria,so_INI,sharpe,VIG_MERCADO,450,0.5430206358374081,0.19173802679053079,2.8320967151218532
MULTI_5a45,propria,so_INI,sortino,ACASO,450,-0.20293461190161483,0.165833720044058,-1.223723449294269
MULTI_5a45,propria,so_INI,sortino,FIXO_RETROSPECTO,450,-0.43350509312451113,0.25909769958175144,-1.6731337013964112
MULTI_5a45,propria,so_INI,sortino,BASE_V6_MOM,450,-0.33222873777905443,0.21346594732258414,-1.556354734542269
MULTI_5a45,propria,so_INI,sortino,FIXO_TUDO_INI,450,-0.09954796977458595,0.24835236574264166,-0.4008335877007261
MULTI_5a45,propria,so_INI,sortino,FIXO_TUDO_INI_CALR,450,-0.3131901139927828,0.29343475942826347,-1.0673245207998234
MULTI_5a45,propria,so_INI,sortino,FIXO_V6E_INI,450,-0.43350509312451113,0.25909769958175144,-1.6731337013964112
MULTI_5a45,propria,so_INI,sortino,FIXO_V6WR_INI,450,-0.2980128534689433,0.22795731530739805,-1.3073186665103338
MULTI_5a45,propria,so_INI,sortino,FIXO_V6_INI,450,-0.30136408138754284,0.2274083153159509,-1.3252113537222292
MULTI_5a45,propria,so_INI,sortino,FAVORITO,450,0.8847287065713307,0.329385017450111,2.6860016688686597
MULTI_5a45,propria,so_INI,sortino,ZEBRA,450,-0.3311999583847645,0.37398620818708345,-0.8855940436688097
MULTI_5a45,propria,so_INI,sortino,VIG_MERCADO,450,0.4986476714492395,0.17966830466193945,2.775379176574776
MULTI_5a45,propria,so_INI,calmar,llskill_todas,450,0.009791293614933557,0.1652405446720244,0.05925478903720441
MULTI_5a45,propria,so_INI,calmar,ll_todas,450,-0.3382546020241399,0.22480131514316054,-1.5046824873276599
MULTI_5a45,propria,so_INI,calmar,llskill_entradas,450,-0.10293714643902967,0.18821608461729078,-0.5469094028193018
MULTI_5a45,propria,so_INI,calmar,ll_entradas,450,-0.5261833909243845,0.23262475734561971,-2.2619406331829643
MULTI_5a45,propria,so_INI,calmar,ppg,450,-0.1755957092122985,0.19334446696788282,-0.9082013670526572
MULTI_5a45,propria,so_INI,calmar,lucro,450,-0.12161164907937926,0.20114006476290316,-0.6046117625681924
MULTI_5a45,propria,so_INI,calmar,roi,450,-0.0533499619178022,0.1781439444012013,-0.2994767074296489
MULTI_5a45,propria,so_INI,calmar,sharpe,450,-0.08583955203566616,0.18588663967491292,-0.46178440895906403
MULTI_5a45,propria,so_INI,calmar,sortino,450,-0.04146658764749758,0.1801776434048228,-0.2301428016478744
MULTI_5a45,propria,so_INI,calmar,maxdd,450,-0.06665603160204887,0.14368777028812255,-0.4638949540965823
MULTI_5a45,propria,so_INI,calmar,seq_ruim,450,-0.26334984586308036,0.18030667740877415,-1.4605662399625867
MULTI_5a45,propria,so_INI,calmar,ppg_nao_piorando_ou_nada,450,-0.1755957092122985,0.19334446696788282,-0.9082013670526572
MULTI_5a45,propria,so_INI,calmar,funcao_menor_vol,450,-0.12826215086782045,0.19195705703755556,-0.6681814820839148
MULTI_5a45,propria,so_INI,calmar,ACASO,450,-0.24440119954911244,0.13390875824933993,-1.8251322971275268
MULTI_5a45,propria,so_INI,calmar,FIXO_RETROSPECTO,450,-0.47497168077200874,0.23203831004171954,-2.0469537150421875
MULTI_5a45,propria,so_INI,calmar,BASE_V6_MOM,450,-0.3736953254265521,0.1837856515143673,-2.033321547941074
MULTI_5a45,propria,so_INI,calmar,FIXO_TUDO_INI,450,-0.1410145574220835,0.22377170529643442,-0.630171527876051
MULTI_5a45,propria,so_INI,calmar,FIXO_TUDO_INI_CALR,450,-0.3546567016402804,0.29912429800248946,-1.1856499254946142
MULTI_5a45,propria,so_INI,calmar,FIXO_V6E_INI,450,-0.47497168077200874,0.23203831004171954,-2.0469537150421875
MULTI_5a45,propria,so_INI,calmar,FIXO_V6WR_INI,450,-0.3394794411164409,0.189675856498125,-1.7897873107524191
MULTI_5a45,propria,so_INI,calmar,FIXO_V6_INI,450,-0.34283066903504045,0.18842213053038812,-1.8194819688643198
MULTI_5a45,propria,so_INI,calmar,FAVORITO,450,0.8432621189238333,0.29407546626813214,2.867502446310716
MULTI_5a45,propria,so_INI,calmar,ZEBRA,450,-0.3726665460322621,0.37326692938723494,-0.998391544206827
MULTI_5a45,propria,so_INI,calmar,VIG_MERCADO,450,0.4571810838017419,0.14593437761328362,3.1327853743498415
MULTI_5a45,propria,so_INI,maxdd,ppg,450,-0.10893967761024963,0.24505012572217497,-0.4445607905288722
MULTI_5a45,propria,so_INI,maxdd,roi,450,0.013306069684246644,0.21060128576774914,0.063181331660627
MULTI_5a45,propria,so_INI,maxdd,sharpe,450,-0.019183520433617277,0.2229095850756241,-0.08605964802773776
MULTI_5a45,propria,so_INI,maxdd,sortino,450,0.025189443954551263,0.21223888586906353,0.11868439589383907
MULTI_5a45,propria,so_INI,maxdd,seq_ruim,450,-0.19669381426103144,0.1466995769711413,-1.340793329620337
MULTI_5a45,propria,so_INI,maxdd,ppg_nao_piorando_ou_nada,450,-0.10893967761024963,0.24505012572217497,-0.4445607905288722
MULTI_5a45,propria,so_INI,maxdd,ACASO,450,-0.17774516794706358,0.11749836377355909,-1.5127458990800173
MULTI_5a45,propria,so_INI,maxdd,FIXO_RETROSPECTO,450,-0.4083156491699598,0.22548307082611016,-1.810848360695105
MULTI_5a45,propria,so_INI,maxdd,BASE_V6_MOM,450,-0.30703929382450335,0.17002471226208432,-1.8058509833042276
MULTI_5a45,propria,so_INI,maxdd,FIXO_TUDO_INI,450,-0.07435852582003462,0.18802465407139843,-0.39547221180791814
MULTI_5a45,propria,so_INI,maxdd,FIXO_TUDO_INI_CALR,450,-0.2880006700382315,0.2967751753688204,-0.9704338298522296
MULTI_5a45,propria,so_INI,maxdd,FIXO_V6E_INI,450,-0.4083156491699598,0.22548307082611016,-1.810848360695105
MULTI_5a45,propria,so_INI,maxdd,FIXO_V6WR_INI,450,-0.272823409514392,0.15359020734712195,-1.7763073195011498
MULTI_5a45,propria,so_INI,maxdd,FIXO_V6_INI,450,-0.27617463743299153,0.15385716519152215,-1.795006667965109
MULTI_5a45,propria,so_INI,maxdd,FAVORITO,450,0.9099181505258821,0.31489644483260276,2.889578988449964
MULTI_5a45,propria,so_INI,maxdd,ZEBRA,450,-0.30601051443021327,0.3681901330631742,-0.831120899097282
MULTI_5a45,propria,so_INI,maxdd,VIG_MERCADO,450,0.5238371154037909,0.1654468443005502,3.1661958716612935
MULTI_5a45,propria,so_INI,seq_ruim,sharpe,450,0.1775102938274141,0.19129062592227272,0.927961278664758
MULTI_5a45,propria,so_INI,seq_ruim,sortino,450,0.2218832582155827,0.17988520734682026,1.2334713981666643
MULTI_5a45,propria,so_INI,seq_ruim,ACASO,450,0.01894864631396784,0.10862475873504533,0.17444132014310737
MULTI_5a45,propria,so_INI,seq_ruim,FIXO_RETROSPECTO,450,-0.21162183490892839,0.18422289911740114,-1.1487270905125997
MULTI_5a45,propria,so_INI,seq_ruim,BASE_V6_MOM,450,-0.11034547956347188,0.160138814187383,-0.6890614253853128
MULTI_5a45,propria,so_INI,seq_ruim,FIXO_TUDO_INI,450,0.12233528844099684,0.17404822133370054,0.7028815778958457
MULTI_5a45,propria,so_INI,seq_ruim,FIXO_TUDO_INI_CALR,450,-0.09130685577720019,0.2745189575994536,-0.3326067408081325
MULTI_5a45,propria,so_INI,seq_ruim,FIXO_V6E_INI,450,-0.21162183490892839,0.18422289911740114,-1.1487270905125997
MULTI_5a45,propria,so_INI,seq_ruim,FIXO_V6WR_INI,450,-0.07612959525336054,0.1538173050912519,-0.49493517786049335
MULTI_5a45,propria,so_INI,seq_ruim,FIXO_V6_INI,450,-0.07948082317196008,0.15135794729155938,-0.5251182682786846
MULTI_5a45,propria,so_INI,seq_ruim,FAVORITO,450,1.1066119647869135,0.33102282660808946,3.343008021912258
MULTI_5a45,propria,so_INI,seq_ruim,ZEBRA,450,-0.10931670016918181,0.3458245337634969,-0.3161045255509301
MULTI_5a45,propria,so_INI,seq_ruim,VIG_MERCADO,450,0.7205309296648224,0.1695422173022661,4.249861427612648
MULTI_5a45,propria,so_INI,brier_com_roi>=0,bsskill_todas,450,0.05064940897000841,0.21163741440295092,0.2393216204842379
MULTI_5a45,propria,so_INI,brier_com_roi>=0,llskill_todas,450,0.10713537390663194,0.2288199039087161,0.46820828117020724
MULTI_5a45,propria,so_INI,brier_com_roi>=0,brier_todas,450,-0.25843619650003463,0.12439596541986989,-2.0775287657259853
MULTI_5a45,propria,so_INI,brier_com_roi>=0,ll_todas,450,-0.2409105217324414,0.12644335958126673,-1.9052840934490134
MULTI_5a45,propria,so_INI,brier_com_roi>=0,bsskill_entradas,450,-0.030672546446856984,0.23233351636230348,-0.13201946463473602
MULTI_5a45,propria,so_INI,brier_com_roi>=0,llskill_entradas,450,-0.0055930661473312035,0.22517247708440535,-0.024839031038569853
MULTI_5a45,propria,so_INI,brier_com_roi>=0,brier_entradas,450,-0.38977444939229505,0.1762751087207726,-2.2111712324041997
MULTI_5a45,propria,so_INI,brier_com_roi>=0,ll_entradas,450,-0.42883931063268615,0.1867486450390163,-2.296344964340123
MULTI_5a45,propria,so_INI,brier_com_roi>=0,ppg,450,-0.07825162892060006,0.23786065532479211,-0.3289809691886606
MULTI_5a45,propria,so_INI,brier_com_roi>=0,lucro,450,-0.024267568787680768,0.1687590577372127,-0.1438000964989364
MULTI_5a45,propria,so_INI,brier_com_roi>=0,roi,450,0.04399411837389626,0.2406632290038217,0.18280365702729617
MULTI_5a45,propria,so_INI,brier_com_roi>=0,sharpe,450,0.011504528256032308,0.2522215867496368,0.045612782015569786
MULTI_5a45,propria,so_INI,brier_com_roi>=0,sortino,450,0.055877492644200874,0.2414827176892479,0.23139334018969773
MULTI_5a45,propria,so_INI,brier_com_roi>=0,calmar,450,0.09734408029169843,0.20430571039751413,0.47646284630173924
MULTI_5a45,propria,so_INI,brier_com_roi>=0,maxdd,450,0.030688048689649583,0.20674301581541335,0.14843572136457966
MULTI_5a45,propria,so_INI,brier_com_roi>=0,seq_ruim,450,-0.1660057655713819,0.18868556584366916,-0.8798010850968958
MULTI_5a45,propria,so_INI,brier_com_roi>=0,bsskill_t_ppg>=1_relaxar,450,0.02338326326757031,0.20998666125710208,0.11135594579000647
MULTI_5a45,propria,so_INI,brier_com_roi>=0,ppg_nao_piorando_ou_nada,450,-0.07825162892060006,0.23786065532479211,-0.3289809691886606
MULTI_5a45,propria,so_INI,brier_com_roi>=0,funcao_menor_vol,450,-0.030918070576121975,0.18532295859488312,-0.16683346095131701
MULTI_5a45,propria,so_INI,brier_com_roi>=0,ACASO,450,-0.14705711925741397,0.14279273836205686,-1.029864129956977
MULTI_5a45,propria,so_INI,brier_com_roi>=0,FIXO_RETROSPECTO,450,-0.37762760048031024,0.19536999423959803,-1.9328843303193988
MULTI_5a45,propria,so_INI,brier_com_roi>=0,BASE_V6_MOM,450,-0.2763512451348537,0.18158622549192563,-1.52187339312883
MULTI_5a45,propria,so_INI,brier_com_roi>=0,FIXO_TUDO_INI,450,-0.04367047713038506,0.21714720114888666,-0.20111001615186586
MULTI_5a45,propria,so_INI,brier_com_roi>=0,FIXO_TUDO_INI_CALR,450,-0.257312621348582,0.28058567745477225,-0.9170554380490727
MULTI_5a45,propria,so_INI,brier_com_roi>=0,FIXO_V6E_INI,450,-0.37762760048031024,0.19536999423959803,-1.9328843303193988
MULTI_5a45,propria,so_INI,brier_com_roi>=0,FIXO_V6WR_INI,450,-0.24213536082474243,0.17478507906457075,-1.3853319866925855
MULTI_5a45,propria,so_INI,brier_com_roi>=0,FIXO_V6_INI,450,-0.245486588743342,0.172657116160546,-1.4218156436429483
MULTI_5a45,propria,so_INI,brier_com_roi>=0,FAVORITO,450,0.9406061992155318,0.344076351781993,2.7337135910215085
MULTI_5a45,propria,so_INI,brier_com_roi>=0,ZEBRA,450,-0.27532246574056374,0.35735679111197294,-0.7704413980320726
MULTI_5a45,propria,so_INI,brier_com_roi>=0,VIG_MERCADO,450,0.5545251640934403,0.1963182952815201,2.8246229588447282
MULTI_5a45,propria,so_INI,bsskill_t_ppg>=1_relaxar,bsskill_todas,450,0.02726614570243807,0.02725817339705374,1.0002924739405024
MULTI_5a45,propria,so_INI,bsskill_t_ppg>=1_relaxar,llskill_todas,450,0.08375211063906164,0.09654370669674994,0.8675046101361372
MULTI_5a45,propria,so_INI,bsskill_t_ppg>=1_relaxar,ll_todas,450,-0.26429378500001177,0.21508036958960142,-1.2288140731035349
MULTI_5a45,propria,so_INI,bsskill_t_ppg>=1_relaxar,llskill_entradas,450,-0.028976329414901584,0.20555816584972664,-0.14096413681801742
MULTI_5a45,propria,so_INI,bsskill_t_ppg>=1_relaxar,ll_entradas,450,-0.45222257390025644,0.21345575677516726,-2.1185775484920844
MULTI_5a45,propria,so_INI,bsskill_t_ppg>=1_relaxar,ppg,450,-0.1016348921881704,0.18223549735697922,-0.557711827071094
MULTI_5a45,propria,so_INI,bsskill_t_ppg>=1_relaxar,lucro,450,-0.04765083205525114,0.18169727407753447,-0.2622539732484782
MULTI_5a45,propria,so_INI,bsskill_t_ppg>=1_relaxar,roi,450,0.020610855106325897,0.20912944945767287,0.09855548876437638
MULTI_5a45,propria,so_INI,bsskill_t_ppg>=1_relaxar,sharpe,450,-0.011878735011538027,0.21695866895523283,-0.05475114255051537
MULTI_5a45,propria,so_INI,bsskill_t_ppg>=1_relaxar,sortino,450,0.03249422937663051,0.21061912563088842,0.15427957588987853
MULTI_5a45,propria,so_INI,bsskill_t_ppg>=1_relaxar,calmar,450,0.0739608170241281,0.17568059627036603,0.4209959357737214
MULTI_5a45,propria,so_INI,bsskill_t_ppg>=1_relaxar,maxdd,450,0.007304785422079239,0.21715943805411497,0.03363789060947434
MULTI_5a45,propria,so_INI,bsskill_t_ppg>=1_relaxar,seq_ruim,450,-0.1893890288389522,0.21732753863093132,-0.8714451469520175
MULTI_5a45,propria,so_INI,bsskill_t_ppg>=1_relaxar,ppg_nao_piorando_ou_nada,450,-0.1016348921881704,0.18223549735697922,-0.557711827071094
MULTI_5a45,propria,so_INI,bsskill_t_ppg>=1_relaxar,funcao_menor_vol,450,-0.05430133384369227,0.2459779076946208,-0.2207569547713482
MULTI_5a45,propria,so_INI,bsskill_t_ppg>=1_relaxar,ACASO,450,-0.17044038252498428,0.16972327146136618,-1.0042251781823646
MULTI_5a45,propria,so_INI,bsskill_t_ppg>=1_relaxar,FIXO_RETROSPECTO,450,-0.4010108637478806,0.2157413830276088,-1.8587572681712274
MULTI_5a45,propria,so_INI,bsskill_t_ppg>=1_relaxar,BASE_V6_MOM,450,-0.29973450840242405,0.2124621380250744,-1.4107666956031946
MULTI_5a45,propria,so_INI,bsskill_t_ppg>=1_relaxar,FIXO_TUDO_INI,450,-0.06705374039795539,0.24915503217013538,-0.26912456800056833
MULTI_5a45,propria,so_INI,bsskill_t_ppg>=1_relaxar,FIXO_TUDO_INI_CALR,450,-0.28069588461615236,0.2207746007704587,-1.2714138475919805
MULTI_5a45,propria,so_INI,bsskill_t_ppg>=1_relaxar,FIXO_V6E_INI,450,-0.4010108637478806,0.2157413830276088,-1.8587572681712274
MULTI_5a45,propria,so_INI,bsskill_t_ppg>=1_relaxar,FIXO_V6WR_INI,450,-0.26551862409231275,0.2138439441402547,-1.2416466837993128
MULTI_5a45,propria,so_INI,bsskill_t_ppg>=1_relaxar,FIXO_V6_INI,450,-0.2688698520109123,0.21306991558079644,-1.2618855706494916
MULTI_5a45,propria,so_INI,bsskill_t_ppg>=1_relaxar,FAVORITO,450,0.9172229359479613,0.38590692999606313,2.376798302008514
MULTI_5a45,propria,so_INI,bsskill_t_ppg>=1_relaxar,ZEBRA,450,-0.298705729008134,0.2971606207496562,-1.005199572724609
MULTI_5a45,propria,so_INI,bsskill_t_ppg>=1_relaxar,VIG_MERCADO,450,0.53114190082587,0.2127959757950079,2.49601478054986
MULTI_5a45,propria,so_INI,ppg_nao_piorando_ou_nada,roi,450,0.12224574729449632,0.15690925272677778,0.7790856509103375
MULTI_5a45,propria,so_INI,ppg_nao_piorando_ou_nada,sharpe,450,0.08975615717663231,0.1534800673770477,0.5848066052520835
MULTI_5a45,propria,so_INI,ppg_nao_piorando_ou_nada,sortino,450,0.13412912156480092,0.16023337825958692,0.8370860242833071
MULTI_5a45,propria,so_INI,ppg_nao_piorando_ou_nada,seq_ruim,450,-0.08775413665078181,0.22623895386290738,-0.38788252488100544
MULTI_5a45,propria,so_INI,ppg_nao_piorando_ou_nada,ACASO,450,-0.06880549033681392,0.186697116898185,-0.3685407224276361
MULTI_5a45,propria,so_INI,ppg_nao_piorando_ou_nada,FIXO_RETROSPECTO,450,-0.29937597155971024,0.24407911281678799,-1.226553014327078
MULTI_5a45,propria,so_INI,ppg_nao_piorando_ou_nada,BASE_V6_MOM,450,-0.19809961621425357,0.22301956394483005,-0.8882611583944218
MULTI_5a45,propria,so_INI,ppg_nao_piorando_ou_nada,FIXO_TUDO_INI,450,0.03458115179021501,0.2600449186868999,0.13298145553019444
MULTI_5a45,propria,so_INI,ppg_nao_piorando_ou_nada,FIXO_TUDO_INI_CALR,450,-0.17906099242798193,0.267961208756316,-0.6682347540491207
MULTI_5a45,propria,so_INI,ppg_nao_piorando_ou_nada,FIXO_V6E_INI,450,-0.29937597155971024,0.24407911281678799,-1.226553014327078
MULTI_5a45,propria,so_INI,ppg_nao_piorando_ou_nada,FIXO_V6WR_INI,450,-0.16388373190414235,0.241267686865158,-0.6792610068655205
MULTI_5a45,propria,so_INI,ppg_nao_piorando_ou_nada,FIXO_V6_INI,450,-0.1672349598227419,0.2408911686815636,-0.6942344990812487
MULTI_5a45,propria,so_INI,ppg_nao_piorando_ou_nada,FAVORITO,450,1.0188578281361316,0.3746930864453073,2.719179683302886
MULTI_5a45,propria,so_INI,ppg_nao_piorando_ou_nada,ZEBRA,450,-0.19707083681996362,0.3393160674930892,-0.5807884026121968
MULTI_5a45,propria,so_INI,ppg_nao_piorando_ou_nada,VIG_MERCADO,450,0.6327767930140406,0.22254645365091075,2.8433470074819636
MULTI_5a45,propria,so_INI,funcao_menor_vol,llskill_todas,450,0.13805344448275386,0.24366886882686234,0.5665616832688095
MULTI_5a45,propria,so_INI,funcao_menor_vol,ll_todas,450,-0.20999245115631945,0.19328139547024545,-1.0864597218238037
MULTI_5a45,propria,so_INI,funcao_menor_vol,llskill_entradas,450,0.025325004428790706,0.23871838273449447,0.1060873659526987
MULTI_5a45,propria,so_INI,funcao_menor_vol,ll_entradas,450,-0.3979212400565641,0.18402403403831155,-2.1623329916445684
MULTI_5a45,propria,so_INI,funcao_menor_vol,ppg,450,-0.0473335583444781,0.25293790110859676,-0.18713509575678747
MULTI_5a45,propria,so_INI,funcao_menor_vol,lucro,450,0.006650501788441166,0.1892495096131835,0.03514144793312521
MULTI_5a45,propria,so_INI,funcao_menor_vol,roi,450,0.07491218895001817,0.23204136688861565,0.3228398020339945
MULTI_5a45,propria,so_INI,funcao_menor_vol,sharpe,450,0.04242259883215425,0.24045329421461803,0.17642760508113356
MULTI_5a45,propria,so_INI,funcao_menor_vol,sortino,450,0.08679556322032278,0.23442927817112275,0.3702419932247795
MULTI_5a45,propria,so_INI,funcao_menor_vol,maxdd,450,0.0616061192657715,0.1538356018473262,0.40046724247168974
MULTI_5a45,propria,so_INI,funcao_menor_vol,seq_ruim,450,-0.13508769499525985,0.20449090892050098,-0.660604892943076
MULTI_5a45,propria,so_INI,funcao_menor_vol,ppg_nao_piorando_ou_nada,450,-0.0473335583444781,0.25293790110859676,-0.18713509575678747
MULTI_5a45,propria,so_INI,funcao_menor_vol,ACASO,450,-0.11613904868129203,0.13590093934849004,-0.8545860627458748
MULTI_5a45,propria,so_INI,funcao_menor_vol,FIXO_RETROSPECTO,450,-0.3467095299041883,0.23170541993469215,-1.4963375910753873
MULTI_5a45,propria,so_INI,funcao_menor_vol,BASE_V6_MOM,450,-0.24543317455873173,0.18282187314533202,-1.3424716109523045
MULTI_5a45,propria,so_INI,funcao_menor_vol,FIXO_TUDO_INI,450,-0.012752406554263108,0.20427214881824454,-0.06242851327524748
MULTI_5a45,propria,so_INI,funcao_menor_vol,FIXO_TUDO_INI_CALR,450,-0.22639455077246,0.3062170406996959,-0.7393270807371003
MULTI_5a45,propria,so_INI,funcao_menor_vol,FIXO_V6E_INI,450,-0.3467095299041883,0.23170541993469215,-1.4963375910753873
MULTI_5a45,propria,so_INI,funcao_menor_vol,FIXO_V6WR_INI,450,-0.21121729024862043,0.17484200746466402,-1.2080465862376233
MULTI_5a45,propria,so_INI,funcao_menor_vol,FIXO_V6_INI,450,-0.21456851816722006,0.17163587881451484,-1.2501379061839517
MULTI_5a45,propria,so_INI,funcao_menor_vol,FAVORITO,450,0.9715242697916536,0.3096995838392354,3.1369892647190976
MULTI_5a45,propria,so_INI,funcao_menor_vol,ZEBRA,450,-0.24440439516444176,0.3794071578429842,-0.6441744445569668
MULTI_5a45,propria,so_INI,funcao_menor_vol,VIG_MERCADO,450,0.5854432346695623,0.17255282091782456,3.3928349102352255
MULTI_5a45,comum,todas,bsskill_todas,llskill_todas,450,0.1721994251904878,0.1127515333744638,1.527246858972544
MULTI_5a45,comum,todas,bsskill_todas,ll_todas,450,-0.214260473306581,0.17875885418901663,-1.198600619133671
MULTI_5a45,comum,todas,bsskill_todas,llskill_entradas,450,0.027635351269630418,0.1414473226590616,0.19537556985961094
MULTI_5a45,comum,todas,bsskill_todas,ll_entradas,450,-0.5009212857975731,0.18968976710313112,-2.640739632123807
MULTI_5a45,comum,todas,bsskill_todas,ppg,450,-0.12333394096080794,0.18916649972729782,-0.6519861663592972
MULTI_5a45,comum,todas,bsskill_todas,lucro,450,-0.12333394096080794,0.18916649972729782,-0.6519861663592972
MULTI_5a45,comum,todas,bsskill_todas,roi,450,0.052417643496379035,0.17206456897807074,0.3046393793196294
MULTI_5a45,comum,todas,bsskill_todas,sharpe,450,0.09371506105251222,0.16311390251344304,0.5745375446754987
MULTI_5a45,comum,todas,bsskill_todas,sortino,450,0.0918901146617464,0.16399348331200517,0.5603278423382301
MULTI_5a45,comum,todas,bsskill_todas,calmar,450,0.07924118158117076,0.1636880543184885,0.484098744475213
MULTI_5a45,comum,todas,bsskill_todas,maxdd,450,-0.1317878830575324,0.185398698289352,-0.7108349965426989
MULTI_5a45,comum,todas,bsskill_todas,seq_ruim,450,-0.035548470053635706,0.17624142029812784,-0.20170326585828885
MULTI_5a45,comum,todas,bsskill_todas,ppg_nao_piorando_ou_nada,450,-0.12333394096080794,0.18916649972729782,-0.6519861663592972
MULTI_5a45,comum,todas,bsskill_todas,funcao_menor_vol,450,0.0028650344792125835,0.1822136009183673,0.015723494101278063
MULTI_5a45,comum,todas,bsskill_todas,ACASO,450,-0.10122942839633102,0.1319212021537148,-0.7673476798549661
MULTI_5a45,comum,todas,bsskill_todas,FIXO_RETROSPECTO,450,-0.4185923171211026,0.21986021557529573,-1.9039020589777733
MULTI_5a45,comum,todas,bsskill_todas,BASE_V6_MOM,450,-0.22915001436443902,0.19171791274088898,-1.1952457185059195
MULTI_5a45,comum,todas,bsskill_todas,FIXO_TUDO_INI,450,0.0035307536400296454,0.22576402732790787,0.015639132955851513
MULTI_5a45,comum,todas,bsskill_todas,FIXO_TUDO_INI_CALR,450,-0.21011139057816736,0.2607550877267014,-0.8057805982232111
MULTI_5a45,comum,todas,bsskill_todas,FIXO_TUDO_MOM,450,0.1101653063623547,0.23581555247108016,0.46716726360050026
MULTI_5a45,comum,todas,bsskill_todas,FIXO_V6E_INI,450,-0.33042636970989564,0.22058220370448509,-1.497973835425859
MULTI_5a45,comum,todas,bsskill_todas,FIXO_V6E_MOM,450,-0.4185923171211026,0.21986021557529573,-1.9039020589777733
MULTI_5a45,comum,todas,bsskill_todas,FIXO_V6WR_INI,450,-0.19493413005432772,0.1905857461648243,-1.0228158924631374
MULTI_5a45,comum,todas,bsskill_todas,FIXO_V6WR_MOM,450,-0.23277001781303247,0.19594591872989023,-1.187929911078699
MULTI_5a45,comum,todas,bsskill_todas,FIXO_V6_INI,450,-0.1982853579729273,0.18985746316432997,-1.0443906426859955
MULTI_5a45,comum,todas,bsskill_todas,FIXO_V6_MOM,450,-0.22915001436443902,0.19171791274088898,-1.1952457185059195
MULTI_5a45,comum,todas,bsskill_todas,FAVORITO,450,0.9878074299859463,0.320744904907184,3.0797291394910684
MULTI_5a45,comum,todas,bsskill_todas,ZEBRA,450,-0.22812123497014902,0.35012456910136985,-0.651543065245736
MULTI_5a45,comum,todas,bsskill_todas,VIG_MERCADO,450,0.601726394863855,0.1607525610840116,3.7431838771724713
MULTI_5a45,comum,todas,llskill_todas,ppg,450,-0.2955333661512958,0.20365162790160224,-1.4511711455313667
MULTI_5a45,comum,todas,llskill_todas,lucro,450,-0.2955333661512958,0.20365162790160224,-1.4511711455313667
MULTI_5a45,comum,todas,llskill_todas,roi,450,-0.11978178169410875,0.20724579639135485,-0.5779696562236539
MULTI_5a45,comum,todas,llskill_todas,sharpe,450,-0.07848436413797559,0.19732753383955962,-0.3977365074748696
MULTI_5a45,comum,todas,llskill_todas,sortino,450,-0.0803093105287414,0.1971293051692472,-0.40739407294004865
MULTI_5a45,comum,todas,llskill_todas,maxdd,450,-0.3039873082480201,0.19611333005831857,-1.550059387383932
MULTI_5a45,comum,todas,llskill_todas,seq_ruim,450,-0.20774789524412351,0.2117014165065547,-0.98132501271049
MULTI_5a45,comum,todas,llskill_todas,ppg_nao_piorando_ou_nada,450,-0.2955333661512958,0.20365162790160224,-1.4511711455313667
MULTI_5a45,comum,todas,llskill_todas,ACASO,450,-0.2734288535868188,0.15106019779077093,-1.810065507563661
MULTI_5a45,comum,todas,llskill_todas,FIXO_RETROSPECTO,450,-0.5907917423115905,0.22734018527158575,-2.5987123288644165
MULTI_5a45,comum,todas,llskill_todas,BASE_V6_MOM,450,-0.4013494395549268,0.20576678668289936,-1.9505064253806599
MULTI_5a45,comum,todas,llskill_todas,FIXO_TUDO_INI,450,-0.16866867155045823,0.22072022284637355,-0.7641740723859978
MULTI_5a45,comum,todas,llskill_todas,FIXO_TUDO_INI_CALR,450,-0.3823108157686553,0.26134651277381515,-1.4628502661504033
MULTI_5a45,comum,todas,llskill_todas,FIXO_TUDO_MOM,450,-0.062034118828133124,0.2260215755546963,-0.2744610494634886
MULTI_5a45,comum,todas,llskill_todas,FIXO_V6E_INI,450,-0.5026257949003834,0.22402283462915726,-2.243636438814015
MULTI_5a45,comum,todas,llskill_todas,FIXO_V6E_MOM,450,-0.5907917423115905,0.22734018527158575,-2.5987123288644165
MULTI_5a45,comum,todas,llskill_todas,FIXO_V6WR_INI,450,-0.3671335552448156,0.20428197084403163,-1.7971901961192671
MULTI_5a45,comum,todas,llskill_todas,FIXO_V6WR_MOM,450,-0.40496944300352034,0.20930198419738882,-1.9348571613234262
MULTI_5a45,comum,todas,llskill_todas,FIXO_V6_INI,450,-0.37048478316341515,0.20338800467575396,-1.8215665361093978
MULTI_5a45,comum,todas,llskill_todas,FIXO_V6_MOM,450,-0.4013494395549268,0.20576678668289936,-1.9505064253806599
MULTI_5a45,comum,todas,llskill_todas,FAVORITO,450,0.8156080047954585,0.325753892002766,2.503755211583268
MULTI_5a45,comum,todas,llskill_todas,ZEBRA,450,-0.40032066016063683,0.3474196007625514,-1.1522684940111982
MULTI_5a45,comum,todas,llskill_todas,VIG_MERCADO,450,0.4295269696733672,0.16520306645277172,2.5999939280555693
MULTI_5a45,comum,todas,brier_todas,bsskill_todas,450,0.17528985309604653,0.18687608424927848,0.9380004605737735
MULTI_5a45,comum,todas,brier_todas,llskill_todas,450,0.34748927828653436,0.2083506258910437,1.6678101004037913
MULTI_5a45,comum,todas,brier_todas,ll_todas,450,-0.038970620210534455,0.030134898635472824,-1.2932056179097546
MULTI_5a45,comum,todas,brier_todas,bsskill_entradas,450,0.1261408332307115,0.17086478710181005,0.7382494390465035
MULTI_5a45,comum,todas,brier_todas,llskill_entradas,450,0.20292520436567693,0.18739818324282784,1.08285577188723
MULTI_5a45,comum,todas,brier_todas,ll_entradas,450,-0.3256314327015266,0.13901992959375103,-2.3423363373373753
MULTI_5a45,comum,todas,brier_todas,ppg,450,0.05195591213523858,0.22853203982077125,0.22734629321991598
MULTI_5a45,comum,todas,brier_todas,lucro,450,0.05195591213523858,0.22853203982077125,0.22734629321991598
MULTI_5a45,comum,todas,brier_todas,roi,450,0.2277074965924256,0.21679001488304847,1.0503597073659816
MULTI_5a45,comum,todas,brier_todas,sharpe,450,0.26900491414855876,0.20939154643576308,1.2846980631621812
MULTI_5a45,comum,todas,brier_todas,sortino,450,0.26717996775779296,0.20858825547883567,1.280896506586404
MULTI_5a45,comum,todas,brier_todas,calmar,450,0.2545310346772173,0.21771159832075831,1.1691202335587665
MULTI_5a45,comum,todas,brier_todas,maxdd,450,0.043501970038514165,0.23502631051597664,0.18509404305845573
MULTI_5a45,comum,todas,brier_todas,seq_ruim,450,0.13974138304241082,0.19244492005151997,0.7261370318582598
MULTI_5a45,comum,todas,brier_todas,bsskill_t_ppg>=1_relaxar,450,0.12095012470063554,0.18488052640379327,0.6542069467958522
MULTI_5a45,comum,todas,brier_todas,ppg_nao_piorando_ou_nada,450,0.05195591213523858,0.22853203982077125,0.22734629321991598
MULTI_5a45,comum,todas,brier_todas,funcao_menor_vol,450,0.17815488757525913,0.18241076344203155,0.9766687240025455
MULTI_5a45,comum,todas,brier_todas,ACASO,450,0.07406042469971551,0.14141985263586204,0.5236918531545326
MULTI_5a45,comum,todas,brier_todas,FIXO_RETROSPECTO,450,-0.24330246402505604,0.17386022977100626,-1.3994141405743747
MULTI_5a45,comum,todas,brier_todas,BASE_V6_MOM,450,-0.053860161268392465,0.1701334485199004,-0.3165759686702199
MULTI_5a45,comum,todas,brier_todas,FIXO_TUDO_INI,450,0.17882060673607617,0.20791479093833287,0.8600667895201068
MULTI_5a45,comum,todas,brier_todas,FIXO_TUDO_INI_CALR,450,-0.03482153748212073,0.2572934773203593,-0.13533781674054646
MULTI_5a45,comum,todas,brier_todas,FIXO_TUDO_MOM,450,0.2854551594584013,0.22766738566324418,1.2538254376085043
MULTI_5a45,comum,todas,brier_todas,FIXO_V6E_INI,450,-0.15513651661384906,0.16650031073308508,-0.9317491116430815
MULTI_5a45,comum,todas,brier_todas,FIXO_V6E_MOM,450,-0.24330246402505604,0.17386022977100626,-1.3994141405743747
MULTI_5a45,comum,todas,brier_todas,FIXO_V6WR_INI,450,-0.019644276958281148,0.17302519955493273,-0.11353419622581856
MULTI_5a45,comum,todas,brier_todas,FIXO_V6WR_MOM,450,-0.057480164716985936,0.17364227150666123,-0.3310263348794127
MULTI_5a45,comum,todas,brier_todas,FIXO_V6_INI,450,-0.022995504876880738,0.1683035419191807,-0.13663114046597527
MULTI_5a45,comum,todas,brier_todas,FIXO_V6_MOM,450,-0.053860161268392465,0.1701334485199004,-0.3165759686702199
MULTI_5a45,comum,todas,brier_todas,FAVORITO,450,1.1630972830819928,0.36826510732829576,3.1583151917923393
MULTI_5a45,comum,todas,brier_todas,ZEBRA,450,-0.05283138187410252,0.3247121757619916,-0.16270218925460625
MULTI_5a45,comum,todas,brier_todas,VIG_MERCADO,450,0.7770162479599017,0.20675392745383378,3.7581692281681183
MULTI_5a45,comum,todas,ll_todas,llskill_todas,450,0.38645989849706885,0.2000451780163094,1.9318631037712959
MULTI_5a45,comum,todas,ll_todas,llskill_entradas,450,0.24189582457621142,0.18138295573219226,1.3336193778502816
MULTI_5a45,comum,todas,ll_todas,ppg,450,0.09092653234577303,0.22415855848150712,0.4056348905958653
MULTI_5a45,comum,todas,ll_todas,lucro,450,0.09092653234577303,0.22415855848150712,0.4056348905958653
MULTI_5a45,comum,todas,ll_todas,roi,450,0.26667811680296005,0.21450646091286552,1.2432171770867413
MULTI_5a45,comum,todas,ll_todas,sharpe,450,0.3079755343590932,0.2064354061986467,1.491873608458122
MULTI_5a45,comum,todas,ll_todas,sortino,450,0.3061505879683274,0.20582647960319023,1.4874208049350623
MULTI_5a45,comum,todas,ll_todas,maxdd,450,0.08247259024904863,0.2294853943068382,0.3593805631864176
MULTI_5a45,comum,todas,ll_todas,seq_ruim,450,0.17871200325294534,0.18556524142637099,0.9630683089098618
MULTI_5a45,comum,todas,ll_todas,ppg_nao_piorando_ou_nada,450,0.09092653234577303,0.22415855848150712,0.4056348905958653
MULTI_5a45,comum,todas,ll_todas,ACASO,450,0.11303104491024997,0.13673309153565094,0.8266546425652853
MULTI_5a45,comum,todas,ll_todas,FIXO_RETROSPECTO,450,-0.20433184381452163,0.17243988912647767,-1.1849453444304439
MULTI_5a45,comum,todas,ll_todas,BASE_V6_MOM,450,-0.014889541057858058,0.16968966155690654,-0.08774571721839844
MULTI_5a45,comum,todas,ll_todas,FIXO_TUDO_INI,450,0.2177912269466106,0.2042144722138407,1.066482823600049
MULTI_5a45,comum,todas,ll_todas,FIXO_TUDO_INI_CALR,450,0.004149082728413719,0.2573394832817931,0.016122993158692134
MULTI_5a45,comum,todas,ll_todas,FIXO_TUDO_MOM,450,0.32442577966893577,0.2236613452652537,1.4505223479013745
MULTI_5a45,comum,todas,ll_todas,FIXO_V6E_INI,450,-0.1161658964033146,0.1646332434207774,-0.7056041294552664
MULTI_5a45,comum,todas,ll_todas,FIXO_V6E_MOM,450,-0.20433184381452163,0.17243988912647767,-1.1849453444304439
MULTI_5a45,comum,todas,ll_todas,FIXO_V6WR_INI,450,0.019326343252253304,0.17120376309108573,0.11288503770779319
MULTI_5a45,comum,todas,ll_todas,FIXO_V6WR_MOM,450,-0.018509544506451467,0.17315784812522644,-0.10689405479944232
MULTI_5a45,comum,todas,ll_todas,FIXO_V6_INI,450,0.015975115333653728,0.16721849832518176,0.09553437863428058
MULTI_5a45,comum,todas,ll_todas,FIXO_V6_MOM,450,-0.014889541057858058,0.16968966155690654,-0.08774571721839844
MULTI_5a45,comum,todas,ll_todas,FAVORITO,450,1.2020679032925272,0.3635076505311392,3.3068572326775674
MULTI_5a45,comum,todas,ll_todas,ZEBRA,450,-0.013860761663568057,0.3271386904992175,-0.04236968009628079
MULTI_5a45,comum,todas,ll_todas,VIG_MERCADO,450,0.8159868681704361,0.2027865477771262,4.0238707996905765
MULTI_5a45,comum,todas,bsskill_entradas,bsskill_todas,450,0.049149019865335014,0.1347920846933652,0.3646283828693856
MULTI_5a45,comum,todas,bsskill_entradas,llskill_todas,450,0.2213484450558228,0.1773400070036406,1.2481585446834833
MULTI_5a45,comum,todas,bsskill_entradas,ll_todas,450,-0.16511145344124598,0.16448164755615532,-1.0038290343904515
MULTI_5a45,comum,todas,bsskill_entradas,llskill_entradas,450,0.07678437113496545,0.05460628931322085,1.4061451913447451
MULTI_5a45,comum,todas,bsskill_entradas,ll_entradas,450,-0.4517722659322381,0.20660183381985384,-2.1866808129407036
MULTI_5a45,comum,todas,bsskill_entradas,ppg,450,-0.07418492109547291,0.21322358651649562,-0.34792080138720366
MULTI_5a45,comum,todas,bsskill_entradas,lucro,450,-0.07418492109547291,0.21322358651649562,-0.34792080138720366
MULTI_5a45,comum,todas,bsskill_entradas,roi,450,0.10156666336171404,0.15075246192738953,0.673731374354828
MULTI_5a45,comum,todas,bsskill_entradas,sharpe,450,0.14286408091784722,0.14048554004308383,1.0169308590338475
MULTI_5a45,comum,todas,bsskill_entradas,sortino,450,0.14103913452708142,0.14115756836290017,0.9991609813261003
MULTI_5a45,comum,todas,bsskill_entradas,calmar,450,0.12839020144650581,0.1741750546386339,0.7371331199687621
MULTI_5a45,comum,todas,bsskill_entradas,maxdd,450,-0.08263886319219735,0.16877502519000473,-0.4896391696529957
MULTI_5a45,comum,todas,bsskill_entradas,seq_ruim,450,0.013600549811699328,0.14105282884948792,0.09642167351504842
MULTI_5a45,comum,todas,bsskill_entradas,bsskill_t_ppg>=1_relaxar,450,-0.00519070853007596,0.1317315930635682,-0.039403672341312534
MULTI_5a45,comum,todas,bsskill_entradas,ppg_nao_piorando_ou_nada,450,-0.07418492109547291,0.21322358651649562,-0.34792080138720366
MULTI_5a45,comum,todas,bsskill_entradas,funcao_menor_vol,450,0.0520140543445476,0.20943743798243938,0.248351273037005
MULTI_5a45,comum,todas,bsskill_entradas,ACASO,450,-0.05208040853099599,0.12016417922959419,-0.4334104295048483
MULTI_5a45,comum,todas,bsskill_entradas,FIXO_RETROSPECTO,450,-0.3694432972557675,0.19191510090012143,-1.9250350572883645
MULTI_5a45,comum,todas,bsskill_entradas,BASE_V6_MOM,450,-0.180000994499104,0.1734491056380682,-1.037774128825475
MULTI_5a45,comum,todas,bsskill_entradas,FIXO_TUDO_INI,450,0.0526797735053646,0.21655255281177643,0.24326553910982016
MULTI_5a45,comum,todas,bsskill_entradas,FIXO_TUDO_INI_CALR,450,-0.16096237071283231,0.2511903998012814,-0.6407982583736116
MULTI_5a45,comum,todas,bsskill_entradas,FIXO_TUDO_MOM,450,0.1593143262276897,0.23073515656521013,0.6904640307064106
MULTI_5a45,comum,todas,bsskill_entradas,FIXO_V6E_INI,450,-0.28127734984456054,0.18909370334488387,-1.4875024650162196
MULTI_5a45,comum,todas,bsskill_entradas,FIXO_V6E_MOM,450,-0.3694432972557675,0.19191510090012143,-1.9250350572883645
MULTI_5a45,comum,todas,bsskill_entradas,FIXO_V6WR_INI,450,-0.14578511018899265,0.1817928371847224,-0.8019298914448332
MULTI_5a45,comum,todas,bsskill_entradas,FIXO_V6WR_MOM,450,-0.18362099794769746,0.17960072544111028,-1.022384500378343
MULTI_5a45,comum,todas,bsskill_entradas,FIXO_V6_INI,450,-0.14913633810759225,0.17942150860142578,-0.8312065775730922
MULTI_5a45,comum,todas,bsskill_entradas,FIXO_V6_MOM,450,-0.180000994499104,0.1734491056380682,-1.037774128825475
MULTI_5a45,comum,todas,bsskill_entradas,FAVORITO,450,1.0369564498512813,0.34391835602801446,3.015123885294492
MULTI_5a45,comum,todas,bsskill_entradas,ZEBRA,450,-0.17897221510481406,0.32614867364385897,-0.5487442677760034
MULTI_5a45,comum,todas,bsskill_entradas,VIG_MERCADO,450,0.6508754147291901,0.17550432065690894,3.708600519309025
MULTI_5a45,comum,todas,llskill_entradas,llskill_todas,450,0.14456407392085743,0.18766537732670022,0.7703289545475978
MULTI_5a45,comum,todas,llskill_entradas,ppg,450,-0.15096929223043842,0.20956484772911435,-0.7203941589745188
MULTI_5a45,comum,todas,llskill_entradas,lucro,450,-0.15096929223043842,0.20956484772911435,-0.7203941589745188
MULTI_5a45,comum,todas,llskill_entradas,roi,450,0.0247822922267486,0.13370480291729392,0.18535080031551476
MULTI_5a45,comum,todas,llskill_entradas,sharpe,450,0.06607970978288177,0.12237810183416879,0.5399635130182406
MULTI_5a45,comum,todas,llskill_entradas,sortino,450,0.06425476339211596,0.1233465775007432,0.5209286280499255
MULTI_5a45,comum,todas,llskill_entradas,maxdd,450,-0.15942323432716282,0.16898905597609826,-0.9433938393602931
MULTI_5a45,comum,todas,llskill_entradas,seq_ruim,450,-0.06318382132326611,0.14218523578651002,-0.4443768087014049
MULTI_5a45,comum,todas,llskill_entradas,ppg_nao_piorando_ou_nada,450,-0.15096929223043842,0.20956484772911435,-0.7203941589745188
MULTI_5a45,comum,todas,llskill_entradas,ACASO,450,-0.12886477966596144,0.12715090422186848,-1.013479066111102
MULTI_5a45,comum,todas,llskill_entradas,FIXO_RETROSPECTO,450,-0.446227668390733,0.2108320215470796,-2.116508038562295
MULTI_5a45,comum,todas,llskill_entradas,BASE_V6_MOM,450,-0.25678536563406945,0.18593445780372467,-1.3810531338152292
MULTI_5a45,comum,todas,llskill_entradas,FIXO_TUDO_INI,450,-0.024104597629600828,0.22564109641099098,-0.10682716053504646
MULTI_5a45,comum,todas,llskill_entradas,FIXO_TUDO_INI_CALR,450,-0.23774674184779776,0.2712796328617043,-0.8763899425099809
MULTI_5a45,comum,todas,llskill_entradas,FIXO_TUDO_MOM,450,0.08252995509272422,0.2388873693963874,0.3454764280809745
MULTI_5a45,comum,todas,llskill_entradas,FIXO_V6E_INI,450,-0.35806172097952604,0.20909170814910655,-1.7124625560196134
MULTI_5a45,comum,todas,llskill_entradas,FIXO_V6E_MOM,450,-0.446227668390733,0.2108320215470796,-2.116508038562295
MULTI_5a45,comum,todas,llskill_entradas,FIXO_V6WR_INI,450,-0.22256948132395812,0.19264197892136972,-1.1553529639290294
MULTI_5a45,comum,todas,llskill_entradas,FIXO_V6WR_MOM,450,-0.26040536908266293,0.1920795336709132,-1.3557163749096313
MULTI_5a45,comum,todas,llskill_entradas,FIXO_V6_INI,450,-0.22592070924255772,0.19059725997418334,-1.1853303099591201
MULTI_5a45,comum,todas,llskill_entradas,FIXO_V6_MOM,450,-0.25678536563406945,0.18593445780372467,-1.3810531338152292
MULTI_5a45,comum,todas,llskill_entradas,FAVORITO,450,0.9601720787163157,0.32863498198958024,2.9216977234236103
MULTI_5a45,comum,todas,llskill_entradas,ZEBRA,450,-0.2557565862397795,0.34546442506436015,-0.7403268402879166
MULTI_5a45,comum,todas,llskill_entradas,VIG_MERCADO,450,0.5740910435942246,0.167259117488462,3.4323452868500692
MULTI_5a45,comum,todas,brier_entradas,bsskill_todas,450,0.4453558303609165,0.18929141436784758,2.352752404794558
MULTI_5a45,comum,todas,brier_entradas,llskill_todas,450,0.6175552555514044,0.19860106492835283,3.1095264054812253
MULTI_5a45,comum,todas,brier_entradas,brier_todas,450,0.2700659772648701,0.13087036323746915,2.063614485235479
MULTI_5a45,comum,todas,brier_entradas,ll_todas,450,0.23109535705433562,0.13618885622138518,1.6968742044405807
MULTI_5a45,comum,todas,brier_entradas,bsskill_entradas,450,0.39620681049558154,0.20245637639992717,1.9569984287031035
MULTI_5a45,comum,todas,brier_entradas,llskill_entradas,450,0.4729911816305469,0.21655772971069712,2.1841343749882456
MULTI_5a45,comum,todas,brier_entradas,ll_entradas,450,-0.05556545543665656,0.07121409584565122,-0.7802592278513037
MULTI_5a45,comum,todas,brier_entradas,ppg,450,0.32202188940010856,0.24779611998803014,1.299543711239966
MULTI_5a45,comum,todas,brier_entradas,lucro,450,0.32202188940010856,0.24779611998803014,1.299543711239966
MULTI_5a45,comum,todas,brier_entradas,roi,450,0.49777347385729565,0.24398652885498268,2.0401678575998567
MULTI_5a45,comum,todas,brier_entradas,sharpe,450,0.5390708914134288,0.2351263399322507,2.2926861004545755
MULTI_5a45,comum,todas,brier_entradas,sortino,450,0.537245945022663,0.23511708874417145,2.2850144491506312
MULTI_5a45,comum,todas,brier_entradas,calmar,450,0.5245970119420873,0.21572589800420885,2.431775770991818
MULTI_5a45,comum,todas,brier_entradas,maxdd,450,0.3135679473033842,0.22271223117465772,1.4079511738063217
MULTI_5a45,comum,todas,brier_entradas,seq_ruim,450,0.40980736030728093,0.2134662799250728,1.919775621944245
MULTI_5a45,comum,todas,brier_entradas,bsskill_t_ppg>=1_relaxar,450,0.39101610196550557,0.1903903822218248,2.0537597403945056
MULTI_5a45,comum,todas,brier_entradas,ppg_nao_piorando_ou_nada,450,0.32202188940010856,0.24779611998803014,1.299543711239966
MULTI_5a45,comum,todas,brier_entradas,funcao_menor_vol,450,0.4482208648401291,0.16526554066173704,2.712125365308553
MULTI_5a45,comum,todas,brier_entradas,ACASO,450,0.34412640196458555,0.1639906297227976,2.098451616084903
MULTI_5a45,comum,todas,brier_entradas,FIXO_RETROSPECTO,450,0.026763513239813932,0.19273267573285538,0.13886339271764453
MULTI_5a45,comum,todas,brier_entradas,BASE_V6_MOM,450,0.21620581599647756,0.1979056238235398,1.0924692882363713
MULTI_5a45,comum,todas,brier_entradas,FIXO_TUDO_INI,450,0.4488865840009462,0.2355792396464684,1.9054590068063135
MULTI_5a45,comum,todas,brier_entradas,FIXO_TUDO_INI_CALR,450,0.23524443978274923,0.26644205474722893,0.8829103198664469
MULTI_5a45,comum,todas,brier_entradas,FIXO_TUDO_MOM,450,0.5555211367232713,0.2565790809157808,2.1651068931282627
MULTI_5a45,comum,todas,brier_entradas,FIXO_V6E_INI,450,0.11492946065102097,0.1887018939486314,0.6090530319865638
MULTI_5a45,comum,todas,brier_entradas,FIXO_V6E_MOM,450,0.026763513239813932,0.19273267573285538,0.13886339271764453
MULTI_5a45,comum,todas,brier_entradas,FIXO_V6WR_INI,450,0.2504217003065889,0.19265161030060796,1.299868191684659
MULTI_5a45,comum,todas,brier_entradas,FIXO_V6WR_MOM,450,0.21258581254788408,0.20132639843145836,1.055926168670121
MULTI_5a45,comum,todas,brier_entradas,FIXO_V6_INI,450,0.24707047238798935,0.1875437104272382,1.3174020702968117
MULTI_5a45,comum,todas,brier_entradas,FIXO_V6_MOM,450,0.21620581599647756,0.1979056238235398,1.0924692882363713
MULTI_5a45,comum,todas,brier_entradas,FAVORITO,450,1.4331632603468625,0.37376187863905985,3.83442866234858
MULTI_5a45,comum,todas,brier_entradas,ZEBRA,450,0.21723459539076756,0.3241384566537593,0.6701907500683107
MULTI_5a45,comum,todas,brier_entradas,VIG_MERCADO,450,1.0470822252247718,0.2168907043367596,4.827695259816203
MULTI_5a45,comum,todas,ll_entradas,llskill_todas,450,0.673120710988061,0.2119209201558409,3.1762825043089955
MULTI_5a45,comum,todas,ll_entradas,ll_todas,450,0.2866608124909921,0.14430438382358007,1.9865010673650116
MULTI_5a45,comum,todas,ll_entradas,llskill_entradas,450,0.5285566370672035,0.21939005195912564,2.4092096808732166
MULTI_5a45,comum,todas,ll_entradas,ppg,450,0.3775873448367651,0.24135755048026547,1.5644314589927792
MULTI_5a45,comum,todas,ll_entradas,lucro,450,0.3775873448367651,0.24135755048026547,1.5644314589927792
MULTI_5a45,comum,todas,ll_entradas,roi,450,0.5533389292939522,0.24547087900836334,2.254193782697538
MULTI_5a45,comum,todas,ll_entradas,sharpe,450,0.5946363468500854,0.23644502830783498,2.514903151509323
MULTI_5a45,comum,todas,ll_entradas,sortino,450,0.5928114004593196,0.23644561007679413,2.5071787133911387
MULTI_5a45,comum,todas,ll_entradas,maxdd,450,0.3691334027400408,0.23979862116940473,1.5393474780627203
MULTI_5a45,comum,todas,ll_entradas,seq_ruim,450,0.46537281574393746,0.2156133756368108,2.158367097446835
MULTI_5a45,comum,todas,ll_entradas,ppg_nao_piorando_ou_nada,450,0.3775873448367651,0.24135755048026547,1.5644314589927792
MULTI_5a45,comum,todas,ll_entradas,ACASO,450,0.3996918574012421,0.17377823484506036,2.3000110327832766
MULTI_5a45,comum,todas,ll_entradas,FIXO_RETROSPECTO,450,0.08232896867647051,0.18970963174078057,0.433973583317925
MULTI_5a45,comum,todas,ll_entradas,BASE_V6_MOM,450,0.2717712714331341,0.20457897712039036,1.3284418333620005
MULTI_5a45,comum,todas,ll_entradas,FIXO_TUDO_INI,450,0.5044520394376028,0.24342882350378153,2.07227735884681
MULTI_5a45,comum,todas,ll_entradas,FIXO_TUDO_INI_CALR,450,0.2908098952194058,0.24032378694987294,1.2100753691937425
MULTI_5a45,comum,todas,ll_entradas,FIXO_TUDO_MOM,450,0.6110865921599278,0.26913578072528876,2.2705512827507457
MULTI_5a45,comum,todas,ll_entradas,FIXO_V6E_INI,450,0.17049491608767758,0.18770191309668788,0.9083280680248222
MULTI_5a45,comum,todas,ll_entradas,FIXO_V6E_MOM,450,0.08232896867647051,0.18970963174078057,0.433973583317925
MULTI_5a45,comum,todas,ll_entradas,FIXO_V6WR_INI,450,0.30598715574324536,0.19964669642555505,1.532643220356731
MULTI_5a45,comum,todas,ll_entradas,FIXO_V6WR_MOM,450,0.2681512679845407,0.20785086679260953,1.2901137826482967
MULTI_5a45,comum,todas,ll_entradas,FIXO_V6_INI,450,0.3026359278246458,0.19575941213214845,1.5459585034938181
MULTI_5a45,comum,todas,ll_entradas,FIXO_V6_MOM,450,0.2717712714331341,0.20457897712039036,1.3284418333620005
MULTI_5a45,comum,todas,ll_entradas,FAVORITO,450,1.4887287157835192,0.39347902868751344,3.783502060451137
MULTI_5a45,comum,todas,ll_entradas,ZEBRA,450,0.27280005082742415,0.3109858626719195,0.8772104573615932
MULTI_5a45,comum,todas,ll_entradas,VIG_MERCADO,450,1.1026476806614283,0.23590414078597488,4.674134489490841
MULTI_5a45,comum,todas,ppg,roi,450,0.175751584457187,0.15942912777072554,1.1023806434539034
MULTI_5a45,comum,todas,ppg,sharpe,450,0.2170490020133202,0.1653362146750806,1.3127735048238873
MULTI_5a45,comum,todas,ppg,sortino,450,0.21522405562255434,0.16712920272410603,1.2877704920177382
MULTI_5a45,comum,todas,ppg,seq_ruim,450,0.08778547090717224,0.24002756723968377,0.3657307863288574
MULTI_5a45,comum,todas,ppg,ppg_nao_piorando_ou_nada,450,0.0,0.0,
MULTI_5a45,comum,todas,ppg,ACASO,450,0.022104512564476955,0.19508412235405637,0.11330759416883594
MULTI_5a45,comum,todas,ppg,FIXO_RETROSPECTO,450,-0.2952583761602947,0.23739629058209935,-1.243736266629595
MULTI_5a45,comum,todas,ppg,BASE_V6_MOM,450,-0.10581607340363106,0.22905941257243514,-0.461959070859701
MULTI_5a45,comum,todas,ppg,FIXO_TUDO_INI,450,0.12686469460083757,0.2659665244478123,0.4769949709431603
MULTI_5a45,comum,todas,ppg,FIXO_TUDO_INI_CALR,450,-0.08677744961735938,0.26500692648004875,-0.3274535151589424
MULTI_5a45,comum,todas,ppg,FIXO_TUDO_MOM,450,0.23349924732316263,0.2641074796590603,0.884106908386653
MULTI_5a45,comum,todas,ppg,FIXO_V6E_INI,450,-0.20709242874908765,0.24768126889306222,-0.836124708479675
MULTI_5a45,comum,todas,ppg,FIXO_V6E_MOM,450,-0.2952583761602947,0.23739629058209935,-1.243736266629595
MULTI_5a45,comum,todas,ppg,FIXO_V6WR_INI,450,-0.07160018909351976,0.25021638229464094,-0.286153082531612
MULTI_5a45,comum,todas,ppg,FIXO_V6WR_MOM,450,-0.10943607685222449,0.23076399658537378,-0.4742337560085434
MULTI_5a45,comum,todas,ppg,FIXO_V6_INI,450,-0.07495141701211931,0.24981224825161252,-0.3000309934228195
MULTI_5a45,comum,todas,ppg,FIXO_V6_MOM,450,-0.10581607340363106,0.22905941257243514,-0.461959070859701
MULTI_5a45,comum,todas,ppg,FAVORITO,450,1.1111413709467544,0.3845604603434326,2.889380176928348
MULTI_5a45,comum,todas,ppg,ZEBRA,450,-0.10478729400934103,0.3355820841997926,-0.31225532870507694
MULTI_5a45,comum,todas,ppg,VIG_MERCADO,450,0.7250603358246629,0.2324118144615644,3.1197223665433382
MULTI_5a45,comum,todas,lucro,ppg,450,0.0,0.0,
MULTI_5a45,comum,todas,lucro,roi,450,0.175751584457187,0.15942912777072554,1.1023806434539034
MULTI_5a45,comum,todas,lucro,sharpe,450,0.2170490020133202,0.1653362146750806,1.3127735048238873
MULTI_5a45,comum,todas,lucro,sortino,450,0.21522405562255434,0.16712920272410603,1.2877704920177382
MULTI_5a45,comum,todas,lucro,maxdd,450,-0.008453942096724395,0.27005979018449633,-0.0313039645441068
MULTI_5a45,comum,todas,lucro,seq_ruim,450,0.08778547090717224,0.24002756723968377,0.3657307863288574
MULTI_5a45,comum,todas,lucro,ppg_nao_piorando_ou_nada,450,0.0,0.0,
MULTI_5a45,comum,todas,lucro,ACASO,450,0.022104512564476955,0.19508412235405637,0.11330759416883594
MULTI_5a45,comum,todas,lucro,FIXO_RETROSPECTO,450,-0.2952583761602947,0.23739629058209935,-1.243736266629595
MULTI_5a45,comum,todas,lucro,BASE_V6_MOM,450,-0.10581607340363106,0.22905941257243514,-0.461959070859701
MULTI_5a45,comum,todas,lucro,FIXO_TUDO_INI,450,0.12686469460083757,0.2659665244478123,0.4769949709431603
MULTI_5a45,comum,todas,lucro,FIXO_TUDO_INI_CALR,450,-0.08677744961735938,0.26500692648004875,-0.3274535151589424
MULTI_5a45,comum,todas,lucro,FIXO_TUDO_MOM,450,0.23349924732316263,0.2641074796590603,0.884106908386653
MULTI_5a45,comum,todas,lucro,FIXO_V6E_INI,450,-0.20709242874908765,0.24768126889306222,-0.836124708479675
MULTI_5a45,comum,todas,lucro,FIXO_V6E_MOM,450,-0.2952583761602947,0.23739629058209935,-1.243736266629595
MULTI_5a45,comum,todas,lucro,FIXO_V6WR_INI,450,-0.07160018909351976,0.25021638229464094,-0.286153082531612
MULTI_5a45,comum,todas,lucro,FIXO_V6WR_MOM,450,-0.10943607685222449,0.23076399658537378,-0.4742337560085434
MULTI_5a45,comum,todas,lucro,FIXO_V6_INI,450,-0.07495141701211931,0.24981224825161252,-0.3000309934228195
MULTI_5a45,comum,todas,lucro,FIXO_V6_MOM,450,-0.10581607340363106,0.22905941257243514,-0.461959070859701
MULTI_5a45,comum,todas,lucro,FAVORITO,450,1.1111413709467544,0.3845604603434326,2.889380176928348
MULTI_5a45,comum,todas,lucro,ZEBRA,450,-0.10478729400934103,0.3355820841997926,-0.31225532870507694
MULTI_5a45,comum,todas,lucro,VIG_MERCADO,450,0.7250603358246629,0.2324118144615644,3.1197223665433382
MULTI_5a45,comum,todas,roi,sharpe,450,0.04129741755613318,0.030776602344038624,1.341844596570044
MULTI_5a45,comum,todas,roi,sortino,450,0.03947247116536736,0.030996657456467784,1.2734428291438569
MULTI_5a45,comum,todas,roi,seq_ruim,450,-0.08796611355001477,0.1806161538652282,-0.4870334777234441
MULTI_5a45,comum,todas,roi,ACASO,450,-0.15364707189271004,0.15940733632923576,-0.9638644960189999
MULTI_5a45,comum,todas,roi,FIXO_RETROSPECTO,450,-0.4710099606174816,0.2501022191858612,-1.8832698172400257
MULTI_5a45,comum,todas,roi,BASE_V6_MOM,450,-0.28156765786081805,0.20961659910983985,-1.3432507685771373
MULTI_5a45,comum,todas,roi,FIXO_TUDO_INI,450,-0.04888688985634947,0.248733714782168,-0.19654307780174812
MULTI_5a45,comum,todas,roi,FIXO_TUDO_INI_CALR,450,-0.26252903407454636,0.2895146242951632,-0.9067902345647839
MULTI_5a45,comum,todas,roi,FIXO_TUDO_MOM,450,0.05774766286597562,0.24988579383508663,0.23109622191682685
MULTI_5a45,comum,todas,roi,FIXO_V6E_INI,450,-0.3828440132062746,0.2534516501097145,-1.5105208943818222
MULTI_5a45,comum,todas,roi,FIXO_V6E_MOM,450,-0.4710099606174816,0.2501022191858612,-1.8832698172400257
MULTI_5a45,comum,todas,roi,FIXO_V6WR_INI,450,-0.24735177355070675,0.2253502895365988,-1.0976323751762243
MULTI_5a45,comum,todas,roi,FIXO_V6WR_MOM,450,-0.28518766130941153,0.21361952318217922,-1.3350262048202284
MULTI_5a45,comum,todas,roi,FIXO_V6_INI,450,-0.2507030014693063,0.2242861593560214,-1.1177818648691205
MULTI_5a45,comum,todas,roi,FIXO_V6_MOM,450,-0.28156765786081805,0.20961659910983985,-1.3432507685771373
MULTI_5a45,comum,todas,roi,FAVORITO,450,0.9353897864895672,0.32948701361040045,2.838927629468311
MULTI_5a45,comum,todas,roi,ZEBRA,450,-0.28053887846652814,0.3680139221105608,-0.7623050694866025
MULTI_5a45,comum,todas,roi,VIG_MERCADO,450,0.549308751367476,0.17835695435701152,3.0798280523894905
MULTI_5a45,comum,todas,sharpe,sortino,450,-0.0018249463907658203,0.016932396466902193,-0.10777838768027011
MULTI_5a45,comum,todas,sharpe,ACASO,450,-0.19494448944884324,0.14860818834838094,-1.3118018032212095
MULTI_5a45,comum,todas,sharpe,FIXO_RETROSPECTO,450,-0.5123073781736148,0.2459181646152635,-2.0832433381857522
MULTI_5a45,comum,todas,sharpe,BASE_V6_MOM,450,-0.32286507541695125,0.20527367305154548,-1.5728518451359217
MULTI_5a45,comum,todas,sharpe,FIXO_TUDO_INI,450,-0.09018430741248266,0.24071080542145157,-0.3746583260131689
MULTI_5a45,comum,todas,sharpe,FIXO_TUDO_INI_CALR,450,-0.3038264516306795,0.28789231699117185,-1.0553475507996841
MULTI_5a45,comum,todas,sharpe,FIXO_TUDO_MOM,450,0.01645024530984243,0.24344046245698334,0.06757399794518235
MULTI_5a45,comum,todas,sharpe,FIXO_V6E_INI,450,-0.4241414307624078,0.24773805137293892,-1.712056054416588
MULTI_5a45,comum,todas,sharpe,FIXO_V6E_MOM,450,-0.5123073781736148,0.2459181646152635,-2.0832433381857522
MULTI_5a45,comum,todas,sharpe,FIXO_V6WR_INI,450,-0.28864919110683995,0.21817680067223316,-1.32300588429875
MULTI_5a45,comum,todas,sharpe,FIXO_V6WR_MOM,450,-0.3264850788655446,0.20917707637773172,-1.5608071616603831
MULTI_5a45,comum,todas,sharpe,FIXO_V6_INI,450,-0.2920004190254395,0.21723001551400936,-1.3441992274157348
MULTI_5a45,comum,todas,sharpe,FIXO_V6_MOM,450,-0.32286507541695125,0.20527367305154548,-1.5728518451359217
MULTI_5a45,comum,todas,sharpe,FAVORITO,450,0.894092368933434,0.3213417758931559,2.7823720288105775
MULTI_5a45,comum,todas,sharpe,ZEBRA,450,-0.3218362960226613,0.3656975029162741,-0.8800615083673273
MULTI_5a45,comum,todas,sharpe,VIG_MERCADO,450,0.5080113338113428,0.1651910414099718,3.0752959087566873
MULTI_5a45,comum,todas,sortino,ACASO,450,-0.19311954305807744,0.14947323175187177,-1.292000853896431
MULTI_5a45,comum,todas,sortino,FIXO_RETROSPECTO,450,-0.510482431782849,0.2464409188755184,-2.0714191219222915
MULTI_5a45,comum,todas,sortino,BASE_V6_MOM,450,-0.3210401290261854,0.20694010128651952,-1.551367410329467
MULTI_5a45,comum,todas,sortino,FIXO_TUDO_INI,450,-0.08835936102171685,0.24273093577525304,-0.3640218365224351
MULTI_5a45,comum,todas,sortino,FIXO_TUDO_INI_CALR,450,-0.3020015052399137,0.28990467544498705,-1.0417269220524255
MULTI_5a45,comum,todas,sortino,FIXO_TUDO_MOM,450,0.01827519170060825,0.24589168683949134,0.07432212099361292
MULTI_5a45,comum,todas,sortino,FIXO_V6E_INI,450,-0.422316484371642,0.24776539710619097,-1.7045014731844872
MULTI_5a45,comum,todas,sortino,FIXO_V6E_MOM,450,-0.510482431782849,0.2464409188755184,-2.0714191219222915
MULTI_5a45,comum,todas,sortino,FIXO_V6WR_INI,450,-0.28682424471607415,0.2192493238532922,-1.308210395704567
MULTI_5a45,comum,todas,sortino,FIXO_V6WR_MOM,450,-0.3246601324747788,0.21104944522009395,-1.5383131291162855
MULTI_5a45,comum,todas,sortino,FIXO_V6_INI,450,-0.2901754726346737,0.21814160639505864,-1.3302160804168661
MULTI_5a45,comum,todas,sortino,FIXO_V6_MOM,450,-0.3210401290261854,0.20694010128651952,-1.551367410329467
MULTI_5a45,comum,todas,sortino,FAVORITO,450,0.8959173153241998,0.3198819425402142,2.8007748990444155
MULTI_5a45,comum,todas,sortino,ZEBRA,450,-0.3200113496318955,0.36770063588345886,-0.870304041936228
MULTI_5a45,comum,todas,sortino,VIG_MERCADO,450,0.5098362802021087,0.1651428244967889,3.087244521556685
MULTI_5a45,comum,todas,calmar,llskill_todas,450,0.09295824360931708,0.16386494993912099,0.5672857047456022
MULTI_5a45,comum,todas,calmar,ll_todas,450,-0.29350165488775176,0.21012198334263427,-1.3968155555107
MULTI_5a45,comum,todas,calmar,llskill_entradas,450,-0.05160583031154036,0.18017193677513843,-0.28642546245116096
MULTI_5a45,comum,todas,calmar,ll_entradas,450,-0.5801624673787439,0.23281329543868165,-2.4919645000753277
MULTI_5a45,comum,todas,calmar,ppg,450,-0.20257512254197874,0.21154051286477837,-0.957618565818026
MULTI_5a45,comum,todas,calmar,lucro,450,-0.20257512254197874,0.21154051286477837,-0.957618565818026
MULTI_5a45,comum,todas,calmar,roi,450,-0.02682353808479173,0.19262412850386226,-0.13925326122502818
MULTI_5a45,comum,todas,calmar,sharpe,450,0.01447387947134143,0.1882174990607809,0.07689975450511854
MULTI_5a45,comum,todas,calmar,sortino,450,0.012648933080575612,0.18917394026603826,0.06686403562132934
MULTI_5a45,comum,todas,calmar,maxdd,450,-0.21102906463870308,0.12873949081742145,-1.6391944950130712
MULTI_5a45,comum,todas,calmar,seq_ruim,450,-0.1147896516348065,0.14676935441734404,-0.7821091268712536
MULTI_5a45,comum,todas,calmar,ppg_nao_piorando_ou_nada,450,-0.20257512254197874,0.21154051286477837,-0.957618565818026
MULTI_5a45,comum,todas,calmar,funcao_menor_vol,450,-0.07637614710195822,0.17852514169337105,-0.4278173168076203
MULTI_5a45,comum,todas,calmar,ACASO,450,-0.1804706099775018,0.12064007150945989,-1.4959424983708696
MULTI_5a45,comum,todas,calmar,FIXO_RETROSPECTO,450,-0.4978334987022735,0.2105595260828615,-2.364336147424463
MULTI_5a45,comum,todas,calmar,BASE_V6_MOM,450,-0.3083911959456099,0.15963868640625625,-1.931807401376387
MULTI_5a45,comum,todas,calmar,FIXO_TUDO_INI,450,-0.07571042794114122,0.1798617864879686,-0.4209367060090092
MULTI_5a45,comum,todas,calmar,FIXO_TUDO_INI_CALR,450,-0.28935257215933813,0.2652410575744059,-1.0909041564131465
MULTI_5a45,comum,todas,calmar,FIXO_TUDO_MOM,450,0.030924124781183934,0.19643160227313078,0.157429478878786
MULTI_5a45,comum,todas,calmar,FIXO_V6E_INI,450,-0.40966755129106636,0.21352550890467803,-1.9185883381921829
MULTI_5a45,comum,todas,calmar,FIXO_V6E_MOM,450,-0.4978334987022735,0.2105595260828615,-2.364336147424463
MULTI_5a45,comum,todas,calmar,FIXO_V6WR_INI,450,-0.2741753116354985,0.1567704378469356,-1.7488967652383058
MULTI_5a45,comum,todas,calmar,FIXO_V6WR_MOM,450,-0.3120111993942033,0.16304268004337366,-1.913678058476468
MULTI_5a45,comum,todas,calmar,FIXO_V6_INI,450,-0.2775265395540981,0.15639895764125916,-1.7744781917963668
MULTI_5a45,comum,todas,calmar,FIXO_V6_MOM,450,-0.3083911959456099,0.15963868640625625,-1.931807401376387
MULTI_5a45,comum,todas,calmar,FAVORITO,450,0.9085662484047755,0.32629244157507004,2.784515154623163
MULTI_5a45,comum,todas,calmar,ZEBRA,450,-0.3073624165513198,0.345536976819599,-0.8895210561264772
MULTI_5a45,comum,todas,calmar,VIG_MERCADO,450,0.5224852132826844,0.16787873230620926,3.1122775714655515
MULTI_5a45,comum,todas,maxdd,ppg,450,0.008453942096724395,0.27005979018449633,0.0313039645441068
MULTI_5a45,comum,todas,maxdd,roi,450,0.1842055265539114,0.19721489493069422,0.9340345546346557
MULTI_5a45,comum,todas,maxdd,sharpe,450,0.2255029441100446,0.1888166565905889,1.1942958221053694
MULTI_5a45,comum,todas,maxdd,sortino,450,0.22367799771927876,0.18966217249479264,1.1793495496600412
MULTI_5a45,comum,todas,maxdd,seq_ruim,450,0.09623941300389667,0.13555924258575386,0.7099435727742155
MULTI_5a45,comum,todas,maxdd,ppg_nao_piorando_ou_nada,450,0.008453942096724395,0.27005979018449633,0.0313039645441068
MULTI_5a45,comum,todas,maxdd,ACASO,450,0.030558454661201377,0.12640092572350528,0.24175815553792881
MULTI_5a45,comum,todas,maxdd,FIXO_RETROSPECTO,450,-0.28680443406357026,0.22636193763316034,-1.2670170482829244
MULTI_5a45,comum,todas,maxdd,BASE_V6_MOM,450,-0.09736213130690667,0.17489441583676518,-0.5566909088611384
MULTI_5a45,comum,todas,maxdd,FIXO_TUDO_INI,450,0.13531863669756197,0.2008002254108328,0.6738968366230816
MULTI_5a45,comum,todas,maxdd,FIXO_TUDO_INI_CALR,450,-0.07832350752063494,0.28795985493975035,-0.2719945373532103
MULTI_5a45,comum,todas,maxdd,FIXO_TUDO_MOM,450,0.24195318941988703,0.22021495132656668,1.098713724760149
MULTI_5a45,comum,todas,maxdd,FIXO_V6E_INI,450,-0.1986384866523632,0.22356264367295633,-0.8885137668301417
MULTI_5a45,comum,todas,maxdd,FIXO_V6E_MOM,450,-0.28680443406357026,0.22636193763316034,-1.2670170482829244
MULTI_5a45,comum,todas,maxdd,FIXO_V6WR_INI,450,-0.06314624699679534,0.16613363887241533,-0.3800930830467717
MULTI_5a45,comum,todas,maxdd,FIXO_V6WR_MOM,450,-0.1009821347555001,0.18023828553777346,-0.5602701693161454
MULTI_5a45,comum,todas,maxdd,FIXO_V6_INI,450,-0.06649747491539493,0.16470527910249863,-0.40373614784995765
MULTI_5a45,comum,todas,maxdd,FIXO_V6_MOM,450,-0.09736213130690667,0.17489441583676518,-0.5566909088611384
MULTI_5a45,comum,todas,maxdd,FAVORITO,450,1.1195953130434788,0.32630975193897277,3.431081377098617
MULTI_5a45,comum,todas,maxdd,ZEBRA,450,-0.09633335191261667,0.3597918109618316,-0.267747483343461
MULTI_5a45,comum,todas,maxdd,VIG_MERCADO,450,0.7335142779213873,0.1727637781546054,4.245764278580255
MULTI_5a45,comum,todas,seq_ruim,sharpe,450,0.12926353110614794,0.17206974403971884,0.751227543386768
MULTI_5a45,comum,todas,seq_ruim,sortino,450,0.12743858471538208,0.17240990338807635,0.7391604670674363
MULTI_5a45,comum,todas,seq_ruim,ACASO,450,-0.06568095834269533,0.11212974874463126,-0.5857585438123093
MULTI_5a45,comum,todas,seq_ruim,FIXO_RETROSPECTO,450,-0.38304384706746697,0.2077214860203343,-1.8440261255880386
MULTI_5a45,comum,todas,seq_ruim,BASE_V6_MOM,450,-0.1936015443108033,0.16580915441970187,-1.1676167397896038
MULTI_5a45,comum,todas,seq_ruim,FIXO_TUDO_INI,450,0.03907922369366528,0.17832965653501973,0.21914035193574796
MULTI_5a45,comum,todas,seq_ruim,FIXO_TUDO_INI_CALR,450,-0.17456292052453162,0.2689944677394543,-0.6489461362960511
MULTI_5a45,comum,todas,seq_ruim,FIXO_TUDO_MOM,450,0.14571377641599043,0.19787257685864704,0.7364020761708836
MULTI_5a45,comum,todas,seq_ruim,FIXO_V6E_INI,450,-0.2948778996562599,0.20804431230979964,-1.4173802512666436
MULTI_5a45,comum,todas,seq_ruim,FIXO_V6E_MOM,450,-0.38304384706746697,0.2077214860203343,-1.8440261255880386
MULTI_5a45,comum,todas,seq_ruim,FIXO_V6WR_INI,450,-0.159385660000692,0.15901738731494217,-1.002315927157201
MULTI_5a45,comum,todas,seq_ruim,FIXO_V6WR_MOM,450,-0.19722154775939674,0.16985732932954342,-1.1611011932064672
MULTI_5a45,comum,todas,seq_ruim,FIXO_V6_INI,450,-0.16273688791929158,0.1578076979530117,-1.0312354215302448
MULTI_5a45,comum,todas,seq_ruim,FIXO_V6_MOM,450,-0.1936015443108033,0.16580915441970187,-1.1676167397896038
MULTI_5a45,comum,todas,seq_ruim,FAVORITO,450,1.023355900039582,0.3281563974003644,3.1185005325099464
MULTI_5a45,comum,todas,seq_ruim,ZEBRA,450,-0.19257276491651332,0.3481476491279382,-0.5531353303659567
MULTI_5a45,comum,todas,seq_ruim,VIG_MERCADO,450,0.6372748649174909,0.16900731069849972,3.770694074023556
MULTI_5a45,comum,todas,brier_com_roi>=0,bsskill_todas,450,0.22816490978894033,0.18175542575746348,1.2553402950039367
MULTI_5a45,comum,todas,brier_com_roi>=0,llskill_todas,450,0.40036433497942825,0.20648152106419979,1.9389838515135014
MULTI_5a45,comum,todas,brier_com_roi>=0,brier_todas,450,0.05287505669289377,0.12878557387354392,0.41056661163627234
MULTI_5a45,comum,todas,brier_com_roi>=0,ll_todas,450,0.013904436482359317,0.11819983225979584,0.11763499335429034
MULTI_5a45,comum,todas,brier_com_roi>=0,bsskill_entradas,450,0.1790158899236053,0.15754601406962154,1.1362768584198895
MULTI_5a45,comum,todas,brier_com_roi>=0,llskill_entradas,450,0.25580026105857073,0.1608975385664112,1.5898332773623383
MULTI_5a45,comum,todas,brier_com_roi>=0,brier_entradas,450,-0.2171909205719763,0.17881536499310985,-1.2146099446227407
MULTI_5a45,comum,todas,brier_com_roi>=0,ll_entradas,450,-0.27275637600863284,0.18209335491871437,-1.4978930786924654
MULTI_5a45,comum,todas,brier_com_roi>=0,ppg,450,0.10483096882813238,0.24197930238085105,0.43322287400902987
MULTI_5a45,comum,todas,brier_com_roi>=0,lucro,450,0.10483096882813238,0.24197930238085105,0.43322287400902987
MULTI_5a45,comum,todas,brier_com_roi>=0,roi,450,0.28058255328531934,0.21866902401872457,1.2831380875477505
MULTI_5a45,comum,todas,brier_com_roi>=0,sharpe,450,0.32187997084145253,0.20945077802231335,1.5367809748940717
MULTI_5a45,comum,todas,brier_com_roi>=0,sortino,450,0.3200550244506867,0.20856091152189668,1.5345877715781095
MULTI_5a45,comum,todas,brier_com_roi>=0,calmar,450,0.30740609137011116,0.19071556161613537,1.6118563622450788
MULTI_5a45,comum,todas,brier_com_roi>=0,maxdd,450,0.09637702673140795,0.19417441513747186,0.4963425622432019
MULTI_5a45,comum,todas,brier_com_roi>=0,seq_ruim,450,0.19261643973530462,0.1480357506555197,1.3011481272758534
MULTI_5a45,comum,todas,brier_com_roi>=0,bsskill_t_ppg>=1_relaxar,450,0.17382518139352934,0.17956862118183636,0.9680153483915709
MULTI_5a45,comum,todas,brier_com_roi>=0,ppg_nao_piorando_ou_nada,450,0.10483096882813238,0.24197930238085105,0.43322287400902987
MULTI_5a45,comum,todas,brier_com_roi>=0,funcao_menor_vol,450,0.2310299442681529,0.1814391178239275,1.273319375882049
MULTI_5a45,comum,todas,brier_com_roi>=0,ACASO,450,0.12693548139260932,0.11689023294169061,1.0859374491616394
MULTI_5a45,comum,todas,brier_com_roi>=0,FIXO_RETROSPECTO,450,-0.19042740733216237,0.18223700715511498,-1.0449436714578832
MULTI_5a45,comum,todas,brier_com_roi>=0,BASE_V6_MOM,450,-0.0009851045754987098,0.15613192247430088,-0.006309437300759918
MULTI_5a45,comum,todas,brier_com_roi>=0,FIXO_TUDO_INI,450,0.23169566342896994,0.17518336175182883,1.322589434932745
MULTI_5a45,comum,todas,brier_com_roi>=0,FIXO_TUDO_INI_CALR,450,0.018053519210772997,0.2571394604102479,0.07020905769176726
MULTI_5a45,comum,todas,brier_com_roi>=0,FIXO_TUDO_MOM,450,0.33833021615129505,0.20417335449032617,1.6570733090802272
MULTI_5a45,comum,todas,brier_com_roi>=0,FIXO_V6E_INI,450,-0.10226145992095526,0.1747916358004337,-0.5850477882002951
MULTI_5a45,comum,todas,brier_com_roi>=0,FIXO_V6E_MOM,450,-0.19042740733216237,0.18223700715511498,-1.0449436714578832
MULTI_5a45,comum,todas,brier_com_roi>=0,FIXO_V6WR_INI,450,0.03323077973461261,0.1472396432317747,0.22569179743462814
MULTI_5a45,comum,todas,brier_com_roi>=0,FIXO_V6WR_MOM,450,-0.004605108024092167,0.1604845297923959,-0.028695027676807053
MULTI_5a45,comum,todas,brier_com_roi>=0,FIXO_V6_INI,450,0.02987955181601302,0.14706189029167757,0.20317671530503875
MULTI_5a45,comum,todas,brier_com_roi>=0,FIXO_V6_MOM,450,-0.0009851045754987098,0.15613192247430088,-0.006309437300759918
MULTI_5a45,comum,todas,brier_com_roi>=0,FAVORITO,450,1.2159723397748867,0.35311067302410204,3.4436012068428443
MULTI_5a45,comum,todas,brier_com_roi>=0,ZEBRA,450,4.367481879130016e-05,0.3351178990372507,0.00013032672655436227
MULTI_5a45,comum,todas,brier_com_roi>=0,VIG_MERCADO,450,0.8298913046527953,0.1934300440227745,4.290395056494345
MULTI_5a45,comum,todas,bsskill_t_ppg>=1_relaxar,bsskill_todas,450,0.05433972839541098,0.03852223639137672,1.410606794562297
MULTI_5a45,comum,todas,bsskill_t_ppg>=1_relaxar,llskill_todas,450,0.22653915358589877,0.11742751488995475,1.9291828988989181
MULTI_5a45,comum,todas,bsskill_t_ppg>=1_relaxar,ll_todas,450,-0.15992074491117,0.17696554020876426,-0.9036829697042333
MULTI_5a45,comum,todas,bsskill_t_ppg>=1_relaxar,llskill_entradas,450,0.0819750796650414,0.13786477008319403,0.5946049858537016
MULTI_5a45,comum,todas,bsskill_t_ppg>=1_relaxar,ll_entradas,450,-0.44658155740216204,0.19398725247887458,-2.302118060313243
MULTI_5a45,comum,todas,bsskill_t_ppg>=1_relaxar,ppg,450,-0.06899421256539695,0.18380305780428527,-0.37537031967586987
MULTI_5a45,comum,todas,bsskill_t_ppg>=1_relaxar,lucro,450,-0.06899421256539695,0.18380305780428527,-0.37537031967586987
MULTI_5a45,comum,todas,bsskill_t_ppg>=1_relaxar,roi,450,0.10675737189178999,0.16944930212389686,0.6300254445057072
MULTI_5a45,comum,todas,bsskill_t_ppg>=1_relaxar,sharpe,450,0.14805478944792316,0.16003322696164082,0.9251503094629915
MULTI_5a45,comum,todas,bsskill_t_ppg>=1_relaxar,sortino,450,0.14622984305715736,0.16094369977714093,0.9085776160212679
MULTI_5a45,comum,todas,bsskill_t_ppg>=1_relaxar,calmar,450,0.13358090997658176,0.16143066761492036,0.8274816176516601
MULTI_5a45,comum,todas,bsskill_t_ppg>=1_relaxar,maxdd,450,-0.07744815466212139,0.18724622467487248,-0.41361664191948083
MULTI_5a45,comum,todas,bsskill_t_ppg>=1_relaxar,seq_ruim,450,0.018791258341775273,0.1761149115047483,0.10669884895731066
MULTI_5a45,comum,todas,bsskill_t_ppg>=1_relaxar,ppg_nao_piorando_ou_nada,450,-0.06899421256539695,0.18380305780428527,-0.37537031967586987
MULTI_5a45,comum,todas,bsskill_t_ppg>=1_relaxar,funcao_menor_vol,450,0.05720476287462358,0.18315865910820492,0.3123235513578893
MULTI_5a45,comum,todas,bsskill_t_ppg>=1_relaxar,ACASO,450,-0.04688970000092004,0.12948576910789125,-0.36212241950580837
MULTI_5a45,comum,todas,bsskill_t_ppg>=1_relaxar,FIXO_RETROSPECTO,450,-0.36425258872569166,0.21643718870460552,-1.6829482535130564
MULTI_5a45,comum,todas,bsskill_t_ppg>=1_relaxar,BASE_V6_MOM,450,-0.17481028596902806,0.18671574399395066,-0.9362375246443689
MULTI_5a45,comum,todas,bsskill_t_ppg>=1_relaxar,FIXO_TUDO_INI,450,0.0578704820354406,0.22795880936528978,0.2538637668645951
MULTI_5a45,comum,todas,bsskill_t_ppg>=1_relaxar,FIXO_TUDO_INI_CALR,450,-0.15577166218275637,0.263644175081957,-0.5908405225881924
MULTI_5a45,comum,todas,bsskill_t_ppg>=1_relaxar,FIXO_TUDO_MOM,450,0.1645050347577657,0.23736285562432827,0.6930529813734889
MULTI_5a45,comum,todas,bsskill_t_ppg>=1_relaxar,FIXO_V6E_INI,450,-0.2760866413144846,0.21845521068537532,-1.263813485832167
MULTI_5a45,comum,todas,bsskill_t_ppg>=1_relaxar,FIXO_V6E_MOM,450,-0.36425258872569166,0.21643718870460552,-1.6829482535130564
MULTI_5a45,comum,todas,bsskill_t_ppg>=1_relaxar,FIXO_V6WR_INI,450,-0.14059440165891673,0.18747192147051522,-0.7499491153454082
MULTI_5a45,comum,todas,bsskill_t_ppg>=1_relaxar,FIXO_V6WR_MOM,450,-0.1784302894176215,0.19057519848195656,-0.936272352535501
MULTI_5a45,comum,todas,bsskill_t_ppg>=1_relaxar,FIXO_V6_INI,450,-0.14394562957751633,0.1864702016012298,-0.771949771821167
MULTI_5a45,comum,todas,bsskill_t_ppg>=1_relaxar,FIXO_V6_MOM,450,-0.17481028596902806,0.18671574399395066,-0.9362375246443689
MULTI_5a45,comum,todas,bsskill_t_ppg>=1_relaxar,FAVORITO,450,1.0421471583813575,0.325487580090706,3.201803147422506
MULTI_5a45,comum,todas,bsskill_t_ppg>=1_relaxar,ZEBRA,450,-0.17378150657473804,0.3421851311554681,-0.5078581468105412
MULTI_5a45,comum,todas,bsskill_t_ppg>=1_relaxar,VIG_MERCADO,450,0.656066123259266,0.16140553792946027,4.064706401498995
MULTI_5a45,comum,todas,ppg_nao_piorando_ou_nada,roi,450,0.175751584457187,0.15942912777072554,1.1023806434539034
MULTI_5a45,comum,todas,ppg_nao_piorando_ou_nada,sharpe,450,0.2170490020133202,0.1653362146750806,1.3127735048238873
MULTI_5a45,comum,todas,ppg_nao_piorando_ou_nada,sortino,450,0.21522405562255434,0.16712920272410603,1.2877704920177382
MULTI_5a45,comum,todas,ppg_nao_piorando_ou_nada,seq_ruim,450,0.08778547090717224,0.24002756723968377,0.3657307863288574
MULTI_5a45,comum,todas,ppg_nao_piorando_ou_nada,ACASO,450,0.022104512564476955,0.19508412235405637,0.11330759416883594
MULTI_5a45,comum,todas,ppg_nao_piorando_ou_nada,FIXO_RETROSPECTO,450,-0.2952583761602947,0.23739629058209935,-1.243736266629595
MULTI_5a45,comum,todas,ppg_nao_piorando_ou_nada,BASE_V6_MOM,450,-0.10581607340363106,0.22905941257243514,-0.461959070859701
MULTI_5a45,comum,todas,ppg_nao_piorando_ou_nada,FIXO_TUDO_INI,450,0.12686469460083757,0.2659665244478123,0.4769949709431603
MULTI_5a45,comum,todas,ppg_nao_piorando_ou_nada,FIXO_TUDO_INI_CALR,450,-0.08677744961735938,0.26500692648004875,-0.3274535151589424
MULTI_5a45,comum,todas,ppg_nao_piorando_ou_nada,FIXO_TUDO_MOM,450,0.23349924732316263,0.2641074796590603,0.884106908386653
MULTI_5a45,comum,todas,ppg_nao_piorando_ou_nada,FIXO_V6E_INI,450,-0.20709242874908765,0.24768126889306222,-0.836124708479675
MULTI_5a45,comum,todas,ppg_nao_piorando_ou_nada,FIXO_V6E_MOM,450,-0.2952583761602947,0.23739629058209935,-1.243736266629595
MULTI_5a45,comum,todas,ppg_nao_piorando_ou_nada,FIXO_V6WR_INI,450,-0.07160018909351976,0.25021638229464094,-0.286153082531612
MULTI_5a45,comum,todas,ppg_nao_piorando_ou_nada,FIXO_V6WR_MOM,450,-0.10943607685222449,0.23076399658537378,-0.4742337560085434
MULTI_5a45,comum,todas,ppg_nao_piorando_ou_nada,FIXO_V6_INI,450,-0.07495141701211931,0.24981224825161252,-0.3000309934228195
MULTI_5a45,comum,todas,ppg_nao_piorando_ou_nada,FIXO_V6_MOM,450,-0.10581607340363106,0.22905941257243514,-0.461959070859701
MULTI_5a45,comum,todas,ppg_nao_piorando_ou_nada,FAVORITO,450,1.1111413709467544,0.3845604603434326,2.889380176928348
MULTI_5a45,comum,todas,ppg_nao_piorando_ou_nada,ZEBRA,450,-0.10478729400934103,0.3355820841997926,-0.31225532870507694
MULTI_5a45,comum,todas,ppg_nao_piorando_ou_nada,VIG_MERCADO,450,0.7250603358246629,0.2324118144615644,3.1197223665433382
MULTI_5a45,comum,todas,funcao_menor_vol,llskill_todas,450,0.1693343907112752,0.19700411433998735,0.8595474834552944
MULTI_5a45,comum,todas,funcao_menor_vol,ll_todas,450,-0.21712550778579365,0.18327266417923227,-1.1847129999346484
MULTI_5a45,comum,todas,funcao_menor_vol,llskill_entradas,450,0.024770316790417857,0.2163386478088961,0.11449788117516038
MULTI_5a45,comum,todas,funcao_menor_vol,ll_entradas,450,-0.5037863202767856,0.1886957219857422,-2.669834350112355
MULTI_5a45,comum,todas,funcao_menor_vol,ppg,450,-0.12619897544002054,0.25758907439167006,-0.48992363413726203
MULTI_5a45,comum,todas,funcao_menor_vol,lucro,450,-0.12619897544002054,0.25758907439167006,-0.48992363413726203
MULTI_5a45,comum,todas,funcao_menor_vol,roi,450,0.049552609017166474,0.22910914853293352,0.21628385131920425
MULTI_5a45,comum,todas,funcao_menor_vol,sharpe,450,0.09085002657329963,0.22159352449435887,0.40998502452003016
MULTI_5a45,comum,todas,funcao_menor_vol,sortino,450,0.08902508018253381,0.22029049729981784,0.40412583054533524
MULTI_5a45,comum,todas,funcao_menor_vol,maxdd,450,-0.13465291753674496,0.16774374579563642,-0.8027298835975305
MULTI_5a45,comum,todas,funcao_menor_vol,seq_ruim,450,-0.03841350453284829,0.2033343771168627,-0.18891790496779023
MULTI_5a45,comum,todas,funcao_menor_vol,ppg_nao_piorando_ou_nada,450,-0.12619897544002054,0.25758907439167006,-0.48992363413726203
MULTI_5a45,comum,todas,funcao_menor_vol,ACASO,450,-0.10409446287554361,0.13948707652474546,-0.7462660016182712
MULTI_5a45,comum,todas,funcao_menor_vol,FIXO_RETROSPECTO,450,-0.42145735160031533,0.22970736251966814,-1.834757697695602
MULTI_5a45,comum,todas,funcao_menor_vol,BASE_V6_MOM,450,-0.23201504884365165,0.18831330234361282,-1.2320693544011927
MULTI_5a45,comum,todas,funcao_menor_vol,FIXO_TUDO_INI,450,0.0006657191608170226,0.21005127107798585,0.0031693174594971184
MULTI_5a45,comum,todas,funcao_menor_vol,FIXO_TUDO_INI_CALR,450,-0.21297642505737985,0.29821935543682615,-0.7141603023902187
MULTI_5a45,comum,todas,funcao_menor_vol,FIXO_TUDO_MOM,450,0.10730027188314213,0.23416117522551474,0.45823254764503096
MULTI_5a45,comum,todas,funcao_menor_vol,FIXO_V6E_INI,450,-0.33329140418910813,0.22794208123177828,-1.4621758404066143
MULTI_5a45,comum,todas,funcao_menor_vol,FIXO_V6E_MOM,450,-0.42145735160031533,0.22970736251966814,-1.834757697695602
MULTI_5a45,comum,todas,funcao_menor_vol,FIXO_V6WR_INI,450,-0.1977991645335403,0.1795335902215652,-1.101739035516603
MULTI_5a45,comum,todas,funcao_menor_vol,FIXO_V6WR_MOM,450,-0.23563505229224507,0.19305051300239853,-1.2205875479300978
MULTI_5a45,comum,todas,funcao_menor_vol,FIXO_V6_INI,450,-0.20115039245213984,0.17646278476586844,-1.1399026300022808
MULTI_5a45,comum,todas,funcao_menor_vol,FIXO_V6_MOM,450,-0.23201504884365165,0.18831330234361282,-1.2320693544011927
MULTI_5a45,comum,todas,funcao_menor_vol,FAVORITO,450,0.9849423955067339,0.31452743941969324,3.13149910648166
MULTI_5a45,comum,todas,funcao_menor_vol,ZEBRA,450,-0.23098626944936165,0.3711550125463543,-0.6223444696722594
MULTI_5a45,comum,todas,funcao_menor_vol,VIG_MERCADO,450,0.5988613603846424,0.17329737924066485,3.4556861910357006
MULTI_5a45,comum,so_INI,bsskill_todas,llskill_todas,450,0.09832813231240493,0.11453960788793813,0.858464020660923
MULTI_5a45,comum,so_INI,bsskill_todas,ll_todas,450,-0.2663683889035875,0.17955527891866144,-1.483489600014781
MULTI_5a45,comum,so_INI,bsskill_todas,llskill_entradas,450,-0.005626031320990034,0.1400356280696544,-0.040175713841849016
MULTI_5a45,comum,so_INI,bsskill_todas,ll_entradas,450,-0.44698893721015476,0.189137571882915,-2.3633006005113666
MULTI_5a45,comum,so_INI,bsskill_todas,ppg,450,-0.09640125549806874,0.17853225837748757,-0.5399654738822521
MULTI_5a45,comum,so_INI,bsskill_todas,lucro,450,-0.09640125549806874,0.17853225837748757,-0.5399654738822521
MULTI_5a45,comum,so_INI,bsskill_todas,roi,450,0.037153578410073794,0.16964437872551988,0.21900860310961026
MULTI_5a45,comum,so_INI,bsskill_todas,sharpe,450,0.019466358035642718,0.1724793678092727,0.11286195144899054
MULTI_5a45,comum,so_INI,bsskill_todas,sortino,450,0.04193360711811946,0.17413517367133857,0.24081066584092103
MULTI_5a45,comum,so_INI,bsskill_todas,calmar,450,0.01619570822570341,0.14879998990510024,0.10884213255681337
MULTI_5a45,comum,so_INI,bsskill_todas,maxdd,450,-0.20914213697482595,0.19782684874409326,-1.0571979400297178
MULTI_5a45,comum,so_INI,bsskill_todas,seq_ruim,450,-0.18170605853775657,0.17544477051992227,-1.0356880857678417
MULTI_5a45,comum,so_INI,bsskill_todas,ppg_nao_piorando_ou_nada,450,-0.09640125549806874,0.17853225837748757,-0.5399654738822521
MULTI_5a45,comum,so_INI,bsskill_todas,funcao_menor_vol,450,-0.06550008324973815,0.1897223274781344,-0.3452418285206156
MULTI_5a45,comum,so_INI,bsskill_todas,ACASO,450,-0.1652067458348826,0.13726310491358235,-1.2035772171909773
MULTI_5a45,comum,so_INI,bsskill_todas,FIXO_RETROSPECTO,450,-0.39577722705777896,0.22360238662094692,-1.7700044844722727
MULTI_5a45,comum,so_INI,bsskill_todas,BASE_V6_MOM,450,-0.2945008717123224,0.19859568083391005,-1.4829168009883358
MULTI_5a45,comum,so_INI,bsskill_todas,FIXO_TUDO_INI,450,-0.06182010370785372,0.2343115235504753,-0.2638372316098933
MULTI_5a45,comum,so_INI,bsskill_todas,FIXO_TUDO_INI_CALR,450,-0.2754622479260507,0.26474806807666507,-1.0404693410124641
MULTI_5a45,comum,so_INI,bsskill_todas,FIXO_V6E_INI,450,-0.39577722705777896,0.22360238662094692,-1.7700044844722727
MULTI_5a45,comum,so_INI,bsskill_todas,FIXO_V6WR_INI,450,-0.26028498740221107,0.1970522541082097,-1.3208932248969738
MULTI_5a45,comum,so_INI,bsskill_todas,FIXO_V6_INI,450,-0.2636362153208106,0.19624254440825903,-1.3434202869503524
MULTI_5a45,comum,so_INI,bsskill_todas,FAVORITO,450,0.922456572638063,0.3232427485885239,2.85375797807089
MULTI_5a45,comum,so_INI,bsskill_todas,ZEBRA,450,-0.2934720923180324,0.35045859125043394,-0.8373944872372109
MULTI_5a45,comum,so_INI,bsskill_todas,VIG_MERCADO,450,0.5363755375159717,0.16340586789570813,3.2824741511627176
MULTI_5a45,comum,so_INI,llskill_todas,ppg,450,-0.19472938781047366,0.1861564856792465,-1.0460521270582994
MULTI_5a45,comum,so_INI,llskill_todas,lucro,450,-0.19472938781047366,0.1861564856792465,-1.0460521270582994
MULTI_5a45,comum,so_INI,llskill_todas,roi,450,-0.061174553902331126,0.2063323135559533,-0.29648557149407323
MULTI_5a45,comum,so_INI,llskill_todas,sharpe,450,-0.07886177427676219,0.2084829012182849,-0.3782649503433026
MULTI_5a45,comum,so_INI,llskill_todas,sortino,450,-0.05639452519428546,0.21222374700750052,-0.2657314555486212
MULTI_5a45,comum,so_INI,llskill_todas,maxdd,450,-0.3074702692872308,0.21006816792635097,-1.4636690190730306
MULTI_5a45,comum,so_INI,llskill_todas,seq_ruim,450,-0.2800341908501615,0.21107919864937405,-1.3266782925177263
MULTI_5a45,comum,so_INI,llskill_todas,ppg_nao_piorando_ou_nada,450,-0.19472938781047366,0.1861564856792465,-1.0460521270582994
MULTI_5a45,comum,so_INI,llskill_todas,ACASO,450,-0.2635348781472876,0.1505456722624894,-1.750531079284642
MULTI_5a45,comum,so_INI,llskill_todas,FIXO_RETROSPECTO,450,-0.49410535937018385,0.22075840121499773,-2.2382176925125132
MULTI_5a45,comum,so_INI,llskill_todas,BASE_V6_MOM,450,-0.3928290040247273,0.2109429623202544,-1.8622522396757322
MULTI_5a45,comum,so_INI,llskill_todas,FIXO_TUDO_INI,450,-0.16014823602025866,0.23258683447244463,-0.6885524556173104
MULTI_5a45,comum,so_INI,llskill_todas,FIXO_TUDO_INI_CALR,450,-0.3737903802384557,0.2559019363831741,-1.4606782016637874
MULTI_5a45,comum,so_INI,llskill_todas,FIXO_V6E_INI,450,-0.49410535937018385,0.22075840121499773,-2.2382176925125132
MULTI_5a45,comum,so_INI,llskill_todas,FIXO_V6WR_INI,450,-0.35861311971461596,0.20905118911719042,-1.7154320969376728
MULTI_5a45,comum,so_INI,llskill_todas,FIXO_V6_INI,450,-0.36196434763321556,0.20695822210288586,-1.7489730243878445
MULTI_5a45,comum,so_INI,llskill_todas,FAVORITO,450,0.8241284403256581,0.3301197623455505,2.4964529068787087
MULTI_5a45,comum,so_INI,llskill_todas,ZEBRA,450,-0.3918002246304372,0.3427704029215492,-1.1430398345101855
MULTI_5a45,comum,so_INI,llskill_todas,VIG_MERCADO,450,0.4380474052035667,0.1706956241703646,2.566248592092606
MULTI_5a45,comum,so_INI,brier_todas,bsskill_todas,450,0.21391417503629268,0.18706261490966525,1.1435431667604687
MULTI_5a45,comum,so_INI,brier_todas,llskill_todas,450,0.3122423073486976,0.2042371736049225,1.5288221132197062
MULTI_5a45,comum,so_INI,brier_todas,ll_todas,450,-0.052454213867294805,0.029872372567426787,-1.755944016461938
MULTI_5a45,comum,so_INI,brier_todas,bsskill_entradas,450,0.14462278600524756,0.16509311972577873,0.8760073481285435
MULTI_5a45,comum,so_INI,brier_todas,llskill_entradas,450,0.20828814371530263,0.18463259326725265,1.1281222888626656
MULTI_5a45,comum,so_INI,brier_todas,ll_entradas,450,-0.23307476217386205,0.16278761261199126,-1.4317721012925113
MULTI_5a45,comum,so_INI,brier_todas,ppg,450,0.11751291953822397,0.22387078754310624,0.5249140400490926
MULTI_5a45,comum,so_INI,brier_todas,lucro,450,0.11751291953822397,0.22387078754310624,0.5249140400490926
MULTI_5a45,comum,so_INI,brier_todas,roi,450,0.2510677534463665,0.2164469942531693,1.1599502885805968
MULTI_5a45,comum,so_INI,brier_todas,sharpe,450,0.23338053307193538,0.21976907700974246,1.0619352651764993
MULTI_5a45,comum,so_INI,brier_todas,sortino,450,0.2558477821544121,0.21965773429079297,1.1647565380771392
MULTI_5a45,comum,so_INI,brier_todas,calmar,450,0.23010988326199613,0.2058146465457434,1.1180442554697048
MULTI_5a45,comum,so_INI,brier_todas,maxdd,450,0.004772038061466782,0.23603546243653145,0.02021746229234497
MULTI_5a45,comum,so_INI,brier_todas,seq_ruim,450,0.03220811649853612,0.1720996537014087,0.18714806105546788
MULTI_5a45,comum,so_INI,brier_todas,bsskill_t_ppg>=1_relaxar,450,0.18664802933385463,0.18572621027445582,1.0049633223982581
MULTI_5a45,comum,so_INI,brier_todas,ppg_nao_piorando_ou_nada,450,0.11751291953822397,0.22387078754310624,0.5249140400490926
MULTI_5a45,comum,so_INI,brier_todas,funcao_menor_vol,450,0.14841409178655457,0.184036518172915,0.8064382724688873
MULTI_5a45,comum,so_INI,brier_todas,ACASO,450,0.048707429201410045,0.1415239887351349,0.34416376782996855
MULTI_5a45,comum,so_INI,brier_todas,FIXO_RETROSPECTO,450,-0.18186305202148623,0.16732155603288626,-1.0869074871963413
MULTI_5a45,comum,so_INI,brier_todas,BASE_V6_MOM,450,-0.08058669667602968,0.17112385076601244,-0.47092615269756016
MULTI_5a45,comum,so_INI,brier_todas,FIXO_TUDO_INI,450,0.15209407132843897,0.20615978621215564,0.7377484917059501
MULTI_5a45,comum,so_INI,brier_todas,FIXO_TUDO_INI_CALR,450,-0.061548072889757985,0.25501160794537775,-0.2413540049633399
MULTI_5a45,comum,so_INI,brier_todas,FIXO_V6E_INI,450,-0.18186305202148623,0.16732155603288626,-1.0869074871963413
MULTI_5a45,comum,so_INI,brier_todas,FIXO_V6WR_INI,450,-0.046370812365918355,0.17325652511845355,-0.26764251640286074
MULTI_5a45,comum,so_INI,brier_todas,FIXO_V6_INI,450,-0.04972204028451792,0.16897999822886423,-0.2942480814633165
MULTI_5a45,comum,so_INI,brier_todas,FAVORITO,450,1.1363707476743556,0.3662323911991353,3.102867946643379
MULTI_5a45,comum,so_INI,brier_todas,ZEBRA,450,-0.07955791728173975,0.3298080031709011,-0.24122494456422922
MULTI_5a45,comum,so_INI,brier_todas,VIG_MERCADO,450,0.7502897125522643,0.20659625256241765,3.6316714521507785
MULTI_5a45,comum,so_INI,ll_todas,llskill_todas,450,0.3646965212159925,0.1964970078378332,1.8559902017285297
MULTI_5a45,comum,so_INI,ll_todas,llskill_entradas,450,0.26074235758259745,0.18094767508123813,1.4409820820606551
MULTI_5a45,comum,so_INI,ll_todas,ppg,450,0.16996713340551878,0.22269968110060678,0.763212289148876
MULTI_5a45,comum,so_INI,ll_todas,lucro,450,0.16996713340551878,0.22269968110060678,0.763212289148876
MULTI_5a45,comum,so_INI,ll_todas,roi,450,0.30352196731366127,0.2153115265938661,1.4096874984597696
MULTI_5a45,comum,so_INI,ll_todas,sharpe,450,0.2858347469392302,0.21905695163784433,1.3048421645699984
MULTI_5a45,comum,so_INI,ll_todas,sortino,450,0.30830199602170694,0.21874869854185516,1.4093889384339204
MULTI_5a45,comum,so_INI,ll_todas,maxdd,450,0.057226251928761566,0.2312024426332853,0.2475157756855071
MULTI_5a45,comum,so_INI,ll_todas,seq_ruim,450,0.08466233036583096,0.16710753346288326,0.5066338339835262
MULTI_5a45,comum,so_INI,ll_todas,ppg_nao_piorando_ou_nada,450,0.16996713340551878,0.22269968110060678,0.763212289148876
MULTI_5a45,comum,so_INI,ll_todas,ACASO,450,0.10116164306870484,0.13908645197075573,0.7273292375735853
MULTI_5a45,comum,so_INI,ll_todas,FIXO_RETROSPECTO,450,-0.12940883815419144,0.16995374696733376,-0.7614356285952594
MULTI_5a45,comum,so_INI,ll_todas,BASE_V6_MOM,450,-0.028132482808734847,0.1762682565390851,-0.15960039181811986
MULTI_5a45,comum,so_INI,ll_todas,FIXO_TUDO_INI,450,0.20454828519573381,0.2078034395104513,0.9843354165725743
MULTI_5a45,comum,so_INI,ll_todas,FIXO_TUDO_INI_CALR,450,-0.009093859022463147,0.2614019940301317,-0.03478878979559315
MULTI_5a45,comum,so_INI,ll_todas,FIXO_V6E_INI,450,-0.12940883815419144,0.16995374696733376,-0.7614356285952594
MULTI_5a45,comum,so_INI,ll_todas,FIXO_V6WR_INI,450,0.0060834015013764365,0.17600031345989903,0.03456471969728915
MULTI_5a45,comum,so_INI,ll_todas,FIXO_V6_INI,450,0.0027321735827768616,0.17168529895094356,0.015913847018186097
MULTI_5a45,comum,so_INI,ll_todas,FAVORITO,450,1.1888249615416504,0.35763582085006007,3.324121612639213
MULTI_5a45,comum,so_INI,ll_todas,ZEBRA,450,-0.027103703414444923,0.3360242535769841,-0.0806599616721874
MULTI_5a45,comum,so_INI,ll_todas,VIG_MERCADO,450,0.8027439264195592,0.19856722887884193,4.042680813707495
MULTI_5a45,comum,so_INI,bsskill_entradas,bsskill_todas,450,0.0692913890310451,0.13069776893097823,0.5301650487059043
MULTI_5a45,comum,so_INI,bsskill_entradas,llskill_todas,450,0.16761952134345007,0.1779974553315812,0.94169616656149
MULTI_5a45,comum,so_INI,bsskill_entradas,ll_todas,450,-0.19707699987254235,0.16150740109614842,-1.2202351008992998
MULTI_5a45,comum,so_INI,bsskill_entradas,llskill_entradas,450,0.06366535771005508,0.05302013322037091,1.200777022672477
MULTI_5a45,comum,so_INI,bsskill_entradas,ll_entradas,450,-0.37769754817910967,0.21367562390725406,-1.767621131847259
MULTI_5a45,comum,so_INI,bsskill_entradas,ppg,450,-0.027109866467023593,0.20967162680053594,-0.12929678126079336
MULTI_5a45,comum,so_INI,bsskill_entradas,lucro,450,-0.027109866467023593,0.20967162680053594,-0.12929678126079336
MULTI_5a45,comum,so_INI,bsskill_entradas,roi,450,0.1064449674411189,0.1496624908460483,0.7112334349066427
MULTI_5a45,comum,so_INI,bsskill_entradas,sharpe,450,0.08875774706668778,0.15353249340324465,0.578103990232025
MULTI_5a45,comum,so_INI,bsskill_entradas,sortino,450,0.11122499614916455,0.1540061979469561,0.72221116832891
MULTI_5a45,comum,so_INI,bsskill_entradas,calmar,450,0.08548709725674854,0.15909646947406075,0.5373286883068542
MULTI_5a45,comum,so_INI,bsskill_entradas,maxdd,450,-0.13985074794378083,0.17709868695114103,-0.7896769329654241
MULTI_5a45,comum,so_INI,bsskill_entradas,seq_ruim,450,-0.11241466950671142,0.13409317175277546,-0.8383325417491637
MULTI_5a45,comum,so_INI,bsskill_entradas,bsskill_t_ppg>=1_relaxar,450,0.04202524332860704,0.12802798966970053,0.32825043521364344
MULTI_5a45,comum,so_INI,bsskill_entradas,ppg_nao_piorando_ou_nada,450,-0.027109866467023593,0.20967162680053594,-0.12929678126079336
MULTI_5a45,comum,so_INI,bsskill_entradas,funcao_menor_vol,450,0.0037913057813069332,0.20574635351192008,0.018427086150458946
MULTI_5a45,comum,so_INI,bsskill_entradas,ACASO,450,-0.09591535680383753,0.12126811107493006,-0.7909363471867111
MULTI_5a45,comum,so_INI,bsskill_entradas,FIXO_RETROSPECTO,450,-0.32648583802673387,0.19057060741014586,-1.713201434700113
MULTI_5a45,comum,so_INI,bsskill_entradas,BASE_V6_MOM,450,-0.22520948268127727,0.17737898059296137,-1.269651465627004
MULTI_5a45,comum,so_INI,bsskill_entradas,FIXO_TUDO_INI,450,0.007471285323191379,0.21522840914814087,0.03471328600514314
MULTI_5a45,comum,so_INI,bsskill_entradas,FIXO_TUDO_INI_CALR,450,-0.20617085889500553,0.24959140763624102,-0.8260334794677011
MULTI_5a45,comum,so_INI,bsskill_entradas,FIXO_V6E_INI,450,-0.32648583802673387,0.19057060741014586,-1.713201434700113
MULTI_5a45,comum,so_INI,bsskill_entradas,FIXO_V6WR_INI,450,-0.19099359837116592,0.18327916251408252,-1.0420911780218913
MULTI_5a45,comum,so_INI,bsskill_entradas,FIXO_V6_INI,450,-0.19434482628976546,0.18040331982231442,-1.0772796558355053
MULTI_5a45,comum,so_INI,bsskill_entradas,FAVORITO,450,0.9917479616691081,0.3387909898774845,2.927315044676216
MULTI_5a45,comum,so_INI,bsskill_entradas,ZEBRA,450,-0.2241807032869873,0.33157977901176716,-0.6760988379783905
MULTI_5a45,comum,so_INI,bsskill_entradas,VIG_MERCADO,450,0.6056669265470168,0.17150835488953592,3.531413539224437
MULTI_5a45,comum,so_INI,llskill_entradas,llskill_todas,450,0.10395416363339494,0.18858485547495257,0.5512328302905632
MULTI_5a45,comum,so_INI,llskill_entradas,ppg,450,-0.09077522417707873,0.2083718045916829,-0.43564062976254514
MULTI_5a45,comum,so_INI,llskill_entradas,lucro,450,-0.09077522417707873,0.2083718045916829,-0.43564062976254514
MULTI_5a45,comum,so_INI,llskill_entradas,roi,450,0.04277960973106383,0.13408239650942066,0.3190546324107365
MULTI_5a45,comum,so_INI,llskill_entradas,sharpe,450,0.025092389356632713,0.1382030765408565,0.18156172774644952
MULTI_5a45,comum,so_INI,llskill_entradas,sortino,450,0.04755963843910946,0.13896408958967893,0.34224409039442794
MULTI_5a45,comum,so_INI,llskill_entradas,maxdd,450,-0.20351610565383585,0.17682921455618392,-1.150919016207996
MULTI_5a45,comum,so_INI,llskill_entradas,seq_ruim,450,-0.1760800272167665,0.13568292420073044,-1.2977316656020197
MULTI_5a45,comum,so_INI,llskill_entradas,ppg_nao_piorando_ou_nada,450,-0.09077522417707873,0.2083718045916829,-0.43564062976254514
MULTI_5a45,comum,so_INI,llskill_entradas,ACASO,450,-0.1595807145138926,0.12985342284786655,-1.2289295962637343
MULTI_5a45,comum,so_INI,llskill_entradas,FIXO_RETROSPECTO,450,-0.39015119573678886,0.21255344988429126,-1.8355439347099627
MULTI_5a45,comum,so_INI,llskill_entradas,BASE_V6_MOM,450,-0.2888748403913324,0.1899495242551293,-1.5207979147309276
MULTI_5a45,comum,so_INI,llskill_entradas,FIXO_TUDO_INI,450,-0.05619407238686367,0.2253772362345416,-0.24933339908554306
MULTI_5a45,comum,so_INI,llskill_entradas,FIXO_TUDO_INI_CALR,450,-0.2698362166050606,0.2711739836962889,-0.9950667572419977
MULTI_5a45,comum,so_INI,llskill_entradas,FIXO_V6E_INI,450,-0.39015119573678886,0.21255344988429126,-1.8355439347099627
MULTI_5a45,comum,so_INI,llskill_entradas,FIXO_V6WR_INI,450,-0.254658956081221,0.19498511487383843,-1.3060430599843145
MULTI_5a45,comum,so_INI,llskill_entradas,FIXO_V6_INI,450,-0.2580101839998206,0.19248442596500126,-1.340421089687192
MULTI_5a45,comum,so_INI,llskill_entradas,FAVORITO,450,0.9280826039590528,0.32461139802323147,2.8590573516849607
MULTI_5a45,comum,so_INI,llskill_entradas,ZEBRA,450,-0.28784606099704246,0.35093132536513594,-0.8202347302497014
MULTI_5a45,comum,so_INI,llskill_entradas,VIG_MERCADO,450,0.5420015688369617,0.1644790833571523,3.2952613656050813
MULTI_5a45,comum,so_INI,brier_entradas,bsskill_todas,450,0.4079240759697637,0.19382111481273456,2.1046420889895843
MULTI_5a45,comum,so_INI,brier_entradas,llskill_todas,450,0.5062522082821688,0.19127229107596763,2.646761877710246
MULTI_5a45,comum,so_INI,brier_entradas,brier_todas,450,0.19400990093347106,0.137475856844274,1.4112288905624797
MULTI_5a45,comum,so_INI,brier_entradas,ll_todas,450,0.14155568706617627,0.14235936233769123,0.9943546019150566
MULTI_5a45,comum,so_INI,brier_entradas,bsskill_entradas,450,0.3386326869387186,0.20385729804701216,1.6611261415847152
MULTI_5a45,comum,so_INI,brier_entradas,llskill_entradas,450,0.4022980446487736,0.21876659459482542,1.838937271907826
MULTI_5a45,comum,so_INI,brier_entradas,ll_entradas,450,-0.03906486124039101,0.08173975398480157,-0.47791752893768935
MULTI_5a45,comum,so_INI,brier_entradas,ppg,450,0.311522820471695,0.23967390975163463,1.2997777722010493
MULTI_5a45,comum,so_INI,brier_entradas,lucro,450,0.311522820471695,0.23967390975163463,1.2997777722010493
MULTI_5a45,comum,so_INI,brier_entradas,roi,450,0.44507765437983754,0.24846017444997806,1.7913440468482165
MULTI_5a45,comum,so_INI,brier_entradas,sharpe,450,0.42739043400540644,0.2507471102246738,1.7044680340381877
MULTI_5a45,comum,so_INI,brier_entradas,sortino,450,0.4498576830878832,0.25306471424549126,1.7776389111738762
MULTI_5a45,comum,so_INI,brier_entradas,calmar,450,0.42411978419546725,0.2016165945699577,2.103595614736487
MULTI_5a45,comum,so_INI,brier_entradas,maxdd,450,0.19878193899493785,0.22428729122825825,0.8862826685647406
MULTI_5a45,comum,so_INI,brier_entradas,seq_ruim,450,0.22621801743200723,0.20348439742809588,1.1117216862385952
MULTI_5a45,comum,so_INI,brier_entradas,bsskill_t_ppg>=1_relaxar,450,0.3806579302673256,0.19455875416713228,1.9565191599671123
MULTI_5a45,comum,so_INI,brier_entradas,ppg_nao_piorando_ou_nada,450,0.311522820471695,0.23967390975163463,1.2997777722010493
MULTI_5a45,comum,so_INI,brier_entradas,funcao_menor_vol,450,0.34242399272002566,0.16751844538159275,2.044097245172094
MULTI_5a45,comum,so_INI,brier_entradas,ACASO,450,0.24271733013488112,0.16168567524139665,1.5011678045844459
MULTI_5a45,comum,so_INI,brier_entradas,FIXO_RETROSPECTO,450,0.012146848911984845,0.1901993234353307,0.06386378611969601
MULTI_5a45,comum,so_INI,brier_entradas,BASE_V6_MOM,450,0.1134232042574414,0.19708831460394863,0.5754943132238292
MULTI_5a45,comum,so_INI,brier_entradas,FIXO_TUDO_INI,450,0.3461039722619101,0.23301075980323047,1.4853561807797329
MULTI_5a45,comum,so_INI,brier_entradas,FIXO_TUDO_INI_CALR,450,0.13246182804371306,0.2616199899249477,0.5063138641726616
MULTI_5a45,comum,so_INI,brier_entradas,FIXO_V6E_INI,450,0.012146848911984845,0.1901993234353307,0.06386378611969601
MULTI_5a45,comum,so_INI,brier_entradas,FIXO_V6WR_INI,450,0.14763908856755273,0.18971416533154342,0.7782185811456909
MULTI_5a45,comum,so_INI,brier_entradas,FIXO_V6_INI,450,0.1442878606489532,0.185441240667741,0.7780785985328733
MULTI_5a45,comum,so_INI,brier_entradas,FAVORITO,450,1.3303806486078267,0.37099497976329365,3.5859801915827836
MULTI_5a45,comum,so_INI,brier_entradas,ZEBRA,450,0.11445198365173138,0.3279584093099839,0.3489832259295788
MULTI_5a45,comum,so_INI,brier_entradas,VIG_MERCADO,450,0.9442996134857355,0.2161887548580039,4.367940479170464
MULTI_5a45,comum,so_INI,ll_entradas,llskill_todas,450,0.5453170695225598,0.18572773570003215,2.9361100401466067
MULTI_5a45,comum,so_INI,ll_entradas,ll_todas,450,0.1806205483065673,0.16721199627967212,1.0801889357535601
MULTI_5a45,comum,so_INI,ll_entradas,llskill_entradas,450,0.4413629058891647,0.22839420615156317,1.9324610432380005
MULTI_5a45,comum,so_INI,ll_entradas,ppg,450,0.350587681712086,0.22927099902887732,1.529140986854288
MULTI_5a45,comum,so_INI,ll_entradas,lucro,450,0.350587681712086,0.22927099902887732,1.529140986854288
MULTI_5a45,comum,so_INI,ll_entradas,roi,450,0.48414251562022853,0.24632378496262605,1.965472054165155
MULTI_5a45,comum,so_INI,ll_entradas,sharpe,450,0.4664552952457975,0.24805095924563283,1.8804817230474382
MULTI_5a45,comum,so_INI,ll_entradas,sortino,450,0.4889225443282742,0.25185305790413787,1.941300806100879
MULTI_5a45,comum,so_INI,ll_entradas,maxdd,450,0.23784680023532884,0.22922182851904058,1.0376271831178234
MULTI_5a45,comum,so_INI,ll_entradas,seq_ruim,450,0.26528287867239825,0.21267171921074193,1.247382019842152
MULTI_5a45,comum,so_INI,ll_entradas,ppg_nao_piorando_ou_nada,450,0.350587681712086,0.22927099902887732,1.529140986854288
MULTI_5a45,comum,so_INI,ll_entradas,ACASO,450,0.28178219137527216,0.16935234185631437,1.6638812802148788
MULTI_5a45,comum,so_INI,ll_entradas,FIXO_RETROSPECTO,450,0.05121171015237584,0.19896457955126032,0.2573910907553366
MULTI_5a45,comum,so_INI,ll_entradas,BASE_V6_MOM,450,0.1524880654978324,0.2038918189699604,0.7478871210634431
MULTI_5a45,comum,so_INI,ll_entradas,FIXO_TUDO_INI,450,0.385168833502301,0.23507432373969123,1.638498102960902
MULTI_5a45,comum,so_INI,ll_entradas,FIXO_TUDO_INI_CALR,450,0.17152668928410403,0.23489871424101746,0.7302155307163978
MULTI_5a45,comum,so_INI,ll_entradas,FIXO_V6E_INI,450,0.05121171015237584,0.19896457955126032,0.2573910907553366
MULTI_5a45,comum,so_INI,ll_entradas,FIXO_V6WR_INI,450,0.18670394980794378,0.19934987939677093,0.9365641472816864
MULTI_5a45,comum,so_INI,ll_entradas,FIXO_V6_INI,450,0.18335272188934415,0.1968329584678272,0.9315143323383699
MULTI_5a45,comum,so_INI,ll_entradas,FAVORITO,450,1.3694455098482174,0.385866157934629,3.5490168849692703
MULTI_5a45,comum,so_INI,ll_entradas,ZEBRA,450,0.15351684489212242,0.3169761330986911,0.4843167319614082
MULTI_5a45,comum,so_INI,ll_entradas,VIG_MERCADO,450,0.9833644747261266,0.2294562493907444,4.285629514720869
MULTI_5a45,comum,so_INI,ppg,roi,450,0.13355483390814252,0.15712850808965356,0.849972010374715
MULTI_5a45,comum,so_INI,ppg,sharpe,450,0.11586761353371142,0.1542655111063706,0.7510921443343048
MULTI_5a45,comum,so_INI,ppg,sortino,450,0.13833486261618816,0.15963096295103663,0.866591669052447
MULTI_5a45,comum,so_INI,ppg,seq_ruim,450,-0.08530480303968782,0.23441901835149023,-0.3638988152052618
MULTI_5a45,comum,so_INI,ppg,ppg_nao_piorando_ou_nada,450,0.0,0.0,
MULTI_5a45,comum,so_INI,ppg,ACASO,450,-0.06880549033681392,0.186697116898185,-0.3685407224276361
MULTI_5a45,comum,so_INI,ppg,FIXO_RETROSPECTO,450,-0.29937597155971024,0.24407911281678799,-1.226553014327078
MULTI_5a45,comum,so_INI,ppg,BASE_V6_MOM,450,-0.19809961621425357,0.22301956394483005,-0.8882611583944218
MULTI_5a45,comum,so_INI,ppg,FIXO_TUDO_INI,450,0.03458115179021501,0.2600449186868999,0.13298145553019444
MULTI_5a45,comum,so_INI,ppg,FIXO_TUDO_INI_CALR,450,-0.17906099242798193,0.267961208756316,-0.6682347540491207
MULTI_5a45,comum,so_INI,ppg,FIXO_V6E_INI,450,-0.29937597155971024,0.24407911281678799,-1.226553014327078
MULTI_5a45,comum,so_INI,ppg,FIXO_V6WR_INI,450,-0.16388373190414235,0.241267686865158,-0.6792610068655205
MULTI_5a45,comum,so_INI,ppg,FIXO_V6_INI,450,-0.1672349598227419,0.2408911686815636,-0.6942344990812487
MULTI_5a45,comum,so_INI,ppg,FAVORITO,450,1.0188578281361316,0.3746930864453073,2.719179683302886
MULTI_5a45,comum,so_INI,ppg,ZEBRA,450,-0.19707083681996362,0.3393160674930892,-0.5807884026121968
MULTI_5a45,comum,so_INI,ppg,VIG_MERCADO,450,0.6327767930140406,0.22254645365091075,2.8433470074819636
MULTI_5a45,comum,so_INI,lucro,ppg,450,0.0,0.0,
MULTI_5a45,comum,so_INI,lucro,roi,450,0.13355483390814252,0.15712850808965356,0.849972010374715
MULTI_5a45,comum,so_INI,lucro,sharpe,450,0.11586761353371142,0.1542655111063706,0.7510921443343048
MULTI_5a45,comum,so_INI,lucro,sortino,450,0.13833486261618816,0.15963096295103663,0.866591669052447
MULTI_5a45,comum,so_INI,lucro,maxdd,450,-0.11274088147675725,0.2609308552144079,-0.4320718658746495
MULTI_5a45,comum,so_INI,lucro,seq_ruim,450,-0.08530480303968782,0.23441901835149023,-0.3638988152052618
MULTI_5a45,comum,so_INI,lucro,ppg_nao_piorando_ou_nada,450,0.0,0.0,
MULTI_5a45,comum,so_INI,lucro,ACASO,450,-0.06880549033681392,0.186697116898185,-0.3685407224276361
MULTI_5a45,comum,so_INI,lucro,FIXO_RETROSPECTO,450,-0.29937597155971024,0.24407911281678799,-1.226553014327078
MULTI_5a45,comum,so_INI,lucro,BASE_V6_MOM,450,-0.19809961621425357,0.22301956394483005,-0.8882611583944218
MULTI_5a45,comum,so_INI,lucro,FIXO_TUDO_INI,450,0.03458115179021501,0.2600449186868999,0.13298145553019444
MULTI_5a45,comum,so_INI,lucro,FIXO_TUDO_INI_CALR,450,-0.17906099242798193,0.267961208756316,-0.6682347540491207
MULTI_5a45,comum,so_INI,lucro,FIXO_V6E_INI,450,-0.29937597155971024,0.24407911281678799,-1.226553014327078
MULTI_5a45,comum,so_INI,lucro,FIXO_V6WR_INI,450,-0.16388373190414235,0.241267686865158,-0.6792610068655205
MULTI_5a45,comum,so_INI,lucro,FIXO_V6_INI,450,-0.1672349598227419,0.2408911686815636,-0.6942344990812487
MULTI_5a45,comum,so_INI,lucro,FAVORITO,450,1.0188578281361316,0.3746930864453073,2.719179683302886
MULTI_5a45,comum,so_INI,lucro,ZEBRA,450,-0.19707083681996362,0.3393160674930892,-0.5807884026121968
MULTI_5a45,comum,so_INI,lucro,VIG_MERCADO,450,0.6327767930140406,0.22254645365091075,2.8433470074819636
MULTI_5a45,comum,so_INI,roi,sharpe,450,-0.017687220374431094,0.01237880783973557,-1.4288306760571639
MULTI_5a45,comum,so_INI,roi,sortino,450,0.004780028708045651,0.013978926086464854,0.34194534533478443
MULTI_5a45,comum,so_INI,roi,seq_ruim,450,-0.21885963694783034,0.1840155817090889,-1.1893538303393598
MULTI_5a45,comum,so_INI,roi,ACASO,450,-0.20236032424495648,0.16303706988701727,-1.2411921067103926
MULTI_5a45,comum,so_INI,roi,FIXO_RETROSPECTO,450,-0.43293080546785273,0.25546822368250643,-1.6946561855219033
MULTI_5a45,comum,so_INI,roi,BASE_V6_MOM,450,-0.33165445012239614,0.21090580882655777,-1.5725240189810903
MULTI_5a45,comum,so_INI,roi,FIXO_TUDO_INI,450,-0.09897368211792752,0.24825152421355215,-0.3986830793143002
MULTI_5a45,comum,so_INI,roi,FIXO_TUDO_INI_CALR,450,-0.31261582633612445,0.2907757031245935,-1.075109862952245
MULTI_5a45,comum,so_INI,roi,FIXO_V6E_INI,450,-0.43293080546785273,0.25546822368250643,-1.6946561855219033
MULTI_5a45,comum,so_INI,roi,FIXO_V6WR_INI,450,-0.29743856581228484,0.22626284066827357,-1.3145709871483615
MULTI_5a45,comum,so_INI,roi,FIXO_V6_INI,450,-0.30078979373088444,0.2254212548199227,-1.3343453081705616
MULTI_5a45,comum,so_INI,roi,FAVORITO,450,0.8853029942279891,0.32833860170250523,2.696311032688528
MULTI_5a45,comum,so_INI,roi,ZEBRA,450,-0.33062567072810617,0.371444274988915,-0.8901084038459686
MULTI_5a45,comum,so_INI,roi,VIG_MERCADO,450,0.4992219591058979,0.17740147564107045,2.814080081926457
MULTI_5a45,comum,so_INI,sharpe,sortino,450,0.022467249082476742,0.02031021261428688,1.106204524253603
MULTI_5a45,comum,so_INI,sharpe,ACASO,450,-0.18467310387052538,0.16679298904831177,-1.1071994388027582
MULTI_5a45,comum,so_INI,sharpe,FIXO_RETROSPECTO,450,-0.4152435850934216,0.25708493086445344,-1.6152000185197801
MULTI_5a45,comum,so_INI,sharpe,BASE_V6_MOM,450,-0.31396722974796504,0.21241905830084978,-1.4780558404665003
MULTI_5a45,comum,so_INI,sharpe,FIXO_TUDO_INI,450,-0.08128646174349642,0.2505777574720052,-0.32439615775784814
MULTI_5a45,comum,so_INI,sharpe,FIXO_TUDO_INI_CALR,450,-0.2949286059616933,0.2911952921200535,-1.012820653158433
MULTI_5a45,comum,so_INI,sharpe,FIXO_V6E_INI,450,-0.4152435850934216,0.25708493086445344,-1.6152000185197801
MULTI_5a45,comum,so_INI,sharpe,FIXO_V6WR_INI,450,-0.27975134543785374,0.22911511541789126,-1.2210078105392796
MULTI_5a45,comum,so_INI,sharpe,FIXO_V6_INI,450,-0.2831025733564533,0.22808918953296994,-1.2411924209828946
MULTI_5a45,comum,so_INI,sharpe,FAVORITO,450,0.9029902146024202,0.3315069199282309,2.723895521692011
MULTI_5a45,comum,so_INI,sharpe,ZEBRA,450,-0.31293845035367507,0.3714692892014648,-0.8424342454429771
MULTI_5a45,comum,so_INI,sharpe,VIG_MERCADO,450,0.516909179480329,0.18207284810906663,2.8390239667733774
MULTI_5a45,comum,so_INI,sortino,ACASO,450,-0.20714035295300212,0.1679379064588352,-1.2334341740992003
MULTI_5a45,comum,so_INI,sortino,FIXO_RETROSPECTO,450,-0.4377108341758984,0.2590430822596368,-1.68972215107132
MULTI_5a45,comum,so_INI,sortino,BASE_V6_MOM,450,-0.3364344788304418,0.21319837487583182,-1.57803491244426
MULTI_5a45,comum,so_INI,sortino,FIXO_TUDO_INI,450,-0.10375371082597316,0.25109420003669886,-0.4132063218139207
MULTI_5a45,comum,so_INI,sortino,FIXO_TUDO_INI_CALR,450,-0.31739585504417006,0.2917151128800313,-1.0880336363467737
MULTI_5a45,comum,so_INI,sortino,FIXO_V6E_INI,450,-0.4377108341758984,0.2590430822596368,-1.68972215107132
MULTI_5a45,comum,so_INI,sortino,FIXO_V6WR_INI,450,-0.30221859452033056,0.22873625765069824,-1.3212535591180596
MULTI_5a45,comum,so_INI,sortino,FIXO_V6_INI,450,-0.3055698224389301,0.22818772302064844,-1.3391159629183007
MULTI_5a45,comum,so_INI,sortino,FAVORITO,450,0.8805229655199435,0.3325664741929717,2.6476600434745565
MULTI_5a45,comum,so_INI,sortino,ZEBRA,450,-0.33540569943615184,0.3728548053299596,-0.8995611552849184
MULTI_5a45,comum,so_INI,sortino,VIG_MERCADO,450,0.4944419303978522,0.18321063648341626,2.6987621455188155
MULTI_5a45,comum,so_INI,calmar,llskill_todas,450,0.08213242408670149,0.15157511679059155,0.541859546776213
MULTI_5a45,comum,so_INI,calmar,ll_todas,450,-0.282564097129291,0.19859590623539197,-1.42280927379426
MULTI_5a45,comum,so_INI,calmar,llskill_entradas,450,-0.021821739546693468,0.1634859262946842,-0.1334777863836406
MULTI_5a45,comum,so_INI,calmar,ll_entradas,450,-0.4631846454358582,0.21152898216573984,-2.189698265899743
MULTI_5a45,comum,so_INI,calmar,ppg,450,-0.11259696372377218,0.19783799917154157,-0.5691371940440091
MULTI_5a45,comum,so_INI,calmar,lucro,450,-0.11259696372377218,0.19783799917154157,-0.5691371940440091
MULTI_5a45,comum,so_INI,calmar,roi,450,0.020957870184370356,0.18332022770487413,0.1143238280180967
MULTI_5a45,comum,so_INI,calmar,sharpe,450,0.003270649809939257,0.18578796258397343,0.0176042073148898
MULTI_5a45,comum,so_INI,calmar,sortino,450,0.02573789889241601,0.1876704538733467,0.13714411811347654
MULTI_5a45,comum,so_INI,calmar,maxdd,450,-0.22533784520052935,0.12573842965154955,-1.7921159491572543
MULTI_5a45,comum,so_INI,calmar,seq_ruim,450,-0.19790176676346,0.148081320865623,-1.3364397724615569
MULTI_5a45,comum,so_INI,calmar,ppg_nao_piorando_ou_nada,450,-0.11259696372377218,0.19783799917154157,-0.5691371940440091
MULTI_5a45,comum,so_INI,calmar,funcao_menor_vol,450,-0.0816957914754416,0.16986331929085524,-0.4809501652063841
MULTI_5a45,comum,so_INI,calmar,ACASO,450,-0.18140245406058608,0.10512705186889605,-1.7255544680051818
MULTI_5a45,comum,so_INI,calmar,FIXO_RETROSPECTO,450,-0.4119729352834823,0.20450404989150475,-2.014497685997151
MULTI_5a45,comum,so_INI,calmar,BASE_V6_MOM,450,-0.3106965799380258,0.15315153932516726,-2.028687281283952
MULTI_5a45,comum,so_INI,calmar,FIXO_TUDO_INI,450,-0.07801581193355718,0.18800445657718334,-0.41496788615502084
MULTI_5a45,comum,so_INI,calmar,FIXO_TUDO_INI_CALR,450,-0.29165795615175405,0.2745522580070006,-1.0623039791001
MULTI_5a45,comum,so_INI,calmar,FIXO_V6E_INI,450,-0.4119729352834823,0.20450404989150475,-2.014497685997151
MULTI_5a45,comum,so_INI,calmar,FIXO_V6WR_INI,450,-0.2764806956279145,0.15258320317260207,-1.8119995509280247
MULTI_5a45,comum,so_INI,calmar,FIXO_V6_INI,450,-0.27983192354651404,0.15124748438307456,-1.8501591923192926
MULTI_5a45,comum,so_INI,calmar,FAVORITO,450,0.9062608644123596,0.3033168581320227,2.987835460229835
MULTI_5a45,comum,so_INI,calmar,ZEBRA,450,-0.3096678005437358,0.35409466508459286,-0.8745339342228059
MULTI_5a45,comum,so_INI,calmar,VIG_MERCADO,450,0.5201798292902683,0.14406916707385944,3.610625644997236
MULTI_5a45,comum,so_INI,maxdd,ppg,450,0.11274088147675725,0.2609308552144079,0.4320718658746495
MULTI_5a45,comum,so_INI,maxdd,roi,450,0.24629571538489972,0.20145482853622004,1.2225853168896255
MULTI_5a45,comum,so_INI,maxdd,sharpe,450,0.22860849501046865,0.20415103576244487,1.119800809026916
MULTI_5a45,comum,so_INI,maxdd,sortino,450,0.25107574409294536,0.2053011354859163,1.2229632510248303
MULTI_5a45,comum,so_INI,maxdd,seq_ruim,450,0.027436078437069383,0.1475648928979499,0.18592551316418532
MULTI_5a45,comum,so_INI,maxdd,ppg_nao_piorando_ou_nada,450,0.11274088147675725,0.2609308552144079,0.4320718658746495
MULTI_5a45,comum,so_INI,maxdd,ACASO,450,0.04393539113994326,0.12879146238803,0.3411358977163587
MULTI_5a45,comum,so_INI,maxdd,FIXO_RETROSPECTO,450,-0.18663509008295298,0.2241463175036918,-0.8326484778402795
MULTI_5a45,comum,so_INI,maxdd,BASE_V6_MOM,450,-0.08535873473749646,0.1756346890647482,-0.48600157060106014
MULTI_5a45,comum,so_INI,maxdd,FIXO_TUDO_INI,450,0.14732203326697216,0.1976256270549278,0.7454601686148005
MULTI_5a45,comum,so_INI,maxdd,FIXO_TUDO_INI_CALR,450,-0.06632011095122474,0.2874985681089089,-0.23067979568545768
MULTI_5a45,comum,so_INI,maxdd,FIXO_V6E_INI,450,-0.18663509008295298,0.2241463175036918,-0.8326484778402795
MULTI_5a45,comum,so_INI,maxdd,FIXO_V6WR_INI,450,-0.051142850427385124,0.16498180119432387,-0.3099908599442826
MULTI_5a45,comum,so_INI,maxdd,FIXO_V6_INI,450,-0.0544940783459847,0.16368998779400165,-0.332910271913293
MULTI_5a45,comum,so_INI,maxdd,FAVORITO,450,1.131598709612889,0.33170229141829294,3.411488973363429
MULTI_5a45,comum,so_INI,maxdd,ZEBRA,450,-0.08432995534320642,0.35922914923071253,-0.23475254033198198
MULTI_5a45,comum,so_INI,maxdd,VIG_MERCADO,450,0.7455176744907976,0.17906974987780488,4.1632809282390255
MULTI_5a45,comum,so_INI,seq_ruim,sharpe,450,0.2011724165733992,0.1882939890407498,1.0683953194589888
MULTI_5a45,comum,so_INI,seq_ruim,sortino,450,0.22363966565587595,0.18837365934639283,1.1872130447104277
MULTI_5a45,comum,so_INI,seq_ruim,ACASO,450,0.016499312702873886,0.1079578890175052,0.15283100524685647
MULTI_5a45,comum,so_INI,seq_ruim,FIXO_RETROSPECTO,450,-0.21407116852002236,0.1799370731030575,-1.1897001814485157
MULTI_5a45,comum,so_INI,seq_ruim,BASE_V6_MOM,450,-0.11279481317456583,0.15936536571784388,-0.707774946372406
MULTI_5a45,comum,so_INI,seq_ruim,FIXO_TUDO_INI,450,0.11988595482990286,0.1887251912068461,0.6352408709365447
MULTI_5a45,comum,so_INI,seq_ruim,FIXO_TUDO_INI_CALR,450,-0.09375618938829414,0.2700498947027454,-0.34718098850397733
MULTI_5a45,comum,so_INI,seq_ruim,FIXO_V6E_INI,450,-0.21407116852002236,0.1799370731030575,-1.1897001814485157
MULTI_5a45,comum,so_INI,seq_ruim,FIXO_V6WR_INI,450,-0.07857892886445453,0.15183869383837517,-0.5175158378805467
MULTI_5a45,comum,so_INI,seq_ruim,FIXO_V6_INI,450,-0.08193015678305407,0.14934550344244618,-0.5485947343210624
MULTI_5a45,comum,so_INI,seq_ruim,FAVORITO,450,1.1041626311758197,0.33133579524511547,3.332458029048696
MULTI_5a45,comum,so_INI,seq_ruim,ZEBRA,450,-0.11176603378027579,0.34364117687019574,-0.3252405162798444
MULTI_5a45,comum,so_INI,seq_ruim,VIG_MERCADO,450,0.7180815960537283,0.1702222107852633,4.218495299415387
MULTI_5a45,comum,so_INI,brier_com_roi>=0,bsskill_todas,450,0.1573833616392568,0.18236875393447122,0.8629952129617985
MULTI_5a45,comum,so_INI,brier_com_roi>=0,llskill_todas,450,0.25571149395166176,0.21210611108955116,1.2055828690560473
MULTI_5a45,comum,so_INI,brier_com_roi>=0,brier_todas,450,-0.056530813397035855,0.12527967140799529,-0.4512369226523058
MULTI_5a45,comum,so_INI,brier_com_roi>=0,ll_todas,450,-0.10898502726433065,0.12017600995424306,-0.906878396993099
MULTI_5a45,comum,so_INI,brier_com_roi>=0,bsskill_entradas,450,0.08809197260821172,0.18012329370356753,0.48906485550495443
MULTI_5a45,comum,so_INI,brier_com_roi>=0,llskill_entradas,450,0.1517573303182668,0.18735811528680196,0.8099853592461763
MULTI_5a45,comum,so_INI,brier_com_roi>=0,brier_entradas,450,-0.2505407143305069,0.17854729973999653,-1.403217605056746
MULTI_5a45,comum,so_INI,brier_com_roi>=0,ll_entradas,450,-0.2896055755708979,0.18955047086202764,-1.5278546882729698
MULTI_5a45,comum,so_INI,brier_com_roi>=0,ppg,450,0.0609821061411881,0.23540656968989349,0.25905014554827943
MULTI_5a45,comum,so_INI,brier_com_roi>=0,lucro,450,0.0609821061411881,0.23540656968989349,0.25905014554827943
MULTI_5a45,comum,so_INI,brier_com_roi>=0,roi,450,0.19453694004933061,0.2380358242021724,0.8172590856916705
MULTI_5a45,comum,so_INI,brier_com_roi>=0,sharpe,450,0.1768497196748995,0.2415116859723009,0.7322615423883981
MULTI_5a45,comum,so_INI,brier_com_roi>=0,sortino,450,0.19931696875737626,0.24140040977873437,0.8256695543311984
MULTI_5a45,comum,so_INI,brier_com_roi>=0,calmar,450,0.1735790698649603,0.18844454353455717,0.921114862809117
MULTI_5a45,comum,so_INI,brier_com_roi>=0,maxdd,450,-0.05175877533556907,0.22324813728117257,-0.23184415317374343
MULTI_5a45,comum,so_INI,brier_com_roi>=0,seq_ruim,450,-0.02432269689849969,0.16047069522993523,-0.1515709573243151
MULTI_5a45,comum,so_INI,brier_com_roi>=0,bsskill_t_ppg>=1_relaxar,450,0.13011721593681877,0.18080336715782608,0.7196614641763691
MULTI_5a45,comum,so_INI,brier_com_roi>=0,ppg_nao_piorando_ou_nada,450,0.0609821061411881,0.23540656968989349,0.25905014554827943
MULTI_5a45,comum,so_INI,brier_com_roi>=0,funcao_menor_vol,450,0.09188327838951864,0.1892999125246224,0.48538468488498276
MULTI_5a45,comum,so_INI,brier_com_roi>=0,ACASO,450,-0.007823384195625826,0.13813245825337508,-0.05663682739414848
MULTI_5a45,comum,so_INI,brier_com_roi>=0,FIXO_RETROSPECTO,450,-0.2383938654185221,0.19170076441950185,-1.2435728471945005
MULTI_5a45,comum,so_INI,brier_com_roi>=0,BASE_V6_MOM,450,-0.13711751007306555,0.17381144954941666,-0.7888865228874431
MULTI_5a45,comum,so_INI,brier_com_roi>=0,FIXO_TUDO_INI,450,0.09556325793140312,0.1899089959893006,0.5032055350173464
MULTI_5a45,comum,so_INI,brier_com_roi>=0,FIXO_TUDO_INI_CALR,450,-0.11807888628679382,0.26776763748384513,-0.4409751954954516
MULTI_5a45,comum,so_INI,brier_com_roi>=0,FIXO_V6E_INI,450,-0.2383938654185221,0.19170076441950185,-1.2435728471945005
MULTI_5a45,comum,so_INI,brier_com_roi>=0,FIXO_V6WR_INI,450,-0.10290162576295422,0.1616288546851769,-0.6366538076594526
MULTI_5a45,comum,so_INI,brier_com_roi>=0,FIXO_V6_INI,450,-0.10625285368155381,0.16208917555233285,-0.6555209705983638
MULTI_5a45,comum,so_INI,brier_com_roi>=0,FAVORITO,450,1.07983993427732,0.35360486843027616,3.0538039226409657
MULTI_5a45,comum,so_INI,brier_com_roi>=0,ZEBRA,450,-0.13608873067877555,0.35149291142077843,-0.3871734713758176
MULTI_5a45,comum,so_INI,brier_com_roi>=0,VIG_MERCADO,450,0.6937588991552285,0.20692833138285432,3.3526530394315643
MULTI_5a45,comum,so_INI,bsskill_t_ppg>=1_relaxar,bsskill_todas,450,0.02726614570243807,0.02725817339705374,1.0002924739405024
MULTI_5a45,comum,so_INI,bsskill_t_ppg>=1_relaxar,llskill_todas,450,0.12559427801484302,0.11732810293785091,1.0704534963918297
MULTI_5a45,comum,so_INI,bsskill_t_ppg>=1_relaxar,ll_todas,450,-0.23910224320114942,0.1783455619711952,-1.3406683102087347
MULTI_5a45,comum,so_INI,bsskill_t_ppg>=1_relaxar,llskill_entradas,450,0.021640114381448035,0.13725907989918476,0.15765889147255288
MULTI_5a45,comum,so_INI,bsskill_t_ppg>=1_relaxar,ll_entradas,450,-0.4197227915077167,0.19069143719417578,-2.201057360957035
MULTI_5a45,comum,so_INI,bsskill_t_ppg>=1_relaxar,ppg,450,-0.06913510979563066,0.17666238876513932,-0.3913402862877684
MULTI_5a45,comum,so_INI,bsskill_t_ppg>=1_relaxar,lucro,450,-0.06913510979563066,0.17666238876513932,-0.3913402862877684
MULTI_5a45,comum,so_INI,bsskill_t_ppg>=1_relaxar,roi,450,0.06441972411251189,0.16720889664388255,0.3852649315048795
MULTI_5a45,comum,so_INI,bsskill_t_ppg>=1_relaxar,sharpe,450,0.04673250373808077,0.17014914056218342,0.2746561257005099
MULTI_5a45,comum,so_INI,bsskill_t_ppg>=1_relaxar,sortino,450,0.06919975282055754,0.1717460730502134,0.40291898144492433
MULTI_5a45,comum,so_INI,bsskill_t_ppg>=1_relaxar,calmar,450,0.04346185392814149,0.14610245693764676,0.29747517488148767
MULTI_5a45,comum,so_INI,bsskill_t_ppg>=1_relaxar,maxdd,450,-0.18187599127238785,0.19855762667226473,-0.9159859246937351
MULTI_5a45,comum,so_INI,bsskill_t_ppg>=1_relaxar,seq_ruim,450,-0.15443991283531852,0.17387621233925882,-0.8882176046829389
MULTI_5a45,comum,so_INI,bsskill_t_ppg>=1_relaxar,ppg_nao_piorando_ou_nada,450,-0.06913510979563066,0.17666238876513932,-0.3913402862877684
MULTI_5a45,comum,so_INI,bsskill_t_ppg>=1_relaxar,funcao_menor_vol,450,-0.03823393754730009,0.19000225254374878,-0.20122886458146896
MULTI_5a45,comum,so_INI,bsskill_t_ppg>=1_relaxar,ACASO,450,-0.13794060013244458,0.1349048894679854,-1.0225025992492258
MULTI_5a45,comum,so_INI,bsskill_t_ppg>=1_relaxar,FIXO_RETROSPECTO,450,-0.3685110813553409,0.21855600645275192,-1.6861173817019148
MULTI_5a45,comum,so_INI,bsskill_t_ppg>=1_relaxar,BASE_V6_MOM,450,-0.26723472600988435,0.19293808181939234,-1.3850802469366335
MULTI_5a45,comum,so_INI,bsskill_t_ppg>=1_relaxar,FIXO_TUDO_INI,450,-0.03455395800541564,0.23589428099441972,-0.14648069406240943
MULTI_5a45,comum,so_INI,bsskill_t_ppg>=1_relaxar,FIXO_TUDO_INI_CALR,450,-0.2481961022236126,0.2666388709937301,-0.9308324075128896
MULTI_5a45,comum,so_INI,bsskill_t_ppg>=1_relaxar,FIXO_V6E_INI,450,-0.3685110813553409,0.21855600645275192,-1.6861173817019148
MULTI_5a45,comum,so_INI,bsskill_t_ppg>=1_relaxar,FIXO_V6WR_INI,450,-0.23301884169977297,0.19382622221859422,-1.2022049392108458
MULTI_5a45,comum,so_INI,bsskill_t_ppg>=1_relaxar,FIXO_V6_INI,450,-0.23637006961837256,0.19301377612187134,-1.2246279740629784
MULTI_5a45,comum,so_INI,bsskill_t_ppg>=1_relaxar,FAVORITO,450,0.9497227183405011,0.3278032328969916,2.897234142406828
MULTI_5a45,comum,so_INI,bsskill_t_ppg>=1_relaxar,ZEBRA,450,-0.2662059466155943,0.34321090569249174,-0.7756337056903084
MULTI_5a45,comum,so_INI,bsskill_t_ppg>=1_relaxar,VIG_MERCADO,450,0.5636416832184097,0.1645110186738297,3.4261637169478756
MULTI_5a45,comum,so_INI,ppg_nao_piorando_ou_nada,roi,450,0.13355483390814252,0.15712850808965356,0.849972010374715
MULTI_5a45,comum,so_INI,ppg_nao_piorando_ou_nada,sharpe,450,0.11586761353371142,0.1542655111063706,0.7510921443343048
MULTI_5a45,comum,so_INI,ppg_nao_piorando_ou_nada,sortino,450,0.13833486261618816,0.15963096295103663,0.866591669052447
MULTI_5a45,comum,so_INI,ppg_nao_piorando_ou_nada,seq_ruim,450,-0.08530480303968782,0.23441901835149023,-0.3638988152052618
MULTI_5a45,comum,so_INI,ppg_nao_piorando_ou_nada,ACASO,450,-0.06880549033681392,0.186697116898185,-0.3685407224276361
MULTI_5a45,comum,so_INI,ppg_nao_piorando_ou_nada,FIXO_RETROSPECTO,450,-0.29937597155971024,0.24407911281678799,-1.226553014327078
MULTI_5a45,comum,so_INI,ppg_nao_piorando_ou_nada,BASE_V6_MOM,450,-0.19809961621425357,0.22301956394483005,-0.8882611583944218
MULTI_5a45,comum,so_INI,ppg_nao_piorando_ou_nada,FIXO_TUDO_INI,450,0.03458115179021501,0.2600449186868999,0.13298145553019444
MULTI_5a45,comum,so_INI,ppg_nao_piorando_ou_nada,FIXO_TUDO_INI_CALR,450,-0.17906099242798193,0.267961208756316,-0.6682347540491207
MULTI_5a45,comum,so_INI,ppg_nao_piorando_ou_nada,FIXO_V6E_INI,450,-0.29937597155971024,0.24407911281678799,-1.226553014327078
MULTI_5a45,comum,so_INI,ppg_nao_piorando_ou_nada,FIXO_V6WR_INI,450,-0.16388373190414235,0.241267686865158,-0.6792610068655205
MULTI_5a45,comum,so_INI,ppg_nao_piorando_ou_nada,FIXO_V6_INI,450,-0.1672349598227419,0.2408911686815636,-0.6942344990812487
MULTI_5a45,comum,so_INI,ppg_nao_piorando_ou_nada,FAVORITO,450,1.0188578281361316,0.3746930864453073,2.719179683302886
MULTI_5a45,comum,so_INI,ppg_nao_piorando_ou_nada,ZEBRA,450,-0.19707083681996362,0.3393160674930892,-0.5807884026121968
MULTI_5a45,comum,so_INI,ppg_nao_piorando_ou_nada,VIG_MERCADO,450,0.6327767930140406,0.22254645365091075,2.8433470074819636
MULTI_5a45,comum,so_INI,funcao_menor_vol,llskill_todas,450,0.1638282155621431,0.19621801378173298,0.8349295378373399
MULTI_5a45,comum,so_INI,funcao_menor_vol,ll_todas,450,-0.2008683056538494,0.18308987328324267,-1.0971022157140458
MULTI_5a45,comum,so_INI,funcao_menor_vol,llskill_entradas,450,0.05987405192874811,0.21551617166649126,0.2778169798849364
MULTI_5a45,comum,so_INI,funcao_menor_vol,ll_entradas,450,-0.3814888539604166,0.17207830523309886,-2.216949158370942
MULTI_5a45,comum,so_INI,funcao_menor_vol,ppg,450,-0.030901172248330597,0.24560650163970477,-0.1258157745907778
MULTI_5a45,comum,so_INI,funcao_menor_vol,lucro,450,-0.030901172248330597,0.24560650163970477,-0.1258157745907778
MULTI_5a45,comum,so_INI,funcao_menor_vol,roi,450,0.10265366165981196,0.22974628910475417,0.4468131435759836
MULTI_5a45,comum,so_INI,funcao_menor_vol,sharpe,450,0.08496644128538086,0.23200309438254946,0.3662297759929006
MULTI_5a45,comum,so_INI,funcao_menor_vol,sortino,450,0.10743369036785762,0.23479432078452228,0.45756511490093793
MULTI_5a45,comum,so_INI,funcao_menor_vol,maxdd,450,-0.14364205372508776,0.16982696458162141,-0.8458141737324123
MULTI_5a45,comum,so_INI,funcao_menor_vol,seq_ruim,450,-0.11620597528801836,0.20339198493956193,-0.5713399931789301
MULTI_5a45,comum,so_INI,funcao_menor_vol,ppg_nao_piorando_ou_nada,450,-0.030901172248330597,0.24560650163970477,-0.1258157745907778
MULTI_5a45,comum,so_INI,funcao_menor_vol,ACASO,450,-0.0997066625851445,0.13752082031807136,-0.7250295799176689
MULTI_5a45,comum,so_INI,funcao_menor_vol,FIXO_RETROSPECTO,450,-0.33027714380804074,0.2297756705291126,-1.4373895332238606
MULTI_5a45,comum,so_INI,funcao_menor_vol,BASE_V6_MOM,450,-0.22900078846258423,0.18996187231880976,-1.2055092196514894
MULTI_5a45,comum,so_INI,funcao_menor_vol,FIXO_TUDO_INI,450,0.0036799795418844205,0.2114497662008047,0.017403564014299752
MULTI_5a45,comum,so_INI,funcao_menor_vol,FIXO_TUDO_INI_CALR,450,-0.20996216467631248,0.3003140975135632,-0.6991418864937897
MULTI_5a45,comum,so_INI,funcao_menor_vol,FIXO_V6E_INI,450,-0.33027714380804074,0.2297756705291126,-1.4373895332238606
MULTI_5a45,comum,so_INI,funcao_menor_vol,FIXO_V6WR_INI,450,-0.1947849041524729,0.180584725617657,-1.0786344386893563
MULTI_5a45,comum,so_INI,funcao_menor_vol,FIXO_V6_INI,450,-0.19813613207107253,0.1775171549231925,-1.1161520257397173
MULTI_5a45,comum,so_INI,funcao_menor_vol,FAVORITO,450,0.9879566558878011,0.3116658622597178,3.169922585440287
MULTI_5a45,comum,so_INI,funcao_menor_vol,ZEBRA,450,-0.22797200906829426,0.37342916189466446,-0.6104826091021777
MULTI_5a45,comum,so_INI,funcao_menor_vol,VIG_MERCADO,450,0.60187562076571,0.17141370977553494,3.5112455214571923
FIRST_10a35,propria,todas,bsskill_todas,llskill_todas,450,-0.050897961528719636,0.0334738001842451,-1.5205313184809968
FIRST_10a35,propria,todas,bsskill_todas,ll_todas,450,-0.06423190082964539,0.04988443413429403,-1.2876141013592837
FIRST_10a35,propria,todas,bsskill_todas,llskill_entradas,450,-0.042517360983350336,0.04839793967178029,-0.8784952680153286
FIRST_10a35,propria,todas,bsskill_todas,ll_entradas,450,-0.02961705772249638,0.048143672462804495,-0.6151806916138011
FIRST_10a35,propria,todas,bsskill_todas,ppg,450,-0.059071421684605906,0.04242388499112004,-1.3924095281931497
FIRST_10a35,propria,todas,bsskill_todas,lucro,450,-0.015498012082004532,0.057213447916990554,-0.27088058221015066
FIRST_10a35,propria,todas,bsskill_todas,roi,450,-0.04787597657704051,0.047323639010163246,-1.0116714939601041
FIRST_10a35,propria,todas,bsskill_todas,sharpe,450,-0.028618041954712552,0.047244193175290806,-0.6057472893765086
FIRST_10a35,propria,todas,bsskill_todas,sortino,450,-0.03509492326750625,0.047557788711249854,-0.7379427054648675
FIRST_10a35,propria,todas,bsskill_todas,calmar,450,-0.0691294814368862,0.04094964917946747,-1.6881580873603272
FIRST_10a35,propria,todas,bsskill_todas,maxdd,450,-0.06497154277219673,0.05630371293673852,-1.1539477484406255
FIRST_10a35,propria,todas,bsskill_todas,seq_ruim,450,0.0011763045512971282,0.04780928485276874,0.02460410263235732
FIRST_10a35,propria,todas,bsskill_todas,ppg_nao_piorando_ou_nada,450,-0.059071421684605906,0.04242388499112004,-1.3924095281931497
FIRST_10a35,propria,todas,bsskill_todas,funcao_menor_vol,450,-0.09075705074025639,0.07826768936284759,-1.1595723788332162
FIRST_10a35,propria,todas,bsskill_todas,ACASO,450,-0.036435173293648815,0.055829375422724196,-0.6526165305947276
FIRST_10a35,propria,todas,bsskill_todas,FIXO_RETROSPECTO,450,-0.07814480383197255,0.07487718446110793,-1.0436397200880578
FIRST_10a35,propria,todas,bsskill_todas,BASE_V6_MOM,450,-0.05226480510375152,0.07683494354661016,-0.6802218195429046
FIRST_10a35,propria,todas,bsskill_todas,FIXO_TUDO_INI,450,-0.02238709623748312,0.08116856399218605,-0.275809933506256
FIRST_10a35,propria,todas,bsskill_todas,FIXO_TUDO_INI_CALR,450,-0.06089238371920832,0.05524409821492582,-1.1022423333313902
FIRST_10a35,propria,todas,bsskill_todas,FIXO_TUDO_MOM,450,0.00936167930989353,0.08167132470807963,0.11462626990997482
FIRST_10a35,propria,todas,bsskill_todas,FIXO_V6E_INI,450,-0.07814480383197255,0.07487718446110793,-1.0436397200880578
FIRST_10a35,propria,todas,bsskill_todas,FIXO_V6E_MOM,450,-0.06426393451572805,0.07603804385449872,-0.8451550205407596
FIRST_10a35,propria,todas,bsskill_todas,FIXO_V6WR_INI,450,-0.0313596523720847,0.07765438791087699,-0.40383619285076067
FIRST_10a35,propria,todas,bsskill_todas,FIXO_V6WR_MOM,450,-0.05529108358684977,0.07694035622736647,-0.7186226617337079
FIRST_10a35,propria,todas,bsskill_todas,FIXO_V6_INI,450,-0.0313596523720847,0.07765438791087699,-0.40383619285076067
FIRST_10a35,propria,todas,bsskill_todas,FIXO_V6_MOM,450,-0.05226480510375152,0.07683494354661016,-0.6802218195429046
FIRST_10a35,propria,todas,bsskill_todas,FAVORITO,450,0.06336111673111666,0.07818753791999877,0.810373601940856
FIRST_10a35,propria,todas,bsskill_todas,ZEBRA,450,0.0033471987166333967,0.06363898650963618,0.05259666912084727
FIRST_10a35,propria,todas,bsskill_todas,VIG_MERCADO,450,0.05957510340096669,0.05239369352147468,1.137066303152469
FIRST_10a35,propria,todas,llskill_todas,ppg,450,-0.008173460155886264,0.03788414298368256,-0.21574884667198974
FIRST_10a35,propria,todas,llskill_todas,lucro,450,0.035399949446715116,0.05561817464967705,0.6364816837245965
FIRST_10a35,propria,todas,llskill_todas,roi,450,0.0030219849516791263,0.03836662871728206,0.07876597586792629
FIRST_10a35,propria,todas,llskill_todas,sharpe,450,0.022279919574007094,0.03990895560105538,0.5582686702384642
FIRST_10a35,propria,todas,llskill_todas,sortino,450,0.015803038261213386,0.03859053483747544,0.4095055517568776
FIRST_10a35,propria,todas,llskill_todas,maxdd,450,-0.014073581243477074,0.04789950347506906,-0.2938147626269686
FIRST_10a35,propria,todas,llskill_todas,seq_ruim,450,0.052074266080016765,0.05211301315089054,0.9992564799359885
FIRST_10a35,propria,todas,llskill_todas,ppg_nao_piorando_ou_nada,450,-0.008173460155886264,0.03788414298368256,-0.21574884667198974
FIRST_10a35,propria,todas,llskill_todas,ACASO,450,0.014462788235070835,0.045383335447627245,0.31868059261005655
FIRST_10a35,propria,todas,llskill_todas,FIXO_RETROSPECTO,450,-0.02724684230325291,0.06263243474107602,-0.43502767241752627
FIRST_10a35,propria,todas,llskill_todas,BASE_V6_MOM,450,-0.0013668435750318745,0.06421993883145338,-0.021283788180166054
FIRST_10a35,propria,todas,llskill_todas,FIXO_TUDO_INI,450,0.02851086529123653,0.06466189998919698,0.44092217048988386
FIRST_10a35,propria,todas,llskill_todas,FIXO_TUDO_INI_CALR,450,-0.009994422190488683,0.04512026081541909,-0.2215063035955071
FIRST_10a35,propria,todas,llskill_todas,FIXO_TUDO_MOM,450,0.060259640838613175,0.06513118242724913,0.9252041586366496
FIRST_10a35,propria,todas,llskill_todas,FIXO_V6E_INI,450,-0.02724684230325291,0.06263243474107602,-0.43502767241752627
FIRST_10a35,propria,todas,llskill_todas,FIXO_V6E_MOM,450,-0.013365972987008392,0.0630110175052587,-0.21212120540495813
FIRST_10a35,propria,todas,llskill_todas,FIXO_V6WR_INI,450,0.019538309156634952,0.06144746058654493,0.3179677234849511
FIRST_10a35,propria,todas,llskill_todas,FIXO_V6WR_MOM,450,-0.004393122058130131,0.06436618958025764,-0.06825201377894811
FIRST_10a35,propria,todas,llskill_todas,FIXO_V6_INI,450,0.019538309156634952,0.06144746058654493,0.3179677234849511
FIRST_10a35,propria,todas,llskill_todas,FIXO_V6_MOM,450,-0.0013668435750318745,0.06421993883145338,-0.021283788180166054
FIRST_10a35,propria,todas,llskill_todas,FAVORITO,450,0.11425907825983632,0.08301993007446479,1.3762849252866336
FIRST_10a35,propria,todas,llskill_todas,ZEBRA,450,0.05424516024535303,0.05252780207415862,1.0326942705268696
FIRST_10a35,propria,todas,llskill_todas,VIG_MERCADO,450,0.11047306492968634,0.05439725341017238,2.0308574055510618
FIRST_10a35,propria,todas,brier_todas,bsskill_todas,450,0.054350470722023106,0.048028981669168025,1.131618219524174
FIRST_10a35,propria,todas,brier_todas,llskill_todas,450,0.003452509193303458,0.03964506806394933,0.08708546515128694
FIRST_10a35,propria,todas,brier_todas,ll_todas,450,-0.009881430107622277,0.01585185399528199,-0.6233611608183687
FIRST_10a35,propria,todas,brier_todas,bsskill_entradas,450,0.04344838084805037,0.05138890792205395,0.8454816925464212
FIRST_10a35,propria,todas,brier_todas,llskill_entradas,450,0.011833109738672758,0.05286957130902943,0.2238170169662756
FIRST_10a35,propria,todas,brier_todas,ll_entradas,450,0.02473341299952671,0.01999815625071182,1.2367846660187158
FIRST_10a35,propria,todas,brier_todas,ppg,450,-0.004720950962582807,0.04805792761782079,-0.09823459305457419
FIRST_10a35,propria,todas,brier_todas,lucro,450,0.03885245864001856,0.04767469818307306,0.8149492313684569
FIRST_10a35,propria,todas,brier_todas,roi,450,0.006474494144982587,0.05135681058143914,0.12606885185589256
FIRST_10a35,propria,todas,brier_todas,sharpe,450,0.025732428767310557,0.05364748201305648,0.479657717412495
FIRST_10a35,propria,todas,brier_todas,sortino,450,0.019255547454516842,0.05227813375022025,0.36832889916304096
FIRST_10a35,propria,todas,brier_todas,calmar,450,-0.014779010714863103,0.049433224926229535,-0.2989691798768581
FIRST_10a35,propria,todas,brier_todas,maxdd,450,-0.010621072050173614,0.05153692407207881,-0.20608665032703802
FIRST_10a35,propria,todas,brier_todas,seq_ruim,450,0.05552677527332022,0.047147256924031364,1.1777307715439485
FIRST_10a35,propria,todas,brier_todas,bsskill_t_ppg>=1_relaxar,450,0.016010895260596396,0.05248645103065208,0.30504815902385995
FIRST_10a35,propria,todas,brier_todas,ppg_nao_piorando_ou_nada,450,-0.004720950962582807,0.04805792761782079,-0.09823459305457419
FIRST_10a35,propria,todas,brier_todas,funcao_menor_vol,450,-0.03640658001823331,0.054410354121226134,-0.6691112492508235
FIRST_10a35,propria,todas,brier_todas,ACASO,450,0.0179152974283743,0.0340029593107382,0.5268746541927195
FIRST_10a35,propria,todas,brier_todas,FIXO_RETROSPECTO,450,-0.02379433310994944,0.05550928912614537,-0.428654978014159
FIRST_10a35,propria,todas,brier_todas,BASE_V6_MOM,450,0.0020856656182715928,0.055225241421808326,0.037766527851664004
FIRST_10a35,propria,todas,brier_todas,FIXO_TUDO_INI,450,0.03196337448453999,0.0524422069304817,0.6094971275124099
FIRST_10a35,propria,todas,brier_todas,FIXO_TUDO_INI_CALR,450,-0.006541912997185223,0.04855960292968386,-0.13471924403208488
FIRST_10a35,propria,todas,brier_todas,FIXO_TUDO_MOM,450,0.06371215003191663,0.06047560173910086,1.0535182486778492
FIRST_10a35,propria,todas,brier_todas,FIXO_V6E_INI,450,-0.02379433310994944,0.05550928912614537,-0.428654978014159
FIRST_10a35,propria,todas,brier_todas,FIXO_V6E_MOM,450,-0.009913463793704938,0.05222464135191382,-0.18982349207347213
FIRST_10a35,propria,todas,brier_todas,FIXO_V6WR_INI,450,0.02299081834993842,0.05340637528274365,0.430488274634266
FIRST_10a35,propria,todas,brier_todas,FIXO_V6WR_MOM,450,-0.0009406128648266599,0.0552034355167881,-0.01703902766233828
FIRST_10a35,propria,todas,brier_todas,FIXO_V6_INI,450,0.02299081834993842,0.05340637528274365,0.430488274634266
FIRST_10a35,propria,todas,brier_todas,FIXO_V6_MOM,450,0.0020856656182715928,0.055225241421808326,0.037766527851664004
FIRST_10a35,propria,todas,brier_todas,FAVORITO,450,0.11771158745313975,0.07370178443722376,1.5971334799010435
FIRST_10a35,propria,todas,brier_todas,ZEBRA,450,0.05769766943865651,0.05630495166796662,1.0247352626977255
FIRST_10a35,propria,todas,brier_todas,VIG_MERCADO,450,0.1139255741229898,0.04455152290451917,2.5571645298669137
FIRST_10a35,propria,todas,ll_todas,llskill_todas,450,0.013333939300925732,0.042146723963182205,0.3163695311781234
FIRST_10a35,propria,todas,ll_todas,llskill_entradas,450,0.021714539846295036,0.05440968186621804,0.39909330658625275
FIRST_10a35,propria,todas,ll_todas,ppg,450,0.005160479145039467,0.04506436121311242,0.11451353144972391
FIRST_10a35,propria,todas,ll_todas,lucro,450,0.048733888747640834,0.044442706093772294,1.0965553862722563
FIRST_10a35,propria,todas,ll_todas,roi,450,0.016355924252604865,0.052962811748633494,0.30881903193190774
FIRST_10a35,propria,todas,ll_todas,sharpe,450,0.03561385887493282,0.05449944590410812,0.6534719442394968
FIRST_10a35,propria,todas,ll_todas,sortino,450,0.029136977562139114,0.05359000107125569,0.5437017536797074
FIRST_10a35,propria,todas,ll_todas,maxdd,450,-0.000739641942551336,0.052325608618126934,-0.014135371992502827
FIRST_10a35,propria,todas,ll_todas,seq_ruim,450,0.0654082053809425,0.04398393435652077,1.4870931020122693
FIRST_10a35,propria,todas,ll_todas,ppg_nao_piorando_ou_nada,450,0.005160479145039467,0.04506436121311242,0.11451353144972391
FIRST_10a35,propria,todas,ll_todas,ACASO,450,0.027796727535996584,0.03526806440532504,0.7881557438632675
FIRST_10a35,propria,todas,ll_todas,FIXO_RETROSPECTO,450,-0.013912903002327176,0.05390119258893594,-0.2581186488475399
FIRST_10a35,propria,todas,ll_todas,BASE_V6_MOM,450,0.011967095725893861,0.05550552467949286,0.2156018845870894
FIRST_10a35,propria,todas,ll_todas,FIXO_TUDO_INI,450,0.04184480459216227,0.0533840017610002,0.7838454070847136
FIRST_10a35,propria,todas,ll_todas,FIXO_TUDO_INI_CALR,450,0.0033395171104370538,0.04974462011513018,0.06713323174863921
FIRST_10a35,propria,todas,ll_todas,FIXO_TUDO_MOM,450,0.07359358013953891,0.061177372275077,1.2029542525728936
FIRST_10a35,propria,todas,ll_todas,FIXO_V6E_INI,450,-0.013912903002327176,0.05390119258893594,-0.2581186488475399
FIRST_10a35,propria,todas,ll_todas,FIXO_V6E_MOM,450,-3.203368608266644e-05,0.05034805288078873,-0.0006362447850468812
FIRST_10a35,propria,todas,ll_todas,FIXO_V6WR_INI,450,0.0328722484575607,0.05359691021128651,0.6133235727203994
FIRST_10a35,propria,todas,ll_todas,FIXO_V6WR_MOM,450,0.008940817242795608,0.05573124338383463,0.16042737789318687
FIRST_10a35,propria,todas,ll_todas,FIXO_V6_INI,450,0.0328722484575607,0.05359691021128651,0.6133235727203994
FIRST_10a35,propria,todas,ll_todas,FIXO_V6_MOM,450,0.011967095725893861,0.05550552467949286,0.2156018845870894
FIRST_10a35,propria,todas,ll_todas,FAVORITO,450,0.12759301756076205,0.07389400019670406,1.7267033483247962
FIRST_10a35,propria,todas,ll_todas,ZEBRA,450,0.06757909954627878,0.055431443033983736,1.2191473980723828
FIRST_10a35,propria,todas,ll_todas,VIG_MERCADO,450,0.12380700423061206,0.04553029319954656,2.719222643438744
FIRST_10a35,propria,todas,bsskill_entradas,bsskill_todas,450,0.010902089873972736,0.05321494027950695,0.2048689675626889
FIRST_10a35,propria,todas,bsskill_entradas,llskill_todas,450,-0.039995871654746905,0.04387251402207715,-0.9116384722019926
FIRST_10a35,propria,todas,bsskill_entradas,ll_todas,450,-0.053329810955672644,0.05283646523397426,-1.0093372204123368
FIRST_10a35,propria,todas,bsskill_entradas,llskill_entradas,450,-0.03161527110937759,0.02415478523354108,-1.308861610803186
FIRST_10a35,propria,todas,bsskill_entradas,ll_entradas,450,-0.018714967848523657,0.050402178398946104,-0.3713126782019204
FIRST_10a35,propria,todas,bsskill_entradas,ppg,450,-0.04816933181063318,0.0346718442079487,-1.3892924622564529
FIRST_10a35,propria,todas,bsskill_entradas,lucro,450,-0.004595922208031801,0.047899150659261404,-0.09594997290715361
FIRST_10a35,propria,todas,bsskill_entradas,roi,450,-0.03697388670306778,0.028966966291702305,-1.2764155669853177
FIRST_10a35,propria,todas,bsskill_entradas,sharpe,450,-0.01771595208073982,0.031324752300213005,-0.565557611148911
FIRST_10a35,propria,todas,bsskill_entradas,sortino,450,-0.024192833393533526,0.02956734134176512,-0.8182282307324036
FIRST_10a35,propria,todas,bsskill_entradas,calmar,450,-0.05822739156291345,0.027355428247004824,-2.1285498087308805
FIRST_10a35,propria,todas,bsskill_entradas,maxdd,450,-0.05406945289822399,0.03635016113919972,-1.4874611612083317
FIRST_10a35,propria,todas,bsskill_entradas,seq_ruim,450,0.012078394425269857,0.04821056076671981,0.2505342031534236
FIRST_10a35,propria,todas,bsskill_entradas,bsskill_t_ppg>=1_relaxar,450,-0.02743748558745396,0.04141218901958411,-0.6625461304274108
FIRST_10a35,propria,todas,bsskill_entradas,ppg_nao_piorando_ou_nada,450,-0.04816933181063318,0.0346718442079487,-1.3892924622564529
FIRST_10a35,propria,todas,bsskill_entradas,funcao_menor_vol,450,-0.07985496086628366,0.05933435508238931,-1.3458469508162727
FIRST_10a35,propria,todas,bsskill_entradas,ACASO,450,-0.025533083419676073,0.03558006994662432,-0.7176231934894929
FIRST_10a35,propria,todas,bsskill_entradas,FIXO_RETROSPECTO,450,-0.06724271395799981,0.05651324566507288,-1.1898575841231167
FIRST_10a35,propria,todas,bsskill_entradas,BASE_V6_MOM,450,-0.041362715229778795,0.05336618664278078,-0.7750734656506363
FIRST_10a35,propria,todas,bsskill_entradas,FIXO_TUDO_INI,450,-0.011485006363510384,0.05775834942455515,-0.19884582017899036
FIRST_10a35,propria,todas,bsskill_entradas,FIXO_TUDO_INI_CALR,450,-0.04999029384523559,0.05923108665480415,-0.8439874509913443
FIRST_10a35,propria,todas,bsskill_entradas,FIXO_TUDO_MOM,450,0.020263769183866274,0.05703109019411428,0.35531092102387224
FIRST_10a35,propria,todas,bsskill_entradas,FIXO_V6E_INI,450,-0.06724271395799981,0.05651324566507288,-1.1898575841231167
FIRST_10a35,propria,todas,bsskill_entradas,FIXO_V6E_MOM,450,-0.05336184464175531,0.05654071711439634,-0.943777287680852
FIRST_10a35,propria,todas,bsskill_entradas,FIXO_V6WR_INI,450,-0.02045756249811196,0.05375197148945116,-0.3805918542378815
FIRST_10a35,propria,todas,bsskill_entradas,FIXO_V6WR_MOM,450,-0.04438899371287706,0.05336824749189334,-0.831749135468984
FIRST_10a35,propria,todas,bsskill_entradas,FIXO_V6_INI,450,-0.02045756249811196,0.05375197148945116,-0.3805918542378815
FIRST_10a35,propria,todas,bsskill_entradas,FIXO_V6_MOM,450,-0.041362715229778795,0.05336618664278078,-0.7750734656506363
FIRST_10a35,propria,todas,bsskill_entradas,FAVORITO,450,0.0742632066050894,0.06904322651107067,1.0756045213672296
FIRST_10a35,propria,todas,bsskill_entradas,ZEBRA,450,0.014249288590606141,0.06595684445336587,0.2160395741897713
FIRST_10a35,propria,todas,bsskill_entradas,VIG_MERCADO,450,0.07047719327493943,0.04751959051745866,1.4831186992035665
FIRST_10a35,propria,todas,llskill_entradas,llskill_todas,450,-0.008380600545369304,0.04315999474476246,-0.19417519846631362
FIRST_10a35,propria,todas,llskill_entradas,ppg,450,-0.016554060701255577,0.03696637623742233,-0.44781399710197545
FIRST_10a35,propria,todas,llskill_entradas,lucro,450,0.02701934890134581,0.050401578255406976,0.536081405316851
FIRST_10a35,propria,todas,llskill_entradas,roi,450,-0.005358615593690178,0.029932424071095608,-0.17902377638918834
FIRST_10a35,propria,todas,llskill_entradas,sharpe,450,0.013899319028637783,0.033384683672511815,0.41633819762929686
FIRST_10a35,propria,todas,llskill_entradas,sortino,450,0.007422437715844086,0.033533965152242474,0.22134089071025753
FIRST_10a35,propria,todas,llskill_entradas,maxdd,450,-0.02245418178884638,0.03221883488396842,-0.6969271815604736
FIRST_10a35,propria,todas,llskill_entradas,seq_ruim,450,0.04369366553464747,0.04475419178485609,0.9763033090775761
FIRST_10a35,propria,todas,llskill_entradas,ppg_nao_piorando_ou_nada,450,-0.016554060701255577,0.03696637623742233,-0.44781399710197545
FIRST_10a35,propria,todas,llskill_entradas,ACASO,450,0.0060821876897015365,0.040296388541479614,0.15093629751561377
FIRST_10a35,propria,todas,llskill_entradas,FIXO_RETROSPECTO,450,-0.03562744284862221,0.06159906343947528,-0.5783763722905995
FIRST_10a35,propria,todas,llskill_entradas,BASE_V6_MOM,450,-0.009747444120401183,0.05761366243390963,-0.16918633026641502
FIRST_10a35,propria,todas,llskill_entradas,FIXO_TUDO_INI,450,0.020130264745867214,0.06637636041784081,0.3032746088991126
FIRST_10a35,propria,todas,llskill_entradas,FIXO_TUDO_INI_CALR,450,-0.018375022735857987,0.059495206015390226,-0.30884879583583147
FIRST_10a35,propria,todas,llskill_entradas,FIXO_TUDO_MOM,450,0.05187904029324386,0.06569022633103727,0.7897528017608928
FIRST_10a35,propria,todas,llskill_entradas,FIXO_V6E_INI,450,-0.03562744284862221,0.06159906343947528,-0.5783763722905995
FIRST_10a35,propria,todas,llskill_entradas,FIXO_V6E_MOM,450,-0.021746573532377703,0.06116696894087544,-0.35552805556538436
FIRST_10a35,propria,todas,llskill_entradas,FIXO_V6WR_INI,450,0.011157708611265653,0.05800141398633426,0.19236959660836073
FIRST_10a35,propria,todas,llskill_entradas,FIXO_V6WR_MOM,450,-0.012773722603499436,0.05757680757626539,-0.22185534664421175
FIRST_10a35,propria,todas,llskill_entradas,FIXO_V6_INI,450,0.011157708611265653,0.05800141398633426,0.19236959660836073
FIRST_10a35,propria,todas,llskill_entradas,FIXO_V6_MOM,450,-0.009747444120401183,0.05761366243390963,-0.16918633026641502
FIRST_10a35,propria,todas,llskill_entradas,FAVORITO,450,0.105878477714467,0.06824353788867399,1.5514799054994346
FIRST_10a35,propria,todas,llskill_entradas,ZEBRA,450,0.04586455969998375,0.06775639047162572,0.676903822366252
FIRST_10a35,propria,todas,llskill_entradas,VIG_MERCADO,450,0.10209246438431702,0.047661020917837096,2.1420536618448516
FIRST_10a35,propria,todas,brier_entradas,bsskill_todas,450,0.03468655389976961,0.04901469446625921,0.7076766320281191
FIRST_10a35,propria,todas,brier_entradas,llskill_todas,450,-0.01621140762895003,0.04138214654033278,-0.39174883335618443
FIRST_10a35,propria,todas,brier_entradas,brier_todas,450,-0.01966391682225349,0.0180661155083171,-1.088441885207742
FIRST_10a35,propria,todas,brier_entradas,ll_todas,450,-0.029545346929875767,0.022916430729493394,-1.2892647759430953
FIRST_10a35,propria,todas,brier_entradas,bsskill_entradas,450,0.023784464025796884,0.050571396530448655,0.47031455837839947
FIRST_10a35,propria,todas,brier_entradas,llskill_entradas,450,-0.007830807083580728,0.053171144087889186,-0.14727550474815446
FIRST_10a35,propria,todas,brier_entradas,ll_entradas,450,0.0050694961772732245,0.006248243808623781,0.8113473693642271
FIRST_10a35,propria,todas,brier_entradas,ppg,450,-0.024384867784836305,0.04822533876392339,-0.5056443025565274
FIRST_10a35,propria,todas,brier_entradas,lucro,450,0.019188541817765067,0.046435425533718926,0.41323066596711544
FIRST_10a35,propria,todas,brier_entradas,roi,450,-0.013189422677270907,0.049610685810701716,-0.2658585032990164
FIRST_10a35,propria,todas,brier_entradas,sharpe,450,0.0060685119450570625,0.05091822700544147,0.11918152500495628
FIRST_10a35,propria,todas,brier_entradas,sortino,450,-0.00040836936773664214,0.05038818995109313,-0.00810446591022631
FIRST_10a35,propria,todas,brier_entradas,calmar,450,-0.034442927537116586,0.049815172229447535,-0.6914144023927742
FIRST_10a35,propria,todas,brier_entradas,maxdd,450,-0.030284988872427105,0.049110118600581065,-0.6166751320382431
FIRST_10a35,propria,todas,brier_entradas,seq_ruim,450,0.035862858451066744,0.04796438409364582,0.7476976746130626
FIRST_10a35,propria,todas,brier_entradas,bsskill_t_ppg>=1_relaxar,450,-0.003653021561657089,0.051793949099770725,-0.07052989055961481
FIRST_10a35,propria,todas,brier_entradas,ppg_nao_piorando_ou_nada,450,-0.024384867784836305,0.04822533876392339,-0.5056443025565274
FIRST_10a35,propria,todas,brier_entradas,funcao_menor_vol,450,-0.0560704968404868,0.054529810369917164,-1.0282540221599523
FIRST_10a35,propria,todas,brier_entradas,ACASO,450,-0.001748619393879183,0.03396401667442955,-0.0514844698917977
FIRST_10a35,propria,todas,brier_entradas,FIXO_RETROSPECTO,450,-0.04345824993220296,0.054739972597967694,-0.7939033921587387
FIRST_10a35,propria,todas,brier_entradas,BASE_V6_MOM,450,-0.017578251203981897,0.05588120684919917,-0.31456463085019803
FIRST_10a35,propria,todas,brier_entradas,FIXO_TUDO_INI,450,0.012299457662286494,0.050787025677697634,0.2421771603704609
FIRST_10a35,propria,todas,brier_entradas,FIXO_TUDO_INI_CALR,450,-0.026205829819438715,0.04809868267838482,-0.5448346682312656
FIRST_10a35,propria,todas,brier_entradas,FIXO_TUDO_MOM,450,0.044048233209663154,0.05967746545751387,0.7381049592500267
FIRST_10a35,propria,todas,brier_entradas,FIXO_V6E_INI,450,-0.04345824993220296,0.054739972597967694,-0.7939033921587387
FIRST_10a35,propria,todas,brier_entradas,FIXO_V6E_MOM,450,-0.029577380615958437,0.0517645193403487,-0.5713832755113378
FIRST_10a35,propria,todas,brier_entradas,FIXO_V6WR_INI,450,0.0033269015276849315,0.055267847483089855,0.06019596708018806
FIRST_10a35,propria,todas,brier_entradas,FIXO_V6WR_MOM,450,-0.02060452968708016,0.056033271978279696,-0.36771955232361125
FIRST_10a35,propria,todas,brier_entradas,FIXO_V6_INI,450,0.0033269015276849315,0.055267847483089855,0.06019596708018806
FIRST_10a35,propria,todas,brier_entradas,FIXO_V6_MOM,450,-0.017578251203981897,0.05588120684919917,-0.31456463085019803
FIRST_10a35,propria,todas,brier_entradas,FAVORITO,450,0.09804767063088625,0.07337539016803891,1.336247349504305
FIRST_10a35,propria,todas,brier_entradas,ZEBRA,450,0.03803375261640301,0.05514139922951076,0.6897495012431236
FIRST_10a35,propria,todas,brier_entradas,VIG_MERCADO,450,0.0942616573007363,0.0444876726914737,2.118826443326222
FIRST_10a35,propria,todas,ll_entradas,llskill_todas,450,-0.02128090380622325,0.0405217009752432,-0.5251730133250047
FIRST_10a35,propria,todas,ll_entradas,ll_todas,450,-0.03461484310714898,0.02442212820681806,-1.4173557199443974
FIRST_10a35,propria,todas,ll_entradas,llskill_entradas,450,-0.012900303260853958,0.05267701741573676,-0.24489433710801015
FIRST_10a35,propria,todas,ll_entradas,ppg,450,-0.029454363962109528,0.048098359348472015,-0.6123777268308266
FIRST_10a35,propria,todas,ll_entradas,lucro,450,0.01411904564049184,0.04717443916425097,0.2992944037200409
FIRST_10a35,propria,todas,ll_entradas,roi,450,-0.01825891885454413,0.04935242242594171,-0.36997006341367494
FIRST_10a35,propria,todas,ll_entradas,sharpe,450,0.000999015767783832,0.05071015626552317,0.01970050659187266
FIRST_10a35,propria,todas,ll_entradas,sortino,450,-0.005477865545009871,0.05016313105890134,-0.10920102930931053
FIRST_10a35,propria,todas,ll_entradas,maxdd,450,-0.035354485049700325,0.04910284087286656,-0.7200089530713211
FIRST_10a35,propria,todas,ll_entradas,seq_ruim,450,0.030793362273793513,0.0481688147997217,0.6392800487582564
FIRST_10a35,propria,todas,ll_entradas,ppg_nao_piorando_ou_nada,450,-0.029454363962109528,0.048098359348472015,-0.6123777268308266
FIRST_10a35,propria,todas,ll_entradas,ACASO,450,-0.00681811557115241,0.033948319582943615,-0.2008380872724546
FIRST_10a35,propria,todas,ll_entradas,FIXO_RETROSPECTO,450,-0.04852774610947618,0.05483906999847918,-0.8849119088055646
FIRST_10a35,propria,todas,ll_entradas,BASE_V6_MOM,450,-0.02264774738125512,0.05604716783608095,-0.4040837076280489
FIRST_10a35,propria,todas,ll_entradas,FIXO_TUDO_INI,450,0.00722996148501327,0.051226562179905094,0.141136964444774
FIRST_10a35,propria,todas,ll_entradas,FIXO_TUDO_INI_CALR,450,-0.03127532599671194,0.048134789721357985,-0.6497447309473693
FIRST_10a35,propria,todas,ll_entradas,FIXO_TUDO_MOM,450,0.03897873703238993,0.05951915069588411,0.6548940395933003
FIRST_10a35,propria,todas,ll_entradas,FIXO_V6E_INI,450,-0.04852774610947618,0.05483906999847918,-0.8849119088055646
FIRST_10a35,propria,todas,ll_entradas,FIXO_V6E_MOM,450,-0.03464687679323166,0.052204583204856846,-0.6636750006656177
FIRST_10a35,propria,todas,ll_entradas,FIXO_V6WR_INI,450,-0.0017425946495882934,0.0554325211975739,-0.03143632315364651
FIRST_10a35,propria,todas,ll_entradas,FIXO_V6WR_MOM,450,-0.02567402586435338,0.05619261417438739,-0.45689324551936594
FIRST_10a35,propria,todas,ll_entradas,FIXO_V6_INI,450,-0.0017425946495882934,0.0554325211975739,-0.03143632315364651
FIRST_10a35,propria,todas,ll_entradas,FIXO_V6_MOM,450,-0.02264774738125512,0.05604716783608095,-0.4040837076280489
FIRST_10a35,propria,todas,ll_entradas,FAVORITO,450,0.09297817445361303,0.0732157958033128,1.269919604553503
FIRST_10a35,propria,todas,ll_entradas,ZEBRA,450,0.032964256439129785,0.05513817168606945,0.5978481953810982
FIRST_10a35,propria,todas,ll_entradas,VIG_MERCADO,450,0.08919216112346308,0.0444694562527176,2.005694889017502
FIRST_10a35,propria,todas,ppg,roi,450,0.01119544510756539,0.032963516965440136,0.33963139064630166
FIRST_10a35,propria,todas,ppg,sharpe,450,0.030453379729893364,0.03367764919067611,0.90426085138759
FIRST_10a35,propria,todas,ppg,sortino,450,0.02397649841709965,0.03248185599753333,0.7381505052827161
FIRST_10a35,propria,todas,ppg,seq_ruim,450,0.06024772623590302,0.04222029312337119,1.4269850296835738
FIRST_10a35,propria,todas,ppg,ppg_nao_piorando_ou_nada,450,0.0,0.0,
FIRST_10a35,propria,todas,ppg,ACASO,450,0.022636248390957098,0.04158767922381271,0.5443017935464838
FIRST_10a35,propria,todas,ppg,FIXO_RETROSPECTO,450,-0.01907338214736664,0.056559652011229915,-0.3372259458664919
FIRST_10a35,propria,todas,ppg,BASE_V6_MOM,450,0.006806616580854378,0.0572526711735768,0.11888731899020569
FIRST_10a35,propria,todas,ppg,FIXO_TUDO_INI,450,0.036684325447122794,0.06570389265566104,0.5583280375696595
FIRST_10a35,propria,todas,ppg,FIXO_TUDO_INI_CALR,450,-0.0018209620346024142,0.052143061360604426,-0.034922422793883044
FIRST_10a35,propria,todas,ppg,FIXO_TUDO_MOM,450,0.06843310099449944,0.06638314119611541,1.030880729074387
FIRST_10a35,propria,todas,ppg,FIXO_V6E_INI,450,-0.01907338214736664,0.056559652011229915,-0.3372259458664919
FIRST_10a35,propria,todas,ppg,FIXO_V6E_MOM,450,-0.005192512831122124,0.0545025068025896,-0.09527108266652076
FIRST_10a35,propria,todas,ppg,FIXO_V6WR_INI,450,0.027711769312521225,0.060186084379981554,0.4604348263888457
FIRST_10a35,propria,todas,ppg,FIXO_V6WR_MOM,450,0.003780338097756122,0.05749662611261775,0.06574886829623068
FIRST_10a35,propria,todas,ppg,FIXO_V6_INI,450,0.027711769312521225,0.060186084379981554,0.4604348263888457
FIRST_10a35,propria,todas,ppg,FIXO_V6_MOM,450,0.006806616580854378,0.0572526711735768,0.11888731899020569
FIRST_10a35,propria,todas,ppg,FAVORITO,450,0.12243253841572257,0.07579856483330474,1.6152355745121914
FIRST_10a35,propria,todas,ppg,ZEBRA,450,0.06241862040123932,0.05922607372189139,1.0539044120050776
FIRST_10a35,propria,todas,ppg,VIG_MERCADO,450,0.11864652508557261,0.051617407768791604,2.298575814132756
FIRST_10a35,propria,todas,lucro,ppg,450,-0.04357340960260138,0.04218462578579783,-1.0329215630323572
FIRST_10a35,propria,todas,lucro,roi,450,-0.03237796449503598,0.05381300189052737,-0.6016754939801161
FIRST_10a35,propria,todas,lucro,sharpe,450,-0.013120029872708019,0.05421504624451306,-0.24199979123020407
FIRST_10a35,propria,todas,lucro,sortino,450,-0.019596911185501727,0.05435989718469736,-0.36050309512024564
FIRST_10a35,propria,todas,lucro,maxdd,450,-0.04947353069019219,0.05189559985542353,-0.9533280437651939
FIRST_10a35,propria,todas,lucro,seq_ruim,450,0.016674316633301666,0.051136494371197244,0.3260746916334084
FIRST_10a35,propria,todas,lucro,ppg_nao_piorando_ou_nada,450,-0.04357340960260138,0.04218462578579783,-1.0329215630323572
FIRST_10a35,propria,todas,lucro,ACASO,450,-0.020937161211644274,0.034878476494671073,-0.6002888691208508
FIRST_10a35,propria,todas,lucro,FIXO_RETROSPECTO,450,-0.06264679174996801,0.03649343142397686,-1.7166593906214012
FIRST_10a35,propria,todas,lucro,BASE_V6_MOM,450,-0.03676679302174699,0.048463616527682524,-0.758647324653242
FIRST_10a35,propria,todas,lucro,FIXO_TUDO_INI,450,-0.006889084155478582,0.06315569721330458,-0.10908096117142232
FIRST_10a35,propria,todas,lucro,FIXO_TUDO_INI_CALR,450,-0.04539437163720379,0.05790737045063623,-0.7839135378440422
FIRST_10a35,propria,todas,lucro,FIXO_TUDO_MOM,450,0.024859691391898076,0.06716382915665026,0.3701351114737118
FIRST_10a35,propria,todas,lucro,FIXO_V6E_INI,450,-0.06264679174996801,0.03649343142397686,-1.7166593906214012
FIRST_10a35,propria,todas,lucro,FIXO_V6E_MOM,450,-0.04876592243372351,0.03857691190353547,-1.264121984560777
FIRST_10a35,propria,todas,lucro,FIXO_V6WR_INI,450,-0.015861640290080154,0.04897002995709382,-0.323905055887809
FIRST_10a35,propria,todas,lucro,FIXO_V6WR_MOM,450,-0.03979307150484525,0.04866924744816287,-0.817622494517271
FIRST_10a35,propria,todas,lucro,FIXO_V6_INI,450,-0.015861640290080154,0.04897002995709382,-0.323905055887809
FIRST_10a35,propria,todas,lucro,FIXO_V6_MOM,450,-0.03676679302174699,0.048463616527682524,-0.758647324653242
FIRST_10a35,propria,todas,lucro,FAVORITO,450,0.07885912881312118,0.07486616726839412,1.0533346595720914
FIRST_10a35,propria,todas,lucro,ZEBRA,450,0.018845210798637928,0.06345776741564743,0.29697248368670265
FIRST_10a35,propria,todas,lucro,VIG_MERCADO,450,0.07507311548297124,0.04930683851455283,1.5225700479825641
FIRST_10a35,propria,todas,roi,sharpe,450,0.01925793462232796,0.010221615884217982,1.8840401400782352
FIRST_10a35,propria,todas,roi,sortino,450,0.012781053309534258,0.009829547714736313,1.300268708230908
FIRST_10a35,propria,todas,roi,seq_ruim,450,0.049052281128337635,0.04531847688462345,1.0823903295165922
FIRST_10a35,propria,todas,roi,ACASO,450,0.01144080328339171,0.043500702679633525,0.26300272360308674
FIRST_10a35,propria,todas,roi,FIXO_RETROSPECTO,450,-0.030268827254932035,0.06102587961961624,-0.4959998519251558
FIRST_10a35,propria,todas,roi,BASE_V6_MOM,450,-0.004388828526711009,0.05829332116766602,-0.07528870269867884
FIRST_10a35,propria,todas,roi,FIXO_TUDO_INI,450,0.025488880339557395,0.06527123448996652,0.3905070976323504
FIRST_10a35,propria,todas,roi,FIXO_TUDO_INI_CALR,450,-0.013016407142167808,0.05355197452070618,-0.24306119911852994
FIRST_10a35,propria,todas,roi,FIXO_TUDO_MOM,450,0.057237655886934045,0.06616751143193503,0.8650416896185235
FIRST_10a35,propria,todas,roi,FIXO_V6E_INI,450,-0.030268827254932035,0.06102587961961624,-0.4959998519251558
FIRST_10a35,propria,todas,roi,FIXO_V6E_MOM,450,-0.01638795793868752,0.05963805526029295,-0.2747902805878151
FIRST_10a35,propria,todas,roi,FIXO_V6WR_INI,450,0.01651632420495581,0.059699908016752457,0.27665577307625244
FIRST_10a35,propria,todas,roi,FIXO_V6WR_MOM,450,-0.007415107009809262,0.05831998055112368,-0.1271452243251201
FIRST_10a35,propria,todas,roi,FIXO_V6_INI,450,0.01651632420495581,0.059699908016752457,0.27665577307625244
FIRST_10a35,propria,todas,roi,FIXO_V6_MOM,450,-0.004388828526711009,0.05829332116766602,-0.07528870269867884
FIRST_10a35,propria,todas,roi,FAVORITO,450,0.11123709330815719,0.07795861379602706,1.4268736691393822
FIRST_10a35,propria,todas,roi,ZEBRA,450,0.051223175293673935,0.06255209154736005,0.8188882901683846
FIRST_10a35,propria,todas,roi,VIG_MERCADO,450,0.10745107997800722,0.054445588427196705,1.9735497968157356
FIRST_10a35,propria,todas,sharpe,sortino,450,-0.006476881312793703,0.0072721193873936316,-0.8906456244408624
FIRST_10a35,propria,todas,sharpe,ACASO,450,-0.00781713133893625,0.04668487609520306,-0.16744462003058572
FIRST_10a35,propria,todas,sharpe,FIXO_RETROSPECTO,450,-0.049526761877259996,0.06314413378186287,-0.7843446241317472
FIRST_10a35,propria,todas,sharpe,BASE_V6_MOM,450,-0.02364676314903897,0.06076585017365684,-0.3891455987443799
FIRST_10a35,propria,todas,sharpe,FIXO_TUDO_INI,450,0.006230945717229432,0.06790880321613638,0.09175460944876208
FIRST_10a35,propria,todas,sharpe,FIXO_TUDO_INI_CALR,450,-0.03227434176449576,0.05395249595216784,-0.5981992342506067
FIRST_10a35,propria,todas,sharpe,FIXO_TUDO_MOM,450,0.037979721264606095,0.06919494490991153,0.5488799985902706
FIRST_10a35,propria,todas,sharpe,FIXO_V6E_INI,450,-0.049526761877259996,0.06314413378186287,-0.7843446241317472
FIRST_10a35,propria,todas,sharpe,FIXO_V6E_MOM,450,-0.035645892561015496,0.06186408069015167,-0.5761969169080383
FIRST_10a35,propria,todas,sharpe,FIXO_V6WR_INI,450,-0.002741610417372146,0.06306378862331923,-0.043473607869451335
FIRST_10a35,propria,todas,sharpe,FIXO_V6WR_MOM,450,-0.026673041632137223,0.061081797807414705,-0.4366774160157314
FIRST_10a35,propria,todas,sharpe,FIXO_V6_INI,450,-0.002741610417372146,0.06306378862331923,-0.043473607869451335
FIRST_10a35,propria,todas,sharpe,FIXO_V6_MOM,450,-0.02364676314903897,0.06076585017365684,-0.3891455987443799
FIRST_10a35,propria,todas,sharpe,FAVORITO,450,0.09197915868582922,0.08112488229955593,1.1337971295439735
FIRST_10a35,propria,todas,sharpe,ZEBRA,450,0.03196524067134596,0.06195922957650417,0.5159076523357488
FIRST_10a35,propria,todas,sharpe,VIG_MERCADO,450,0.08819314535567925,0.0576111708070893,1.5308341094298106
FIRST_10a35,propria,todas,sortino,ACASO,450,-0.0013402500261425448,0.04485627915102928,-0.029878760599602504
FIRST_10a35,propria,todas,sortino,FIXO_RETROSPECTO,450,-0.043049880564466306,0.06179437315161019,-0.696663439870893
FIRST_10a35,propria,todas,sortino,BASE_V6_MOM,450,-0.017169881836245262,0.05963570547817701,-0.2879127814213312
FIRST_10a35,propria,todas,sortino,FIXO_TUDO_INI,450,0.012707827030023133,0.06514109712093995,0.19508156281786257
FIRST_10a35,propria,todas,sortino,FIXO_TUDO_INI_CALR,450,-0.025797460451702073,0.05372674877411531,-0.48016046085652736
FIRST_10a35,propria,todas,sortino,FIXO_TUDO_MOM,450,0.044456602577399786,0.06640308662594158,0.6694960255060193
FIRST_10a35,propria,todas,sortino,FIXO_V6E_INI,450,-0.043049880564466306,0.06179437315161019,-0.696663439870893
FIRST_10a35,propria,todas,sortino,FIXO_V6E_MOM,450,-0.02916901124822178,0.06015277770124477,-0.48491544967537176
FIRST_10a35,propria,todas,sortino,FIXO_V6WR_INI,450,0.0037352708954215665,0.061128689828875725,0.061105037681620886
FIRST_10a35,propria,todas,sortino,FIXO_V6WR_MOM,450,-0.020196160319343515,0.059780648473688275,-0.3378377591242191
FIRST_10a35,propria,todas,sortino,FIXO_V6_INI,450,0.0037352708954215665,0.061128689828875725,0.061105037681620886
FIRST_10a35,propria,todas,sortino,FIXO_V6_MOM,450,-0.017169881836245262,0.05963570547817701,-0.2879127814213312
FIRST_10a35,propria,todas,sortino,FAVORITO,450,0.09845603999862292,0.07998485112250876,1.2309335907598649
FIRST_10a35,propria,todas,sortino,ZEBRA,450,0.03844212198413967,0.0619482435062385,0.6205522514979517
FIRST_10a35,propria,todas,sortino,VIG_MERCADO,450,0.09467002666847296,0.056430061524217846,1.677652373776765
FIRST_10a35,propria,todas,calmar,llskill_todas,450,0.018231519908166564,0.03611315873332309,0.5048442326188319
FIRST_10a35,propria,todas,calmar,ll_todas,450,0.0048975806072408265,0.05119336627711001,0.0956682664845713
FIRST_10a35,propria,todas,calmar,llskill_entradas,450,0.026612120453535858,0.024023996474486914,1.1077307841681332
FIRST_10a35,propria,todas,calmar,ll_entradas,450,0.039512423714389816,0.04950881667802642,0.7980886307857704
FIRST_10a35,propria,todas,calmar,ppg,450,0.010058059752280286,0.031188949503084543,0.32248792962025086
FIRST_10a35,propria,todas,calmar,lucro,450,0.05363146935488167,0.04941164354460223,1.0854014460472325
FIRST_10a35,propria,todas,calmar,roi,450,0.021253504859845677,0.024202770099059117,0.8781434841077099
FIRST_10a35,propria,todas,calmar,sharpe,450,0.04051143948217364,0.025570432229849033,1.5843079662487511
FIRST_10a35,propria,todas,calmar,sortino,450,0.03403455816937993,0.02440262588513566,1.3947088452522383
FIRST_10a35,propria,todas,calmar,maxdd,450,0.004157938664689477,0.033928459204691355,0.12255017652303381
FIRST_10a35,propria,todas,calmar,seq_ruim,450,0.07030578598818331,0.04502484705147069,1.5614886133385952
FIRST_10a35,propria,todas,calmar,ppg_nao_piorando_ou_nada,450,0.010058059752280286,0.031188949503084543,0.32248792962025086
FIRST_10a35,propria,todas,calmar,funcao_menor_vol,450,-0.021627569303370224,0.06478609196042008,-0.33383043565250403
FIRST_10a35,propria,todas,calmar,ACASO,450,0.03269430814323739,0.04255976185059823,0.768197628971879
FIRST_10a35,propria,todas,calmar,FIXO_RETROSPECTO,450,-0.00901532239508636,0.06337286217392972,-0.1422584066085479
FIRST_10a35,propria,todas,calmar,BASE_V6_MOM,450,0.01686467633313468,0.06117357592099337,0.27568563843506017
FIRST_10a35,propria,todas,calmar,FIXO_TUDO_INI,450,0.04674238519940308,0.06675044870212132,0.7002557452159511
FIRST_10a35,propria,todas,calmar,FIXO_TUDO_INI_CALR,450,0.008237097717677873,0.05622635220465757,0.14649888165776373
FIRST_10a35,propria,todas,calmar,FIXO_TUDO_MOM,450,0.07849116074677974,0.06643459515392862,1.1814802297645695
FIRST_10a35,propria,todas,calmar,FIXO_V6E_INI,450,-0.00901532239508636,0.06337286217392972,-0.1422584066085479
FIRST_10a35,propria,todas,calmar,FIXO_V6E_MOM,450,0.004865546921158157,0.06054700963470147,0.08035982207070971
FIRST_10a35,propria,todas,calmar,FIXO_V6WR_INI,450,0.03776982906480151,0.0633420589955194,0.5962835699337342
FIRST_10a35,propria,todas,calmar,FIXO_V6WR_MOM,450,0.013838397850036429,0.06124103258455183,0.2259661090941042
FIRST_10a35,propria,todas,calmar,FIXO_V6_INI,450,0.03776982906480151,0.0633420589955194,0.5962835699337342
FIRST_10a35,propria,todas,calmar,FIXO_V6_MOM,450,0.01686467633313468,0.06117357592099337,0.27568563843506017
FIRST_10a35,propria,todas,calmar,FAVORITO,450,0.13249059816800285,0.07045732265285808,1.8804375922823746
FIRST_10a35,propria,todas,calmar,ZEBRA,450,0.0724766801535196,0.06625170119958808,1.0939595337360217
FIRST_10a35,propria,todas,calmar,VIG_MERCADO,450,0.1287045848378529,0.04819616555761451,2.6704320426486476
FIRST_10a35,propria,todas,maxdd,ppg,450,0.005900121087590809,0.04142153341253966,0.14244091421793306
FIRST_10a35,propria,todas,maxdd,roi,450,0.0170955661951562,0.03215927983681502,0.5315904548206234
FIRST_10a35,propria,todas,maxdd,sharpe,450,0.036353500817484175,0.035026402689550956,1.037888507697912
FIRST_10a35,propria,todas,maxdd,sortino,450,0.02987661950469046,0.03479110813691278,0.8587429692413812
FIRST_10a35,propria,todas,maxdd,seq_ruim,450,0.06614784732349385,0.044363737347682675,1.4910341481171234
FIRST_10a35,propria,todas,maxdd,ppg_nao_piorando_ou_nada,450,0.005900121087590809,0.04142153341253966,0.14244091421793306
FIRST_10a35,propria,todas,maxdd,ACASO,450,0.028536369478547922,0.040811786725493154,0.6992188229956281
FIRST_10a35,propria,todas,maxdd,FIXO_RETROSPECTO,450,-0.01317326105977583,0.05924673632253238,-0.22234576750459506
FIRST_10a35,propria,todas,maxdd,BASE_V6_MOM,450,0.012706737668445206,0.05747162679544425,0.22109584114734793
FIRST_10a35,propria,todas,maxdd,FIXO_TUDO_INI,450,0.04258444653471362,0.061204497177758464,0.6957731620771926
FIRST_10a35,propria,todas,maxdd,FIXO_TUDO_INI_CALR,450,0.004079159052988393,0.059714963443811005,0.06831050071439282
FIRST_10a35,propria,todas,maxdd,FIXO_TUDO_MOM,450,0.07433322208209027,0.06143972436980725,1.2098560474437798
FIRST_10a35,propria,todas,maxdd,FIXO_V6E_INI,450,-0.01317326105977583,0.05924673632253238,-0.22234576750459506
FIRST_10a35,propria,todas,maxdd,FIXO_V6E_MOM,450,0.000707608256468678,0.056109571340829015,0.012611186283538325
FIRST_10a35,propria,todas,maxdd,FIXO_V6WR_INI,450,0.03361189040011204,0.05678281692797307,0.5919377061329573
FIRST_10a35,propria,todas,maxdd,FIXO_V6WR_MOM,450,0.009680459185346955,0.057498235955681626,0.16836097707081726
FIRST_10a35,propria,todas,maxdd,FIXO_V6_INI,450,0.03361189040011204,0.05678281692797307,0.5919377061329573
FIRST_10a35,propria,todas,maxdd,FIXO_V6_MOM,450,0.012706737668445206,0.05747162679544425,0.22109584114734793
FIRST_10a35,propria,todas,maxdd,FAVORITO,450,0.12833265950331338,0.07164300928299254,1.791279578952283
FIRST_10a35,propria,todas,maxdd,ZEBRA,450,0.06831874148883012,0.06856017080585822,0.9964785776611941
FIRST_10a35,propria,todas,maxdd,VIG_MERCADO,450,0.12454664617316341,0.05168559269080662,2.4096975518540713
FIRST_10a35,propria,todas,seq_ruim,sharpe,450,-0.029794346506009678,0.04527033404440479,-0.6581428464120672
FIRST_10a35,propria,todas,seq_ruim,sortino,450,-0.036271227818803375,0.04532043202948825,-0.8003283771699945
FIRST_10a35,propria,todas,seq_ruim,ACASO,450,-0.03761147784494593,0.045315175996684894,-0.8299973908894773
FIRST_10a35,propria,todas,seq_ruim,FIXO_RETROSPECTO,450,-0.07932110838326965,0.06346634787604913,-1.249813657754266
FIRST_10a35,propria,todas,seq_ruim,BASE_V6_MOM,450,-0.05344110965504865,0.06615556754612241,-0.8078097072901765
FIRST_10a35,propria,todas,seq_ruim,FIXO_TUDO_INI,450,-0.023563400788780248,0.06792057109911175,-0.3469258342129636
FIRST_10a35,propria,todas,seq_ruim,FIXO_TUDO_INI_CALR,450,-0.062068688270505434,0.06038329424692351,-1.0279115944997947
FIRST_10a35,propria,todas,seq_ruim,FIXO_TUDO_MOM,450,0.00818537475859641,0.06891969804197995,0.11876684012182677
FIRST_10a35,propria,todas,seq_ruim,FIXO_V6E_INI,450,-0.07932110838326965,0.06346634787604913,-1.249813657754266
FIRST_10a35,propria,todas,seq_ruim,FIXO_V6E_MOM,450,-0.06544023906702517,0.06046027498414869,-1.0823675394162882
FIRST_10a35,propria,todas,seq_ruim,FIXO_V6WR_INI,450,-0.03253595692338182,0.06656807575767751,-0.4887621664447668
FIRST_10a35,propria,todas,seq_ruim,FIXO_V6WR_MOM,450,-0.0564673881381469,0.06618493899452765,-0.8531757979381951
FIRST_10a35,propria,todas,seq_ruim,FIXO_V6_INI,450,-0.03253595692338182,0.06656807575767751,-0.4887621664447668
FIRST_10a35,propria,todas,seq_ruim,FIXO_V6_MOM,450,-0.05344110965504865,0.06615556754612241,-0.8078097072901765
FIRST_10a35,propria,todas,seq_ruim,FAVORITO,450,0.06218481217981953,0.0678771209453783,0.9161380346385132
FIRST_10a35,propria,todas,seq_ruim,ZEBRA,450,0.0021708941653362816,0.06734638424435983,0.032234754540932775
FIRST_10a35,propria,todas,seq_ruim,VIG_MERCADO,450,0.058398798849669586,0.045831506374303985,1.2742064023104336
FIRST_10a35,propria,todas,brier_com_roi>=0,bsskill_todas,450,0.04906026187199408,0.056656209671000525,0.8659291215717448
FIRST_10a35,propria,todas,brier_com_roi>=0,llskill_todas,450,-0.001837699656725565,0.049890241542717643,-0.03683485186480941
FIRST_10a35,propria,todas,brier_com_roi>=0,brier_todas,450,-0.005290208850029021,0.029649448066241806,-0.17842520502269768
FIRST_10a35,propria,todas,brier_com_roi>=0,ll_todas,450,-0.015171638957651301,0.033585511618931314,-0.45173166125298586
FIRST_10a35,propria,todas,brier_com_roi>=0,bsskill_entradas,450,0.038158171998021344,0.055597857977453834,0.6863244985714257
FIRST_10a35,propria,todas,brier_com_roi>=0,llskill_entradas,450,0.006542900888643746,0.05387398282614118,0.12144824914390673
FIRST_10a35,propria,todas,brier_com_roi>=0,brier_entradas,450,0.01437370797222447,0.03403132826849823,0.4223669396275013
FIRST_10a35,propria,todas,brier_com_roi>=0,ll_entradas,450,0.019443204149497694,0.03511246496858367,0.5537407916788012
FIRST_10a35,propria,todas,brier_com_roi>=0,ppg,450,-0.010011159812611829,0.05454148144306034,-0.18355129981321056
FIRST_10a35,propria,todas,brier_com_roi>=0,lucro,450,0.03356224978998955,0.05495205362787506,0.6107551506130557
FIRST_10a35,propria,todas,brier_com_roi>=0,roi,450,0.0011842852949535674,0.055594754506854374,0.021302104946026065
FIRST_10a35,propria,todas,brier_com_roi>=0,sharpe,450,0.02044221991728153,0.05750421804224555,0.35549079029756786
FIRST_10a35,propria,todas,brier_com_roi>=0,sortino,450,0.013965338604487825,0.05596723287127575,0.24952705159835234
FIRST_10a35,propria,todas,brier_com_roi>=0,calmar,450,-0.02006921956489212,0.05453786189486005,-0.3679869152843257
FIRST_10a35,propria,todas,brier_com_roi>=0,maxdd,450,-0.01591128090020263,0.054215422782055704,-0.2934825568762136
FIRST_10a35,propria,todas,brier_com_roi>=0,seq_ruim,450,0.050236566423291204,0.04485676942670723,1.1199327786048923
FIRST_10a35,propria,todas,brier_com_roi>=0,bsskill_t_ppg>=1_relaxar,450,0.010720686410567382,0.058420229386509606,0.18350983080944563
FIRST_10a35,propria,todas,brier_com_roi>=0,ppg_nao_piorando_ou_nada,450,-0.010011159812611829,0.05454148144306034,-0.18355129981321056
FIRST_10a35,propria,todas,brier_com_roi>=0,funcao_menor_vol,450,-0.04169678886826232,0.05578912240854544,-0.7473999781340074
FIRST_10a35,propria,todas,brier_com_roi>=0,ACASO,450,0.012625088578345288,0.03889869201303251,0.3245633188415542
FIRST_10a35,propria,todas,brier_com_roi>=0,FIXO_RETROSPECTO,450,-0.02908454195997848,0.0589392670607201,-0.4934662986225322
FIRST_10a35,propria,todas,brier_com_roi>=0,BASE_V6_MOM,450,-0.0032045432317574342,0.05691518382294514,-0.05630383698182022
FIRST_10a35,propria,todas,brier_com_roi>=0,FIXO_TUDO_INI,450,0.02667316563451096,0.05388330283513542,0.4950172730896206
FIRST_10a35,propria,todas,brier_com_roi>=0,FIXO_TUDO_INI_CALR,450,-0.011832121847214258,0.05719114573955466,-0.206887302120106
FIRST_10a35,propria,todas,brier_com_roi>=0,FIXO_TUDO_MOM,450,0.05842194118188763,0.061835919301825346,0.9447897248317138
FIRST_10a35,propria,todas,brier_com_roi>=0,FIXO_V6E_INI,450,-0.02908454195997848,0.0589392670607201,-0.4934662986225322
FIRST_10a35,propria,todas,brier_com_roi>=0,FIXO_V6E_MOM,450,-0.015203672643733974,0.05436315716922346,-0.2796686843703259
FIRST_10a35,propria,todas,brier_com_roi>=0,FIXO_V6WR_INI,450,0.017700609499909405,0.05325487603224497,0.33237537703011405
FIRST_10a35,propria,todas,brier_com_roi>=0,FIXO_V6WR_MOM,450,-0.006230821714855689,0.056842370826261805,-0.10961579582773102
FIRST_10a35,propria,todas,brier_com_roi>=0,FIXO_V6_INI,450,0.017700609499909405,0.05325487603224497,0.33237537703011405
FIRST_10a35,propria,todas,brier_com_roi>=0,FIXO_V6_MOM,450,-0.0032045432317574342,0.05691518382294514,-0.05630383698182022
FIRST_10a35,propria,todas,brier_com_roi>=0,FAVORITO,450,0.11242137860311072,0.07471101196660344,1.5047497770926217
FIRST_10a35,propria,todas,brier_com_roi>=0,ZEBRA,450,0.05240746058862748,0.06232903040841317,0.8408194423244795
FIRST_10a35,propria,todas,brier_com_roi>=0,VIG_MERCADO,450,0.10863536527296076,0.049971325764048224,2.1739540348781032
FIRST_10a35,propria,todas,bsskill_t_ppg>=1_relaxar,bsskill_todas,450,0.0383395754614267,0.027290298436995968,1.4048793035349088
FIRST_10a35,propria,todas,bsskill_t_ppg>=1_relaxar,llskill_todas,450,-0.01255838606729294,0.038260842880922866,-0.32823077385873906
FIRST_10a35,propria,todas,bsskill_t_ppg>=1_relaxar,ll_todas,450,-0.02589232536821868,0.05338959389600517,-0.484969513322259
FIRST_10a35,propria,todas,bsskill_t_ppg>=1_relaxar,llskill_entradas,450,-0.004177785521923638,0.03693942775880891,-0.11309827399606551
FIRST_10a35,propria,todas,bsskill_t_ppg>=1_relaxar,ll_entradas,450,0.008722517738930314,0.05121524737329665,0.1703109559415735
FIRST_10a35,propria,todas,bsskill_t_ppg>=1_relaxar,ppg,450,-0.020731846223179206,0.035964837927532196,-0.5764476476983742
FIRST_10a35,propria,todas,bsskill_t_ppg>=1_relaxar,lucro,450,0.022841563379422176,0.05063083708394175,0.45113935883684386
FIRST_10a35,propria,todas,bsskill_t_ppg>=1_relaxar,roi,450,-0.009536401115613808,0.03517939355568699,-0.2710791787959114
FIRST_10a35,propria,todas,bsskill_t_ppg>=1_relaxar,sharpe,450,0.009721533506714156,0.03359708380242773,0.2893564680757107
FIRST_10a35,propria,todas,bsskill_t_ppg>=1_relaxar,sortino,450,0.0032446521939204507,0.03492020814995159,0.09291617564212454
FIRST_10a35,propria,todas,bsskill_t_ppg>=1_relaxar,calmar,450,-0.030789905975459494,0.029832250376443686,-1.0321013529630334
FIRST_10a35,propria,todas,bsskill_t_ppg>=1_relaxar,maxdd,450,-0.02663196731077001,0.04735084384875996,-0.5624391277129785
FIRST_10a35,propria,todas,bsskill_t_ppg>=1_relaxar,seq_ruim,450,0.039515880012723825,0.04744089049429342,0.832949795018648
FIRST_10a35,propria,todas,bsskill_t_ppg>=1_relaxar,ppg_nao_piorando_ou_nada,450,-0.020731846223179206,0.035964837927532196,-0.5764476476983742
FIRST_10a35,propria,todas,bsskill_t_ppg>=1_relaxar,funcao_menor_vol,450,-0.05241747527882972,0.06995632500461792,-0.7492885779144283
FIRST_10a35,propria,todas,bsskill_t_ppg>=1_relaxar,ACASO,450,0.001904402167777908,0.050591244890824554,0.03764291967686485
FIRST_10a35,propria,todas,bsskill_t_ppg>=1_relaxar,FIXO_RETROSPECTO,450,-0.03980522837054586,0.07024527395020662,-0.5666605898463974
FIRST_10a35,propria,todas,bsskill_t_ppg>=1_relaxar,BASE_V6_MOM,450,-0.013925229642324835,0.07026586353990531,-0.1981791575708229
FIRST_10a35,propria,todas,bsskill_t_ppg>=1_relaxar,FIXO_TUDO_INI,450,0.015952479223943588,0.0776102510036902,0.20554603312885925
FIRST_10a35,propria,todas,bsskill_t_ppg>=1_relaxar,FIXO_TUDO_INI_CALR,450,-0.022552808257781616,0.056923267182262934,-0.39619665866278636
FIRST_10a35,propria,todas,bsskill_t_ppg>=1_relaxar,FIXO_TUDO_MOM,450,0.047701254771320235,0.07719470757587059,0.6179342634912789
FIRST_10a35,propria,todas,bsskill_t_ppg>=1_relaxar,FIXO_V6E_INI,450,-0.03980522837054586,0.07024527395020662,-0.5666605898463974
FIRST_10a35,propria,todas,bsskill_t_ppg>=1_relaxar,FIXO_V6E_MOM,450,-0.02592435905430134,0.07151953216282537,-0.3624794272322768
FIRST_10a35,propria,todas,bsskill_t_ppg>=1_relaxar,FIXO_V6WR_INI,450,0.006979923089342009,0.07210083001238538,0.0968078049606781
FIRST_10a35,propria,todas,bsskill_t_ppg>=1_relaxar,FIXO_V6WR_MOM,450,-0.016951508125423086,0.07053113518945885,-0.24034078113004134
FIRST_10a35,propria,todas,bsskill_t_ppg>=1_relaxar,FIXO_V6_INI,450,0.006979923089342009,0.07210083001238538,0.0968078049606781
FIRST_10a35,propria,todas,bsskill_t_ppg>=1_relaxar,FIXO_V6_MOM,450,-0.013925229642324835,0.07026586353990531,-0.1981791575708229
FIRST_10a35,propria,todas,bsskill_t_ppg>=1_relaxar,FAVORITO,450,0.10170069219254337,0.07665447307059199,1.3267417819033995
FIRST_10a35,propria,todas,bsskill_t_ppg>=1_relaxar,ZEBRA,450,0.041686774178060104,0.0652654813253755,0.6387262199176045
FIRST_10a35,propria,todas,bsskill_t_ppg>=1_relaxar,VIG_MERCADO,450,0.09791467886239341,0.05260301582651833,1.8613890729252158
FIRST_10a35,propria,todas,ppg_nao_piorando_ou_nada,roi,450,0.01119544510756539,0.032963516965440136,0.33963139064630166
FIRST_10a35,propria,todas,ppg_nao_piorando_ou_nada,sharpe,450,0.030453379729893364,0.03367764919067611,0.90426085138759
FIRST_10a35,propria,todas,ppg_nao_piorando_ou_nada,sortino,450,0.02397649841709965,0.03248185599753333,0.7381505052827161
FIRST_10a35,propria,todas,ppg_nao_piorando_ou_nada,seq_ruim,450,0.06024772623590302,0.04222029312337119,1.4269850296835738
FIRST_10a35,propria,todas,ppg_nao_piorando_ou_nada,ACASO,450,0.022636248390957098,0.04158767922381271,0.5443017935464838
FIRST_10a35,propria,todas,ppg_nao_piorando_ou_nada,FIXO_RETROSPECTO,450,-0.01907338214736664,0.056559652011229915,-0.3372259458664919
FIRST_10a35,propria,todas,ppg_nao_piorando_ou_nada,BASE_V6_MOM,450,0.006806616580854378,0.0572526711735768,0.11888731899020569
FIRST_10a35,propria,todas,ppg_nao_piorando_ou_nada,FIXO_TUDO_INI,450,0.036684325447122794,0.06570389265566104,0.5583280375696595
FIRST_10a35,propria,todas,ppg_nao_piorando_ou_nada,FIXO_TUDO_INI_CALR,450,-0.0018209620346024142,0.052143061360604426,-0.034922422793883044
FIRST_10a35,propria,todas,ppg_nao_piorando_ou_nada,FIXO_TUDO_MOM,450,0.06843310099449944,0.06638314119611541,1.030880729074387
FIRST_10a35,propria,todas,ppg_nao_piorando_ou_nada,FIXO_V6E_INI,450,-0.01907338214736664,0.056559652011229915,-0.3372259458664919
FIRST_10a35,propria,todas,ppg_nao_piorando_ou_nada,FIXO_V6E_MOM,450,-0.005192512831122124,0.0545025068025896,-0.09527108266652076
FIRST_10a35,propria,todas,ppg_nao_piorando_ou_nada,FIXO_V6WR_INI,450,0.027711769312521225,0.060186084379981554,0.4604348263888457
FIRST_10a35,propria,todas,ppg_nao_piorando_ou_nada,FIXO_V6WR_MOM,450,0.003780338097756122,0.05749662611261775,0.06574886829623068
FIRST_10a35,propria,todas,ppg_nao_piorando_ou_nada,FIXO_V6_INI,450,0.027711769312521225,0.060186084379981554,0.4604348263888457
FIRST_10a35,propria,todas,ppg_nao_piorando_ou_nada,FIXO_V6_MOM,450,0.006806616580854378,0.0572526711735768,0.11888731899020569
FIRST_10a35,propria,todas,ppg_nao_piorando_ou_nada,FAVORITO,450,0.12243253841572257,0.07579856483330474,1.6152355745121914
FIRST_10a35,propria,todas,ppg_nao_piorando_ou_nada,ZEBRA,450,0.06241862040123932,0.05922607372189139,1.0539044120050776
FIRST_10a35,propria,todas,ppg_nao_piorando_ou_nada,VIG_MERCADO,450,0.11864652508557261,0.051617407768791604,2.298575814132756
FIRST_10a35,propria,todas,funcao_menor_vol,llskill_todas,450,0.039859089211536754,0.07146354370624591,0.5577541658916233
FIRST_10a35,propria,todas,funcao_menor_vol,ll_todas,450,0.02652514991061103,0.054644511257687566,0.48541288594432047
FIRST_10a35,propria,todas,funcao_menor_vol,llskill_entradas,450,0.048239689756906075,0.06442309549893008,0.7487949683775631
FIRST_10a35,propria,todas,funcao_menor_vol,ll_entradas,450,0.061139993017760026,0.05502348259416488,1.1111618191946975
FIRST_10a35,propria,todas,funcao_menor_vol,ppg,450,0.03168562905565051,0.06128477966650195,0.517022811015665
FIRST_10a35,propria,todas,funcao_menor_vol,lucro,450,0.07525903865825186,0.06061754256755122,1.2415389253760063
FIRST_10a35,propria,todas,funcao_menor_vol,roi,450,0.04288107416321591,0.06037811375884011,0.7102089067321614
FIRST_10a35,propria,todas,funcao_menor_vol,sharpe,450,0.062139008785543855,0.06238166208235021,0.9961101822441661
FIRST_10a35,propria,todas,funcao_menor_vol,sortino,450,0.05566212747275017,0.06137688818277997,0.906890673684673
FIRST_10a35,propria,todas,funcao_menor_vol,maxdd,450,0.025785507968059684,0.05824220971343313,0.4427288747273002
FIRST_10a35,propria,todas,funcao_menor_vol,seq_ruim,450,0.09193335529155353,0.06385468741694442,1.4397275910422542
FIRST_10a35,propria,todas,funcao_menor_vol,ppg_nao_piorando_ou_nada,450,0.03168562905565051,0.06128477966650195,0.517022811015665
FIRST_10a35,propria,todas,funcao_menor_vol,ACASO,450,0.054321877446607617,0.04200574586413921,1.2932011163973363
FIRST_10a35,propria,todas,funcao_menor_vol,FIXO_RETROSPECTO,450,0.012612246908283846,0.06544113640266294,0.19272658761119293
FIRST_10a35,propria,todas,funcao_menor_vol,BASE_V6_MOM,450,0.038492245636504906,0.052864349170610586,0.7281324037921626
FIRST_10a35,propria,todas,funcao_menor_vol,FIXO_TUDO_INI,450,0.06836995450277329,0.0520439492882973,1.313696509156869
FIRST_10a35,propria,todas,funcao_menor_vol,FIXO_TUDO_INI_CALR,450,0.029864667021048074,0.07571310535806815,0.394445147637385
FIRST_10a35,propria,todas,funcao_menor_vol,FIXO_TUDO_MOM,450,0.10011873005014997,0.06170200253234185,1.6226171913573069
FIRST_10a35,propria,todas,funcao_menor_vol,FIXO_V6E_INI,450,0.012612246908283846,0.06544113640266294,0.19272658761119293
FIRST_10a35,propria,todas,funcao_menor_vol,FIXO_V6E_MOM,450,0.02649311622452837,0.05901577078557092,0.44891587234857927
FIRST_10a35,propria,todas,funcao_menor_vol,FIXO_V6WR_INI,450,0.05939739836817171,0.06223009655370138,0.9544802540506233
FIRST_10a35,propria,todas,funcao_menor_vol,FIXO_V6WR_MOM,450,0.035465967153406656,0.05319434697876354,0.6667243639171945
FIRST_10a35,propria,todas,funcao_menor_vol,FIXO_V6_INI,450,0.05939739836817171,0.06223009655370138,0.9544802540506233
FIRST_10a35,propria,todas,funcao_menor_vol,FIXO_V6_MOM,450,0.038492245636504906,0.052864349170610586,0.7281324037921626
FIRST_10a35,propria,todas,funcao_menor_vol,FAVORITO,450,0.15411816747137308,0.07015484852228925,2.196828454734778
FIRST_10a35,propria,todas,funcao_menor_vol,ZEBRA,450,0.09410424945688978,0.07999316263089044,1.1764036620368619
FIRST_10a35,propria,todas,funcao_menor_vol,VIG_MERCADO,450,0.1503321541412231,0.05548994290515286,2.7091783892836387
FIRST_10a35,propria,so_INI,bsskill_todas,llskill_todas,450,-0.029135925939036415,0.03795614431609351,-0.767620801954921
FIRST_10a35,propria,so_INI,bsskill_todas,ll_todas,450,-0.048772337048103506,0.05032729780974278,-0.9691030349470054
FIRST_10a35,propria,so_INI,bsskill_todas,llskill_entradas,450,-0.027244627394875008,0.047188293242349015,-0.5773598815060423
FIRST_10a35,propria,so_INI,bsskill_todas,ll_entradas,450,-0.02706133122947005,0.05194225392770024,-0.520988774710035
FIRST_10a35,propria,so_INI,bsskill_todas,ppg,450,-0.06747602671501368,0.04060606671542202,-1.6617227959532104
FIRST_10a35,propria,so_INI,bsskill_todas,lucro,450,-0.032213562269116154,0.05678956006758209,-0.5672444412455492
FIRST_10a35,propria,so_INI,bsskill_todas,roi,450,-0.03353489543650026,0.04661063294384333,-0.7194687846634314
FIRST_10a35,propria,so_INI,bsskill_todas,sharpe,450,-0.02590842802116146,0.045381918137641766,-0.5708975972012048
FIRST_10a35,propria,so_INI,bsskill_todas,sortino,450,-0.032641796164218875,0.04559188489460124,-0.7159562768611076
FIRST_10a35,propria,so_INI,bsskill_todas,calmar,450,-0.05239329675457168,0.03716579693664004,-1.4097181030152903
FIRST_10a35,propria,so_INI,bsskill_todas,maxdd,450,-0.05062027326711999,0.05712698949490627,-0.886100838057177
FIRST_10a35,propria,so_INI,bsskill_todas,seq_ruim,450,-0.011228975234886142,0.06880018419282183,-0.16321141239121423
FIRST_10a35,propria,so_INI,bsskill_todas,ppg_nao_piorando_ou_nada,450,-0.06747602671501368,0.04060606671542202,-1.6617227959532104
FIRST_10a35,propria,so_INI,bsskill_todas,funcao_menor_vol,450,-0.08056634742729651,0.07822505699387414,-1.0299301850761928
FIRST_10a35,propria,so_INI,bsskill_todas,ACASO,450,-0.019532721377126385,0.05398935449514796,-0.36178838513214295
FIRST_10a35,propria,so_INI,bsskill_todas,FIXO_RETROSPECTO,450,-0.0608542242542978,0.07452267029330514,-0.8165867381669056
FIRST_10a35,propria,so_INI,bsskill_todas,BASE_V6_MOM,450,-0.03497422552607678,0.07764836590572781,-0.45041804960246906
FIRST_10a35,propria,so_INI,bsskill_todas,FIXO_TUDO_INI,450,-0.005096516659808369,0.0822648788001893,-0.06195252134494898
FIRST_10a35,propria,so_INI,bsskill_todas,FIXO_TUDO_INI_CALR,450,-0.043601804141533564,0.05662470203537436,-0.7700138380294667
FIRST_10a35,propria,so_INI,bsskill_todas,FIXO_V6E_INI,450,-0.0608542242542978,0.07452267029330514,-0.8165867381669056
FIRST_10a35,propria,so_INI,bsskill_todas,FIXO_V6WR_INI,450,-0.014069072794409939,0.07810408092649586,-0.180132364756336
FIRST_10a35,propria,so_INI,bsskill_todas,FIXO_V6_INI,450,-0.014069072794409939,0.07810408092649586,-0.180132364756336
FIRST_10a35,propria,so_INI,bsskill_todas,FAVORITO,450,0.0806516963087914,0.07803241921000181,1.0335665243408712
FIRST_10a35,propria,so_INI,bsskill_todas,ZEBRA,450,0.020637778294308164,0.06569634965579413,0.3141388890316831
FIRST_10a35,propria,so_INI,bsskill_todas,VIG_MERCADO,450,0.07686568297864145,0.05332765825316983,1.4413849303812718
FIRST_10a35,propria,so_INI,llskill_todas,ppg,450,-0.038340100775977264,0.03887110981002139,-0.9863392366042704
FIRST_10a35,propria,so_INI,llskill_todas,lucro,450,-0.003077636330079719,0.058079543208627495,-0.05299002299354427
FIRST_10a35,propria,so_INI,llskill_todas,roi,450,-0.00439896949746384,0.03696121333097028,-0.11901583040776118
FIRST_10a35,propria,so_INI,llskill_todas,sharpe,450,0.0032274979178749637,0.037763592091766024,0.08546586114033065
FIRST_10a35,propria,so_INI,llskill_todas,sortino,450,-0.003505870225182451,0.03599584824222819,-0.09739651644240382
FIRST_10a35,propria,so_INI,llskill_todas,maxdd,450,-0.021484347328083568,0.04714429250770475,-0.45571470448034407
FIRST_10a35,propria,so_INI,llskill_todas,seq_ruim,450,0.017906950704150278,0.058916269235982,0.30393897876367815
FIRST_10a35,propria,so_INI,llskill_todas,ppg_nao_piorando_ou_nada,450,-0.038340100775977264,0.03887110981002139,-0.9863392366042704
FIRST_10a35,propria,so_INI,llskill_todas,ACASO,450,0.009603204561910038,0.04331523840459801,0.22170499149072298
FIRST_10a35,propria,so_INI,llskill_todas,FIXO_RETROSPECTO,450,-0.031718298315261385,0.06403337578741128,-0.4953400929628496
FIRST_10a35,propria,so_INI,llskill_todas,BASE_V6_MOM,450,-0.005838299587040348,0.0643545817842927,-0.09072080689778217
FIRST_10a35,propria,so_INI,llskill_todas,FIXO_TUDO_INI,450,0.024039409279228055,0.06528555384070464,0.3682194278060917
FIRST_10a35,propria,so_INI,llskill_todas,FIXO_TUDO_INI_CALR,450,-0.014465878202497156,0.05020247068837037,-0.28815072254697305
FIRST_10a35,propria,so_INI,llskill_todas,FIXO_V6E_INI,450,-0.031718298315261385,0.06403337578741128,-0.4953400929628496
FIRST_10a35,propria,so_INI,llskill_todas,FIXO_V6WR_INI,450,0.015066853144626484,0.06154831698392316,0.2447971590931081
FIRST_10a35,propria,so_INI,llskill_todas,FIXO_V6_INI,450,0.015066853144626484,0.06154831698392316,0.2447971590931081
FIRST_10a35,propria,so_INI,llskill_todas,FAVORITO,450,0.10978762224782786,0.08161003292859088,1.345271142628903
FIRST_10a35,propria,so_INI,llskill_todas,ZEBRA,450,0.04977370423334457,0.05773396751959405,0.8621216654901139
FIRST_10a35,propria,so_INI,llskill_todas,VIG_MERCADO,450,0.10600160891767786,0.054227300494587544,1.9547646287179268
FIRST_10a35,propria,so_INI,brier_todas,bsskill_todas,450,0.036247149062295925,0.04932444590623078,0.7348718955952245
FIRST_10a35,propria,so_INI,brier_todas,llskill_todas,450,0.0071112231232595136,0.04196019879894534,0.16947543926884953
FIRST_10a35,propria,so_INI,brier_todas,ll_todas,450,-0.012525187985807583,0.01246569552667287,-1.0047724941626737
FIRST_10a35,propria,so_INI,brier_todas,bsskill_entradas,450,0.03691658960700232,0.05513371819839342,0.6695828036513246
FIRST_10a35,propria,so_INI,brier_todas,llskill_entradas,450,0.00900252166742093,0.05460873497466064,0.16485497551990994
FIRST_10a35,propria,so_INI,brier_todas,ll_entradas,450,0.009185817832825873,0.01781210171636884,0.5157065673156557
FIRST_10a35,propria,so_INI,brier_todas,ppg,450,-0.031228877652717764,0.04807584177917113,-0.6495752647694186
FIRST_10a35,propria,so_INI,brier_todas,lucro,450,0.00403358679317979,0.05035203770594407,0.0801077171242987
FIRST_10a35,propria,so_INI,brier_todas,roi,450,0.0027122536257956713,0.052840799657150356,0.05132877706987261
FIRST_10a35,propria,so_INI,brier_todas,sharpe,450,0.010338721041134483,0.05371979188287226,0.19245646118057333
FIRST_10a35,propria,so_INI,brier_todas,sortino,450,0.003605352898077064,0.052571183259513564,0.06858040231431581
FIRST_10a35,propria,so_INI,brier_todas,calmar,450,-0.016146147692275754,0.053817478482574975,-0.3000168002576255
FIRST_10a35,propria,so_INI,brier_todas,maxdd,450,-0.014373124204824048,0.0533590937092209,-0.26936597317694416
FIRST_10a35,propria,so_INI,brier_todas,seq_ruim,450,0.025018173827409795,0.05354593012173929,0.46722829859393145
FIRST_10a35,propria,so_INI,brier_todas,bsskill_t_ppg>=1_relaxar,450,0.011619811514753546,0.05258191239370098,0.22098495444120694
FIRST_10a35,propria,so_INI,brier_todas,ppg_nao_piorando_ou_nada,450,-0.031228877652717764,0.04807584177917113,-0.6495752647694186
FIRST_10a35,propria,so_INI,brier_todas,funcao_menor_vol,450,-0.04431919836500057,0.05216126312840233,-0.8496573071074331
FIRST_10a35,propria,so_INI,brier_todas,ACASO,450,0.016714427685169547,0.03388357448434297,0.4932899772098426
FIRST_10a35,propria,so_INI,brier_todas,FIXO_RETROSPECTO,450,-0.024607075192001858,0.05657023649841421,-0.4349827173286018
FIRST_10a35,propria,so_INI,brier_todas,BASE_V6_MOM,450,0.0012729235362191707,0.05688968970672646,0.022375294060861507
FIRST_10a35,propria,so_INI,brier_todas,FIXO_TUDO_INI,450,0.03115063240248758,0.05373790312139049,0.5796771104395401
FIRST_10a35,propria,so_INI,brier_todas,FIXO_TUDO_INI_CALR,450,-0.007354655079237645,0.04905083988507875,-0.1499394321579176
FIRST_10a35,propria,so_INI,brier_todas,FIXO_V6E_INI,450,-0.024607075192001858,0.05657023649841421,-0.4349827173286018
FIRST_10a35,propria,so_INI,brier_todas,FIXO_V6WR_INI,450,0.022178076267886,0.05592636088852656,0.3965585444061298
FIRST_10a35,propria,so_INI,brier_todas,FIXO_V6_INI,450,0.022178076267886,0.05592636088852656,0.3965585444061298
FIRST_10a35,propria,so_INI,brier_todas,FAVORITO,450,0.11689884537108733,0.0741247635808944,1.577055220466402
FIRST_10a35,propria,so_INI,brier_todas,ZEBRA,450,0.0568849273566041,0.05741413829380503,0.9907825676231036
FIRST_10a35,propria,so_INI,brier_todas,VIG_MERCADO,450,0.11311283204093737,0.045317468706760816,2.496009491899584
FIRST_10a35,propria,so_INI,ll_todas,llskill_todas,450,0.01963641110906709,0.04296913049399885,0.4569887936598938
FIRST_10a35,propria,so_INI,ll_todas,llskill_entradas,450,0.021527709653228512,0.0539605696475942,0.3989526017575745
FIRST_10a35,propria,so_INI,ll_todas,ppg,450,-0.018703689666910186,0.044959090966950645,-0.41601574374933953
FIRST_10a35,propria,so_INI,ll_todas,lucro,450,0.016558774778987366,0.04718138288437597,0.35095992882546
FIRST_10a35,propria,so_INI,ll_todas,roi,450,0.015237441611603255,0.052203894126802965,0.2918832371890035
FIRST_10a35,propria,so_INI,ll_todas,sharpe,450,0.022863909026942075,0.05305238285646201,0.43096855967435876
FIRST_10a35,propria,so_INI,ll_todas,sortino,450,0.016130540883884655,0.05192605815823758,0.31064443279574644
FIRST_10a35,propria,so_INI,ll_todas,maxdd,450,-0.001847936219016465,0.05283234857768811,-0.03497736270987726
FIRST_10a35,propria,so_INI,ll_todas,seq_ruim,450,0.03754336181321738,0.05109831585535012,0.734727968716145
FIRST_10a35,propria,so_INI,ll_todas,ppg_nao_piorando_ou_nada,450,-0.018703689666910186,0.044959090966950645,-0.41601574374933953
FIRST_10a35,propria,so_INI,ll_todas,ACASO,450,0.02923961567097713,0.03296780612179528,0.8869142084540041
FIRST_10a35,propria,so_INI,ll_todas,FIXO_RETROSPECTO,450,-0.012081887206194285,0.05370373150882006,-0.22497295563549452
FIRST_10a35,propria,so_INI,ll_todas,BASE_V6_MOM,450,0.013798111522026748,0.05630030176470468,0.24508059618744257
FIRST_10a35,propria,so_INI,ll_todas,FIXO_TUDO_INI,450,0.043675820388295164,0.05488199414172676,0.7958132912500797
FIRST_10a35,propria,so_INI,ll_todas,FIXO_TUDO_INI_CALR,450,0.005170532906569937,0.050513198492802516,0.10236003778906759
FIRST_10a35,propria,so_INI,ll_todas,FIXO_V6E_INI,450,-0.012081887206194285,0.05370373150882006,-0.22497295563549452
FIRST_10a35,propria,so_INI,ll_todas,FIXO_V6WR_INI,450,0.034703264253693585,0.05391604646039819,0.6436537270807391
FIRST_10a35,propria,so_INI,ll_todas,FIXO_V6_INI,450,0.034703264253693585,0.05391604646039819,0.6436537270807391
FIRST_10a35,propria,so_INI,ll_todas,FAVORITO,450,0.1294240333568949,0.07476578277368001,1.731059698106396
FIRST_10a35,propria,so_INI,ll_todas,ZEBRA,450,0.06941011534241166,0.05655094689693851,1.2273908599427767
FIRST_10a35,propria,so_INI,ll_todas,VIG_MERCADO,450,0.12563802002674496,0.046430664072331485,2.7059276996560118
FIRST_10a35,propria,so_INI,bsskill_entradas,bsskill_todas,450,-0.0006694405447063979,0.05249119653177618,-0.012753387023691562
FIRST_10a35,propria,so_INI,bsskill_entradas,llskill_todas,450,-0.02980536648374281,0.04332161307841354,-0.6880022318142706
FIRST_10a35,propria,so_INI,bsskill_entradas,ll_todas,450,-0.0494417775928099,0.05434410413784497,-0.9097910137114374
FIRST_10a35,propria,so_INI,bsskill_entradas,llskill_entradas,450,-0.0279140679395814,0.023962661384601947,-1.164898484836854
FIRST_10a35,propria,so_INI,bsskill_entradas,ll_entradas,450,-0.027730771774176443,0.05480354322857426,-0.5060032643969227
FIRST_10a35,propria,so_INI,bsskill_entradas,ppg,450,-0.06814546725972008,0.03450880768753875,-1.9747267966122064
FIRST_10a35,propria,so_INI,bsskill_entradas,lucro,450,-0.03288300281382254,0.04635317473014833,-0.7094013086537366
FIRST_10a35,propria,so_INI,bsskill_entradas,roi,450,-0.03420433598120665,0.0301913278526831,-1.1329192325725057
FIRST_10a35,propria,so_INI,bsskill_entradas,sharpe,450,-0.026577868565867843,0.03233829864659661,-0.8218697234606986
FIRST_10a35,propria,so_INI,bsskill_entradas,sortino,450,-0.03331123670892527,0.03043796297313958,-1.0943977012627701
FIRST_10a35,propria,so_INI,bsskill_entradas,calmar,450,-0.053062737299278066,0.03235737737963744,-1.6398961101424292
FIRST_10a35,propria,so_INI,bsskill_entradas,maxdd,450,-0.051289713811826385,0.036346794312362526,-1.4111206994224899
FIRST_10a35,propria,so_INI,bsskill_entradas,seq_ruim,450,-0.011898415779592532,0.05495746483712286,-0.21650226797862313
FIRST_10a35,propria,so_INI,bsskill_entradas,bsskill_t_ppg>=1_relaxar,450,-0.025296778092248774,0.0418638681993586,-0.6042627970206621
FIRST_10a35,propria,so_INI,bsskill_entradas,ppg_nao_piorando_ou_nada,450,-0.06814546725972008,0.03450880768753875,-1.9747267966122064
FIRST_10a35,propria,so_INI,bsskill_entradas,funcao_menor_vol,450,-0.08123578797200288,0.06021976694962017,-1.3489887471661044
FIRST_10a35,propria,so_INI,bsskill_entradas,ACASO,450,-0.020202161921832777,0.0357705159087526,-0.564771332159891
FIRST_10a35,propria,so_INI,bsskill_entradas,FIXO_RETROSPECTO,450,-0.06152366479900421,0.054323513459925234,-1.1325420776472892
FIRST_10a35,propria,so_INI,bsskill_entradas,BASE_V6_MOM,450,-0.035643666070783175,0.05295856833437816,-0.6730481429507417
FIRST_10a35,propria,so_INI,bsskill_entradas,FIXO_TUDO_INI,450,-0.00576595720451476,0.061133040788139484,-0.09431818097347812
FIRST_10a35,propria,so_INI,bsskill_entradas,FIXO_TUDO_INI_CALR,450,-0.04427124468623997,0.060004100419485354,-0.7378036563625175
FIRST_10a35,propria,so_INI,bsskill_entradas,FIXO_V6E_INI,450,-0.06152366479900421,0.054323513459925234,-1.1325420776472892
FIRST_10a35,propria,so_INI,bsskill_entradas,FIXO_V6WR_INI,450,-0.014738513339116337,0.052158013973372906,-0.28257428180912847
FIRST_10a35,propria,so_INI,bsskill_entradas,FIXO_V6_INI,450,-0.014738513339116337,0.052158013973372906,-0.28257428180912847
FIRST_10a35,propria,so_INI,bsskill_entradas,FAVORITO,450,0.07998225576408502,0.070780246602747,1.130008153446881
FIRST_10a35,propria,so_INI,bsskill_entradas,ZEBRA,450,0.01996833774960177,0.06598545175053973,0.3026172772915575
FIRST_10a35,propria,so_INI,bsskill_entradas,VIG_MERCADO,450,0.07619624243393505,0.050279778829439355,1.5154450597805997
FIRST_10a35,propria,so_INI,llskill_entradas,llskill_todas,450,-0.0018912985441614124,0.04159850623194222,-0.045465539882995655
FIRST_10a35,propria,so_INI,llskill_entradas,ppg,450,-0.040231399320138694,0.03516203581098725,-1.1441715017981808
FIRST_10a35,propria,so_INI,llskill_entradas,lucro,450,-0.004968934874241139,0.04902018515000121,-0.10136507765191533
FIRST_10a35,propria,so_INI,llskill_entradas,roi,450,-0.006290268041625254,0.029246121291923766,-0.21508041968499578
FIRST_10a35,propria,so_INI,llskill_entradas,sharpe,450,0.0013361993737135572,0.03092886727080712,0.04320233786818174
FIRST_10a35,propria,so_INI,llskill_entradas,sortino,450,-0.005397168769343861,0.03035253612155617,-0.17781607269090202
FIRST_10a35,propria,so_INI,llskill_entradas,maxdd,450,-0.02337564587224497,0.03231932107750063,-0.7232715630440061
FIRST_10a35,propria,so_INI,llskill_entradas,seq_ruim,450,0.01601565215998886,0.05447050998430672,0.2940242741366487
FIRST_10a35,propria,so_INI,llskill_entradas,ppg_nao_piorando_ou_nada,450,-0.040231399320138694,0.03516203581098725,-1.1441715017981808
FIRST_10a35,propria,so_INI,llskill_entradas,ACASO,450,0.007711906017748624,0.03912925198991265,0.19708800003988627
FIRST_10a35,propria,so_INI,llskill_entradas,FIXO_RETROSPECTO,450,-0.033609596859422795,0.06070513193585755,-0.5536533038909376
FIRST_10a35,propria,so_INI,llskill_entradas,BASE_V6_MOM,450,-0.007729598131201774,0.057503002467981554,-0.13442077455878446
FIRST_10a35,propria,so_INI,llskill_entradas,FIXO_TUDO_INI,450,0.02214811073506664,0.06664718652972516,0.3323187652518297
FIRST_10a35,propria,so_INI,llskill_entradas,FIXO_TUDO_INI_CALR,450,-0.016357176746658576,0.059825928146545,-0.27341283709951464
FIRST_10a35,propria,so_INI,llskill_entradas,FIXO_V6E_INI,450,-0.033609596859422795,0.06070513193585755,-0.5536533038909376
FIRST_10a35,propria,so_INI,llskill_entradas,FIXO_V6WR_INI,450,0.013175554600465074,0.05747051827050628,0.2292576262919615
FIRST_10a35,propria,so_INI,llskill_entradas,FIXO_V6_INI,450,0.013175554600465074,0.05747051827050628,0.2292576262919615
FIRST_10a35,propria,so_INI,llskill_entradas,FAVORITO,450,0.10789632370366642,0.0684355876222849,1.5766113429050443
FIRST_10a35,propria,so_INI,llskill_entradas,ZEBRA,450,0.04788240568918318,0.0676283331309338,0.7080228577640536
FIRST_10a35,propria,so_INI,llskill_entradas,VIG_MERCADO,450,0.10411031037351645,0.04809676130627658,2.1646012651569153
FIRST_10a35,propria,so_INI,brier_entradas,bsskill_todas,450,0.03184183861756559,0.05367766440658183,0.5932046218773487
FIRST_10a35,propria,so_INI,brier_entradas,llskill_todas,450,0.002705912678529183,0.047615969938048584,0.056827839106286145
FIRST_10a35,propria,so_INI,brier_entradas,brier_todas,450,-0.00440531044473033,0.01924309026323226,-0.22892946945987927
FIRST_10a35,propria,so_INI,brier_entradas,ll_todas,450,-0.016930498430537913,0.022878201638890726,-0.7400275029378929
FIRST_10a35,propria,so_INI,brier_entradas,bsskill_entradas,450,0.032511279162271985,0.05645361515504333,0.5758936619556341
FIRST_10a35,propria,so_INI,brier_entradas,llskill_entradas,450,0.0045972112226905955,0.05791387341457406,0.07938013729079473
FIRST_10a35,propria,so_INI,brier_entradas,ll_entradas,450,0.0047805073880955425,0.00477910962307199,1.0002924739405024
FIRST_10a35,propria,so_INI,brier_entradas,ppg,450,-0.035634188097448095,0.05230535872472132,-0.6812722246106334
FIRST_10a35,propria,so_INI,brier_entradas,lucro,450,-0.00037172365155053533,0.052392921769815866,-0.007094921202976112
FIRST_10a35,propria,so_INI,brier_entradas,roi,450,-0.0016930568189346593,0.05432253589468634,-0.031166748588779873
FIRST_10a35,propria,so_INI,brier_entradas,sharpe,450,0.00593341059640415,0.055190496250598686,0.10750783195466894
FIRST_10a35,propria,so_INI,brier_entradas,sortino,450,-0.0007999575466532664,0.054614188138184784,-0.014647430895232101
FIRST_10a35,propria,so_INI,brier_entradas,calmar,450,-0.02055145813700607,0.05757222777301021,-0.3569682628581653
FIRST_10a35,propria,so_INI,brier_entradas,maxdd,450,-0.018778434649554383,0.054026783121420244,-0.3475763975684351
FIRST_10a35,propria,so_INI,brier_entradas,seq_ruim,450,0.020612863382679463,0.05378499387060611,0.383245621116349
FIRST_10a35,propria,so_INI,brier_entradas,bsskill_t_ppg>=1_relaxar,450,0.007214501070023213,0.05540220291535112,0.13022047302065282
FIRST_10a35,propria,so_INI,brier_entradas,ppg_nao_piorando_ou_nada,450,-0.035634188097448095,0.05230535872472132,-0.6812722246106334
FIRST_10a35,propria,so_INI,brier_entradas,funcao_menor_vol,450,-0.04872450880973091,0.05408591220000834,-0.9008724606427807
FIRST_10a35,propria,so_INI,brier_entradas,ACASO,450,0.012309117240439213,0.03649720495221073,0.33726191516738646
FIRST_10a35,propria,so_INI,brier_entradas,FIXO_RETROSPECTO,450,-0.029012385636732217,0.05774912825574237,-0.5023865556593459
FIRST_10a35,propria,so_INI,brier_entradas,BASE_V6_MOM,450,-0.003132386908511149,0.05953338817989824,-0.05261563308047728
FIRST_10a35,propria,so_INI,brier_entradas,FIXO_TUDO_INI,450,0.02674532195775724,0.05446119954565934,0.4910894761936784
FIRST_10a35,propria,so_INI,brier_entradas,FIXO_TUDO_INI_CALR,450,-0.011759965523967963,0.05143580947044863,-0.22863381844363517
FIRST_10a35,propria,so_INI,brier_entradas,FIXO_V6E_INI,450,-0.029012385636732217,0.05774912825574237,-0.5023865556593459
FIRST_10a35,propria,so_INI,brier_entradas,FIXO_V6WR_INI,450,0.01777276582315567,0.0584986325289626,0.3038150646402956
FIRST_10a35,propria,so_INI,brier_entradas,FIXO_V6_INI,450,0.01777276582315567,0.0584986325289626,0.3038150646402956
FIRST_10a35,propria,so_INI,brier_entradas,FAVORITO,450,0.11249353492635701,0.0752714058073364,1.4945055658226156
FIRST_10a35,propria,so_INI,brier_entradas,ZEBRA,450,0.05247961691187377,0.05921614650250083,0.8862382983610296
FIRST_10a35,propria,so_INI,brier_entradas,VIG_MERCADO,450,0.10870752159620704,0.048325051715184406,2.2495065755314987
FIRST_10a35,propria,so_INI,ll_entradas,llskill_todas,450,-0.002074594709566359,0.04558106383747477,-0.04551439863193183
FIRST_10a35,propria,so_INI,ll_entradas,ll_todas,450,-0.021711005818633455,0.021625340390633106,-1.003961344721189
FIRST_10a35,propria,so_INI,ll_entradas,llskill_entradas,450,-0.00018329616540494698,0.0562521047744462,-0.0032584765697196354
FIRST_10a35,propria,so_INI,ll_entradas,ppg,450,-0.04041469548554364,0.050377008667314704,-0.8022448445170436
FIRST_10a35,propria,so_INI,ll_entradas,lucro,450,-0.005152231039646077,0.05048943870978627,-0.10204571829885346
FIRST_10a35,propria,so_INI,ll_entradas,roi,450,-0.006473564207030201,0.05253472270164905,-0.12322448609454634
FIRST_10a35,propria,so_INI,ll_entradas,sharpe,450,0.0011529032083086102,0.05344729241145266,0.021570844027668026
FIRST_10a35,propria,so_INI,ll_entradas,sortino,450,-0.005580464934748808,0.052838087361893216,-0.10561443862507096
FIRST_10a35,propria,so_INI,ll_entradas,maxdd,450,-0.023558942037649924,0.05206801123853009,-0.45246479512581067
FIRST_10a35,propria,so_INI,ll_entradas,seq_ruim,450,0.01583235599458392,0.0528067949210453,0.29981664326069885
FIRST_10a35,propria,so_INI,ll_entradas,ppg_nao_piorando_ou_nada,450,-0.04041469548554364,0.050377008667314704,-0.8022448445170436
FIRST_10a35,propria,so_INI,ll_entradas,ACASO,450,0.007528609852343671,0.034574557195265206,0.2177500006673888
FIRST_10a35,propria,so_INI,ll_entradas,FIXO_RETROSPECTO,450,-0.033792893024827755,0.055967839329696685,-0.6037912742308985
FIRST_10a35,propria,so_INI,ll_entradas,BASE_V6_MOM,450,-0.00791289429660669,0.058198350236120064,-0.13596423720780412
FIRST_10a35,propria,so_INI,ll_entradas,FIXO_TUDO_INI,450,0.021964814569661695,0.05310395334941253,0.41361919752260184
FIRST_10a35,propria,so_INI,ll_entradas,FIXO_TUDO_INI_CALR,450,-0.016540472912063505,0.05029560133673586,-0.3288651983962335
FIRST_10a35,propria,so_INI,ll_entradas,FIXO_V6E_INI,450,-0.033792893024827755,0.055967839329696685,-0.6037912742308985
FIRST_10a35,propria,so_INI,ll_entradas,FIXO_V6WR_INI,450,0.012992258435060128,0.056831466107610425,0.22861029857050102
FIRST_10a35,propria,so_INI,ll_entradas,FIXO_V6_INI,450,0.012992258435060128,0.056831466107610425,0.22861029857050102
FIRST_10a35,propria,so_INI,ll_entradas,FAVORITO,450,0.10771302753826147,0.07450139421732832,1.4457853932780285
FIRST_10a35,propria,so_INI,ll_entradas,ZEBRA,450,0.04769910952377821,0.057738318816155654,0.8261257082260527
FIRST_10a35,propria,so_INI,ll_entradas,VIG_MERCADO,450,0.10392701420811148,0.04685935851064918,2.2178496998522337
FIRST_10a35,propria,so_INI,ppg,roi,450,0.03394113127851344,0.03218235557640946,1.0546503097925253
FIRST_10a35,propria,so_INI,ppg,sharpe,450,0.041567598693852244,0.0323495650149361,1.2849507767619162
FIRST_10a35,propria,so_INI,ppg,sortino,450,0.03483423055079483,0.030551986151241616,1.1401625536996123
FIRST_10a35,propria,so_INI,ppg,seq_ruim,450,0.056247051480127555,0.0507146889815731,1.1090879705594685
FIRST_10a35,propria,so_INI,ppg,ppg_nao_piorando_ou_nada,450,0.0,0.0,
FIRST_10a35,propria,so_INI,ppg,ACASO,450,0.04794330533788731,0.040241957063080834,1.1913760869714738
FIRST_10a35,propria,so_INI,ppg,FIXO_RETROSPECTO,450,0.006621802460715893,0.05488933127699979,0.12063915348683832
FIRST_10a35,propria,so_INI,ppg,BASE_V6_MOM,450,0.03250180118893691,0.058046151828250916,0.5599303341435007
FIRST_10a35,propria,so_INI,ppg,FIXO_TUDO_INI,450,0.06237951005520532,0.06669729616802107,0.9352629512605943
FIRST_10a35,propria,so_INI,ppg,FIXO_TUDO_INI_CALR,450,0.023874222573480115,0.052776085378150976,0.4523681967394254
FIRST_10a35,propria,so_INI,ppg,FIXO_V6E_INI,450,0.006621802460715893,0.05488933127699979,0.12063915348683832
FIRST_10a35,propria,so_INI,ppg,FIXO_V6WR_INI,450,0.05340695392060374,0.05880470635362421,0.9082088362016316
FIRST_10a35,propria,so_INI,ppg,FIXO_V6_INI,450,0.05340695392060374,0.05880470635362421,0.9082088362016316
FIRST_10a35,propria,so_INI,ppg,FAVORITO,450,0.14812772302380514,0.0776329544257632,1.9080521167779698
FIRST_10a35,propria,so_INI,ppg,ZEBRA,450,0.08811380500932185,0.056418747347850746,1.561782371133742
FIRST_10a35,propria,so_INI,ppg,VIG_MERCADO,450,0.14434170969365515,0.05216727220941891,2.7669016143725824
FIRST_10a35,propria,so_INI,lucro,ppg,450,-0.035262464445897555,0.04195959418348252,-0.8403909792764083
FIRST_10a35,propria,so_INI,lucro,roi,450,-0.0013213331673841131,0.05384506457927753,-0.024539540953445772
FIRST_10a35,propria,so_INI,lucro,sharpe,450,0.006305134247954685,0.05478143580698661,0.11509618459380637
FIRST_10a35,propria,so_INI,lucro,sortino,450,-0.0004282338951027281,0.05441104522064186,-0.007870348628044173
FIRST_10a35,propria,so_INI,lucro,maxdd,450,-0.01840671099800385,0.05365703077387792,-0.34304378629472854
FIRST_10a35,propria,so_INI,lucro,seq_ruim,450,0.02098458703423001,0.06433357916343688,0.32618404427522224
FIRST_10a35,propria,so_INI,lucro,ppg_nao_piorando_ou_nada,450,-0.035262464445897555,0.04195959418348252,-0.8403909792764083
FIRST_10a35,propria,so_INI,lucro,ACASO,450,0.012680840891989745,0.036164509240059504,0.35064324550388615
FIRST_10a35,propria,so_INI,lucro,FIXO_RETROSPECTO,450,-0.028640661985181667,0.034555146156945986,-0.8288392662296571
FIRST_10a35,propria,so_INI,lucro,BASE_V6_MOM,450,-0.0027606632569606316,0.050438521280904355,-0.05473323140434329
FIRST_10a35,propria,so_INI,lucro,FIXO_TUDO_INI,450,0.027117045609307774,0.06684116106392089,0.4056938146746952
FIRST_10a35,propria,so_INI,lucro,FIXO_TUDO_INI_CALR,450,-0.011388241872417434,0.05932838260693605,-0.19195267715061629
FIRST_10a35,propria,so_INI,lucro,FIXO_V6E_INI,450,-0.028640661985181667,0.034555146156945986,-0.8288392662296571
FIRST_10a35,propria,so_INI,lucro,FIXO_V6WR_INI,450,0.018144489474706205,0.0486235202825265,0.37316281028765136
FIRST_10a35,propria,so_INI,lucro,FIXO_V6_INI,450,0.018144489474706205,0.0486235202825265,0.37316281028765136
FIRST_10a35,propria,so_INI,lucro,FAVORITO,450,0.11286525857790754,0.07767363608807393,1.4530703628954607
FIRST_10a35,propria,so_INI,lucro,ZEBRA,450,0.052851340563424304,0.061899380784950386,0.8538266440344435
FIRST_10a35,propria,so_INI,lucro,VIG_MERCADO,450,0.10907924524775761,0.0518747577134451,2.102742259545745
FIRST_10a35,propria,so_INI,roi,sharpe,450,0.007626467415338808,0.00659609991278879,1.1562085954083714
FIRST_10a35,propria,so_INI,roi,sortino,450,0.0008930992722813919,0.006871661534865183,0.1299684607208923
FIRST_10a35,propria,so_INI,roi,seq_ruim,450,0.022305920201614114,0.05072556246416066,0.43973726693270293
FIRST_10a35,propria,so_INI,roi,ACASO,450,0.014002174059373856,0.04217747097348788,0.3319823056288844
FIRST_10a35,propria,so_INI,roi,FIXO_RETROSPECTO,450,-0.02731932881779754,0.06037701494079496,-0.45247895816953804
FIRST_10a35,propria,so_INI,roi,BASE_V6_MOM,450,-0.0014393300895765037,0.05811970940027282,-0.024764922337511677
FIRST_10a35,propria,so_INI,roi,FIXO_TUDO_INI,450,0.028438378776691885,0.06510582670237479,0.4368023603585479
FIRST_10a35,propria,so_INI,roi,FIXO_TUDO_INI_CALR,450,-0.010066908705033318,0.053649837039876254,-0.18764099315997732
FIRST_10a35,propria,so_INI,roi,FIXO_V6E_INI,450,-0.02731932881779754,0.06037701494079496,-0.45247895816953804
FIRST_10a35,propria,so_INI,roi,FIXO_V6WR_INI,450,0.019465822642090333,0.05919510595392185,0.3288417569054231
FIRST_10a35,propria,so_INI,roi,FIXO_V6_INI,450,0.019465822642090333,0.05919510595392185,0.3288417569054231
FIRST_10a35,propria,so_INI,roi,FAVORITO,450,0.11418659174529168,0.07796229522658289,1.4646386617201252
FIRST_10a35,propria,so_INI,roi,ZEBRA,450,0.054172673730808425,0.06229659238605197,0.8695928887265675
FIRST_10a35,propria,so_INI,roi,VIG_MERCADO,450,0.11040057841514173,0.05447036814187603,2.0268006657782687
FIRST_10a35,propria,so_INI,sharpe,sortino,450,-0.006733368143057415,0.0060784201376661426,-1.1077497097202538
FIRST_10a35,propria,so_INI,sharpe,ACASO,450,0.006375706644035054,0.04457877298298095,0.14302113354419013
FIRST_10a35,propria,so_INI,sharpe,FIXO_RETROSPECTO,450,-0.03494579623313634,0.06211928843169369,-0.5625595063208539
FIRST_10a35,propria,so_INI,sharpe,BASE_V6_MOM,450,-0.009065797504915315,0.06065918651544284,-0.14945465024670765
FIRST_10a35,propria,so_INI,sharpe,FIXO_TUDO_INI,450,0.020811911361353075,0.06771395762400383,0.30735039113967677
FIRST_10a35,propria,so_INI,sharpe,FIXO_TUDO_INI_CALR,450,-0.017693376120372122,0.0546672080301227,-0.3236561141118223
FIRST_10a35,propria,so_INI,sharpe,FIXO_V6E_INI,450,-0.03494579623313634,0.06211928843169369,-0.5625595063208539
FIRST_10a35,propria,so_INI,sharpe,FIXO_V6WR_INI,450,0.011839355226751521,0.06165941473702164,0.19201212462438308
FIRST_10a35,propria,so_INI,sharpe,FIXO_V6_INI,450,0.011839355226751521,0.06165941473702164,0.19201212462438308
FIRST_10a35,propria,so_INI,sharpe,FAVORITO,450,0.10656012432995288,0.07976551835138483,1.3359171548353996
FIRST_10a35,propria,so_INI,sharpe,ZEBRA,450,0.046546206315469615,0.06364226982207549,0.7313725051856056
FIRST_10a35,propria,so_INI,sharpe,VIG_MERCADO,450,0.1027741109998029,0.05666235459179784,1.8137988041654727
FIRST_10a35,propria,so_INI,sortino,ACASO,450,0.013109074787092471,0.042645791827436025,0.3073943342437552
FIRST_10a35,propria,so_INI,sortino,FIXO_RETROSPECTO,450,-0.028212428090078925,0.06068247987973709,-0.46491883894645397
FIRST_10a35,propria,so_INI,sortino,BASE_V6_MOM,450,-0.0023324293618578965,0.05875494531099076,-0.03969758374401193
FIRST_10a35,propria,so_INI,sortino,FIXO_TUDO_INI,450,0.0275452795044105,0.06467351022716294,0.4259128568661092
FIRST_10a35,propria,so_INI,sortino,FIXO_TUDO_INI_CALR,450,-0.01096000797731471,0.05321684350626764,-0.20594998228378372
FIRST_10a35,propria,so_INI,sortino,FIXO_V6E_INI,450,-0.028212428090078925,0.06068247987973709,-0.46491883894645397
FIRST_10a35,propria,so_INI,sortino,FIXO_V6WR_INI,450,0.01857272336980894,0.05977368607857676,0.31071738399057025
FIRST_10a35,propria,so_INI,sortino,FIXO_V6_INI,450,0.01857272336980894,0.05977368607857676,0.31071738399057025
FIRST_10a35,propria,so_INI,sortino,FAVORITO,450,0.11329349247301028,0.07868856845922356,1.4397706641685697
FIRST_10a35,propria,so_INI,sortino,ZEBRA,450,0.05327957445852704,0.062057002084217286,0.8585586262485184
FIRST_10a35,propria,so_INI,sortino,VIG_MERCADO,450,0.10950747914286031,0.05520054837676592,1.9838114359920445
FIRST_10a35,propria,so_INI,calmar,llskill_todas,450,0.023257370815535267,0.0361212113148105,0.6438701795695104
FIRST_10a35,propria,so_INI,calmar,ll_todas,450,0.003620959706468167,0.0532934485546621,0.0679438055646599
FIRST_10a35,propria,so_INI,calmar,llskill_entradas,450,0.02514866935969668,0.026602602596764918,0.9453462031852083
FIRST_10a35,propria,so_INI,calmar,ll_entradas,450,0.025331965525101616,0.055851664103743856,0.4535579365737029
FIRST_10a35,propria,so_INI,calmar,ppg,450,-0.015082729960442007,0.030441551236358545,-0.4954652226272757
FIRST_10a35,propria,so_INI,calmar,lucro,450,0.02017973448545555,0.05349816157191293,0.3772042607170657
FIRST_10a35,propria,so_INI,calmar,roi,450,0.01885840131807143,0.02076616482477061,0.9081311584109392
FIRST_10a35,propria,so_INI,calmar,sharpe,450,0.026484868733410227,0.020117839985212365,1.3164866980191687
FIRST_10a35,propria,so_INI,calmar,sortino,450,0.019751500590352813,0.018918547451248782,1.044028387551976
FIRST_10a35,propria,so_INI,calmar,maxdd,450,0.001773023487451696,0.03508826868356936,0.05053037821389981
FIRST_10a35,propria,so_INI,calmar,seq_ruim,450,0.04116432151968555,0.05772022221450843,0.7131698378898231
FIRST_10a35,propria,so_INI,calmar,ppg_nao_piorando_ou_nada,450,-0.015082729960442007,0.030441551236358545,-0.4954652226272757
FIRST_10a35,propria,so_INI,calmar,funcao_menor_vol,450,-0.028173050672724836,0.06754298459797316,-0.4171129072903044
FIRST_10a35,propria,so_INI,calmar,ACASO,450,0.0328605753774453,0.04679991701580715,0.7021502915559936
FIRST_10a35,propria,so_INI,calmar,FIXO_RETROSPECTO,450,-0.008460927499726118,0.06694069281649136,-0.12639438200797504
FIRST_10a35,propria,so_INI,calmar,BASE_V6_MOM,450,0.017419071228494922,0.06494211551726266,0.26822457337203087
FIRST_10a35,propria,so_INI,calmar,FIXO_TUDO_INI,450,0.047296780094763326,0.07245049309990655,0.6528151579250512
FIRST_10a35,propria,so_INI,calmar,FIXO_TUDO_INI_CALR,450,0.008791492613038108,0.05452437465237933,0.16123967801718686
FIRST_10a35,propria,so_INI,calmar,FIXO_V6E_INI,450,-0.008460927499726118,0.06694069281649136,-0.12639438200797504
FIRST_10a35,propria,so_INI,calmar,FIXO_V6WR_INI,450,0.03832422396016175,0.0670521733159002,0.5715582667187592
FIRST_10a35,propria,so_INI,calmar,FIXO_V6_INI,450,0.03832422396016175,0.0670521733159002,0.5715582667187592
FIRST_10a35,propria,so_INI,calmar,FAVORITO,450,0.13304499306336312,0.07496637129401507,1.7747289987075145
FIRST_10a35,propria,so_INI,calmar,ZEBRA,450,0.07303107504887983,0.06569910511863938,1.1115992358952285
FIRST_10a35,propria,so_INI,calmar,VIG_MERCADO,450,0.12925897973321315,0.052761066337045484,2.4498932395999677
FIRST_10a35,propria,so_INI,maxdd,ppg,450,-0.016855753447893706,0.042174766359859964,-0.39966441791450563
FIRST_10a35,propria,so_INI,maxdd,roi,450,0.017085377830619714,0.03211481004565408,0.532009306806776
FIRST_10a35,propria,so_INI,maxdd,sharpe,450,0.024711845245958534,0.033702672565347494,0.733231027837443
FIRST_10a35,propria,so_INI,maxdd,sortino,450,0.017978477102901114,0.032830741499103075,0.5476110584767718
FIRST_10a35,propria,so_INI,maxdd,seq_ruim,450,0.03939129803223385,0.0460831453361558,0.8547875312089066
FIRST_10a35,propria,so_INI,maxdd,ppg_nao_piorando_ou_nada,450,-0.016855753447893706,0.042174766359859964,-0.39966441791450563
FIRST_10a35,propria,so_INI,maxdd,ACASO,450,0.031087551889993605,0.0400495823509182,0.7762266187347863
FIRST_10a35,propria,so_INI,maxdd,FIXO_RETROSPECTO,450,-0.010233950987177817,0.059061857198798424,-0.17327513005104114
FIRST_10a35,propria,so_INI,maxdd,BASE_V6_MOM,450,0.015646047741043227,0.057079912789962925,0.27410777235445366
FIRST_10a35,propria,so_INI,maxdd,FIXO_TUDO_INI,450,0.04552375660731163,0.060470086044156796,0.7528310208467213
FIRST_10a35,propria,so_INI,maxdd,FIXO_TUDO_INI_CALR,450,0.007018469125586413,0.05988468608035937,0.11719973143331362
FIRST_10a35,propria,so_INI,maxdd,FIXO_V6E_INI,450,-0.010233950987177817,0.059061857198798424,-0.17327513005104114
FIRST_10a35,propria,so_INI,maxdd,FIXO_V6WR_INI,450,0.03655120047271006,0.0561798737057444,0.6506102285696789
FIRST_10a35,propria,so_INI,maxdd,FIXO_V6_INI,450,0.03655120047271006,0.0561798737057444,0.6506102285696789
FIRST_10a35,propria,so_INI,maxdd,FAVORITO,450,0.1312719695759114,0.072351495704929,1.8143642822710626
FIRST_10a35,propria,so_INI,maxdd,ZEBRA,450,0.07125805156142816,0.068452463818257,1.0409859278494353
FIRST_10a35,propria,so_INI,maxdd,VIG_MERCADO,450,0.12748595624576142,0.05240703703218932,2.432611409942091
FIRST_10a35,propria,so_INI,seq_ruim,sharpe,450,-0.014679452786275315,0.051909900595742825,-0.282787148844573
FIRST_10a35,propria,so_INI,seq_ruim,sortino,450,-0.021412820929332724,0.050381422309383486,-0.4250142204767532
FIRST_10a35,propria,so_INI,seq_ruim,ACASO,450,-0.00830374614224025,0.04706373326422626,-0.17643619760508952
FIRST_10a35,propria,so_INI,seq_ruim,FIXO_RETROSPECTO,450,-0.04962524901941167,0.062058239689626135,-0.7996560854385174
FIRST_10a35,propria,so_INI,seq_ruim,BASE_V6_MOM,450,-0.023745250291190626,0.06164113735315891,-0.38521758862344807
FIRST_10a35,propria,so_INI,seq_ruim,FIXO_TUDO_INI,450,0.006132458575077759,0.05639961477168555,0.1087322776920181
FIRST_10a35,propria,so_INI,seq_ruim,FIXO_TUDO_INI_CALR,450,-0.03237282890664745,0.06696811658126739,-0.48340659046849943
FIRST_10a35,propria,so_INI,seq_ruim,FIXO_V6E_INI,450,-0.04962524901941167,0.062058239689626135,-0.7996560854385174
FIRST_10a35,propria,so_INI,seq_ruim,FIXO_V6WR_INI,450,-0.0028400975595237977,0.05818734917046504,-0.04880953678098444
FIRST_10a35,propria,so_INI,seq_ruim,FIXO_V6_INI,450,-0.0028400975595237977,0.05818734917046504,-0.04880953678098444
FIRST_10a35,propria,so_INI,seq_ruim,FAVORITO,450,0.09188067154367754,0.07823085119674955,1.174481296548837
FIRST_10a35,propria,so_INI,seq_ruim,ZEBRA,450,0.03186675352919428,0.06952489935444114,0.45835022884011817
FIRST_10a35,propria,so_INI,seq_ruim,VIG_MERCADO,450,0.08809465821352759,0.05955040211960727,1.4793293592978438
FIRST_10a35,propria,so_INI,brier_com_roi>=0,bsskill_todas,450,0.01989426749841402,0.057331863538593965,0.3470019334889025
FIRST_10a35,propria,so_INI,brier_com_roi>=0,llskill_todas,450,-0.009241658440622408,0.051996359487502135,-0.17773664409801107
FIRST_10a35,propria,so_INI,brier_com_roi>=0,brier_todas,450,-0.01635288156388192,0.031946949977770034,-0.5118761438967072
FIRST_10a35,propria,so_INI,brier_com_roi>=0,ll_todas,450,-0.028878069549689505,0.03415638184542867,-0.8454662932500976
FIRST_10a35,propria,so_INI,brier_com_roi>=0,bsskill_entradas,450,0.020563708043120393,0.058807298404777816,0.3496795227962672
FIRST_10a35,propria,so_INI,brier_com_roi>=0,llskill_entradas,450,-0.0073503598964609965,0.05590528372788483,-0.13147880497733228
FIRST_10a35,propria,so_INI,brier_com_roi>=0,brier_entradas,450,-0.011947571119151588,0.03484351934388593,-0.3428922033172305
FIRST_10a35,propria,so_INI,brier_com_roi>=0,ll_entradas,450,-0.007167063731056046,0.03412639959219298,-0.21001523209895367
FIRST_10a35,propria,so_INI,brier_com_roi>=0,ppg,450,-0.04758175921659969,0.05382084141368498,-0.8840768365338323
FIRST_10a35,propria,so_INI,brier_com_roi>=0,lucro,450,-0.012319294770702132,0.05592833763661587,-0.22026928192903736
FIRST_10a35,propria,so_INI,brier_com_roi>=0,roi,450,-0.013640627938086253,0.05673655989102223,-0.24042042669288965
FIRST_10a35,propria,so_INI,brier_com_roi>=0,sharpe,450,-0.006014160522747439,0.05743334061126915,-0.10471549205980514
FIRST_10a35,propria,so_INI,brier_com_roi>=0,sortino,450,-0.01274752866580486,0.05635554667069841,-0.22619829668749944
FIRST_10a35,propria,so_INI,brier_com_roi>=0,calmar,450,-0.03249902925615768,0.05982255831991683,-0.5432570951305792
FIRST_10a35,propria,so_INI,brier_com_roi>=0,maxdd,450,-0.03072600576870598,0.05585814107490021,-0.5500721144211631
FIRST_10a35,propria,so_INI,brier_com_roi>=0,seq_ruim,450,0.00866529226352788,0.04661938108321743,0.18587317253440136
FIRST_10a35,propria,so_INI,brier_com_roi>=0,bsskill_t_ppg>=1_relaxar,450,-0.004733070049128381,0.0577612015679142,-0.08194202891647524
FIRST_10a35,propria,so_INI,brier_com_roi>=0,ppg_nao_piorando_ou_nada,450,-0.04758175921659969,0.05382084141368498,-0.8840768365338323
FIRST_10a35,propria,so_INI,brier_com_roi>=0,funcao_menor_vol,450,-0.06067207992888251,0.052244941751998376,-1.161300556461273
FIRST_10a35,propria,so_INI,brier_com_roi>=0,ACASO,450,0.0003615461212876249,0.039136697272690375,0.009238033520521726
FIRST_10a35,propria,so_INI,brier_com_roi>=0,FIXO_RETROSPECTO,450,-0.04095995675588379,0.059201670324369744,-0.6918716403010517
FIRST_10a35,propria,so_INI,brier_com_roi>=0,BASE_V6_MOM,450,-0.015079958027662753,0.059427494106833685,-0.25375389378783647
FIRST_10a35,propria,so_INI,brier_com_roi>=0,FIXO_TUDO_INI,450,0.01479775083860565,0.05535670633170243,0.26731631665251504
FIRST_10a35,propria,so_INI,brier_com_roi>=0,FIXO_TUDO_INI_CALR,450,-0.02370753664311957,0.05722587990786207,-0.41427998453305515
FIRST_10a35,propria,so_INI,brier_com_roi>=0,FIXO_V6E_INI,450,-0.04095995675588379,0.059201670324369744,-0.6918716403010517
FIRST_10a35,propria,so_INI,brier_com_roi>=0,FIXO_V6WR_INI,450,0.005825194704004071,0.05610172818698772,0.10383271411156228
FIRST_10a35,propria,so_INI,brier_com_roi>=0,FIXO_V6_INI,450,0.005825194704004071,0.05610172818698772,0.10383271411156228
FIRST_10a35,propria,so_INI,brier_com_roi>=0,FAVORITO,450,0.10054596380720542,0.07607270376745869,1.3217088236347865
FIRST_10a35,propria,so_INI,brier_com_roi>=0,ZEBRA,450,0.04053204579272217,0.06283921498477847,0.6450119690791847
FIRST_10a35,propria,so_INI,brier_com_roi>=0,VIG_MERCADO,450,0.09675995047705546,0.05216453302329138,1.8548991981554268
FIRST_10a35,propria,so_INI,bsskill_t_ppg>=1_relaxar,bsskill_todas,450,0.02462733754754238,0.024370922509081534,1.0105213513507867
FIRST_10a35,propria,so_INI,bsskill_t_ppg>=1_relaxar,llskill_todas,450,-0.00450858839149403,0.039570298339046024,-0.11393870101416892
FIRST_10a35,propria,so_INI,bsskill_t_ppg>=1_relaxar,ll_todas,450,-0.024144999500561128,0.05235914813298691,-0.46114194675656844
FIRST_10a35,propria,so_INI,bsskill_t_ppg>=1_relaxar,llskill_entradas,450,-0.0026172898473326178,0.036290431910402175,-0.0721206585194266
FIRST_10a35,propria,so_INI,bsskill_t_ppg>=1_relaxar,ll_entradas,450,-0.002433993681927673,0.053672525612451845,-0.045348968660475976
FIRST_10a35,propria,so_INI,bsskill_t_ppg>=1_relaxar,ppg,450,-0.0428486891674713,0.03502704795724404,-1.2233028949449236
FIRST_10a35,propria,so_INI,bsskill_t_ppg>=1_relaxar,lucro,450,-0.007586224721573739,0.05154217613819849,-0.14718479680083787
FIRST_10a35,propria,so_INI,bsskill_t_ppg>=1_relaxar,roi,450,-0.00890755788895787,0.034994618738835775,-0.2545407896978338
FIRST_10a35,propria,so_INI,bsskill_t_ppg>=1_relaxar,sharpe,450,-0.0012810904736190625,0.03300768527363637,-0.038811884656519205
FIRST_10a35,propria,so_INI,bsskill_t_ppg>=1_relaxar,sortino,450,-0.00801445861667648,0.034056603420727145,-0.2353275961688772
FIRST_10a35,propria,so_INI,bsskill_t_ppg>=1_relaxar,calmar,450,-0.027765959207029296,0.02862843799961083,-0.9698733548580869
FIRST_10a35,propria,so_INI,bsskill_t_ppg>=1_relaxar,maxdd,450,-0.025992935719577597,0.048410650715115744,-0.5369259726034122
FIRST_10a35,propria,so_INI,bsskill_t_ppg>=1_relaxar,seq_ruim,450,0.013398362312656247,0.06620109108794918,0.20238884423908232
FIRST_10a35,propria,so_INI,bsskill_t_ppg>=1_relaxar,ppg_nao_piorando_ou_nada,450,-0.0428486891674713,0.03502704795724404,-1.2233028949449236
FIRST_10a35,propria,so_INI,bsskill_t_ppg>=1_relaxar,funcao_menor_vol,450,-0.05593900987975412,0.07219702731273603,-0.7748104314245929
FIRST_10a35,propria,so_INI,bsskill_t_ppg>=1_relaxar,ACASO,450,0.005094616170415989,0.048913742409091264,0.10415510896318347
FIRST_10a35,propria,so_INI,bsskill_t_ppg>=1_relaxar,FIXO_RETROSPECTO,450,-0.03622688670675541,0.06948431553864562,-0.5213678284937099
FIRST_10a35,propria,so_INI,bsskill_t_ppg>=1_relaxar,BASE_V6_MOM,450,-0.010346887978534386,0.07013714991446893,-0.14752364461846884
FIRST_10a35,propria,so_INI,bsskill_t_ppg>=1_relaxar,FIXO_TUDO_INI,450,0.019530820887734012,0.07686456650144746,0.2540939444102143
FIRST_10a35,propria,so_INI,bsskill_t_ppg>=1_relaxar,FIXO_TUDO_INI_CALR,450,-0.01897446659399119,0.055956785960513,-0.3390914304367104
FIRST_10a35,propria,so_INI,bsskill_t_ppg>=1_relaxar,FIXO_V6E_INI,450,-0.03622688670675541,0.06948431553864562,-0.5213678284937099
FIRST_10a35,propria,so_INI,bsskill_t_ppg>=1_relaxar,FIXO_V6WR_INI,450,0.010558264753132443,0.07131644154044922,0.14804811520417788
FIRST_10a35,propria,so_INI,bsskill_t_ppg>=1_relaxar,FIXO_V6_INI,450,0.010558264753132443,0.07131644154044922,0.14804811520417788
FIRST_10a35,propria,so_INI,bsskill_t_ppg>=1_relaxar,FAVORITO,450,0.10527903385633382,0.07477267287219437,1.4079881033045671
FIRST_10a35,propria,so_INI,bsskill_t_ppg>=1_relaxar,ZEBRA,450,0.04526511584185054,0.06636444716661263,0.6820687547989253
FIRST_10a35,propria,so_INI,bsskill_t_ppg>=1_relaxar,VIG_MERCADO,450,0.10149302052618382,0.05144729639500649,1.9727571250184257
FIRST_10a35,propria,so_INI,ppg_nao_piorando_ou_nada,roi,450,0.03394113127851344,0.03218235557640946,1.0546503097925253
FIRST_10a35,propria,so_INI,ppg_nao_piorando_ou_nada,sharpe,450,0.041567598693852244,0.0323495650149361,1.2849507767619162
FIRST_10a35,propria,so_INI,ppg_nao_piorando_ou_nada,sortino,450,0.03483423055079483,0.030551986151241616,1.1401625536996123
FIRST_10a35,propria,so_INI,ppg_nao_piorando_ou_nada,seq_ruim,450,0.056247051480127555,0.0507146889815731,1.1090879705594685
FIRST_10a35,propria,so_INI,ppg_nao_piorando_ou_nada,ACASO,450,0.04794330533788731,0.040241957063080834,1.1913760869714738
FIRST_10a35,propria,so_INI,ppg_nao_piorando_ou_nada,FIXO_RETROSPECTO,450,0.006621802460715893,0.05488933127699979,0.12063915348683832
FIRST_10a35,propria,so_INI,ppg_nao_piorando_ou_nada,BASE_V6_MOM,450,0.03250180118893691,0.058046151828250916,0.5599303341435007
FIRST_10a35,propria,so_INI,ppg_nao_piorando_ou_nada,FIXO_TUDO_INI,450,0.06237951005520532,0.06669729616802107,0.9352629512605943
FIRST_10a35,propria,so_INI,ppg_nao_piorando_ou_nada,FIXO_TUDO_INI_CALR,450,0.023874222573480115,0.052776085378150976,0.4523681967394254
FIRST_10a35,propria,so_INI,ppg_nao_piorando_ou_nada,FIXO_V6E_INI,450,0.006621802460715893,0.05488933127699979,0.12063915348683832
FIRST_10a35,propria,so_INI,ppg_nao_piorando_ou_nada,FIXO_V6WR_INI,450,0.05340695392060374,0.05880470635362421,0.9082088362016316
FIRST_10a35,propria,so_INI,ppg_nao_piorando_ou_nada,FIXO_V6_INI,450,0.05340695392060374,0.05880470635362421,0.9082088362016316
FIRST_10a35,propria,so_INI,ppg_nao_piorando_ou_nada,FAVORITO,450,0.14812772302380514,0.0776329544257632,1.9080521167779698
FIRST_10a35,propria,so_INI,ppg_nao_piorando_ou_nada,ZEBRA,450,0.08811380500932185,0.056418747347850746,1.561782371133742
FIRST_10a35,propria,so_INI,ppg_nao_piorando_ou_nada,VIG_MERCADO,450,0.14434170969365515,0.05216727220941891,2.7669016143725824
FIRST_10a35,propria,so_INI,funcao_menor_vol,llskill_todas,450,0.05143042148826009,0.06974371284285026,0.7374201830084022
FIRST_10a35,propria,so_INI,funcao_menor_vol,ll_todas,450,0.03179401037919298,0.051953884759787565,0.6119659872634129
FIRST_10a35,propria,so_INI,funcao_menor_vol,llskill_entradas,450,0.05332172003242151,0.06408825419820405,0.8320045646354298
FIRST_10a35,propria,so_INI,funcao_menor_vol,ll_entradas,450,0.053505016197826445,0.05301902140110518,1.0091664233680318
FIRST_10a35,propria,so_INI,funcao_menor_vol,ppg,450,0.013090320712282819,0.06154311942137204,0.21270161206253305
FIRST_10a35,propria,so_INI,funcao_menor_vol,lucro,450,0.048352785158180374,0.0643085519756136,0.7518873256004303
FIRST_10a35,propria,so_INI,funcao_menor_vol,roi,450,0.04703145199079625,0.05837469105572507,0.8056822424276225
FIRST_10a35,propria,so_INI,funcao_menor_vol,sharpe,450,0.054657919406135055,0.060531055817787255,0.9029731708409031
FIRST_10a35,propria,so_INI,funcao_menor_vol,sortino,450,0.04792455126307765,0.05908214308528519,0.8111512000148415
FIRST_10a35,propria,so_INI,funcao_menor_vol,maxdd,450,0.029946074160176517,0.05518136900755892,0.5426845092602616
FIRST_10a35,propria,so_INI,funcao_menor_vol,seq_ruim,450,0.06933737219241037,0.051968865765652475,1.3342098421981952
FIRST_10a35,propria,so_INI,funcao_menor_vol,ppg_nao_piorando_ou_nada,450,0.013090320712282819,0.06154311942137204,0.21270161206253305
FIRST_10a35,propria,so_INI,funcao_menor_vol,ACASO,450,0.06103362605017013,0.04224556480324268,1.4447345262025073
FIRST_10a35,propria,so_INI,funcao_menor_vol,FIXO_RETROSPECTO,450,0.019712123172998714,0.06030545792525121,0.32687129575289764
FIRST_10a35,propria,so_INI,funcao_menor_vol,BASE_V6_MOM,450,0.04559212190121974,0.05663340354557534,0.8050394122000771
FIRST_10a35,propria,so_INI,funcao_menor_vol,FIXO_TUDO_INI,450,0.07546983076748814,0.046448163808643146,1.6248183906345206
FIRST_10a35,propria,so_INI,funcao_menor_vol,FIXO_TUDO_INI_CALR,450,0.036964543285762944,0.07393205956971138,0.49997989371456175
FIRST_10a35,propria,so_INI,funcao_menor_vol,FIXO_V6E_INI,450,0.019712123172998714,0.06030545792525121,0.32687129575289764
FIRST_10a35,propria,so_INI,funcao_menor_vol,FIXO_V6WR_INI,450,0.06649727463288659,0.05490094038276886,1.2112228710340514
FIRST_10a35,propria,so_INI,funcao_menor_vol,FIXO_V6_INI,450,0.06649727463288659,0.05490094038276886,1.2112228710340514
FIRST_10a35,propria,so_INI,funcao_menor_vol,FAVORITO,450,0.1612180437360879,0.07503891065135276,2.148459277149455
FIRST_10a35,propria,so_INI,funcao_menor_vol,ZEBRA,450,0.10120412572160464,0.0776166788502522,1.3038966266111476
FIRST_10a35,propria,so_INI,funcao_menor_vol,VIG_MERCADO,450,0.15743203040593795,0.05853307493305032,2.6896251493024668
FIRST_10a35,comum,todas,bsskill_todas,llskill_todas,450,-0.008885448179099068,0.025434202500774987,-0.3493503749067157
FIRST_10a35,comum,todas,bsskill_todas,ll_todas,450,-0.047621345990922784,0.035435309181394724,-1.3438953149003798
FIRST_10a35,comum,todas,bsskill_todas,llskill_entradas,450,-0.019680613397174848,0.0435854957162867,-0.4515404281571758
FIRST_10a35,comum,todas,bsskill_todas,ll_entradas,450,-0.013919840822111774,0.03207914494021605,-0.43392181581065625
FIRST_10a35,comum,todas,bsskill_todas,ppg,450,-0.02132315653367789,0.04228739631074326,-0.5042437793281841
FIRST_10a35,comum,todas,bsskill_todas,lucro,450,-0.02132315653367789,0.04228739631074326,-0.5042437793281841
FIRST_10a35,comum,todas,bsskill_todas,roi,450,-0.04373129064753461,0.04728483495356797,-0.9248481186510893
FIRST_10a35,comum,todas,bsskill_todas,sharpe,450,-0.032843245997157024,0.049130620147313696,-0.6684883255835066
FIRST_10a35,comum,todas,bsskill_todas,sortino,450,-0.03709790508772851,0.047078853159072946,-0.7879950890557977
FIRST_10a35,comum,todas,bsskill_todas,calmar,450,-0.07793804326268375,0.04634877716609428,-1.6815555453251116
FIRST_10a35,comum,todas,bsskill_todas,maxdd,450,-0.06269096938075337,0.04470702962410239,-1.4022620135549222
FIRST_10a35,comum,todas,bsskill_todas,seq_ruim,450,-0.0008266772689251193,0.04624515369384759,-0.017875976246027693
FIRST_10a35,comum,todas,bsskill_todas,ppg_nao_piorando_ou_nada,450,-0.02132315653367789,0.04228739631074326,-0.5042437793281841
FIRST_10a35,comum,todas,bsskill_todas,funcao_menor_vol,450,-0.05433002807520511,0.055399576799673146,-0.9806939188662837
FIRST_10a35,comum,todas,bsskill_todas,ACASO,450,-0.024572299296950196,0.02850946773499249,-0.861899616133141
FIRST_10a35,comum,todas,bsskill_todas,FIXO_RETROSPECTO,450,-0.06628192983527395,0.047976683987555564,-1.3815446238941085
FIRST_10a35,comum,todas,bsskill_todas,BASE_V6_MOM,450,-0.04040193110705291,0.05321055396870307,-0.7592841662730325
FIRST_10a35,comum,todas,bsskill_todas,FIXO_TUDO_INI,450,-0.010524222240784512,0.047756032747511765,-0.22037471781683657
FIRST_10a35,comum,todas,bsskill_todas,FIXO_TUDO_INI_CALR,450,-0.049029509722509725,0.05466389931853909,-0.8969266798331292
FIRST_10a35,comum,todas,bsskill_todas,FIXO_TUDO_MOM,450,0.02122455330659214,0.050959813830907176,0.4164958957075198
FIRST_10a35,comum,todas,bsskill_todas,FIXO_V6E_INI,450,-0.06628192983527395,0.047976683987555564,-1.3815446238941085
FIRST_10a35,comum,todas,bsskill_todas,FIXO_V6E_MOM,450,-0.05240106051902944,0.04681233172258761,-1.1193858240081038
FIRST_10a35,comum,todas,bsskill_todas,FIXO_V6WR_INI,450,-0.01949677837538608,0.05195049210833652,-0.3752953549453947
FIRST_10a35,comum,todas,bsskill_todas,FIXO_V6WR_MOM,450,-0.043428209590151166,0.053352511244701195,-0.8139862318938984
FIRST_10a35,comum,todas,bsskill_todas,FIXO_V6_INI,450,-0.01949677837538608,0.05195049210833652,-0.3752953549453947
FIRST_10a35,comum,todas,bsskill_todas,FIXO_V6_MOM,450,-0.04040193110705291,0.05321055396870307,-0.7592841662730325
FIRST_10a35,comum,todas,bsskill_todas,FAVORITO,450,0.07522399072781527,0.0681256329404266,1.1041951095499682
FIRST_10a35,comum,todas,bsskill_todas,ZEBRA,450,0.015210072713332,0.05967880695034209,0.25486556267768706
FIRST_10a35,comum,todas,bsskill_todas,VIG_MERCADO,450,0.07143797739766532,0.040608431198325134,1.7591907712162917
FIRST_10a35,comum,todas,llskill_todas,ppg,450,-0.012437708354578816,0.04091297269732894,-0.3040040245081196
FIRST_10a35,comum,todas,llskill_todas,lucro,450,-0.012437708354578816,0.04091297269732894,-0.3040040245081196
FIRST_10a35,comum,todas,llskill_todas,roi,450,-0.03484584246843554,0.04399944867879813,-0.7919608884832822
FIRST_10a35,comum,todas,llskill_todas,sharpe,450,-0.023957797818057954,0.044931288197187676,-0.5332096803660642
FIRST_10a35,comum,todas,llskill_todas,sortino,450,-0.028212456908629432,0.04331430876169005,-0.6513426559304194
FIRST_10a35,comum,todas,llskill_todas,maxdd,450,-0.053805521201654306,0.045163439108810634,-1.1913512846535583
FIRST_10a35,comum,todas,llskill_todas,seq_ruim,450,0.008058770910173948,0.04880817773942156,0.16511107940145472
FIRST_10a35,comum,todas,llskill_todas,ppg_nao_piorando_ou_nada,450,-0.012437708354578816,0.04091297269732894,-0.3040040245081196
FIRST_10a35,comum,todas,llskill_todas,ACASO,450,-0.015686851117851133,0.03720928290770768,-0.421584343798297
FIRST_10a35,comum,todas,llskill_todas,FIXO_RETROSPECTO,450,-0.057396481656174884,0.051802338021771935,-1.107990176660594
FIRST_10a35,comum,todas,llskill_todas,BASE_V6_MOM,450,-0.03151648292795384,0.05792015158121082,-0.5441367480498397
FIRST_10a35,comum,todas,llskill_todas,FIXO_TUDO_INI,450,-0.001638774061685449,0.05990937139825584,-0.02735421893832722
FIRST_10a35,comum,todas,llskill_todas,FIXO_TUDO_INI_CALR,450,-0.04014406154341066,0.049420534933480496,-0.8122951642964636
FIRST_10a35,comum,todas,llskill_todas,FIXO_TUDO_MOM,450,0.03011000148569121,0.06132114271601844,0.49102153273842714
FIRST_10a35,comum,todas,llskill_todas,FIXO_V6E_INI,450,-0.057396481656174884,0.051802338021771935,-1.107990176660594
FIRST_10a35,comum,todas,llskill_todas,FIXO_V6E_MOM,450,-0.04351561233993038,0.05429767357943294,-0.8014268286517044
FIRST_10a35,comum,todas,llskill_todas,FIXO_V6WR_INI,450,-0.010611330196287018,0.05421916120420138,-0.1957118103749779
FIRST_10a35,comum,todas,llskill_todas,FIXO_V6WR_MOM,450,-0.03454276141105209,0.0580861181468403,-0.5946818708685064
FIRST_10a35,comum,todas,llskill_todas,FIXO_V6_INI,450,-0.010611330196287018,0.05421916120420138,-0.1957118103749779
FIRST_10a35,comum,todas,llskill_todas,FIXO_V6_MOM,450,-0.03151648292795384,0.05792015158121082,-0.5441367480498397
FIRST_10a35,comum,todas,llskill_todas,FAVORITO,450,0.08410943890691433,0.07715838721553281,1.0900880894770983
FIRST_10a35,comum,todas,llskill_todas,ZEBRA,450,0.02409552089243105,0.055411100312433716,0.43485007077226817
FIRST_10a35,comum,todas,llskill_todas,VIG_MERCADO,450,0.08032342557676439,0.047985816214813674,1.6738993292765496
FIRST_10a35,comum,todas,brier_todas,bsskill_todas,450,0.041031233754790064,0.03319374503853377,1.2361134215846374
FIRST_10a35,comum,todas,brier_todas,llskill_todas,450,0.032145785575691,0.03459576655174781,0.9291826364826411
FIRST_10a35,comum,todas,brier_todas,ll_todas,450,-0.00659011223613272,0.01892301402972246,-0.3482591211834226
FIRST_10a35,comum,todas,brier_todas,bsskill_entradas,450,0.02899432599043061,0.05083889733920995,0.5703177588013594
FIRST_10a35,comum,todas,brier_todas,llskill_entradas,450,0.021350620357615212,0.04880226078244816,0.4374924443109818
FIRST_10a35,comum,todas,brier_todas,ll_entradas,450,0.027111392932678287,0.026567559468240885,1.0204698314531866
FIRST_10a35,comum,todas,brier_todas,ppg,450,0.019708077221112168,0.05470605860439619,0.36025401434290905
FIRST_10a35,comum,todas,brier_todas,lucro,450,0.019708077221112168,0.05470605860439619,0.36025401434290905
FIRST_10a35,comum,todas,brier_todas,roi,450,-0.0027000568927445477,0.050579570077385325,-0.0533823614675557
FIRST_10a35,comum,todas,brier_todas,sharpe,450,0.008187987757633046,0.052820022169748106,0.15501674216113062
FIRST_10a35,comum,todas,brier_todas,sortino,450,0.003933328667061562,0.05144330493366358,0.07645948626616449
FIRST_10a35,comum,todas,brier_todas,calmar,450,-0.03690680950789371,0.05401474417777418,-0.6832728742808711
FIRST_10a35,comum,todas,brier_todas,maxdd,450,-0.02165973562596332,0.05175146070198116,-0.418533802373121
FIRST_10a35,comum,todas,brier_todas,seq_ruim,450,0.040204556485864934,0.049344877764704614,0.8147665635646266
FIRST_10a35,comum,todas,brier_todas,bsskill_t_ppg>=1_relaxar,450,0.02315566673457116,0.05000187439670923,0.46309597418002196
FIRST_10a35,comum,todas,brier_todas,ppg_nao_piorando_ou_nada,450,0.019708077221112168,0.05470605860439619,0.36025401434290905
FIRST_10a35,comum,todas,brier_todas,funcao_menor_vol,450,-0.013298794320415053,0.0468379376662816,-0.28393210681410486
FIRST_10a35,comum,todas,brier_todas,ACASO,450,0.01645893445783987,0.033966242866759394,0.4845674136643234
FIRST_10a35,comum,todas,brier_todas,FIXO_RETROSPECTO,450,-0.025250696080483883,0.04816051749871784,-0.5243028395854784
FIRST_10a35,comum,todas,brier_todas,BASE_V6_MOM,450,0.0006293026477371604,0.0519916889021433,0.01210390854818371
FIRST_10a35,comum,todas,brier_todas,FIXO_TUDO_INI,450,0.030507011514005557,0.052851268163316256,0.5772238315972953
FIRST_10a35,comum,todas,brier_todas,FIXO_TUDO_INI_CALR,450,-0.007998275967719655,0.05242150089332249,-0.15257624889443952
FIRST_10a35,comum,todas,brier_todas,FIXO_TUDO_MOM,450,0.0622557870613822,0.06177028069022172,1.0078598699202177
FIRST_10a35,comum,todas,brier_todas,FIXO_V6E_INI,450,-0.025250696080483883,0.04816051749871784,-0.5243028395854784
FIRST_10a35,comum,todas,brier_todas,FIXO_V6E_MOM,450,-0.011369826764239366,0.04734751796382019,-0.240135644975676
FIRST_10a35,comum,todas,brier_todas,FIXO_V6WR_INI,450,0.021534455379403995,0.04884617505947569,0.4408626745734622
FIRST_10a35,comum,todas,brier_todas,FIXO_V6WR_MOM,450,-0.002396975835361092,0.05196659197121489,-0.046125322913013314
FIRST_10a35,comum,todas,brier_todas,FIXO_V6_INI,450,0.021534455379403995,0.04884617505947569,0.4408626745734622
FIRST_10a35,comum,todas,brier_todas,FIXO_V6_MOM,450,0.0006293026477371604,0.0519916889021433,0.01210390854818371
FIRST_10a35,comum,todas,brier_todas,FAVORITO,450,0.11625522448260531,0.07566591513989837,1.5364279182728648
FIRST_10a35,comum,todas,brier_todas,ZEBRA,450,0.05624130646812208,0.05786961667950838,0.9718624330898172
FIRST_10a35,comum,todas,brier_todas,VIG_MERCADO,450,0.11246921115245537,0.04755329191129333,2.365119356242618
FIRST_10a35,comum,todas,ll_todas,llskill_todas,450,0.03873589781182372,0.03956743806873588,0.9789842280041577
FIRST_10a35,comum,todas,ll_todas,llskill_entradas,450,0.027940732593747943,0.050747877639680576,0.5505793324428732
FIRST_10a35,comum,todas,ll_todas,ppg,450,0.02629818945724488,0.052929010767049305,0.4968577548707313
FIRST_10a35,comum,todas,ll_todas,lucro,450,0.02629818945724488,0.052929010767049305,0.4968577548707313
FIRST_10a35,comum,todas,ll_todas,roi,450,0.003890055343388175,0.054331542369013566,0.07159847068149415
FIRST_10a35,comum,todas,ll_todas,sharpe,450,0.014778099993765758,0.056364102032476805,0.2621899304853764
FIRST_10a35,comum,todas,ll_todas,sortino,450,0.010523440903194275,0.05548403531779096,0.1896661056269628
FIRST_10a35,comum,todas,ll_todas,maxdd,450,-0.015069623389830589,0.052757042725895556,-0.2856419278109713
FIRST_10a35,comum,todas,ll_todas,seq_ruim,450,0.04679466872199764,0.04522071726766964,1.0348059816258883
FIRST_10a35,comum,todas,ll_todas,ppg_nao_piorando_ou_nada,450,0.02629818945724488,0.052929010767049305,0.4968577548707313
FIRST_10a35,comum,todas,ll_todas,ACASO,450,0.023049046693972595,0.035061048394451504,0.6573975322888566
FIRST_10a35,comum,todas,ll_todas,FIXO_RETROSPECTO,450,-0.01866058384435116,0.047079504847282426,-0.396363213778114
FIRST_10a35,comum,todas,ll_todas,BASE_V6_MOM,450,0.007219414883869877,0.05218425706239965,0.13834469033902727
FIRST_10a35,comum,todas,ll_todas,FIXO_TUDO_INI,450,0.03709712375013828,0.05365484868615159,0.6914030075293663
FIRST_10a35,comum,todas,ll_todas,FIXO_TUDO_INI_CALR,450,-0.0014081637315869373,0.05812098665172066,-0.024228145678687456
FIRST_10a35,comum,todas,ll_todas,FIXO_TUDO_MOM,450,0.06884589929751493,0.062068171997277446,1.1091981136569444
FIRST_10a35,comum,todas,ll_todas,FIXO_V6E_INI,450,-0.01866058384435116,0.047079504847282426,-0.396363213778114
FIRST_10a35,comum,todas,ll_todas,FIXO_V6E_MOM,450,-0.0047797145281066435,0.04512122085832221,-0.1059305230927737
FIRST_10a35,comum,todas,ll_todas,FIXO_V6WR_INI,450,0.02812456761553671,0.049682990792718866,0.5660804063280832
FIRST_10a35,comum,todas,ll_todas,FIXO_V6WR_MOM,450,0.004193136400771623,0.05241802680158331,0.07999416720976164
FIRST_10a35,comum,todas,ll_todas,FIXO_V6_INI,450,0.02812456761553671,0.049682990792718866,0.5660804063280832
FIRST_10a35,comum,todas,ll_todas,FIXO_V6_MOM,450,0.007219414883869877,0.05218425706239965,0.13834469033902727
FIRST_10a35,comum,todas,ll_todas,FAVORITO,450,0.12284533671873804,0.07363180652145461,1.6683732550136976
FIRST_10a35,comum,todas,ll_todas,ZEBRA,450,0.0628314187042548,0.060934108966024116,1.0311370720016368
FIRST_10a35,comum,todas,ll_todas,VIG_MERCADO,450,0.1190593233885881,0.04718146284060368,2.523434336718517
FIRST_10a35,comum,todas,bsskill_entradas,bsskill_todas,450,0.012036907764359457,0.04515728944993562,0.2665551433884085
FIRST_10a35,comum,todas,bsskill_entradas,llskill_todas,450,0.003151459585260395,0.04353336792525355,0.07239181656405326
FIRST_10a35,comum,todas,bsskill_entradas,ll_todas,450,-0.035584438226563334,0.05335947327752605,-0.666881362218221
FIRST_10a35,comum,todas,bsskill_entradas,llskill_entradas,450,-0.007643705632815387,0.018796857333237358,-0.4066480634132111
FIRST_10a35,comum,todas,bsskill_entradas,ll_entradas,450,-0.0018829330577523173,0.046890879381403995,-0.04015563543683618
FIRST_10a35,comum,todas,bsskill_entradas,ppg,450,-0.009286248769318429,0.03712123155131358,-0.2501600399890241
FIRST_10a35,comum,todas,bsskill_entradas,lucro,450,-0.009286248769318429,0.03712123155131358,-0.2501600399890241
FIRST_10a35,comum,todas,bsskill_entradas,roi,450,-0.03169438288317515,0.023114755079867207,-1.3711753714743333
FIRST_10a35,comum,todas,bsskill_entradas,sharpe,450,-0.020806338232797563,0.021973207435572843,-0.9468958181823646
FIRST_10a35,comum,todas,bsskill_entradas,sortino,450,-0.02506099732336904,0.0201492335885222,-1.2437692586801306
FIRST_10a35,comum,todas,bsskill_entradas,calmar,450,-0.06590113549832431,0.023200047072932644,-2.840560421759263
FIRST_10a35,comum,todas,bsskill_entradas,maxdd,450,-0.050654061616393915,0.03211588264361335,-1.577227759189957
FIRST_10a35,comum,todas,bsskill_entradas,seq_ruim,450,0.011210230495434336,0.042560266999938444,0.2633966205017123
FIRST_10a35,comum,todas,bsskill_entradas,bsskill_t_ppg>=1_relaxar,450,-0.005838659255859456,0.041995722948168855,-0.13902985461318365
FIRST_10a35,comum,todas,bsskill_entradas,ppg_nao_piorando_ou_nada,450,-0.009286248769318429,0.03712123155131358,-0.2501600399890241
FIRST_10a35,comum,todas,bsskill_entradas,funcao_menor_vol,450,-0.04229312031084567,0.05812587889775043,-0.7276125731405068
FIRST_10a35,comum,todas,bsskill_entradas,ACASO,450,-0.01253539153259074,0.039481702246536264,-0.317498760674395
FIRST_10a35,comum,todas,bsskill_entradas,FIXO_RETROSPECTO,450,-0.05424502207091447,0.05945849827098953,-0.9123173919342196
FIRST_10a35,comum,todas,bsskill_entradas,BASE_V6_MOM,450,-0.028365023342693453,0.05543004553541421,-0.5117265026342268
FIRST_10a35,comum,todas,bsskill_entradas,FIXO_TUDO_INI,450,0.001512685523574952,0.06319588928679136,0.023936454422061913
FIRST_10a35,comum,todas,bsskill_entradas,FIXO_TUDO_INI_CALR,450,-0.03699260195815027,0.05790314316819769,-0.6388703606416278
FIRST_10a35,comum,todas,bsskill_entradas,FIXO_TUDO_MOM,450,0.03326146107095161,0.06615060461851295,0.5028141656870516
FIRST_10a35,comum,todas,bsskill_entradas,FIXO_V6E_INI,450,-0.05424502207091447,0.05945849827098953,-0.9123173919342196
FIRST_10a35,comum,todas,bsskill_entradas,FIXO_V6E_MOM,450,-0.04036415275466997,0.05889106245541929,-0.6854037110508197
FIRST_10a35,comum,todas,bsskill_entradas,FIXO_V6WR_INI,450,-0.007459870611026624,0.056101678780734264,-0.13297054158009258
FIRST_10a35,comum,todas,bsskill_entradas,FIXO_V6WR_MOM,450,-0.031391301825791716,0.05542823386513303,-0.566341368591546
FIRST_10a35,comum,todas,bsskill_entradas,FIXO_V6_INI,450,-0.007459870611026624,0.056101678780734264,-0.13297054158009258
FIRST_10a35,comum,todas,bsskill_entradas,FIXO_V6_MOM,450,-0.028365023342693453,0.05543004553541421,-0.5117265026342268
FIRST_10a35,comum,todas,bsskill_entradas,FAVORITO,450,0.08726089849217472,0.0734751805424828,1.187624145295174
FIRST_10a35,comum,todas,bsskill_entradas,ZEBRA,450,0.027246980477691474,0.063462249423811,0.42934154911105976
FIRST_10a35,comum,todas,bsskill_entradas,VIG_MERCADO,450,0.08347488516202475,0.050797688234984456,1.6432811819285795
FIRST_10a35,comum,todas,llskill_entradas,llskill_todas,450,0.010795165218075786,0.04249883973374425,0.254010822076735
FIRST_10a35,comum,todas,llskill_entradas,ppg,450,-0.001642543136503046,0.03623596743313106,-0.04532908192762215
FIRST_10a35,comum,todas,llskill_entradas,lucro,450,-0.001642543136503046,0.03623596743313106,-0.04532908192762215
FIRST_10a35,comum,todas,llskill_entradas,roi,450,-0.02405067725035976,0.021631541920092454,-1.1118336981803545
FIRST_10a35,comum,todas,llskill_entradas,sharpe,450,-0.013162632599982176,0.02538124339605085,-0.5185968391930788
FIRST_10a35,comum,todas,llskill_entradas,sortino,450,-0.017417291690553654,0.023321603572597775,-0.7468307930171011
FIRST_10a35,comum,todas,llskill_entradas,maxdd,450,-0.043010355983578524,0.031115487933698137,-1.3822812637624822
FIRST_10a35,comum,todas,llskill_entradas,seq_ruim,450,0.018853936128249725,0.04045335897364147,0.46606602286189736
FIRST_10a35,comum,todas,llskill_entradas,ppg_nao_piorando_ou_nada,450,-0.001642543136503046,0.03623596743313106,-0.04532908192762215
FIRST_10a35,comum,todas,llskill_entradas,ACASO,450,-0.004891685899775352,0.038110663047353825,-0.12835478337643358
FIRST_10a35,comum,todas,llskill_entradas,FIXO_RETROSPECTO,450,-0.046601316438099095,0.0622126809175372,-0.7490645918292617
FIRST_10a35,comum,todas,llskill_entradas,BASE_V6_MOM,450,-0.02072131770987807,0.057328618711717544,-0.36144805466319013
FIRST_10a35,comum,todas,llskill_entradas,FIXO_TUDO_INI,450,0.009156391156390335,0.06446594351491014,0.1420345481218712
FIRST_10a35,comum,todas,llskill_entradas,FIXO_TUDO_INI_CALR,450,-0.029348896325334873,0.05955979434528448,-0.4927635605185482
FIRST_10a35,comum,todas,llskill_entradas,FIXO_TUDO_MOM,450,0.040905166703766975,0.06817189906936395,0.600029737504401
FIRST_10a35,comum,todas,llskill_entradas,FIXO_V6E_INI,450,-0.046601316438099095,0.0622126809175372,-0.7490645918292617
FIRST_10a35,comum,todas,llskill_entradas,FIXO_V6E_MOM,450,-0.03272044712185459,0.05928457200203596,-0.5519217903897644
FIRST_10a35,comum,todas,llskill_entradas,FIXO_V6WR_INI,450,0.00018383502178877681,0.05935406568300402,0.003097260813953269
FIRST_10a35,comum,todas,llskill_entradas,FIXO_V6WR_MOM,450,-0.02374759619297632,0.05727835856527673,-0.4145998032732136
FIRST_10a35,comum,todas,llskill_entradas,FIXO_V6_INI,450,0.00018383502178877681,0.05935406568300402,0.003097260813953269
FIRST_10a35,comum,todas,llskill_entradas,FIXO_V6_MOM,450,-0.02072131770987807,0.057328618711717544,-0.36144805466319013
FIRST_10a35,comum,todas,llskill_entradas,FAVORITO,450,0.0949046041249901,0.06666432576391254,1.4236190501811825
FIRST_10a35,comum,todas,llskill_entradas,ZEBRA,450,0.03489068611050685,0.0668671257970823,0.5217913241311963
FIRST_10a35,comum,todas,llskill_entradas,VIG_MERCADO,450,0.09111859079484014,0.044150808663159236,2.0638034399327374
FIRST_10a35,comum,todas,brier_entradas,bsskill_todas,450,0.020065388668322127,0.033293682522750424,0.6026785608534272
FIRST_10a35,comum,todas,brier_entradas,llskill_todas,450,0.01117994048922306,0.03598498283241685,0.31068350209553747
FIRST_10a35,comum,todas,brier_entradas,brier_todas,450,-0.020965845086467937,0.02496934807505968,-0.8396632953108379
FIRST_10a35,comum,todas,brier_entradas,ll_todas,450,-0.02755595732260066,0.030852713346601106,-0.8931453455336488
FIRST_10a35,comum,todas,brier_entradas,bsskill_entradas,450,0.008028480903962668,0.0473297365998144,0.16962868337606915
FIRST_10a35,comum,todas,brier_entradas,llskill_entradas,450,0.0003847752711472769,0.04588817685381693,0.00838506337641243
FIRST_10a35,comum,todas,brier_entradas,ll_entradas,450,0.006145547846210352,0.006517107717751155,0.9429869985839338
FIRST_10a35,comum,todas,brier_entradas,ppg,450,-0.0012577678653557633,0.051883159787009844,-0.024242314279221574
FIRST_10a35,comum,todas,brier_entradas,lucro,450,-0.0012577678653557633,0.051883159787009844,-0.024242314279221574
FIRST_10a35,comum,todas,brier_entradas,roi,450,-0.02366590197921247,0.049791595925682754,-0.475299125067921
FIRST_10a35,comum,todas,brier_entradas,sharpe,450,-0.012777857328834887,0.05067168164063724,-0.25216959285968144
FIRST_10a35,comum,todas,brier_entradas,sortino,450,-0.01703251641940636,0.049615263585504166,-0.34329186602129963
FIRST_10a35,comum,todas,brier_entradas,calmar,450,-0.05787265459436163,0.050300872859046664,-1.1505298279123835
FIRST_10a35,comum,todas,brier_entradas,maxdd,450,-0.042625580712431235,0.04690295702816603,-0.9088036962538171
FIRST_10a35,comum,todas,brier_entradas,seq_ruim,450,0.019238711399397014,0.044858378150251926,0.4288766601181494
FIRST_10a35,comum,todas,brier_entradas,bsskill_t_ppg>=1_relaxar,450,0.002189821648103219,0.047025982204884464,0.04656620756080174
FIRST_10a35,comum,todas,brier_entradas,ppg_nao_piorando_ou_nada,450,-0.0012577678653557633,0.051883159787009844,-0.024242314279221574
FIRST_10a35,comum,todas,brier_entradas,funcao_menor_vol,450,-0.034264639406882985,0.05032645595822817,-0.6808474539777494
FIRST_10a35,comum,todas,brier_entradas,ACASO,450,-0.004506910628628061,0.03243507039318074,-0.13895177577834422
FIRST_10a35,comum,todas,brier_entradas,FIXO_RETROSPECTO,450,-0.04621654116695182,0.05344980983224081,-0.864671760517174
FIRST_10a35,comum,todas,brier_entradas,BASE_V6_MOM,450,-0.020336542438730777,0.05351440548448426,-0.3800199638698606
FIRST_10a35,comum,todas,brier_entradas,FIXO_TUDO_INI,450,0.009541166427537613,0.051352411079728315,0.18579782773440306
FIRST_10a35,comum,todas,brier_entradas,FIXO_TUDO_INI_CALR,450,-0.02896412105418759,0.04659299908313917,-0.6216410538953474
FIRST_10a35,comum,todas,brier_entradas,FIXO_TUDO_MOM,450,0.04128994197491427,0.05936327536759088,0.6955468969533365
FIRST_10a35,comum,todas,brier_entradas,FIXO_V6E_INI,450,-0.04621654116695182,0.05344980983224081,-0.864671760517174
FIRST_10a35,comum,todas,brier_entradas,FIXO_V6E_MOM,450,-0.032335671850707313,0.04986366695042435,-0.6484816265690249
FIRST_10a35,comum,todas,brier_entradas,FIXO_V6WR_INI,450,0.0005686102929360586,0.05250391922950499,0.01082986377551266
FIRST_10a35,comum,todas,brier_entradas,FIXO_V6WR_MOM,450,-0.023362820921829026,0.053669675185495,-0.435307663798628
FIRST_10a35,comum,todas,brier_entradas,FIXO_V6_INI,450,0.0005686102929360586,0.05250391922950499,0.01082986377551266
FIRST_10a35,comum,todas,brier_entradas,FIXO_V6_MOM,450,-0.020336542438730777,0.05351440548448426,-0.3800199638698606
FIRST_10a35,comum,todas,brier_entradas,FAVORITO,450,0.09528937939613738,0.07353776061600148,1.295788430296623
FIRST_10a35,comum,todas,brier_entradas,ZEBRA,450,0.03527546138165413,0.05364412072692496,0.6575829914562983
FIRST_10a35,comum,todas,brier_entradas,VIG_MERCADO,450,0.09150336606598744,0.04367158336274848,2.0952610146038144
FIRST_10a35,comum,todas,ll_entradas,llskill_todas,450,0.0050343926430127086,0.03475210913689096,0.14486581586118666
FIRST_10a35,comum,todas,ll_entradas,ll_todas,450,-0.033701505168811006,0.032131344683294115,-1.0488669397746448
FIRST_10a35,comum,todas,ll_entradas,llskill_entradas,450,-0.005760772575063072,0.04510284035373989,-0.12772527250792962
FIRST_10a35,comum,todas,ll_entradas,ppg,450,-0.007403315711566115,0.051612226841231616,-0.14344112170048445
FIRST_10a35,comum,todas,ll_entradas,lucro,450,-0.007403315711566115,0.051612226841231616,-0.14344112170048445
FIRST_10a35,comum,todas,ll_entradas,roi,450,-0.029811449825422828,0.049285248353784325,-0.6048757147661564
FIRST_10a35,comum,todas,ll_entradas,sharpe,450,-0.018923405175045243,0.05020439464752943,-0.37692726519064734
FIRST_10a35,comum,todas,ll_entradas,sortino,450,-0.023178064265616725,0.049125885060781735,-0.4718096017392729
FIRST_10a35,comum,todas,ll_entradas,maxdd,450,-0.048771128558641595,0.04658614462888606,-1.046902012329235
FIRST_10a35,comum,todas,ll_entradas,seq_ruim,450,0.01309316355318666,0.04502784050810696,0.29077929133264396
FIRST_10a35,comum,todas,ll_entradas,ppg_nao_piorando_ou_nada,450,-0.007403315711566115,0.051612226841231616,-0.14344112170048445
FIRST_10a35,comum,todas,ll_entradas,ACASO,450,-0.010652458474838413,0.03226103919915594,-0.3301957636602456
FIRST_10a35,comum,todas,ll_entradas,FIXO_RETROSPECTO,450,-0.05236208901316216,0.05331548991492367,-0.9821177503332921
FIRST_10a35,comum,todas,ll_entradas,BASE_V6_MOM,450,-0.026482090284941126,0.053547957341388584,-0.49454902856719135
FIRST_10a35,comum,todas,ll_entradas,FIXO_TUDO_INI,450,0.003395618581327261,0.051666649084661904,0.06572167232605194
FIRST_10a35,comum,todas,ll_entradas,FIXO_TUDO_INI_CALR,450,-0.03510966890039795,0.04656896220865798,-0.7539285231026782
FIRST_10a35,comum,todas,ll_entradas,FIXO_TUDO_MOM,450,0.03514439412870392,0.05911191303401395,0.5945399552283355
FIRST_10a35,comum,todas,ll_entradas,FIXO_V6E_INI,450,-0.05236208901316216,0.05331548991492367,-0.9821177503332921
FIRST_10a35,comum,todas,ll_entradas,FIXO_V6E_MOM,450,-0.03848121969691766,0.05007614137199697,-0.7684541708406611
FIRST_10a35,comum,todas,ll_entradas,FIXO_V6WR_INI,450,-0.005576937553274294,0.05245957568987728,-0.10630923868395742
FIRST_10a35,comum,todas,ll_entradas,FIXO_V6WR_MOM,450,-0.02950836876803938,0.05369529041642098,-0.5495522705845203
FIRST_10a35,comum,todas,ll_entradas,FIXO_V6_INI,450,-0.005576937553274294,0.05245957568987728,-0.10630923868395742
FIRST_10a35,comum,todas,ll_entradas,FIXO_V6_MOM,450,-0.026482090284941126,0.053547957341388584,-0.49454902856719135
FIRST_10a35,comum,todas,ll_entradas,FAVORITO,450,0.08914383154992703,0.07334059915669862,1.2154772741829314
FIRST_10a35,comum,todas,ll_entradas,ZEBRA,450,0.02912991353544378,0.0534679971910266,0.544810261573302
FIRST_10a35,comum,todas,ll_entradas,VIG_MERCADO,450,0.08535781821977707,0.04352676641314833,1.961042026636572
FIRST_10a35,comum,todas,ppg,roi,450,-0.022408134113856715,0.03741018558281675,-0.5989848423566554
FIRST_10a35,comum,todas,ppg,sharpe,450,-0.011520089463479126,0.038497151275865525,-0.2992452449514427
FIRST_10a35,comum,todas,ppg,sortino,450,-0.01577474855405061,0.036969809215184044,-0.42669272276286696
FIRST_10a35,comum,todas,ppg,seq_ruim,450,0.020496479264752766,0.04727574548755458,0.43355168815155964
FIRST_10a35,comum,todas,ppg,ppg_nao_piorando_ou_nada,450,0.0,0.0,
FIRST_10a35,comum,todas,ppg,ACASO,450,-0.003249142763272318,0.044179906515070255,-0.07354345039557744
FIRST_10a35,comum,todas,ppg,FIXO_RETROSPECTO,450,-0.04495877330159607,0.05861085185411002,-0.7670725109661307
FIRST_10a35,comum,todas,ppg,BASE_V6_MOM,450,-0.01907877457337504,0.05957292215061112,-0.32025916951229033
FIRST_10a35,comum,todas,ppg,FIXO_TUDO_INI,450,0.010798934292893381,0.06741856828148389,0.16017744915326604
FIRST_10a35,comum,todas,ppg,FIXO_TUDO_INI_CALR,450,-0.02770635318883182,0.051641164288047034,-0.5365168189138755
FIRST_10a35,comum,todas,ppg,FIXO_TUDO_MOM,450,0.042547709840270044,0.06522464112549198,0.652325702465858
FIRST_10a35,comum,todas,ppg,FIXO_V6E_INI,450,-0.04495877330159607,0.05861085185411002,-0.7670725109661307
FIRST_10a35,comum,todas,ppg,FIXO_V6E_MOM,450,-0.031077903985351544,0.05665783494259947,-0.5485190886103719
FIRST_10a35,comum,todas,ppg,FIXO_V6WR_INI,450,0.001826378158291813,0.06352180905336348,0.028751985900740122
FIRST_10a35,comum,todas,ppg,FIXO_V6WR_MOM,450,-0.022105053056473294,0.059777533307032664,-0.3697886452245545
FIRST_10a35,comum,todas,ppg,FIXO_V6_INI,450,0.001826378158291813,0.06352180905336348,0.028751985900740122
FIRST_10a35,comum,todas,ppg,FIXO_V6_MOM,450,-0.01907877457337504,0.05957292215061112,-0.32025916951229033
FIRST_10a35,comum,todas,ppg,FAVORITO,450,0.09654714726149316,0.07711643424321428,1.251965916331105
FIRST_10a35,comum,todas,ppg,ZEBRA,450,0.036533229247009885,0.059244184097958126,0.6166551165022968
FIRST_10a35,comum,todas,ppg,VIG_MERCADO,450,0.0927611339313432,0.052291898856521794,1.773910222420124
FIRST_10a35,comum,todas,lucro,ppg,450,0.0,0.0,
FIRST_10a35,comum,todas,lucro,roi,450,-0.022408134113856715,0.03741018558281675,-0.5989848423566554
FIRST_10a35,comum,todas,lucro,sharpe,450,-0.011520089463479126,0.038497151275865525,-0.2992452449514427
FIRST_10a35,comum,todas,lucro,sortino,450,-0.01577474855405061,0.036969809215184044,-0.42669272276286696
FIRST_10a35,comum,todas,lucro,maxdd,450,-0.04136781284707547,0.044771630861376095,-0.9239737765005774
FIRST_10a35,comum,todas,lucro,seq_ruim,450,0.020496479264752766,0.04727574548755458,0.43355168815155964
FIRST_10a35,comum,todas,lucro,ppg_nao_piorando_ou_nada,450,0.0,0.0,
FIRST_10a35,comum,todas,lucro,ACASO,450,-0.003249142763272318,0.044179906515070255,-0.07354345039557744
FIRST_10a35,comum,todas,lucro,FIXO_RETROSPECTO,450,-0.04495877330159607,0.05861085185411002,-0.7670725109661307
FIRST_10a35,comum,todas,lucro,BASE_V6_MOM,450,-0.01907877457337504,0.05957292215061112,-0.32025916951229033
FIRST_10a35,comum,todas,lucro,FIXO_TUDO_INI,450,0.010798934292893381,0.06741856828148389,0.16017744915326604
FIRST_10a35,comum,todas,lucro,FIXO_TUDO_INI_CALR,450,-0.02770635318883182,0.051641164288047034,-0.5365168189138755
FIRST_10a35,comum,todas,lucro,FIXO_TUDO_MOM,450,0.042547709840270044,0.06522464112549198,0.652325702465858
FIRST_10a35,comum,todas,lucro,FIXO_V6E_INI,450,-0.04495877330159607,0.05861085185411002,-0.7670725109661307
FIRST_10a35,comum,todas,lucro,FIXO_V6E_MOM,450,-0.031077903985351544,0.05665783494259947,-0.5485190886103719
FIRST_10a35,comum,todas,lucro,FIXO_V6WR_INI,450,0.001826378158291813,0.06352180905336348,0.028751985900740122
FIRST_10a35,comum,todas,lucro,FIXO_V6WR_MOM,450,-0.022105053056473294,0.059777533307032664,-0.3697886452245545
FIRST_10a35,comum,todas,lucro,FIXO_V6_INI,450,0.001826378158291813,0.06352180905336348,0.028751985900740122
FIRST_10a35,comum,todas,lucro,FIXO_V6_MOM,450,-0.01907877457337504,0.05957292215061112,-0.32025916951229033
FIRST_10a35,comum,todas,lucro,FAVORITO,450,0.09654714726149316,0.07711643424321428,1.251965916331105
FIRST_10a35,comum,todas,lucro,ZEBRA,450,0.036533229247009885,0.059244184097958126,0.6166551165022968
FIRST_10a35,comum,todas,lucro,VIG_MERCADO,450,0.0927611339313432,0.052291898856521794,1.773910222420124
FIRST_10a35,comum,todas,roi,sharpe,450,0.010888044650377585,0.012669920166879832,0.8593617407976879
FIRST_10a35,comum,todas,roi,sortino,450,0.0066333855598061054,0.012437079380264346,0.5333555698239111
FIRST_10a35,comum,todas,roi,seq_ruim,450,0.042904613378609485,0.04689253684191153,0.9149561160074042
FIRST_10a35,comum,todas,roi,ACASO,450,0.019158991350584402,0.04538283785066783,0.4221638015151683
FIRST_10a35,comum,todas,roi,FIXO_RETROSPECTO,450,-0.022550639187739335,0.06240103003772758,-0.36138248317544197
FIRST_10a35,comum,todas,roi,BASE_V6_MOM,450,0.0033293595404816933,0.05946910219034662,0.05598469487272896
FIRST_10a35,comum,todas,roi,FIXO_TUDO_INI,450,0.0332070684067501,0.06741766398738308,0.49255738693296547
FIRST_10a35,comum,todas,roi,FIXO_TUDO_INI_CALR,450,-0.005298219074975109,0.055957138059527345,-0.0946835249032724
FIRST_10a35,comum,todas,roi,FIXO_TUDO_MOM,450,0.06495584395412675,0.07184546912643579,0.904104945571662
FIRST_10a35,comum,todas,roi,FIXO_V6E_INI,450,-0.022550639187739335,0.06240103003772758,-0.36138248317544197
FIRST_10a35,comum,todas,roi,FIXO_V6E_MOM,450,-0.008669769871494818,0.06103336899446272,-0.14204966912905279
FIRST_10a35,comum,todas,roi,FIXO_V6WR_INI,450,0.024234512272148505,0.06064344429758531,0.39962295270081605
FIRST_10a35,comum,todas,roi,FIXO_V6WR_MOM,450,0.00030308105738344085,0.05950418786810156,0.005093440785298301
FIRST_10a35,comum,todas,roi,FIXO_V6_INI,450,0.024234512272148505,0.06064344429758531,0.39962295270081605
FIRST_10a35,comum,todas,roi,FIXO_V6_MOM,450,0.0033293595404816933,0.05946910219034662,0.05598469487272896
FIRST_10a35,comum,todas,roi,FAVORITO,450,0.11895528137534989,0.07823657044441505,1.5204562354872695
FIRST_10a35,comum,todas,roi,ZEBRA,450,0.05894136336086663,0.06447229610985107,0.9142122573149781
FIRST_10a35,comum,todas,roi,VIG_MERCADO,450,0.11516926804519992,0.05580571764989118,2.063753910804236
FIRST_10a35,comum,todas,sharpe,sortino,450,-0.004254659090571481,0.006955544958172055,-0.6116931334866423
FIRST_10a35,comum,todas,sharpe,ACASO,450,0.008270946700206824,0.04684908631300313,0.17654446118645423
FIRST_10a35,comum,todas,sharpe,FIXO_RETROSPECTO,450,-0.03343868383811693,0.06289231481302938,-0.5316815566023568
FIRST_10a35,comum,todas,sharpe,BASE_V6_MOM,450,-0.007558685109895892,0.06019929881020325,-0.12556101581393772
FIRST_10a35,comum,todas,sharpe,FIXO_TUDO_INI,450,0.022319023756372514,0.06787140539273222,0.3288428113021286
FIRST_10a35,comum,todas,sharpe,FIXO_TUDO_INI_CALR,450,-0.016186263725352694,0.05547635849901751,-0.2917686770237335
FIRST_10a35,comum,todas,sharpe,FIXO_TUDO_MOM,450,0.054067799303749164,0.0722749744150879,0.7480846550457185
FIRST_10a35,comum,todas,sharpe,FIXO_V6E_INI,450,-0.03343868383811693,0.06289231481302938,-0.5316815566023568
FIRST_10a35,comum,todas,sharpe,FIXO_V6E_MOM,450,-0.019557814521872427,0.06155298988930077,-0.31773947223434545
FIRST_10a35,comum,todas,sharpe,FIXO_V6WR_INI,450,0.013346467621770929,0.061697774166476274,0.21632008288919416
FIRST_10a35,comum,todas,sharpe,FIXO_V6WR_MOM,450,-0.010584963592994144,0.06053654973569751,-0.17485244268475955
FIRST_10a35,comum,todas,sharpe,FIXO_V6_INI,450,0.013346467621770929,0.061697774166476274,0.21632008288919416
FIRST_10a35,comum,todas,sharpe,FIXO_V6_MOM,450,-0.007558685109895892,0.06019929881020325,-0.12556101581393772
FIRST_10a35,comum,todas,sharpe,FAVORITO,450,0.10806723672497229,0.08139359123693078,1.3277118638296286
FIRST_10a35,comum,todas,sharpe,ZEBRA,450,0.04805331871048903,0.06279008440263073,0.7653010689132906
FIRST_10a35,comum,todas,sharpe,VIG_MERCADO,450,0.10428122339482235,0.058826414370012715,1.772693857199983
FIRST_10a35,comum,todas,sortino,ACASO,450,0.012525605790778303,0.04512742114755249,0.2775608592794059
FIRST_10a35,comum,todas,sortino,FIXO_RETROSPECTO,450,-0.029184024747545452,0.06194174390999147,-0.4711527784873674
FIRST_10a35,comum,todas,sortino,BASE_V6_MOM,450,-0.003304026019324409,0.0596046741305823,-0.05543233089549199
FIRST_10a35,comum,todas,sortino,FIXO_TUDO_INI,450,0.02657368284694399,0.0658938969306093,0.4032798800005387
FIRST_10a35,comum,todas,sortino,FIXO_TUDO_INI_CALR,450,-0.011931604634781216,0.0553602726605695,-0.21552647885131412
FIRST_10a35,comum,todas,sortino,FIXO_TUDO_MOM,450,0.05832245839432063,0.07037071141200124,0.8287888131876145
FIRST_10a35,comum,todas,sortino,FIXO_V6E_INI,450,-0.029184024747545452,0.06194174390999147,-0.4711527784873674
FIRST_10a35,comum,todas,sortino,FIXO_V6E_MOM,450,-0.015303155431300928,0.06026062748641464,-0.25394948691417
FIRST_10a35,comum,todas,sortino,FIXO_V6WR_INI,450,0.017601126712342412,0.060439860379204347,0.29121719676239466
FIRST_10a35,comum,todas,sortino,FIXO_V6WR_MOM,450,-0.006330304502422662,0.059765707449981435,-0.10591867431203023
FIRST_10a35,comum,todas,sortino,FIXO_V6_INI,450,0.017601126712342412,0.060439860379204347,0.29121719676239466
FIRST_10a35,comum,todas,sortino,FIXO_V6_MOM,450,-0.003304026019324409,0.0596046741305823,-0.05543233089549199
FIRST_10a35,comum,todas,sortino,FAVORITO,450,0.11232189581554378,0.07957654396808514,1.4114950237169315
FIRST_10a35,comum,todas,sortino,ZEBRA,450,0.05230797780106052,0.06307760532660835,0.8292638493521755
FIRST_10a35,comum,todas,sortino,VIG_MERCADO,450,0.10853588248539381,0.05701032934335878,1.9037932903651489
FIRST_10a35,comum,todas,calmar,llskill_todas,450,0.0690525950835847,0.042759645127776594,1.6149010329070355
FIRST_10a35,comum,todas,calmar,ll_todas,450,0.030316697271760982,0.057012877465423835,0.5317517483685492
FIRST_10a35,comum,todas,calmar,llskill_entradas,450,0.05825742986550893,0.02416664414575454,2.4106545167854123
FIRST_10a35,comum,todas,calmar,ll_entradas,450,0.06401820244057198,0.049704060038607105,1.2879873875664587
FIRST_10a35,comum,todas,calmar,ppg,450,0.05661488672900587,0.03614191430243599,1.566460654387363
FIRST_10a35,comum,todas,calmar,lucro,450,0.05661488672900587,0.03614191430243599,1.566460654387363
FIRST_10a35,comum,todas,calmar,roi,450,0.03420675261514916,0.02389164125677217,1.4317456154441937
FIRST_10a35,comum,todas,calmar,sharpe,450,0.04509479726552676,0.02349724374951661,1.9191526353576878
FIRST_10a35,comum,todas,calmar,sortino,450,0.040840138174955264,0.021997409986926057,1.856588489246152
FIRST_10a35,comum,todas,calmar,maxdd,450,0.015247073881930402,0.031580166595446414,0.48280536569838417
FIRST_10a35,comum,todas,calmar,seq_ruim,450,0.07711136599375866,0.04586243505892666,1.6813622280343727
FIRST_10a35,comum,todas,calmar,ppg_nao_piorando_ou_nada,450,0.05661488672900587,0.03614191430243599,1.566460654387363
FIRST_10a35,comum,todas,calmar,funcao_menor_vol,450,0.02360801518747866,0.06449054933599939,0.3660693765295683
FIRST_10a35,comum,todas,calmar,ACASO,450,0.053365743965733556,0.04762145571407907,1.1206239533319478
FIRST_10a35,comum,todas,calmar,FIXO_RETROSPECTO,450,0.011656113427409819,0.0649542400207434,0.17945115551636645
FIRST_10a35,comum,todas,calmar,BASE_V6_MOM,450,0.03753611215563086,0.062479928219198316,0.6007707311049226
FIRST_10a35,comum,todas,calmar,FIXO_TUDO_INI,450,0.06741382102189926,0.07126271568107982,0.9459900647569282
FIRST_10a35,comum,todas,calmar,FIXO_TUDO_INI_CALR,450,0.028908533540174048,0.05440360149617629,0.5313716876300159
FIRST_10a35,comum,todas,calmar,FIXO_TUDO_MOM,450,0.0991625965692759,0.07414210624634904,1.337466678378306
FIRST_10a35,comum,todas,calmar,FIXO_V6E_INI,450,0.011656113427409819,0.0649542400207434,0.17945115551636645
FIRST_10a35,comum,todas,calmar,FIXO_V6E_MOM,450,0.025536982743654343,0.06417557254628188,0.39792372285011846
FIRST_10a35,comum,todas,calmar,FIXO_V6WR_INI,450,0.05844126488729768,0.063571123493203,0.9193052077103246
FIRST_10a35,comum,todas,calmar,FIXO_V6WR_MOM,450,0.0345098336725326,0.06258648100650047,0.5513943765099731
FIRST_10a35,comum,todas,calmar,FIXO_V6_INI,450,0.05844126488729768,0.063571123493203,0.9193052077103246
FIRST_10a35,comum,todas,calmar,FIXO_V6_MOM,450,0.03753611215563086,0.062479928219198316,0.6007707311049226
FIRST_10a35,comum,todas,calmar,FAVORITO,450,0.15316203399049902,0.07695476392661928,1.9902865810432175
FIRST_10a35,comum,todas,calmar,ZEBRA,450,0.09314811597601579,0.06509156074387688,1.4310321478161538
FIRST_10a35,comum,todas,calmar,VIG_MERCADO,450,0.1493760206603491,0.05566918145820732,2.6832803491549555
FIRST_10a35,comum,todas,maxdd,ppg,450,0.04136781284707547,0.044771630861376095,0.9239737765005774
FIRST_10a35,comum,todas,maxdd,roi,450,0.01895967873321877,0.033965701634342774,0.5582007089778063
FIRST_10a35,comum,todas,maxdd,sharpe,450,0.029847723383596356,0.03473483242609929,0.8593023572835542
FIRST_10a35,comum,todas,maxdd,sortino,450,0.025593064293024863,0.034710354880766826,0.7373322566403981
FIRST_10a35,comum,todas,maxdd,seq_ruim,450,0.06186429211182826,0.043393717760395654,1.4256508846146903
FIRST_10a35,comum,todas,maxdd,ppg_nao_piorando_ou_nada,450,0.04136781284707547,0.044771630861376095,0.9239737765005774
FIRST_10a35,comum,todas,maxdd,ACASO,450,0.038118670083803166,0.04101206180463745,0.929450225286964
FIRST_10a35,comum,todas,maxdd,FIXO_RETROSPECTO,450,-0.0035909604545205707,0.05978868475293093,-0.06006087053695451
FIRST_10a35,comum,todas,maxdd,BASE_V6_MOM,450,0.022289038273700466,0.05806698649221023,0.383850439297217
FIRST_10a35,comum,todas,maxdd,FIXO_TUDO_INI,450,0.052166747139968876,0.06312767647660866,0.8263688773544319
FIRST_10a35,comum,todas,maxdd,FIXO_TUDO_INI_CALR,450,0.013661459658243651,0.06097419512698482,0.22405313640946475
FIRST_10a35,comum,todas,maxdd,FIXO_TUDO_MOM,450,0.0839155226873455,0.06681446860476237,1.2559483662699402
FIRST_10a35,comum,todas,maxdd,FIXO_V6E_INI,450,-0.0035909604545205707,0.05978868475293093,-0.06006087053695451
FIRST_10a35,comum,todas,maxdd,FIXO_V6E_MOM,450,0.010289908861723929,0.05663583491896009,0.1816854801637109
FIRST_10a35,comum,todas,maxdd,FIXO_V6WR_INI,450,0.0431941910053673,0.05703735419005384,0.7572965404643452
FIRST_10a35,comum,todas,maxdd,FIXO_V6WR_MOM,450,0.019262759790602206,0.05810470646977881,0.3315180638701114
FIRST_10a35,comum,todas,maxdd,FIXO_V6_INI,450,0.0431941910053673,0.05703735419005384,0.7572965404643452
FIRST_10a35,comum,todas,maxdd,FIXO_V6_MOM,450,0.022289038273700466,0.05806698649221023,0.383850439297217
FIRST_10a35,comum,todas,maxdd,FAVORITO,450,0.13791496010856866,0.06988554224154878,1.9734405097965257
FIRST_10a35,comum,todas,maxdd,ZEBRA,450,0.07790104209408538,0.06966923093741632,1.1181556197177442
FIRST_10a35,comum,todas,maxdd,VIG_MERCADO,450,0.13412894677841866,0.050975677185138936,2.6312342314016695
FIRST_10a35,comum,todas,seq_ruim,sharpe,450,-0.032016568728231894,0.04585115680348294,-0.6982717767722679
FIRST_10a35,comum,todas,seq_ruim,sortino,450,-0.036271227818803375,0.04532043202948825,-0.8003283771699945
FIRST_10a35,comum,todas,seq_ruim,ACASO,450,-0.023745622028025073,0.04582582538276056,-0.5181711803265862
FIRST_10a35,comum,todas,seq_ruim,FIXO_RETROSPECTO,450,-0.0654552525663488,0.06378365883501386,-1.0262072411941556
FIRST_10a35,comum,todas,seq_ruim,BASE_V6_MOM,450,-0.03957525383812779,0.06629480872534314,-0.5969585643136335
FIRST_10a35,comum,todas,seq_ruim,FIXO_TUDO_INI,450,-0.009697544971859396,0.06880399576520797,-0.14094450277207796
FIRST_10a35,comum,todas,seq_ruim,FIXO_TUDO_INI_CALR,450,-0.04820283245358458,0.0620200065750841,-0.7772142428786774
FIRST_10a35,comum,todas,seq_ruim,FIXO_TUDO_MOM,450,0.022051230575517253,0.0729022264791946,0.30247677801459744
FIRST_10a35,comum,todas,seq_ruim,FIXO_V6E_INI,450,-0.0654552525663488,0.06378365883501386,-1.0262072411941556
FIRST_10a35,comum,todas,seq_ruim,FIXO_V6E_MOM,450,-0.05157438325010432,0.06075009586237023,-0.8489597015113598
FIRST_10a35,comum,todas,seq_ruim,FIXO_V6WR_INI,450,-0.01867010110646096,0.06610379299851063,-0.2824361547132645
FIRST_10a35,comum,todas,seq_ruim,FIXO_V6WR_MOM,450,-0.04260153232122604,0.06633854641924751,-0.6421836868717643
FIRST_10a35,comum,todas,seq_ruim,FIXO_V6_INI,450,-0.01867010110646096,0.06610379299851063,-0.2824361547132645
FIRST_10a35,comum,todas,seq_ruim,FIXO_V6_MOM,450,-0.03957525383812779,0.06629480872534314,-0.5969585643136335
FIRST_10a35,comum,todas,seq_ruim,FAVORITO,450,0.07605066799674037,0.06755957537533405,1.1256830371451152
FIRST_10a35,comum,todas,seq_ruim,ZEBRA,450,0.016036749982257136,0.06854835977080224,0.2339479753545889
FIRST_10a35,comum,todas,seq_ruim,VIG_MERCADO,450,0.07226465466659043,0.046781358691217176,1.544731848076006
FIRST_10a35,comum,todas,brier_com_roi>=0,bsskill_todas,450,0.005614447575908113,0.036067009876037934,0.1556671205959388
FIRST_10a35,comum,todas,brier_com_roi>=0,llskill_todas,450,-0.003271000603190949,0.03947527762966079,-0.08286200375531232
FIRST_10a35,comum,todas,brier_com_roi>=0,brier_todas,450,-0.03541678617888195,0.022650689606768058,-1.5636074130078301
FIRST_10a35,comum,todas,brier_com_roi>=0,ll_todas,450,-0.04200689841501467,0.027229033066430486,-1.5427245731616956
FIRST_10a35,comum,todas,brier_com_roi>=0,bsskill_entradas,450,-0.006422460188451342,0.04875078280512894,-0.13174065766541193
FIRST_10a35,comum,todas,brier_com_roi>=0,llskill_entradas,450,-0.014066165821266722,0.04741155605790729,-0.29668222245409237
FIRST_10a35,comum,todas,brier_com_roi>=0,brier_entradas,450,-0.014450941092414012,0.026165542021366332,-0.5522890021010695
FIRST_10a35,comum,todas,brier_com_roi>=0,ll_entradas,450,-0.00830539324620366,0.027872136996305728,-0.2979819325408915
FIRST_10a35,comum,todas,brier_com_roi>=0,ppg,450,-0.015708708957769768,0.05692259525445173,-0.2759661411702981
FIRST_10a35,comum,todas,brier_com_roi>=0,lucro,450,-0.015708708957769768,0.05692259525445173,-0.2759661411702981
FIRST_10a35,comum,todas,brier_com_roi>=0,roi,450,-0.03811684307162649,0.053539963732260304,-0.711932553078278
FIRST_10a35,comum,todas,brier_com_roi>=0,sharpe,450,-0.027228798421248913,0.053666667958950504,-0.5073689024643033
FIRST_10a35,comum,todas,brier_com_roi>=0,sortino,450,-0.031483457511820384,0.05203028194037705,-0.605098729772369
FIRST_10a35,comum,todas,brier_com_roi>=0,calmar,450,-0.07232359568677565,0.05561760452970431,-1.3003723604843318
FIRST_10a35,comum,todas,brier_com_roi>=0,maxdd,450,-0.057076521804845244,0.051149432095162393,-1.1158779182270417
FIRST_10a35,comum,todas,brier_com_roi>=0,seq_ruim,450,0.004787770306982995,0.043065790778507806,0.11117339819921186
FIRST_10a35,comum,todas,brier_com_roi>=0,bsskill_t_ppg>=1_relaxar,450,-0.012261119444310794,0.04990081324564197,-0.24570981206166226
FIRST_10a35,comum,todas,brier_com_roi>=0,ppg_nao_piorando_ou_nada,450,-0.015708708957769768,0.05692259525445173,-0.2759661411702981
FIRST_10a35,comum,todas,brier_com_roi>=0,funcao_menor_vol,450,-0.04871558049929698,0.04801127602078364,-1.014669563837638
FIRST_10a35,comum,todas,brier_com_roi>=0,ACASO,450,-0.018957851721042075,0.03298245799514646,-0.5747858975165472
FIRST_10a35,comum,todas,brier_com_roi>=0,FIXO_RETROSPECTO,450,-0.06066748225936585,0.05177425638213157,-1.1717692633110135
FIRST_10a35,comum,todas,brier_com_roi>=0,BASE_V6_MOM,450,-0.03478748353114479,0.05223748808866065,-0.6659486281595576
FIRST_10a35,comum,todas,brier_com_roi>=0,FIXO_TUDO_INI,450,-0.004909774664876402,0.05115009971833363,-0.09598758735394215
FIRST_10a35,comum,todas,brier_com_roi>=0,FIXO_TUDO_INI_CALR,450,-0.0434150621466016,0.057555829886722545,-0.7543121562498215
FIRST_10a35,comum,todas,brier_com_roi>=0,FIXO_TUDO_MOM,450,0.026839000882500248,0.0598161504475588,0.4486915436998937
FIRST_10a35,comum,todas,brier_com_roi>=0,FIXO_V6E_INI,450,-0.06066748225936585,0.05177425638213157,-1.1717692633110135
FIRST_10a35,comum,todas,brier_com_roi>=0,FIXO_V6E_MOM,450,-0.04678661294312132,0.04795955127762793,-0.9755431753788373
FIRST_10a35,comum,todas,brier_com_roi>=0,FIXO_V6WR_INI,450,-0.01388233079947796,0.048537128970165974,-0.28601466741081716
FIRST_10a35,comum,todas,brier_com_roi>=0,FIXO_V6WR_MOM,450,-0.037813762014243045,0.052137581697051634,-0.72526881346285
FIRST_10a35,comum,todas,brier_com_roi>=0,FIXO_V6_INI,450,-0.01388233079947796,0.048537128970165974,-0.28601466741081716
FIRST_10a35,comum,todas,brier_com_roi>=0,FIXO_V6_MOM,450,-0.03478748353114479,0.05223748808866065,-0.6659486281595576
FIRST_10a35,comum,todas,brier_com_roi>=0,FAVORITO,450,0.08083843830372336,0.07308258255201194,1.106124544055236
FIRST_10a35,comum,todas,brier_com_roi>=0,ZEBRA,450,0.020824520289240128,0.06111152903514016,0.3407625470680938
FIRST_10a35,comum,todas,brier_com_roi>=0,VIG_MERCADO,450,0.07705242497357342,0.046388138140344926,1.661037240607831
FIRST_10a35,comum,todas,bsskill_t_ppg>=1_relaxar,bsskill_todas,450,0.01787556702021892,0.04215866092167879,0.42400699238117784
FIRST_10a35,comum,todas,bsskill_t_ppg>=1_relaxar,llskill_todas,450,0.008990118841119854,0.04110798473823781,0.21869519749912306
FIRST_10a35,comum,todas,bsskill_t_ppg>=1_relaxar,ll_todas,450,-0.02974577897070388,0.0523473975634121,-0.568237970849854
FIRST_10a35,comum,todas,bsskill_t_ppg>=1_relaxar,llskill_entradas,450,-0.0018050463769559322,0.03641733671377611,-0.049565578920358316
FIRST_10a35,comum,todas,bsskill_t_ppg>=1_relaxar,ll_entradas,450,0.003955726198107133,0.0469582586706944,0.0842392011562348
FIRST_10a35,comum,todas,bsskill_t_ppg>=1_relaxar,ppg,450,-0.0034475895134589785,0.03890707470325275,-0.08861086421310287
FIRST_10a35,comum,todas,bsskill_t_ppg>=1_relaxar,lucro,450,-0.0034475895134589785,0.03890707470325275,-0.08861086421310287
FIRST_10a35,comum,todas,bsskill_t_ppg>=1_relaxar,roi,450,-0.025855723627315686,0.044097549663591216,-0.5863301662918303
FIRST_10a35,comum,todas,bsskill_t_ppg>=1_relaxar,sharpe,450,-0.014967678976938101,0.044116590825990155,-0.33927551283315116
FIRST_10a35,comum,todas,bsskill_t_ppg>=1_relaxar,sortino,450,-0.019222338067509583,0.042703652282909614,-0.4501333501912794
FIRST_10a35,comum,todas,bsskill_t_ppg>=1_relaxar,calmar,450,-0.06006247624246486,0.040161987512917476,-1.4955055753440165
FIRST_10a35,comum,todas,bsskill_t_ppg>=1_relaxar,maxdd,450,-0.044815402360534454,0.0505481336525057,-0.8865886655404325
FIRST_10a35,comum,todas,bsskill_t_ppg>=1_relaxar,seq_ruim,450,0.01704888975129379,0.05094845451638142,0.33463016519592503
FIRST_10a35,comum,todas,bsskill_t_ppg>=1_relaxar,ppg_nao_piorando_ou_nada,450,-0.0034475895134589785,0.03890707470325275,-0.08861086421310287
FIRST_10a35,comum,todas,bsskill_t_ppg>=1_relaxar,funcao_menor_vol,450,-0.0364544610549862,0.058327330840387395,-0.6249979302969262
FIRST_10a35,comum,todas,bsskill_t_ppg>=1_relaxar,ACASO,450,-0.006696732276731281,0.03872585086673514,-0.17292666595696835
FIRST_10a35,comum,todas,bsskill_t_ppg>=1_relaxar,FIXO_RETROSPECTO,450,-0.048406362815055025,0.05978507474671405,-0.8096730332801929
FIRST_10a35,comum,todas,bsskill_t_ppg>=1_relaxar,BASE_V6_MOM,450,-0.022526364086834,0.06074085957828333,-0.370860146583896
FIRST_10a35,comum,todas,bsskill_t_ppg>=1_relaxar,FIXO_TUDO_INI,450,0.007351344779434401,0.06706230933629856,0.1096196187126435
FIRST_10a35,comum,todas,bsskill_t_ppg>=1_relaxar,FIXO_TUDO_INI_CALR,450,-0.0311539427022908,0.05892111752661306,-0.5287398476143874
FIRST_10a35,comum,todas,bsskill_t_ppg>=1_relaxar,FIXO_TUDO_MOM,450,0.03910012032681104,0.06848902658073042,0.5708961315244034
FIRST_10a35,comum,todas,bsskill_t_ppg>=1_relaxar,FIXO_V6E_INI,450,-0.048406362815055025,0.05978507474671405,-0.8096730332801929
FIRST_10a35,comum,todas,bsskill_t_ppg>=1_relaxar,FIXO_V6E_MOM,450,-0.034525493498810525,0.058425343583010415,-0.5909335124363777
FIRST_10a35,comum,todas,bsskill_t_ppg>=1_relaxar,FIXO_V6WR_INI,450,-0.0016212113551671771,0.06370829761467135,-0.025447412909583526
FIRST_10a35,comum,todas,bsskill_t_ppg>=1_relaxar,FIXO_V6WR_MOM,450,-0.02555264256993225,0.061038059650954025,-0.41863458170287465
FIRST_10a35,comum,todas,bsskill_t_ppg>=1_relaxar,FIXO_V6_INI,450,-0.0016212113551671771,0.06370829761467135,-0.025447412909583526
FIRST_10a35,comum,todas,bsskill_t_ppg>=1_relaxar,FIXO_V6_MOM,450,-0.022526364086834,0.06074085957828333,-0.370860146583896
FIRST_10a35,comum,todas,bsskill_t_ppg>=1_relaxar,FAVORITO,450,0.09309955774803416,0.06704434689503128,1.388626514533679
FIRST_10a35,comum,todas,bsskill_t_ppg>=1_relaxar,ZEBRA,450,0.03308563973355093,0.06774618175854175,0.48837644978241657
FIRST_10a35,comum,todas,bsskill_t_ppg>=1_relaxar,VIG_MERCADO,450,0.08931354441788424,0.04315113650363051,2.069784289699296
FIRST_10a35,comum,todas,ppg_nao_piorando_ou_nada,roi,450,-0.022408134113856715,0.03741018558281675,-0.5989848423566554
FIRST_10a35,comum,todas,ppg_nao_piorando_ou_nada,sharpe,450,-0.011520089463479126,0.038497151275865525,-0.2992452449514427
FIRST_10a35,comum,todas,ppg_nao_piorando_ou_nada,sortino,450,-0.01577474855405061,0.036969809215184044,-0.42669272276286696
FIRST_10a35,comum,todas,ppg_nao_piorando_ou_nada,seq_ruim,450,0.020496479264752766,0.04727574548755458,0.43355168815155964
FIRST_10a35,comum,todas,ppg_nao_piorando_ou_nada,ACASO,450,-0.003249142763272318,0.044179906515070255,-0.07354345039557744
FIRST_10a35,comum,todas,ppg_nao_piorando_ou_nada,FIXO_RETROSPECTO,450,-0.04495877330159607,0.05861085185411002,-0.7670725109661307
FIRST_10a35,comum,todas,ppg_nao_piorando_ou_nada,BASE_V6_MOM,450,-0.01907877457337504,0.05957292215061112,-0.32025916951229033
FIRST_10a35,comum,todas,ppg_nao_piorando_ou_nada,FIXO_TUDO_INI,450,0.010798934292893381,0.06741856828148389,0.16017744915326604
FIRST_10a35,comum,todas,ppg_nao_piorando_ou_nada,FIXO_TUDO_INI_CALR,450,-0.02770635318883182,0.051641164288047034,-0.5365168189138755
FIRST_10a35,comum,todas,ppg_nao_piorando_ou_nada,FIXO_TUDO_MOM,450,0.042547709840270044,0.06522464112549198,0.652325702465858
FIRST_10a35,comum,todas,ppg_nao_piorando_ou_nada,FIXO_V6E_INI,450,-0.04495877330159607,0.05861085185411002,-0.7670725109661307
FIRST_10a35,comum,todas,ppg_nao_piorando_ou_nada,FIXO_V6E_MOM,450,-0.031077903985351544,0.05665783494259947,-0.5485190886103719
FIRST_10a35,comum,todas,ppg_nao_piorando_ou_nada,FIXO_V6WR_INI,450,0.001826378158291813,0.06352180905336348,0.028751985900740122
FIRST_10a35,comum,todas,ppg_nao_piorando_ou_nada,FIXO_V6WR_MOM,450,-0.022105053056473294,0.059777533307032664,-0.3697886452245545
FIRST_10a35,comum,todas,ppg_nao_piorando_ou_nada,FIXO_V6_INI,450,0.001826378158291813,0.06352180905336348,0.028751985900740122
FIRST_10a35,comum,todas,ppg_nao_piorando_ou_nada,FIXO_V6_MOM,450,-0.01907877457337504,0.05957292215061112,-0.32025916951229033
FIRST_10a35,comum,todas,ppg_nao_piorando_ou_nada,FAVORITO,450,0.09654714726149316,0.07711643424321428,1.251965916331105
FIRST_10a35,comum,todas,ppg_nao_piorando_ou_nada,ZEBRA,450,0.036533229247009885,0.059244184097958126,0.6166551165022968
FIRST_10a35,comum,todas,ppg_nao_piorando_ou_nada,VIG_MERCADO,450,0.0927611339313432,0.052291898856521794,1.773910222420124
FIRST_10a35,comum,todas,funcao_menor_vol,llskill_todas,450,0.04544457989610605,0.05944331161154331,0.7645028290664942
FIRST_10a35,comum,todas,funcao_menor_vol,ll_todas,450,0.006708682084282336,0.04556561241911471,0.147231250237033
FIRST_10a35,comum,todas,funcao_menor_vol,llskill_entradas,450,0.03464941467803027,0.05634958198299208,0.6149010065148035
FIRST_10a35,comum,todas,funcao_menor_vol,ll_entradas,450,0.04041018725309334,0.05087919665853249,0.7942379185799607
FIRST_10a35,comum,todas,funcao_menor_vol,ppg,450,0.03300687154152722,0.06355449213404751,0.5193475776961598
FIRST_10a35,comum,todas,funcao_menor_vol,lucro,450,0.03300687154152722,0.06355449213404751,0.5193475776961598
FIRST_10a35,comum,todas,funcao_menor_vol,roi,450,0.010598737427670505,0.05912665879279912,0.17925480052597353
FIRST_10a35,comum,todas,funcao_menor_vol,sharpe,450,0.02148678207804809,0.0602314382074233,0.3567369918023961
FIRST_10a35,comum,todas,funcao_menor_vol,sortino,450,0.017232122987476617,0.060223588814553204,0.28613577049583644
FIRST_10a35,comum,todas,funcao_menor_vol,maxdd,450,-0.008360941305548262,0.057309101645047,-0.14589203225227776
FIRST_10a35,comum,todas,funcao_menor_vol,seq_ruim,450,0.05350335080627999,0.061546479973907685,0.8693161790725069
FIRST_10a35,comum,todas,funcao_menor_vol,ppg_nao_piorando_ou_nada,450,0.03300687154152722,0.06355449213404751,0.5193475776961598
FIRST_10a35,comum,todas,funcao_menor_vol,ACASO,450,0.029757728778254913,0.038966807680878665,0.7636686336216676
FIRST_10a35,comum,todas,funcao_menor_vol,FIXO_RETROSPECTO,450,-0.011951901760068833,0.05399122315495675,-0.22136749385666715
FIRST_10a35,comum,todas,funcao_menor_vol,BASE_V6_MOM,450,0.013928096968152195,0.04368588014188664,0.31882376921136446
FIRST_10a35,comum,todas,funcao_menor_vol,FIXO_TUDO_INI,450,0.04380580583442059,0.061903399712237635,0.7076478196359974
FIRST_10a35,comum,todas,funcao_menor_vol,FIXO_TUDO_INI_CALR,450,0.005300518352695393,0.071383435051642,0.07425417884220278
FIRST_10a35,comum,todas,funcao_menor_vol,FIXO_TUDO_MOM,450,0.07555458138179724,0.06951890775416064,1.0868206049637679
FIRST_10a35,comum,todas,funcao_menor_vol,FIXO_V6E_INI,450,-0.011951901760068833,0.05399122315495675,-0.22136749385666715
FIRST_10a35,comum,todas,funcao_menor_vol,FIXO_V6E_MOM,450,0.0019289675561756702,0.05270741627576761,0.03659764967577283
FIRST_10a35,comum,todas,funcao_menor_vol,FIXO_V6WR_INI,450,0.03483324969981901,0.05272554597976902,0.6606522332302571
FIRST_10a35,comum,todas,funcao_menor_vol,FIXO_V6WR_MOM,450,0.010901818485053944,0.044075998261904226,0.24734138567376715
FIRST_10a35,comum,todas,funcao_menor_vol,FIXO_V6_INI,450,0.03483324969981901,0.05272554597976902,0.6606522332302571
FIRST_10a35,comum,todas,funcao_menor_vol,FIXO_V6_MOM,450,0.013928096968152195,0.04368588014188664,0.31882376921136446
FIRST_10a35,comum,todas,funcao_menor_vol,FAVORITO,450,0.12955401880302037,0.07484542373305288,1.7309544437224869
FIRST_10a35,comum,todas,funcao_menor_vol,ZEBRA,450,0.0695401007885371,0.07267990322870459,0.9567995786911363
FIRST_10a35,comum,todas,funcao_menor_vol,VIG_MERCADO,450,0.12576800547287043,0.054992995234681846,2.2869822772183475
FIRST_10a35,comum,so_INI,bsskill_todas,llskill_todas,450,-0.006951560306470242,0.02704648131539433,-0.257022724154271
FIRST_10a35,comum,so_INI,bsskill_todas,ll_todas,450,-0.043238091844871686,0.039011418347569236,-1.1083445226124624
FIRST_10a35,comum,so_INI,bsskill_todas,llskill_entradas,450,-0.004718245895317558,0.0443952908874321,-0.10627807141259774
FIRST_10a35,comum,so_INI,bsskill_todas,ll_entradas,450,-0.0056976494709856,0.039598708288711745,-0.1438847305180863
FIRST_10a35,comum,so_INI,bsskill_todas,ppg,450,-0.036292961677426516,0.042304071943324514,-0.8579070526839311
FIRST_10a35,comum,so_INI,bsskill_todas,lucro,450,-0.036292961677426516,0.042304071943324514,-0.8579070526839311
FIRST_10a35,comum,so_INI,bsskill_todas,roi,450,-0.027427473688651893,0.048572135153831145,-0.5646750673361852
FIRST_10a35,comum,so_INI,bsskill_todas,sharpe,450,-0.02817089624526347,0.04955797794299519,-0.5684432136772705
FIRST_10a35,comum,so_INI,bsskill_todas,sortino,450,-0.03268204216609866,0.04735569145041447,-0.6901396889182708
FIRST_10a35,comum,so_INI,bsskill_todas,calmar,450,-0.07499313271893972,0.05231366927592181,-1.4335284402131678
FIRST_10a35,comum,so_INI,bsskill_todas,maxdd,450,-0.05066051926899978,0.048409269868502885,-1.0465045105330468
FIRST_10a35,comum,so_INI,bsskill_todas,seq_ruim,450,-0.0020244995736200333,0.050514626659837476,-0.04007749254988846
FIRST_10a35,comum,so_INI,bsskill_todas,ppg_nao_piorando_ou_nada,450,-0.036292961677426516,0.042304071943324514,-0.8579070526839311
FIRST_10a35,comum,so_INI,bsskill_todas,funcao_menor_vol,450,-0.007865406222767468,0.043167889822530704,-0.18220501986785234
FIRST_10a35,comum,so_INI,bsskill_todas,ACASO,450,-0.006843662514565569,0.029130159104561026,-0.23493392157593912
FIRST_10a35,comum,so_INI,bsskill_todas,FIXO_RETROSPECTO,450,-0.04816516539173698,0.04619221664938395,-1.0427117139090432
FIRST_10a35,comum,so_INI,bsskill_todas,BASE_V6_MOM,450,-0.022285166663515953,0.05515328899462956,-0.40405870746322897
FIRST_10a35,comum,so_INI,bsskill_todas,FIXO_TUDO_INI,450,0.007592542202752457,0.05303736167429658,0.14315459825053892
FIRST_10a35,comum,so_INI,bsskill_todas,FIXO_TUDO_INI_CALR,450,-0.030912745278972753,0.057636264834215016,-0.5363419258324631
FIRST_10a35,comum,so_INI,bsskill_todas,FIXO_V6E_INI,450,-0.04816516539173698,0.04619221664938395,-1.0427117139090432
FIRST_10a35,comum,so_INI,bsskill_todas,FIXO_V6WR_INI,450,-0.001380013931849107,0.052556915294211186,-0.02625751386137966
FIRST_10a35,comum,so_INI,bsskill_todas,FIXO_V6_INI,450,-0.001380013931849107,0.052556915294211186,-0.02625751386137966
FIRST_10a35,comum,so_INI,bsskill_todas,FAVORITO,450,0.09334075517135222,0.06962337870579002,1.3406524777515547
FIRST_10a35,comum,so_INI,bsskill_todas,ZEBRA,450,0.03332683715686897,0.061889951279065235,0.538485432095372
FIRST_10a35,comum,so_INI,bsskill_todas,VIG_MERCADO,450,0.08955474184120227,0.042879320685976885,2.0885298649446646
FIRST_10a35,comum,so_INI,llskill_todas,ppg,450,-0.029341401370956272,0.03850731303407315,-0.7619695860106772
FIRST_10a35,comum,so_INI,llskill_todas,lucro,450,-0.029341401370956272,0.03850731303407315,-0.7619695860106772
FIRST_10a35,comum,so_INI,llskill_todas,roi,450,-0.02047591338218165,0.040762962345468765,-0.502316617929947
FIRST_10a35,comum,so_INI,llskill_todas,sharpe,450,-0.021219335938793216,0.04079580717789022,-0.5201352150299723
FIRST_10a35,comum,so_INI,llskill_todas,sortino,450,-0.025730481859628413,0.038737959655992325,-0.6642188201992254
FIRST_10a35,comum,so_INI,llskill_todas,maxdd,450,-0.043708958962529534,0.04401988953125388,-0.9929365890729102
FIRST_10a35,comum,so_INI,llskill_todas,seq_ruim,450,0.004927060732850209,0.04830644603752318,0.10199592677596273
FIRST_10a35,comum,so_INI,llskill_todas,ppg_nao_piorando_ou_nada,450,-0.029341401370956272,0.03850731303407315,-0.7619695860106772
FIRST_10a35,comum,so_INI,llskill_todas,ACASO,450,0.00010789779190467518,0.035530638062633645,0.0030367535678495904
FIRST_10a35,comum,so_INI,llskill_todas,FIXO_RETROSPECTO,450,-0.041213605085266745,0.05274134116413013,-0.7814288407458341
FIRST_10a35,comum,so_INI,llskill_todas,BASE_V6_MOM,450,-0.015333606357045703,0.0579937090534969,-0.26440120156655367
FIRST_10a35,comum,so_INI,llskill_todas,FIXO_TUDO_INI,450,0.01454410250922269,0.05915073964354659,0.24588200581883116
FIRST_10a35,comum,so_INI,llskill_todas,FIXO_TUDO_INI_CALR,450,-0.023961184972502506,0.053946281493611574,-0.44416749976251907
FIRST_10a35,comum,so_INI,llskill_todas,FIXO_V6E_INI,450,-0.041213605085266745,0.05274134116413013,-0.7814288407458341
FIRST_10a35,comum,so_INI,llskill_todas,FIXO_V6WR_INI,450,0.0055715463746211355,0.05464263709463751,0.10196335079823432
FIRST_10a35,comum,so_INI,llskill_todas,FIXO_V6_INI,450,0.0055715463746211355,0.05464263709463751,0.10196335079823432
FIRST_10a35,comum,so_INI,llskill_todas,FAVORITO,450,0.10029231547782248,0.07584127795708279,1.3223974882724958
FIRST_10a35,comum,so_INI,llskill_todas,ZEBRA,450,0.040278397463339215,0.06019343161689616,0.669149380279445
FIRST_10a35,comum,so_INI,llskill_todas,VIG_MERCADO,450,0.09650630214767252,0.048702813310809126,1.9815344450800723
FIRST_10a35,comum,so_INI,brier_todas,bsskill_todas,450,0.020593647468424948,0.03619601507262522,0.568947919463095
FIRST_10a35,comum,so_INI,brier_todas,llskill_todas,450,0.013642087161954702,0.03879494347125014,0.35164601211661706
FIRST_10a35,comum,so_INI,brier_todas,ll_todas,450,-0.022644444376446738,0.01668269046598038,-1.3573616571393965
FIRST_10a35,comum,so_INI,brier_todas,bsskill_entradas,450,0.02469644543398446,0.051102381906357956,0.48327386146577694
FIRST_10a35,comum,so_INI,brier_todas,llskill_entradas,450,0.0158754015731074,0.04970501568406199,0.31939234611685025
FIRST_10a35,comum,so_INI,brier_todas,ll_entradas,450,0.014895997997439346,0.021900213706636,0.6801759196041862
FIRST_10a35,comum,so_INI,brier_todas,ppg,450,-0.015699314209001575,0.0539751720292433,-0.2908617725293366
FIRST_10a35,comum,so_INI,brier_todas,lucro,450,-0.015699314209001575,0.0539751720292433,-0.2908617725293366
FIRST_10a35,comum,so_INI,brier_todas,roi,450,-0.00683382622022695,0.05245020256081345,-0.13029170311217506
FIRST_10a35,comum,so_INI,brier_todas,sharpe,450,-0.007577248776838511,0.052694693155483786,-0.14379529176649106
FIRST_10a35,comum,so_INI,brier_todas,sortino,450,-0.012088394697673713,0.051398761976282924,-0.23518844098330025
FIRST_10a35,comum,so_INI,brier_todas,calmar,450,-0.0543994852505148,0.056442284428809185,-0.9638072909527435
FIRST_10a35,comum,so_INI,brier_todas,maxdd,450,-0.030066871800574838,0.051296806429741854,-0.5861353540937411
FIRST_10a35,comum,so_INI,brier_todas,seq_ruim,450,0.018569147894804905,0.05024840740954653,0.3695469936680424
FIRST_10a35,comum,so_INI,brier_todas,bsskill_t_ppg>=1_relaxar,450,0.015716498817143633,0.050848536168305626,0.30908458731482374
FIRST_10a35,comum,so_INI,brier_todas,ppg_nao_piorando_ou_nada,450,-0.015699314209001575,0.0539751720292433,-0.2908617725293366
FIRST_10a35,comum,so_INI,brier_todas,funcao_menor_vol,450,0.012728241245657485,0.03884680513184282,0.32765220209123747
FIRST_10a35,comum,so_INI,brier_todas,ACASO,450,0.013749984953859375,0.03171576023458622,0.43353792726888307
FIRST_10a35,comum,so_INI,brier_todas,FIXO_RETROSPECTO,450,-0.02757151792331205,0.048887390261813095,-0.5639801547117704
FIRST_10a35,comum,so_INI,brier_todas,BASE_V6_MOM,450,-0.0016915191950910024,0.052508463070667054,-0.03221422026416043
FIRST_10a35,comum,so_INI,brier_todas,FIXO_TUDO_INI,450,0.0281861896711774,0.05184736614193684,0.5436378309751582
FIRST_10a35,comum,so_INI,brier_todas,FIXO_TUDO_INI_CALR,450,-0.010319097810547805,0.05153452594804839,-0.2002365913087164
FIRST_10a35,comum,so_INI,brier_todas,FIXO_V6E_INI,450,-0.02757151792331205,0.048887390261813095,-0.5639801547117704
FIRST_10a35,comum,so_INI,brier_todas,FIXO_V6WR_INI,450,0.019213633536575826,0.049784546251294665,0.385935696583278
FIRST_10a35,comum,so_INI,brier_todas,FIXO_V6_INI,450,0.019213633536575826,0.049784546251294665,0.385935696583278
FIRST_10a35,comum,so_INI,brier_todas,FAVORITO,450,0.11393440263977715,0.07564289789334819,1.5062141432024143
FIRST_10a35,comum,so_INI,brier_todas,ZEBRA,450,0.0539204846252939,0.057810152245717616,0.9327165304133609
FIRST_10a35,comum,so_INI,brier_todas,VIG_MERCADO,450,0.11014838930962718,0.047779981828848204,2.30532505650981
FIRST_10a35,comum,so_INI,ll_todas,llskill_todas,450,0.036286531538401445,0.04078205681780211,0.8897670782156754
FIRST_10a35,comum,so_INI,ll_todas,llskill_entradas,450,0.03851984594955414,0.04868646207433555,0.7911818667526345
FIRST_10a35,comum,so_INI,ll_todas,ppg,450,0.006945130167445149,0.05066563091933334,0.1370777397108259
FIRST_10a35,comum,so_INI,ll_todas,lucro,450,0.006945130167445149,0.05066563091933334,0.1370777397108259
FIRST_10a35,comum,so_INI,ll_todas,roi,450,0.015810618156219806,0.051712108463371306,0.30574305759392456
FIRST_10a35,comum,so_INI,ll_todas,sharpe,450,0.015067195599608244,0.051816919629502724,0.2907775241627739
FIRST_10a35,comum,so_INI,ll_todas,sortino,450,0.01055604967877304,0.05054458197895327,0.20884631478738058
FIRST_10a35,comum,so_INI,ll_todas,maxdd,450,-0.007422427424128081,0.04998339921260225,-0.14849785210799896
FIRST_10a35,comum,so_INI,ll_todas,seq_ruim,450,0.041213592271251646,0.046720422997127475,0.882132258815071
FIRST_10a35,comum,so_INI,ll_todas,ppg_nao_piorando_ou_nada,450,0.006945130167445149,0.05066563091933334,0.1370777397108259
FIRST_10a35,comum,so_INI,ll_todas,ACASO,450,0.036394429330306115,0.03216961957608048,1.1313291798255198
FIRST_10a35,comum,so_INI,ll_todas,FIXO_RETROSPECTO,450,-0.004927073546865296,0.04926913261367079,-0.10000325326405629
FIRST_10a35,comum,so_INI,ll_todas,BASE_V6_MOM,450,0.020952925181355737,0.053628498924172166,0.3907050467883141
FIRST_10a35,comum,so_INI,ll_todas,FIXO_TUDO_INI,450,0.05083063404762415,0.05134591832008423,0.9899644550274111
FIRST_10a35,comum,so_INI,ll_todas,FIXO_TUDO_INI_CALR,450,0.012325346565898926,0.054553933370741145,0.225929567390449
FIRST_10a35,comum,so_INI,ll_todas,FIXO_V6E_INI,450,-0.004927073546865296,0.04926913261367079,-0.10000325326405629
FIRST_10a35,comum,so_INI,ll_todas,FIXO_V6WR_INI,450,0.041858077913022575,0.0504352520806561,0.8299369228111143
FIRST_10a35,comum,so_INI,ll_todas,FIXO_V6_INI,450,0.041858077913022575,0.0504352520806561,0.8299369228111143
FIRST_10a35,comum,so_INI,ll_todas,FAVORITO,450,0.13657884701622391,0.0751391833817143,1.817678085778364
FIRST_10a35,comum,so_INI,ll_todas,ZEBRA,450,0.07656492900174064,0.05870342019183803,1.3042669192277492
FIRST_10a35,comum,so_INI,ll_todas,VIG_MERCADO,450,0.13279283368607395,0.04812731921130587,2.7591986394055956
FIRST_10a35,comum,so_INI,bsskill_entradas,bsskill_todas,450,-0.00410279796555951,0.04504371799178979,-0.0910847982466131
FIRST_10a35,comum,so_INI,bsskill_entradas,llskill_todas,450,-0.011054358272029744,0.04125534568467434,-0.26794971872302725
FIRST_10a35,comum,so_INI,bsskill_entradas,ll_todas,450,-0.0473408898104312,0.05068772094944264,-0.9339715600480506
FIRST_10a35,comum,so_INI,bsskill_entradas,llskill_entradas,450,-0.008821043860877056,0.019622798606678687,-0.44953036708407046
FIRST_10a35,comum,so_INI,bsskill_entradas,ll_entradas,450,-0.00980044743654511,0.05004582190337475,-0.19582948313781684
FIRST_10a35,comum,so_INI,bsskill_entradas,ppg,450,-0.040395759642986036,0.03593103376203731,-1.1242582083921533
FIRST_10a35,comum,so_INI,bsskill_entradas,lucro,450,-0.040395759642986036,0.03593103376203731,-1.1242582083921533
FIRST_10a35,comum,so_INI,bsskill_entradas,roi,450,-0.0315302716542114,0.02158811114051084,-1.4605386941446559
FIRST_10a35,comum,so_INI,bsskill_entradas,sharpe,450,-0.03227369421082297,0.01933235449369662,-1.6694135327047679
FIRST_10a35,comum,so_INI,bsskill_entradas,sortino,450,-0.036784840131658156,0.0175855729346521,-2.0917623934318454
FIRST_10a35,comum,so_INI,bsskill_entradas,calmar,450,-0.07909593068449924,0.028734799952075896,-2.752618108231691
FIRST_10a35,comum,so_INI,bsskill_entradas,maxdd,450,-0.05476331723455929,0.03190240969589142,-1.7165887391137111
FIRST_10a35,comum,so_INI,bsskill_entradas,seq_ruim,450,-0.006127297539179541,0.04651055712202154,-0.1317399299927634
FIRST_10a35,comum,so_INI,bsskill_entradas,bsskill_t_ppg>=1_relaxar,450,-0.008979946616840822,0.041839848148521076,-0.2146266541160532
FIRST_10a35,comum,so_INI,bsskill_entradas,ppg_nao_piorando_ou_nada,450,-0.040395759642986036,0.03593103376203731,-1.1242582083921533
FIRST_10a35,comum,so_INI,bsskill_entradas,funcao_menor_vol,450,-0.011968204188326975,0.0471902275105775,-0.2536161578293801
FIRST_10a35,comum,so_INI,bsskill_entradas,ACASO,450,-0.010946460480125066,0.03845337681749928,-0.28466837989488547
FIRST_10a35,comum,so_INI,bsskill_entradas,FIXO_RETROSPECTO,450,-0.05226796335729649,0.05802545346312206,-0.9007764737334673
FIRST_10a35,comum,so_INI,bsskill_entradas,BASE_V6_MOM,450,-0.026387964629075465,0.05521905775490563,-0.47787785054574156
FIRST_10a35,comum,so_INI,bsskill_entradas,FIXO_TUDO_INI,450,0.0034897442371929423,0.06383267856323359,0.054670183293905654
FIRST_10a35,comum,so_INI,bsskill_entradas,FIXO_TUDO_INI_CALR,450,-0.035015543244532266,0.0590225725108257,-0.5932568126899221
FIRST_10a35,comum,so_INI,bsskill_entradas,FIXO_V6E_INI,450,-0.05226796335729649,0.05802545346312206,-0.9007764737334673
FIRST_10a35,comum,so_INI,bsskill_entradas,FIXO_V6WR_INI,450,-0.005482811897408638,0.054964062196799356,-0.09975266889440189
FIRST_10a35,comum,so_INI,bsskill_entradas,FIXO_V6_INI,450,-0.005482811897408638,0.054964062196799356,-0.09975266889440189
FIRST_10a35,comum,so_INI,bsskill_entradas,FAVORITO,450,0.08923795720579272,0.07411037842816907,1.2041222713804645
FIRST_10a35,comum,so_INI,bsskill_entradas,ZEBRA,450,0.02922403919130948,0.06339699794484326,0.4609688177464652
FIRST_10a35,comum,so_INI,bsskill_entradas,VIG_MERCADO,450,0.08545194387564277,0.05208868840115446,1.6405086497387957
FIRST_10a35,comum,so_INI,llskill_entradas,llskill_todas,450,-0.002233314411152683,0.040842461427930354,-0.054681190434458446
FIRST_10a35,comum,so_INI,llskill_entradas,ppg,450,-0.03157471578210897,0.0354465739522853,-0.8907691847627293
FIRST_10a35,comum,so_INI,llskill_entradas,lucro,450,-0.03157471578210897,0.0354465739522853,-0.8907691847627293
FIRST_10a35,comum,so_INI,llskill_entradas,roi,450,-0.02270922779333434,0.020920349114017755,-1.085509026143256
FIRST_10a35,comum,so_INI,llskill_entradas,sharpe,450,-0.02345265034994591,0.02195405574551805,-1.0682604900797794
FIRST_10a35,comum,so_INI,llskill_entradas,sortino,450,-0.0279637962707811,0.020159747258175275,-1.3871104589092054
FIRST_10a35,comum,so_INI,llskill_entradas,maxdd,450,-0.045942273373682216,0.03218397108352555,-1.4274892695637336
FIRST_10a35,comum,so_INI,llskill_entradas,seq_ruim,450,0.0026937463216975153,0.049337865125574046,0.05459795057693376
FIRST_10a35,comum,so_INI,llskill_entradas,ppg_nao_piorando_ou_nada,450,-0.03157471578210897,0.0354465739522853,-0.8907691847627293
FIRST_10a35,comum,so_INI,llskill_entradas,ACASO,450,-0.0021254166192480185,0.0375111867025683,-0.0566608738907878
FIRST_10a35,comum,so_INI,llskill_entradas,FIXO_RETROSPECTO,450,-0.04344691949641943,0.0613444074208663,-0.7082458095705878
FIRST_10a35,comum,so_INI,llskill_entradas,BASE_V6_MOM,450,-0.017566920768198407,0.05719015439540407,-0.30716687083485344
FIRST_10a35,comum,so_INI,llskill_entradas,FIXO_TUDO_INI,450,0.012310788098069998,0.06462085635503712,0.19050796898191194
FIRST_10a35,comum,so_INI,llskill_entradas,FIXO_TUDO_INI_CALR,450,-0.026194499383655208,0.06005673402715541,-0.43616256874393194
FIRST_10a35,comum,so_INI,llskill_entradas,FIXO_V6E_INI,450,-0.04344691949641943,0.0613444074208663,-0.7082458095705878
FIRST_10a35,comum,so_INI,llskill_entradas,FIXO_V6WR_INI,450,0.0033382319634684284,0.05872994955223226,0.05684036831156355
FIRST_10a35,comum,so_INI,llskill_entradas,FIXO_V6_INI,450,0.0033382319634684284,0.05872994955223226,0.05684036831156355
FIRST_10a35,comum,so_INI,llskill_entradas,FAVORITO,450,0.09805900106666977,0.06691347736886424,1.4654596491244074
FIRST_10a35,comum,so_INI,llskill_entradas,ZEBRA,450,0.03804508305218652,0.06687678308159009,0.5688832700844968
FIRST_10a35,comum,so_INI,llskill_entradas,VIG_MERCADO,450,0.0942729877365198,0.04472265740945927,2.1079469154393355
FIRST_10a35,comum,so_INI,brier_entradas,bsskill_todas,450,0.006444047068233568,0.039553890625346526,0.1629181596640245
FIRST_10a35,comum,so_INI,brier_entradas,llskill_todas,450,-0.0005075132382366703,0.041342849686819304,-0.012275719793898795
FIRST_10a35,comum,so_INI,brier_entradas,brier_todas,450,-0.014149600400191378,0.022030821771476812,-0.6422638495723655
FIRST_10a35,comum,so_INI,brier_entradas,ll_todas,450,-0.03679404477663812,0.02345866942562534,-1.5684625632025717
FIRST_10a35,comum,so_INI,brier_entradas,bsskill_entradas,450,0.010546845033793075,0.05005684888099058,0.2106973425128706
FIRST_10a35,comum,so_INI,brier_entradas,llskill_entradas,450,0.0017258011729160275,0.04862346987071346,0.035493171867512066
FIRST_10a35,comum,so_INI,brier_entradas,ll_entradas,450,0.0007463975972479666,0.0007461793592304508,1.0002924739405026
FIRST_10a35,comum,so_INI,brier_entradas,ppg,450,-0.029848914609192964,0.053415179937986695,-0.5588095864105783
FIRST_10a35,comum,so_INI,brier_entradas,lucro,450,-0.029848914609192964,0.053415179937986695,-0.5588095864105783
FIRST_10a35,comum,so_INI,brier_entradas,roi,450,-0.020983426620418324,0.05183015563337223,-0.4048497706402329
FIRST_10a35,comum,so_INI,brier_entradas,sharpe,450,-0.021726849177029883,0.051922863127763876,-0.4184447441499472
FIRST_10a35,comum,so_INI,brier_entradas,sortino,450,-0.026237995097865074,0.05077853462742528,-0.5167143024189209
FIRST_10a35,comum,so_INI,brier_entradas,calmar,450,-0.06854908565070615,0.054388726311224184,-1.2603546782554402
FIRST_10a35,comum,so_INI,brier_entradas,maxdd,450,-0.044216472200766195,0.049261109121604224,-0.8975939232633797
FIRST_10a35,comum,so_INI,brier_entradas,seq_ruim,450,0.004419547494613536,0.051819083931030026,0.08528802825800334
FIRST_10a35,comum,so_INI,brier_entradas,bsskill_t_ppg>=1_relaxar,450,0.00156689841695225,0.05080188744298152,0.0308433110622295
FIRST_10a35,comum,so_INI,brier_entradas,ppg_nao_piorando_ou_nada,450,-0.029848914609192964,0.053415179937986695,-0.5588095864105783
FIRST_10a35,comum,so_INI,brier_entradas,funcao_menor_vol,450,-0.0014213591545338927,0.04170675548201954,-0.03407983042811047
FIRST_10a35,comum,so_INI,brier_entradas,ACASO,450,-0.00039961544633199884,0.03160264062307896,-0.012645001761028962
FIRST_10a35,comum,so_INI,brier_entradas,FIXO_RETROSPECTO,450,-0.04172111832350341,0.0540552835516607,-0.7718231333229524
FIRST_10a35,comum,so_INI,brier_entradas,BASE_V6_MOM,450,-0.015841119595282376,0.05552786575998676,-0.2852823420902564
FIRST_10a35,comum,so_INI,brier_entradas,FIXO_TUDO_INI,450,0.014036589270986026,0.052260733987806396,0.26858767950448376
FIRST_10a35,comum,so_INI,brier_entradas,FIXO_TUDO_INI_CALR,450,-0.024468698210739184,0.04912254261037452,-0.4981154661479488
FIRST_10a35,comum,so_INI,brier_entradas,FIXO_V6E_INI,450,-0.04172111832350341,0.0540552835516607,-0.7718231333229524
FIRST_10a35,comum,so_INI,brier_entradas,FIXO_V6WR_INI,450,0.005064033136384451,0.05268255593027646,0.09612352792993803
FIRST_10a35,comum,so_INI,brier_entradas,FIXO_V6_INI,450,0.005064033136384451,0.05268255593027646,0.09612352792993803
FIRST_10a35,comum,so_INI,brier_entradas,FAVORITO,450,0.0997848022395858,0.07359609896180477,1.3558436336601558
FIRST_10a35,comum,so_INI,brier_entradas,ZEBRA,450,0.03977088422510253,0.05608919798005824,0.7090649475723032
FIRST_10a35,comum,so_INI,brier_entradas,VIG_MERCADO,450,0.09599878890943585,0.045146239666983626,2.1263961210847366
FIRST_10a35,comum,so_INI,ll_entradas,llskill_todas,450,-0.0012539108354846374,0.04132523027943418,-0.0303425008646269
FIRST_10a35,comum,so_INI,ll_entradas,ll_todas,450,-0.03754044237388609,0.023319529793341703,-1.6098284445085511
FIRST_10a35,comum,so_INI,ll_entradas,llskill_entradas,450,0.0009794035756680605,0.0485740578299454,0.020163099799009758
FIRST_10a35,comum,so_INI,ll_entradas,ppg,450,-0.03059531220644093,0.05339260363218339,-0.5730252904917158
FIRST_10a35,comum,so_INI,ll_entradas,lucro,450,-0.03059531220644093,0.05339260363218339,-0.5730252904917158
FIRST_10a35,comum,so_INI,ll_entradas,roi,450,-0.021729824217666286,0.051809147086522976,-0.41942061276123244
FIRST_10a35,comum,so_INI,ll_entradas,sharpe,450,-0.02247324677427785,0.05190164827474763,-0.4329967837497763
FIRST_10a35,comum,so_INI,ll_entradas,sortino,450,-0.02698439269511304,0.050755328493229945,-0.5316563501054353
FIRST_10a35,comum,so_INI,ll_entradas,maxdd,450,-0.04496286979801416,0.04929130581873879,-0.9121866229991594
FIRST_10a35,comum,so_INI,ll_entradas,seq_ruim,450,0.0036731498973655696,0.05181109569265377,0.0708950437789406
FIRST_10a35,comum,so_INI,ll_entradas,ppg_nao_piorando_ou_nada,450,-0.03059531220644093,0.05339260363218339,-0.5730252904917158
FIRST_10a35,comum,so_INI,ll_entradas,ACASO,450,-0.0011460130435799638,0.03152330087077749,-0.03635447468771688
FIRST_10a35,comum,so_INI,ll_entradas,FIXO_RETROSPECTO,450,-0.04246751592075138,0.0540364444275469,-0.7859050751885174
FIRST_10a35,comum,so_INI,ll_entradas,BASE_V6_MOM,450,-0.01658751719253034,0.0554587321533991,-0.2990965813399627
FIRST_10a35,comum,so_INI,ll_entradas,FIXO_TUDO_INI,450,0.013290191673738058,0.05234008452836762,0.25391995052157307
FIRST_10a35,comum,so_INI,ll_entradas,FIXO_TUDO_INI_CALR,450,-0.025215095807987156,0.049098331904307665,-0.5135631869761119
FIRST_10a35,comum,so_INI,ll_entradas,FIXO_V6E_INI,450,-0.04246751592075138,0.0540364444275469,-0.7859050751885174
FIRST_10a35,comum,so_INI,ll_entradas,FIXO_V6WR_INI,450,0.004317635539136484,0.052616316580987484,0.08205887108214317
FIRST_10a35,comum,so_INI,ll_entradas,FIXO_V6_INI,450,0.004317635539136484,0.052616316580987484,0.08205887108214317
FIRST_10a35,comum,so_INI,ll_entradas,FAVORITO,450,0.09903840464233782,0.07350023212583376,1.347457032146269
FIRST_10a35,comum,so_INI,ll_entradas,ZEBRA,450,0.03902448662785457,0.05612629473701425,0.6952977532314929
FIRST_10a35,comum,so_INI,ll_entradas,VIG_MERCADO,450,0.09525239131218789,0.04507729247964903,2.11309034044561
FIRST_10a35,comum,so_INI,ppg,roi,450,0.008865487988774633,0.036914740137413464,0.2401611918646387
FIRST_10a35,comum,so_INI,ppg,sharpe,450,0.008122065432163065,0.037340993014624325,0.21751069739848958
FIRST_10a35,comum,so_INI,ppg,sortino,450,0.003610919511327872,0.03529155078348628,0.10231682743217686
FIRST_10a35,comum,so_INI,ppg,seq_ruim,450,0.0342684621038065,0.05397810905897439,0.6348585139647279
FIRST_10a35,comum,so_INI,ppg,ppg_nao_piorando_ou_nada,450,0.0,0.0,
FIRST_10a35,comum,so_INI,ppg,ACASO,450,0.029449299162860963,0.04297368657814399,0.6852867768118968
FIRST_10a35,comum,so_INI,ppg,FIXO_RETROSPECTO,450,-0.01187220371431045,0.057063324208310846,-0.20805313884222246
FIRST_10a35,comum,so_INI,ppg,BASE_V6_MOM,450,0.014007795013910567,0.06015341385926497,0.23286783102091643
FIRST_10a35,comum,so_INI,ppg,FIXO_TUDO_INI,450,0.043885503880178964,0.06798531572697024,0.6455144528036557
FIRST_10a35,comum,so_INI,ppg,FIXO_TUDO_INI_CALR,450,0.00538021639845377,0.053163947040278464,0.10120046945305944
FIRST_10a35,comum,so_INI,ppg,FIXO_V6E_INI,450,-0.01187220371431045,0.057063324208310846,-0.20805313884222246
FIRST_10a35,comum,so_INI,ppg,FIXO_V6WR_INI,450,0.0349129477455774,0.06188564959732519,0.564152561583298
FIRST_10a35,comum,so_INI,ppg,FIXO_V6_INI,450,0.0349129477455774,0.06188564959732519,0.564152561583298
FIRST_10a35,comum,so_INI,ppg,FAVORITO,450,0.12963371684877878,0.07948191884897388,1.6309837347422365
FIRST_10a35,comum,so_INI,ppg,ZEBRA,450,0.0696197988342955,0.05724401677690891,1.2161934601063624
FIRST_10a35,comum,so_INI,ppg,VIG_MERCADO,450,0.1258477035186288,0.05347217338901234,2.35351764371127
FIRST_10a35,comum,so_INI,lucro,ppg,450,0.0,0.0,
FIRST_10a35,comum,so_INI,lucro,roi,450,0.008865487988774633,0.036914740137413464,0.2401611918646387
FIRST_10a35,comum,so_INI,lucro,sharpe,450,0.008122065432163065,0.037340993014624325,0.21751069739848958
FIRST_10a35,comum,so_INI,lucro,sortino,450,0.003610919511327872,0.03529155078348628,0.10231682743217686
FIRST_10a35,comum,so_INI,lucro,maxdd,450,-0.01436755759157324,0.04625402924400574,-0.31062283278672836
FIRST_10a35,comum,so_INI,lucro,seq_ruim,450,0.0342684621038065,0.05397810905897439,0.6348585139647279
FIRST_10a35,comum,so_INI,lucro,ppg_nao_piorando_ou_nada,450,0.0,0.0,
FIRST_10a35,comum,so_INI,lucro,ACASO,450,0.029449299162860963,0.04297368657814399,0.6852867768118968
FIRST_10a35,comum,so_INI,lucro,FIXO_RETROSPECTO,450,-0.01187220371431045,0.057063324208310846,-0.20805313884222246
FIRST_10a35,comum,so_INI,lucro,BASE_V6_MOM,450,0.014007795013910567,0.06015341385926497,0.23286783102091643
FIRST_10a35,comum,so_INI,lucro,FIXO_TUDO_INI,450,0.043885503880178964,0.06798531572697024,0.6455144528036557
FIRST_10a35,comum,so_INI,lucro,FIXO_TUDO_INI_CALR,450,0.00538021639845377,0.053163947040278464,0.10120046945305944
FIRST_10a35,comum,so_INI,lucro,FIXO_V6E_INI,450,-0.01187220371431045,0.057063324208310846,-0.20805313884222246
FIRST_10a35,comum,so_INI,lucro,FIXO_V6WR_INI,450,0.0349129477455774,0.06188564959732519,0.564152561583298
FIRST_10a35,comum,so_INI,lucro,FIXO_V6_INI,450,0.0349129477455774,0.06188564959732519,0.564152561583298
FIRST_10a35,comum,so_INI,lucro,FAVORITO,450,0.12963371684877878,0.07948191884897388,1.6309837347422365
FIRST_10a35,comum,so_INI,lucro,ZEBRA,450,0.0696197988342955,0.05724401677690891,1.2161934601063624
FIRST_10a35,comum,so_INI,lucro,VIG_MERCADO,450,0.1258477035186288,0.05347217338901234,2.35351764371127
FIRST_10a35,comum,so_INI,roi,sharpe,450,-0.0007434225566115687,0.009752604097666357,-0.07622810781270797
FIRST_10a35,comum,so_INI,roi,sortino,450,-0.005254568477446762,0.010096883846634506,-0.5204148683158532
FIRST_10a35,comum,so_INI,roi,seq_ruim,450,0.025402974115031857,0.04946159495011815,0.5135898698909865
FIRST_10a35,comum,so_INI,roi,ACASO,450,0.020583811174086315,0.04405616248808434,0.46721752444175135
FIRST_10a35,comum,so_INI,roi,FIXO_RETROSPECTO,450,-0.02073769170308509,0.06176690498662313,-0.33574114985324677
FIRST_10a35,comum,so_INI,roi,BASE_V6_MOM,450,0.005142307025135939,0.05934279805446958,0.08665427303269248
FIRST_10a35,comum,so_INI,roi,FIXO_TUDO_INI,450,0.03502001589140434,0.06739207196454124,0.5196459297145567
FIRST_10a35,comum,so_INI,roi,FIXO_TUDO_INI_CALR,450,-0.003485271590320866,0.055890952394484064,-0.062358421909175246
FIRST_10a35,comum,so_INI,roi,FIXO_V6E_INI,450,-0.02073769170308509,0.06176690498662313,-0.33574114985324677
FIRST_10a35,comum,so_INI,roi,FIXO_V6WR_INI,450,0.02604745975680279,0.06026682132572921,0.4322023160309363
FIRST_10a35,comum,so_INI,roi,FIXO_V6_INI,450,0.02604745975680279,0.06026682132572921,0.4322023160309363
FIRST_10a35,comum,so_INI,roi,FAVORITO,450,0.12076822886000413,0.07820862684317767,1.5441804022741135
FIRST_10a35,comum,so_INI,roi,ZEBRA,450,0.06075431084552087,0.06409552169357438,0.9478713838382179
FIRST_10a35,comum,so_INI,roi,VIG_MERCADO,450,0.11698221552985416,0.05576707507123973,2.0976932245489848
FIRST_10a35,comum,so_INI,sharpe,sortino,450,-0.004511145920835193,0.00569816419535057,-0.7916840873971432
FIRST_10a35,comum,so_INI,sharpe,ACASO,450,0.02132723373069788,0.04461904456603167,0.47798499358577107
FIRST_10a35,comum,so_INI,sharpe,FIXO_RETROSPECTO,450,-0.019994269146473512,0.06178576316625279,-0.3236064122518491
FIRST_10a35,comum,so_INI,sharpe,BASE_V6_MOM,450,0.005885729581747512,0.06005485015777779,0.098005899045362
FIRST_10a35,comum,so_INI,sharpe,FIXO_TUDO_INI,450,0.035763438448015904,0.06773916408915649,0.5279580716547523
FIRST_10a35,comum,so_INI,sharpe,FIXO_TUDO_INI_CALR,450,-0.0027418490337092925,0.05592621244385291,-0.04902618850618519
FIRST_10a35,comum,so_INI,sharpe,FIXO_V6E_INI,450,-0.019994269146473512,0.06178576316625279,-0.3236064122518491
FIRST_10a35,comum,so_INI,sharpe,FIXO_V6WR_INI,450,0.026790882313414352,0.06030186600165399,0.4442794906658364
FIRST_10a35,comum,so_INI,sharpe,FIXO_V6_INI,450,0.026790882313414352,0.06030186600165399,0.4442794906658364
FIRST_10a35,comum,so_INI,sharpe,FAVORITO,450,0.1215116514166157,0.07994772843075951,1.519888729819929
FIRST_10a35,comum,so_INI,sharpe,ZEBRA,450,0.06149773340213244,0.06424812525253028,0.9571910956220544
FIRST_10a35,comum,so_INI,sharpe,VIG_MERCADO,450,0.11772563808646573,0.05775369198815279,2.0384088710833446
FIRST_10a35,comum,so_INI,sortino,ACASO,450,0.025838379651533076,0.04280306416701723,0.6036572417038163
FIRST_10a35,comum,so_INI,sortino,FIXO_RETROSPECTO,450,-0.015483123225638317,0.06076644622080206,-0.2547972473061624
FIRST_10a35,comum,so_INI,sortino,BASE_V6_MOM,450,0.010396875502582704,0.05869901303189916,0.17712181117819933
FIRST_10a35,comum,so_INI,sortino,FIXO_TUDO_INI,450,0.0402745843688511,0.06550838004090836,0.6148004933674228
FIRST_10a35,comum,so_INI,sortino,FIXO_TUDO_INI_CALR,450,0.0017692968871258962,0.05462839365104186,0.03238786222468675
FIRST_10a35,comum,so_INI,sortino,FIXO_V6E_INI,450,-0.015483123225638317,0.06076644622080206,-0.2547972473061624
FIRST_10a35,comum,so_INI,sortino,FIXO_V6WR_INI,450,0.031302028234249546,0.05912326867761213,0.5294366995325227
FIRST_10a35,comum,so_INI,sortino,FIXO_V6_INI,450,0.031302028234249546,0.05912326867761213,0.5294366995325227
FIRST_10a35,comum,so_INI,sortino,FAVORITO,450,0.1260227973374509,0.07819029081200354,1.611744834668197
FIRST_10a35,comum,so_INI,sortino,ZEBRA,450,0.06600887932296763,0.06298932514274616,1.0479375540756877
FIRST_10a35,comum,so_INI,sortino,VIG_MERCADO,450,0.12223678400730092,0.05565826503815359,2.1962018385500865
FIRST_10a35,comum,so_INI,calmar,llskill_todas,450,0.0680415724124695,0.04138583837509426,1.6440786289209617
FIRST_10a35,comum,so_INI,calmar,ll_todas,450,0.03175504087406803,0.055913486332911475,0.5679316915600121
FIRST_10a35,comum,so_INI,calmar,llskill_entradas,450,0.07027488682362218,0.030393971782970926,2.3121323966943885
FIRST_10a35,comum,so_INI,calmar,ll_entradas,450,0.06929548324795412,0.05435381141886678,1.2748964872756086
FIRST_10a35,comum,so_INI,calmar,ppg,450,0.03870017104151321,0.039202939413607335,0.9871752378874015
FIRST_10a35,comum,so_INI,calmar,lucro,450,0.03870017104151321,0.039202939413607335,0.9871752378874015
FIRST_10a35,comum,so_INI,calmar,roi,450,0.047565659030287845,0.02613890150296014,1.8197267786827689
FIRST_10a35,comum,so_INI,calmar,sharpe,450,0.046822236473676275,0.02374419208793591,1.9719448149792385
FIRST_10a35,comum,so_INI,calmar,sortino,450,0.04231109055284108,0.02163557173356905,1.9556261823759697
FIRST_10a35,comum,so_INI,calmar,maxdd,450,0.02433261344993996,0.03816387146113606,0.6375824180919099
FIRST_10a35,comum,so_INI,calmar,seq_ruim,450,0.07296863314531969,0.058584032165430545,1.2455379127757829
FIRST_10a35,comum,so_INI,calmar,ppg_nao_piorando_ou_nada,450,0.03870017104151321,0.039202939413607335,0.9871752378874015
FIRST_10a35,comum,so_INI,calmar,funcao_menor_vol,450,0.06712772649617227,0.06030123589956333,1.1132064790177605
FIRST_10a35,comum,so_INI,calmar,ACASO,450,0.06814947020437417,0.050224474545018716,1.3568976245493298
FIRST_10a35,comum,so_INI,calmar,FIXO_RETROSPECTO,450,0.026827967327202756,0.06726716462188391,0.3988270871532299
FIRST_10a35,comum,so_INI,calmar,BASE_V6_MOM,450,0.05270796605542378,0.06553855933722434,0.8042283289173082
FIRST_10a35,comum,so_INI,calmar,FIXO_TUDO_INI,450,0.08258567492169219,0.07343198567198556,1.1246553414828708
FIRST_10a35,comum,so_INI,calmar,FIXO_TUDO_INI_CALR,450,0.04408038743996698,0.05136881108057567,0.8581157810100709
FIRST_10a35,comum,so_INI,calmar,FIXO_V6E_INI,450,0.026827967327202756,0.06726716462188391,0.3988270871532299
FIRST_10a35,comum,so_INI,calmar,FIXO_V6WR_INI,450,0.07361311878709062,0.06556191477180935,1.1228030639938413
FIRST_10a35,comum,so_INI,calmar,FIXO_V6_INI,450,0.07361311878709062,0.06556191477180935,1.1228030639938413
FIRST_10a35,comum,so_INI,calmar,FAVORITO,450,0.16833388789029197,0.08313956856961689,2.024714474544544
FIRST_10a35,comum,so_INI,calmar,ZEBRA,450,0.10831996987580872,0.06276267310335432,1.7258661003401339
FIRST_10a35,comum,so_INI,calmar,VIG_MERCADO,450,0.16454787456014203,0.06127909144552042,2.68522053246223
FIRST_10a35,comum,so_INI,maxdd,ppg,450,0.01436755759157324,0.04625402924400574,0.31062283278672836
FIRST_10a35,comum,so_INI,maxdd,roi,450,0.02323304558034788,0.034025314862399576,0.682816475741774
FIRST_10a35,comum,so_INI,maxdd,sharpe,450,0.022489623023736312,0.033302175954488214,0.6753199266760024
FIRST_10a35,comum,so_INI,maxdd,sortino,450,0.017978477102901114,0.032830741499103075,0.5476110584767718
FIRST_10a35,comum,so_INI,maxdd,seq_ruim,450,0.04863601969537974,0.04299694349889279,1.1311506292681517
FIRST_10a35,comum,so_INI,maxdd,ppg_nao_piorando_ou_nada,450,0.01436755759157324,0.04625402924400574,0.31062283278672836
FIRST_10a35,comum,so_INI,maxdd,ACASO,450,0.043816856754434204,0.04007172031387263,1.0934608350035082
FIRST_10a35,comum,so_INI,maxdd,FIXO_RETROSPECTO,450,0.002495353877262783,0.05904943334745608,0.04225872689716989
FIRST_10a35,comum,so_INI,maxdd,BASE_V6_MOM,450,0.028375352605483826,0.0569199609756085,0.4985132125730604
FIRST_10a35,comum,so_INI,maxdd,FIXO_TUDO_INI,450,0.05825306147175225,0.06126704838330571,0.9508057431998842
FIRST_10a35,comum,so_INI,maxdd,FIXO_TUDO_INI_CALR,450,0.01974777399002701,0.06104702751157722,0.3234846117000858
FIRST_10a35,comum,so_INI,maxdd,FIXO_V6E_INI,450,0.002495353877262783,0.05904943334745608,0.04225872689716989
FIRST_10a35,comum,so_INI,maxdd,FIXO_V6WR_INI,450,0.04928050533715067,0.05538213197622255,0.8898268011478591
FIRST_10a35,comum,so_INI,maxdd,FIXO_V6_INI,450,0.04928050533715067,0.05538213197622255,0.8898268011478591
FIRST_10a35,comum,so_INI,maxdd,FAVORITO,450,0.14400127444035205,0.07172799092946629,2.007602228563124
FIRST_10a35,comum,so_INI,maxdd,ZEBRA,450,0.08398735642586874,0.06921458197505276,1.2134344242105022
FIRST_10a35,comum,so_INI,maxdd,VIG_MERCADO,450,0.14021526111020205,0.05277854144809617,2.6566717696830158
FIRST_10a35,comum,so_INI,seq_ruim,sharpe,450,-0.026146396671643424,0.04837975322789992,-0.5404408854356282
FIRST_10a35,comum,so_INI,seq_ruim,sortino,450,-0.030657542592478614,0.047663826523278115,-0.643203553485284
FIRST_10a35,comum,so_INI,seq_ruim,ACASO,450,-0.004819162940945533,0.046884727487850525,-0.10278747897584234
FIRST_10a35,comum,so_INI,seq_ruim,FIXO_RETROSPECTO,450,-0.046140665818116954,0.06143844650664302,-0.75100638837162
FIRST_10a35,comum,so_INI,seq_ruim,BASE_V6_MOM,450,-0.020260667089895913,0.060990328264518924,-0.33219475392924785
FIRST_10a35,comum,so_INI,seq_ruim,FIXO_TUDO_INI,450,0.009617041776372483,0.05661516986902936,0.1698668713459671
FIRST_10a35,comum,so_INI,seq_ruim,FIXO_TUDO_INI_CALR,450,-0.028888245705352734,0.06616088346711743,-0.4366363354218276
FIRST_10a35,comum,so_INI,seq_ruim,FIXO_V6E_INI,450,-0.046140665818116954,0.06143844650664302,-0.75100638837162
FIRST_10a35,comum,so_INI,seq_ruim,FIXO_V6WR_INI,450,0.0006444856417709192,0.058259079372539636,0.011062406902274134
FIRST_10a35,comum,so_INI,seq_ruim,FIXO_V6_INI,450,0.0006444856417709192,0.058259079372539636,0.011062406902274134
FIRST_10a35,comum,so_INI,seq_ruim,FAVORITO,450,0.09536525474497226,0.07872540010299922,1.2113657678487824
FIRST_10a35,comum,so_INI,seq_ruim,ZEBRA,450,0.035351336730489,0.06886595024410606,0.5133354960641753
FIRST_10a35,comum,so_INI,seq_ruim,VIG_MERCADO,450,0.09157924141482231,0.059437953093431174,1.540753620348734
FIRST_10a35,comum,so_INI,brier_com_roi>=0,bsskill_todas,450,0.008718520116735472,0.04293967433747486,0.203041132734594
FIRST_10a35,comum,so_INI,brier_com_roi>=0,llskill_todas,450,0.0017669598102652343,0.04814770621836529,0.03669873290020307
FIRST_10a35,comum,so_INI,brier_com_roi>=0,brier_todas,450,-0.01187512735168947,0.02698988623074716,-0.43998434265948116
FIRST_10a35,comum,so_INI,brier_com_roi>=0,ll_todas,450,-0.0345195717281362,0.029242561973466835,-1.1804564784527924
FIRST_10a35,comum,so_INI,brier_com_roi>=0,bsskill_entradas,450,0.012821318082294976,0.053701445422272745,0.23875182467579015
FIRST_10a35,comum,so_INI,brier_com_roi>=0,llskill_entradas,450,0.004000274221417922,0.05311879927464277,0.07530806938491033
FIRST_10a35,comum,so_INI,brier_com_roi>=0,brier_entradas,450,0.00227447304850191,0.026259223125943053,0.08661615911457876
FIRST_10a35,comum,so_INI,brier_com_roi>=0,ll_entradas,450,0.0030208706457498765,0.026157472218071603,0.11548786597440504
FIRST_10a35,comum,so_INI,brier_com_roi>=0,ppg,450,-0.02757444156069104,0.05910688990031479,-0.4665182283689094
FIRST_10a35,comum,so_INI,brier_com_roi>=0,lucro,450,-0.02757444156069104,0.05910688990031479,-0.4665182283689094
FIRST_10a35,comum,so_INI,brier_com_roi>=0,roi,450,-0.018708953571916417,0.05923612904014344,-0.3158368697461247
FIRST_10a35,comum,so_INI,brier_com_roi>=0,sharpe,450,-0.019452376128527994,0.05778653699435626,-0.33662470776589043
FIRST_10a35,comum,so_INI,brier_com_roi>=0,sortino,450,-0.02396352204936318,0.0568091534992043,-0.42182501539472556
FIRST_10a35,comum,so_INI,brier_com_roi>=0,calmar,450,-0.06627461260220424,0.06329793066290994,-1.0470265284839482
FIRST_10a35,comum,so_INI,brier_com_roi>=0,maxdd,450,-0.041941999152264306,0.055075181964196286,-0.7615408185038824
FIRST_10a35,comum,so_INI,brier_com_roi>=0,seq_ruim,450,0.0066940205431154426,0.05088499259298862,0.13155196064699445
FIRST_10a35,comum,so_INI,brier_com_roi>=0,bsskill_t_ppg>=1_relaxar,450,0.0038413714654541506,0.05444777761719497,0.07055148315623849
FIRST_10a35,comum,so_INI,brier_com_roi>=0,ppg_nao_piorando_ou_nada,450,-0.02757444156069104,0.05910688990031479,-0.4665182283689094
FIRST_10a35,comum,so_INI,brier_com_roi>=0,funcao_menor_vol,450,0.0008531138939680049,0.04332507977381023,0.019690994186782954
FIRST_10a35,comum,so_INI,brier_com_roi>=0,ACASO,450,0.0018748576021699076,0.03638749444792972,0.051524778790494004
FIRST_10a35,comum,so_INI,brier_com_roi>=0,FIXO_RETROSPECTO,450,-0.039446645275001496,0.05757221170728012,-0.6851681411088362
FIRST_10a35,comum,so_INI,brier_com_roi>=0,BASE_V6_MOM,450,-0.013566646546780478,0.05820025918038151,-0.2331028544861464
FIRST_10a35,comum,so_INI,brier_com_roi>=0,FIXO_TUDO_INI,450,0.016311062319487923,0.05293953576439751,0.30810739240477647
FIRST_10a35,comum,so_INI,brier_com_roi>=0,FIXO_TUDO_INI_CALR,450,-0.022194225162237277,0.05968378763039319,-0.37186355027734797
FIRST_10a35,comum,so_INI,brier_com_roi>=0,FIXO_V6E_INI,450,-0.039446645275001496,0.05757221170728012,-0.6851681411088362
FIRST_10a35,comum,so_INI,brier_com_roi>=0,FIXO_V6WR_INI,450,0.007338506184886361,0.055549319117764076,0.13210794122118386
FIRST_10a35,comum,so_INI,brier_com_roi>=0,FIXO_V6_INI,450,0.007338506184886361,0.055549319117764076,0.13210794122118386
FIRST_10a35,comum,so_INI,brier_com_roi>=0,FAVORITO,450,0.1020592752880877,0.07301741772807867,1.3977387651281052
FIRST_10a35,comum,so_INI,brier_com_roi>=0,ZEBRA,450,0.04204535727360444,0.06413059347665624,0.6556208978310656
FIRST_10a35,comum,so_INI,brier_com_roi>=0,VIG_MERCADO,450,0.09827326195793777,0.048567726684131764,2.023427256479888
FIRST_10a35,comum,so_INI,bsskill_t_ppg>=1_relaxar,bsskill_todas,450,0.004877148651281318,0.038711279732280016,0.1259877918015309
FIRST_10a35,comum,so_INI,bsskill_t_ppg>=1_relaxar,llskill_todas,450,-0.0020744116551889196,0.04124990079070684,-0.05028888834700573
FIRST_10a35,comum,so_INI,bsskill_t_ppg>=1_relaxar,ll_todas,450,-0.03836094319359037,0.05175674497339106,-0.7411776612557903
FIRST_10a35,comum,so_INI,bsskill_t_ppg>=1_relaxar,llskill_entradas,450,0.00015890275596376372,0.03754246243552614,0.0042326141029416136
FIRST_10a35,comum,so_INI,bsskill_t_ppg>=1_relaxar,ll_entradas,450,-0.000820500819704283,0.05072179422536035,-0.016176494389349528
FIRST_10a35,comum,so_INI,bsskill_t_ppg>=1_relaxar,ppg,450,-0.031415813026145205,0.03891587988765819,-0.8072748995226608
FIRST_10a35,comum,so_INI,bsskill_t_ppg>=1_relaxar,lucro,450,-0.031415813026145205,0.03891587988765819,-0.8072748995226608
FIRST_10a35,comum,so_INI,bsskill_t_ppg>=1_relaxar,roi,450,-0.022550325037370575,0.045055079596281494,-0.5005057196532332
FIRST_10a35,comum,so_INI,bsskill_t_ppg>=1_relaxar,sharpe,450,-0.023293747593982145,0.04403939349714408,-0.5289297999867488
FIRST_10a35,comum,so_INI,bsskill_t_ppg>=1_relaxar,sortino,450,-0.02780489351481734,0.04240153690072412,-0.6557520209684309
FIRST_10a35,comum,so_INI,bsskill_t_ppg>=1_relaxar,calmar,450,-0.07011598406765841,0.04387462072943563,-1.5980989214709578
FIRST_10a35,comum,so_INI,bsskill_t_ppg>=1_relaxar,maxdd,450,-0.04578337061771845,0.055660236225319085,-0.822550778124298
FIRST_10a35,comum,so_INI,bsskill_t_ppg>=1_relaxar,seq_ruim,450,0.002852649077661279,0.06848876050488735,0.04165134624472747
FIRST_10a35,comum,so_INI,bsskill_t_ppg>=1_relaxar,ppg_nao_piorando_ou_nada,450,-0.031415813026145205,0.03891587988765819,-0.8072748995226608
FIRST_10a35,comum,so_INI,bsskill_t_ppg>=1_relaxar,funcao_menor_vol,450,-0.002988257571486156,0.05224714960824409,-0.05719465260578806
FIRST_10a35,comum,so_INI,bsskill_t_ppg>=1_relaxar,ACASO,450,-0.0019665138632842605,0.03910370658853894,-0.05028970486037336
FIRST_10a35,comum,so_INI,bsskill_t_ppg>=1_relaxar,FIXO_RETROSPECTO,450,-0.04328801674045567,0.057688756610071217,-0.7503718104560172
FIRST_10a35,comum,so_INI,bsskill_t_ppg>=1_relaxar,BASE_V6_MOM,450,-0.01740801801223464,0.0611455625757702,-0.2846979777259064
FIRST_10a35,comum,so_INI,bsskill_t_ppg>=1_relaxar,FIXO_TUDO_INI,450,0.012469690854033766,0.0679739987839408,0.18344795182153964
FIRST_10a35,comum,so_INI,bsskill_t_ppg>=1_relaxar,FIXO_TUDO_INI_CALR,450,-0.026035596627691438,0.058999606632747274,-0.4412842409230671
FIRST_10a35,comum,so_INI,bsskill_t_ppg>=1_relaxar,FIXO_V6E_INI,450,-0.04328801674045567,0.057688756610071217,-0.7503718104560172
FIRST_10a35,comum,so_INI,bsskill_t_ppg>=1_relaxar,FIXO_V6WR_INI,450,0.003497134719432196,0.06282701623876281,0.05566291268937494
FIRST_10a35,comum,so_INI,bsskill_t_ppg>=1_relaxar,FIXO_V6_INI,450,0.003497134719432196,0.06282701623876281,0.05566291268937494
FIRST_10a35,comum,so_INI,bsskill_t_ppg>=1_relaxar,FAVORITO,450,0.09821790382263354,0.06738590996054387,1.4575436301170759
FIRST_10a35,comum,so_INI,bsskill_t_ppg>=1_relaxar,ZEBRA,450,0.038203985808150286,0.06843753498827254,0.558231470708244
FIRST_10a35,comum,so_INI,bsskill_t_ppg>=1_relaxar,VIG_MERCADO,450,0.09443189049248357,0.04350819180793383,2.1704393257562056
FIRST_10a35,comum,so_INI,ppg_nao_piorando_ou_nada,roi,450,0.008865487988774633,0.036914740137413464,0.2401611918646387
FIRST_10a35,comum,so_INI,ppg_nao_piorando_ou_nada,sharpe,450,0.008122065432163065,0.037340993014624325,0.21751069739848958
FIRST_10a35,comum,so_INI,ppg_nao_piorando_ou_nada,sortino,450,0.003610919511327872,0.03529155078348628,0.10231682743217686
FIRST_10a35,comum,so_INI,ppg_nao_piorando_ou_nada,seq_ruim,450,0.0342684621038065,0.05397810905897439,0.6348585139647279
FIRST_10a35,comum,so_INI,ppg_nao_piorando_ou_nada,ACASO,450,0.029449299162860963,0.04297368657814399,0.6852867768118968
FIRST_10a35,comum,so_INI,ppg_nao_piorando_ou_nada,FIXO_RETROSPECTO,450,-0.01187220371431045,0.057063324208310846,-0.20805313884222246
FIRST_10a35,comum,so_INI,ppg_nao_piorando_ou_nada,BASE_V6_MOM,450,0.014007795013910567,0.06015341385926497,0.23286783102091643
FIRST_10a35,comum,so_INI,ppg_nao_piorando_ou_nada,FIXO_TUDO_INI,450,0.043885503880178964,0.06798531572697024,0.6455144528036557
FIRST_10a35,comum,so_INI,ppg_nao_piorando_ou_nada,FIXO_TUDO_INI_CALR,450,0.00538021639845377,0.053163947040278464,0.10120046945305944
FIRST_10a35,comum,so_INI,ppg_nao_piorando_ou_nada,FIXO_V6E_INI,450,-0.01187220371431045,0.057063324208310846,-0.20805313884222246
FIRST_10a35,comum,so_INI,ppg_nao_piorando_ou_nada,FIXO_V6WR_INI,450,0.0349129477455774,0.06188564959732519,0.564152561583298
FIRST_10a35,comum,so_INI,ppg_nao_piorando_ou_nada,FIXO_V6_INI,450,0.0349129477455774,0.06188564959732519,0.564152561583298
FIRST_10a35,comum,so_INI,ppg_nao_piorando_ou_nada,FAVORITO,450,0.12963371684877878,0.07948191884897388,1.6309837347422365
FIRST_10a35,comum,so_INI,ppg_nao_piorando_ou_nada,ZEBRA,450,0.0696197988342955,0.05724401677690891,1.2161934601063624
FIRST_10a35,comum,so_INI,ppg_nao_piorando_ou_nada,VIG_MERCADO,450,0.1258477035186288,0.05347217338901234,2.35351764371127
FIRST_10a35,comum,so_INI,funcao_menor_vol,llskill_todas,450,0.0009138459162972307,0.05206490403960992,0.017552052253894394
FIRST_10a35,comum,so_INI,funcao_menor_vol,ll_todas,450,-0.03537268562210422,0.03989372943158117,-0.8866728211702879
FIRST_10a35,comum,so_INI,funcao_menor_vol,llskill_entradas,450,0.0031471603274499196,0.04514826706982849,0.0697072231495036
FIRST_10a35,comum,so_INI,funcao_menor_vol,ll_entradas,450,0.0021677567517818597,0.04152718705961291,0.052200905124395056
FIRST_10a35,comum,so_INI,funcao_menor_vol,ppg,450,-0.02842755545465905,0.05402149095825405,-0.52622678401503
FIRST_10a35,comum,so_INI,funcao_menor_vol,lucro,450,-0.02842755545465905,0.05402149095825405,-0.52622678401503
FIRST_10a35,comum,so_INI,funcao_menor_vol,roi,450,-0.019562067465884417,0.04865965498194862,-0.40201821145549427
FIRST_10a35,comum,so_INI,funcao_menor_vol,sharpe,450,-0.020305490022495987,0.0503347365704452,-0.40340908497807976
FIRST_10a35,comum,so_INI,funcao_menor_vol,sortino,450,-0.024816635943331184,0.049537436890784305,-0.5009672986925964
FIRST_10a35,comum,so_INI,funcao_menor_vol,maxdd,450,-0.042795113046232305,0.04691059307614397,-0.9122697079691249
FIRST_10a35,comum,so_INI,funcao_menor_vol,seq_ruim,450,0.0058409066491474345,0.052133527549040194,0.11203743394599755
FIRST_10a35,comum,so_INI,funcao_menor_vol,ppg_nao_piorando_ou_nada,450,-0.02842755545465905,0.05402149095825405,-0.52622678401503
FIRST_10a35,comum,so_INI,funcao_menor_vol,ACASO,450,0.001021743708201901,0.028727286101424866,0.03556701125872182
FIRST_10a35,comum,so_INI,funcao_menor_vol,FIXO_RETROSPECTO,450,-0.04029975916896951,0.04078628222697296,-0.9880714046135418
FIRST_10a35,comum,so_INI,funcao_menor_vol,BASE_V6_MOM,450,-0.014419760440748483,0.042494583366227766,-0.3393317288576707
FIRST_10a35,comum,so_INI,funcao_menor_vol,FIXO_TUDO_INI,450,0.015457948425519917,0.054670600055130046,0.2827470049703508
FIRST_10a35,comum,so_INI,funcao_menor_vol,FIXO_TUDO_INI_CALR,450,-0.023047339056205287,0.0644647435986724,-0.3575185096474956
FIRST_10a35,comum,so_INI,funcao_menor_vol,FIXO_V6E_INI,450,-0.04029975916896951,0.04078628222697296,-0.9880714046135418
FIRST_10a35,comum,so_INI,funcao_menor_vol,FIXO_V6WR_INI,450,0.006485392290918354,0.03942422414808684,0.16450272468413493
FIRST_10a35,comum,so_INI,funcao_menor_vol,FIXO_V6_INI,450,0.006485392290918354,0.03942422414808684,0.16450272468413493
FIRST_10a35,comum,so_INI,funcao_menor_vol,FAVORITO,450,0.10120616139411968,0.0725010902850273,1.395926061197737
FIRST_10a35,comum,so_INI,funcao_menor_vol,ZEBRA,450,0.04119224337963645,0.06631301032171062,0.6211789086303969
FIRST_10a35,comum,so_INI,funcao_menor_vol,VIG_MERCADO,450,0.09742014806396976,0.049327630279252126,1.9749610413566938
MULTI_10a35,propria,todas,bsskill_todas,llskill_todas,450,-0.08370133815602905,0.10686084254578786,-0.7832741737944336
MULTI_10a35,propria,todas,bsskill_todas,ll_todas,450,-0.3102540931195471,0.19476660249522787,-1.5929532535083826
MULTI_10a35,propria,todas,bsskill_todas,llskill_entradas,450,0.020557209299448213,0.16959409418446725,0.12121418141535145
MULTI_10a35,propria,todas,bsskill_todas,ll_entradas,450,-0.20286222404878032,0.18224524050594482,-1.1131276925839004
MULTI_10a35,propria,todas,bsskill_todas,ppg,450,-0.070616516285847,0.11721796859460891,-0.6024376393185064
MULTI_10a35,propria,todas,bsskill_todas,lucro,450,-0.2713140168651645,0.1830953943579133,-1.4818178131493693
MULTI_10a35,propria,todas,bsskill_todas,roi,450,-0.025718169373310628,0.13514179187906367,-0.1903050789523749
MULTI_10a35,propria,todas,bsskill_todas,sharpe,450,-0.04493346745863093,0.13465803018389386,-0.333685762351255
MULTI_10a35,propria,todas,bsskill_todas,sortino,450,0.005790933787631821,0.13652679341909843,0.04241609754837866
MULTI_10a35,propria,todas,bsskill_todas,calmar,450,-0.029275264883970902,0.12127013325440648,-0.24140539882607207
MULTI_10a35,propria,todas,bsskill_todas,maxdd,450,-0.07762628901762168,0.20923213289199638,-0.37100558095295827
MULTI_10a35,propria,todas,bsskill_todas,seq_ruim,450,-0.16026373499494478,0.1534500478598554,-1.0444032910391288
MULTI_10a35,propria,todas,bsskill_todas,ppg_nao_piorando_ou_nada,450,-0.070616516285847,0.11721796859460891,-0.6024376393185064
MULTI_10a35,propria,todas,bsskill_todas,funcao_menor_vol,450,-0.0952734710425064,0.2197314401771404,-0.4335905274443202
MULTI_10a35,propria,todas,bsskill_todas,ACASO,450,-0.17319173772321222,0.1592206173997566,-1.0877469297106053
MULTI_10a35,propria,todas,bsskill_todas,FIXO_RETROSPECTO,450,-0.4423249909348678,0.20904299060466774,-2.1159522720920694
MULTI_10a35,propria,todas,bsskill_todas,BASE_V6_MOM,450,-0.3123376241774617,0.19292283170631755,-1.618976983776222
MULTI_10a35,propria,todas,bsskill_todas,FIXO_TUDO_INI,450,-0.0846370119624994,0.22344243887048137,-0.3787866458598732
MULTI_10a35,propria,todas,bsskill_todas,FIXO_TUDO_INI_CALR,450,-0.23939294915779885,0.20450658162019456,-1.1705879940939727
MULTI_10a35,propria,todas,bsskill_todas,FIXO_TUDO_MOM,450,0.017566337800568738,0.22129611684862827,0.07937933141675742
MULTI_10a35,propria,todas,bsskill_todas,FIXO_V6E_INI,450,-0.39423703878574684,0.21040046504531598,-1.8737460428180908
MULTI_10a35,propria,todas,bsskill_todas,FIXO_V6E_MOM,450,-0.4423249909348678,0.20904299060466774,-2.1159522720920694
MULTI_10a35,propria,todas,bsskill_todas,FIXO_V6WR_INI,450,-0.29211586857352745,0.2045239586577546,-1.4282721226922221
MULTI_10a35,propria,todas,bsskill_todas,FIXO_V6WR_MOM,450,-0.3241257969358935,0.19503304623661338,-1.6619019350324111
MULTI_10a35,propria,todas,bsskill_todas,FIXO_V6_INI,450,-0.29296996856470964,0.20518598984087186,-1.427826377385303
MULTI_10a35,propria,todas,bsskill_todas,FIXO_V6_MOM,450,-0.3123376241774617,0.19292283170631755,-1.618976983776222
MULTI_10a35,propria,todas,bsskill_todas,FAVORITO,450,0.6907818310218097,0.311832451640303,2.215233941779166
MULTI_10a35,propria,todas,bsskill_todas,ZEBRA,450,-0.23466226069272358,0.26039305499019927,-0.9011847904375017
MULTI_10a35,propria,todas,bsskill_todas,VIG_MERCADO,450,0.41089086470756264,0.18006004966807976,2.281965741234623
MULTI_10a35,propria,todas,llskill_todas,ppg,450,0.01308482187018203,0.13830663456511272,0.09460733327309681
MULTI_10a35,propria,todas,llskill_todas,lucro,450,-0.18761267870913545,0.1459372591160241,-1.2855707983386084
MULTI_10a35,propria,todas,llskill_todas,roi,450,0.0579831687827184,0.1475424757274897,0.39299305841805887
MULTI_10a35,propria,todas,llskill_todas,sharpe,450,0.03876787069739811,0.14581376973051993,0.2658724945459228
MULTI_10a35,propria,todas,llskill_todas,sortino,450,0.08949227194366086,0.14775672806909332,0.6056730756910974
MULTI_10a35,propria,todas,llskill_todas,maxdd,450,0.0060750491384073515,0.17831640054767806,0.034068930955024584
MULTI_10a35,propria,todas,llskill_todas,seq_ruim,450,-0.07656239683891572,0.13160226244021384,-0.5817711293048444
MULTI_10a35,propria,todas,llskill_todas,ppg_nao_piorando_ou_nada,450,0.01308482187018203,0.13830663456511272,0.09460733327309681
MULTI_10a35,propria,todas,llskill_todas,ACASO,450,-0.08949039956718319,0.1438294935997996,-0.6221978352797862
MULTI_10a35,propria,todas,llskill_todas,FIXO_RETROSPECTO,450,-0.35862365277883884,0.18078432665433367,-1.983709868082428
MULTI_10a35,propria,todas,llskill_todas,BASE_V6_MOM,450,-0.22863628602143263,0.1709062332446258,-1.3377878716347062
MULTI_10a35,propria,todas,llskill_todas,FIXO_TUDO_INI,450,-0.0009356738064703684,0.17944993426448325,-0.005214121756608283
MULTI_10a35,propria,todas,llskill_todas,FIXO_TUDO_INI_CALR,450,-0.15569161100176984,0.16376326182444467,-0.9507114676835902
MULTI_10a35,propria,todas,llskill_todas,FIXO_TUDO_MOM,450,0.10126767595659776,0.18652765986851777,0.5429097005129466
MULTI_10a35,propria,todas,llskill_todas,FIXO_V6E_INI,450,-0.31053570062971775,0.1840751476011078,-1.6870050339584728
MULTI_10a35,propria,todas,llskill_todas,FIXO_V6E_MOM,450,-0.35862365277883884,0.18078432665433367,-1.983709868082428
MULTI_10a35,propria,todas,llskill_todas,FIXO_V6WR_INI,450,-0.20841453041749844,0.172818005373081,-1.2059769464852423
MULTI_10a35,propria,todas,llskill_todas,FIXO_V6WR_MOM,450,-0.2404244587798644,0.17293429318361409,-1.3902647899025569
MULTI_10a35,propria,todas,llskill_todas,FIXO_V6_INI,450,-0.20926863040868057,0.17439637770340077,-1.1999597306119953
MULTI_10a35,propria,todas,llskill_todas,FIXO_V6_MOM,450,-0.22863628602143263,0.1709062332446258,-1.3377878716347062
MULTI_10a35,propria,todas,llskill_todas,FAVORITO,450,0.7744831691778388,0.32654070221901466,2.3717814162670106
MULTI_10a35,propria,todas,llskill_todas,ZEBRA,450,-0.15096092253669466,0.23229955595604948,-0.649854546279271
MULTI_10a35,propria,todas,llskill_todas,VIG_MERCADO,450,0.4945922028635917,0.18696165348000876,2.6454205643644295
MULTI_10a35,propria,todas,brier_todas,bsskill_todas,450,0.2753482851053718,0.19227058716646164,1.432087399134971
MULTI_10a35,propria,todas,brier_todas,llskill_todas,450,0.19164694694934276,0.16870854136407662,1.1359646962732288
MULTI_10a35,propria,todas,brier_todas,ll_todas,450,-0.03490580801417537,0.03788020031378401,-0.9214789712047456
MULTI_10a35,propria,todas,brier_todas,bsskill_entradas,450,0.2625289972997644,0.17183681355020705,1.5277808746323096
MULTI_10a35,propria,todas,brier_todas,llskill_entradas,450,0.29590549440482006,0.16246085499042523,1.8213956489534633
MULTI_10a35,propria,todas,brier_todas,ll_entradas,450,0.07248606105659146,0.1368392592024244,0.5297168479212815
MULTI_10a35,propria,todas,brier_todas,ppg,450,0.2047317688195248,0.18678809136432903,1.0960643546605802
MULTI_10a35,propria,todas,brier_todas,lucro,450,0.004034268240207266,0.14319462399364732,0.028173321928526045
MULTI_10a35,propria,todas,brier_todas,roi,450,0.24963011573206115,0.18452617233361224,1.3528168528892741
MULTI_10a35,propria,todas,brier_todas,sharpe,450,0.23041481764674088,0.18965162794874096,1.2149371990047846
MULTI_10a35,propria,todas,brier_todas,sortino,450,0.28113921889300364,0.1915437086161043,1.467754910480868
MULTI_10a35,propria,todas,brier_todas,calmar,450,0.2460730202214009,0.17010778022172998,1.4465712261993702
MULTI_10a35,propria,todas,brier_todas,maxdd,450,0.19772199608775012,0.1858008855148271,1.0641606768444154
MULTI_10a35,propria,todas,brier_todas,seq_ruim,450,0.11508455011042706,0.12849006639667176,0.8956688508132646
MULTI_10a35,propria,todas,brier_todas,bsskill_t_ppg>=1_relaxar,450,0.25002710964498365,0.19316565386399157,1.2943662842931092
MULTI_10a35,propria,todas,brier_todas,ppg_nao_piorando_ou_nada,450,0.2047317688195248,0.18678809136432903,1.0960643546605802
MULTI_10a35,propria,todas,brier_todas,funcao_menor_vol,450,0.1800748140628654,0.17238983856094203,1.0445790515617117
MULTI_10a35,propria,todas,brier_todas,ACASO,450,0.10215654738215964,0.12320605443210789,0.8291520076105717
MULTI_10a35,propria,todas,brier_todas,FIXO_RETROSPECTO,450,-0.16697670582949606,0.14540256387861258,-1.1483752512706336
MULTI_10a35,propria,todas,brier_todas,BASE_V6_MOM,450,-0.03698933907208992,0.14589201707671173,-0.2535391573388179
MULTI_10a35,propria,todas,brier_todas,FIXO_TUDO_INI,450,0.19071127314287242,0.17276647219981392,1.1038673807166957
MULTI_10a35,propria,todas,brier_todas,FIXO_TUDO_INI_CALR,450,0.035955335947572914,0.20264923568673093,0.17742645722658995
MULTI_10a35,propria,todas,brier_todas,FIXO_TUDO_MOM,450,0.29291462290594056,0.19237695456815482,1.5226076510228126
MULTI_10a35,propria,todas,brier_todas,FIXO_V6E_INI,450,-0.11888875368037498,0.14272045375696135,-0.8330183274419141
MULTI_10a35,propria,todas,brier_todas,FIXO_V6E_MOM,450,-0.16697670582949606,0.14540256387861258,-1.1483752512706336
MULTI_10a35,propria,todas,brier_todas,FIXO_V6WR_INI,450,-0.016767583468155656,0.14809044293135515,-0.11322529081723383
MULTI_10a35,propria,todas,brier_todas,FIXO_V6WR_MOM,450,-0.048777511830521696,0.14874024534793917,-0.32793755124189405
MULTI_10a35,propria,todas,brier_todas,FIXO_V6_INI,450,-0.017621683459337796,0.14449593321680332,-0.12195279871924163
MULTI_10a35,propria,todas,brier_todas,FIXO_V6_MOM,450,-0.03698933907208992,0.14589201707671173,-0.2535391573388179
MULTI_10a35,propria,todas,brier_todas,FAVORITO,450,0.9661301161271812,0.3112872167106073,3.1036613913553612
MULTI_10a35,propria,todas,brier_todas,ZEBRA,450,0.040686024412648215,0.24572960990828963,0.16557233142490607
MULTI_10a35,propria,todas,brier_todas,VIG_MERCADO,450,0.6862391498129347,0.17828227069552655,3.8491721422199374
MULTI_10a35,propria,todas,ll_todas,llskill_todas,450,0.22655275496351815,0.1719357173806735,1.3176596370719182
MULTI_10a35,propria,todas,ll_todas,llskill_entradas,450,0.33081130241899537,0.16533544890886484,2.0008492105122784
MULTI_10a35,propria,todas,ll_todas,ppg,450,0.23963757683370016,0.1897111798387061,1.2631705576732053
MULTI_10a35,propria,todas,ll_todas,lucro,450,0.03894007625438264,0.14808491252724032,0.26295775572153296
MULTI_10a35,propria,todas,ll_todas,roi,450,0.28453592374623654,0.18731425143024646,1.5190297672155193
MULTI_10a35,propria,todas,ll_todas,sharpe,450,0.26532062566091624,0.1924449397975577,1.3786833051574132
MULTI_10a35,propria,todas,ll_todas,sortino,450,0.316045026907179,0.19410189185889334,1.6282428979977945
MULTI_10a35,propria,todas,ll_todas,maxdd,450,0.2326278041019255,0.185753735028254,1.252345230455483
MULTI_10a35,propria,todas,ll_todas,seq_ruim,450,0.14999035812460243,0.13181002986732251,1.1379282614197106
MULTI_10a35,propria,todas,ll_todas,ppg_nao_piorando_ou_nada,450,0.23963757683370016,0.1897111798387061,1.2631705576732053
MULTI_10a35,propria,todas,ll_todas,ACASO,450,0.13706235539633502,0.12168743467404915,1.1263476443847222
MULTI_10a35,propria,todas,ll_todas,FIXO_RETROSPECTO,450,-0.1320708978153207,0.13867227092720058,-0.9523958678419174
MULTI_10a35,propria,todas,ll_todas,BASE_V6_MOM,450,-0.002083531057914515,0.13759039481473465,-0.015142997886734667
MULTI_10a35,propria,todas,ll_todas,FIXO_TUDO_INI,450,0.2256170811570478,0.1734704213682289,1.3006083652620304
MULTI_10a35,propria,todas,ll_todas,FIXO_TUDO_INI_CALR,450,0.07086114396174832,0.20383908002044465,0.3476327697055986
MULTI_10a35,propria,todas,ll_todas,FIXO_TUDO_MOM,450,0.32782043092011603,0.19258844180493562,1.7021812308557487
MULTI_10a35,propria,todas,ll_todas,FIXO_V6E_INI,450,-0.08398294566619958,0.13665962044426613,-0.6145410428711847
MULTI_10a35,propria,todas,ll_todas,FIXO_V6E_MOM,450,-0.1320708978153207,0.13867227092720058,-0.9523958678419174
MULTI_10a35,propria,todas,ll_todas,FIXO_V6WR_INI,450,0.018138224546019745,0.13683887680266274,0.13255169122863478
MULTI_10a35,propria,todas,ll_todas,FIXO_V6WR_MOM,450,-0.013871703816346287,0.1386256571438738,-0.1000659192688221
MULTI_10a35,propria,todas,ll_todas,FIXO_V6_INI,450,0.017284124554837587,0.13354069766272478,0.1294296409809914
MULTI_10a35,propria,todas,ll_todas,FIXO_V6_MOM,450,-0.002083531057914515,0.13759039481473465,-0.015142997886734667
MULTI_10a35,propria,todas,ll_todas,FAVORITO,450,1.0010359241413567,0.3102680279753912,3.2263586121762873
MULTI_10a35,propria,todas,ll_todas,ZEBRA,450,0.07559183242682359,0.24547011140610314,0.3079471956639367
MULTI_10a35,propria,todas,ll_todas,VIG_MERCADO,450,0.7211449578271099,0.17759580988762316,4.0605966902227415
MULTI_10a35,propria,todas,bsskill_entradas,bsskill_todas,450,0.01281928780560741,0.1688022904267434,0.0759426176813087
MULTI_10a35,propria,todas,bsskill_entradas,llskill_todas,450,-0.07088205035042164,0.18612485986200566,-0.3808306445628709
MULTI_10a35,propria,todas,bsskill_entradas,ll_todas,450,-0.2974348053139398,0.17477266149249218,-1.701838278217883
MULTI_10a35,propria,todas,bsskill_entradas,llskill_entradas,450,0.03337649710505562,0.06084161811583862,0.5485800368015997
MULTI_10a35,propria,todas,bsskill_entradas,ll_entradas,450,-0.19004293624317298,0.18825250728080986,-1.0095107841495699
MULTI_10a35,propria,todas,bsskill_entradas,ppg,450,-0.057797228480239604,0.14432143383823498,-0.4004757085840941
MULTI_10a35,propria,todas,bsskill_entradas,lucro,450,-0.2584947290595571,0.1842194751444097,-1.4031889345951236
MULTI_10a35,propria,todas,bsskill_entradas,roi,450,-0.01289888156770323,0.0880774812597781,-0.14644925562368116
MULTI_10a35,propria,todas,bsskill_entradas,sharpe,450,-0.032114179653023524,0.09595515663873991,-0.33467903943849214
MULTI_10a35,propria,todas,bsskill_entradas,sortino,450,0.018610221593239225,0.09302755845071256,0.20005062911652366
MULTI_10a35,propria,todas,bsskill_entradas,calmar,450,-0.016455977078363552,0.14990504299785717,-0.10977600719275857
MULTI_10a35,propria,todas,bsskill_entradas,maxdd,450,-0.06480700121201427,0.1899405951396091,-0.3411961574848188
MULTI_10a35,propria,todas,bsskill_entradas,seq_ruim,450,-0.14744444718933733,0.15483303890245334,-0.9522802641768795
MULTI_10a35,propria,todas,bsskill_entradas,bsskill_t_ppg>=1_relaxar,450,-0.012501887654780748,0.16907882060430005,-0.07394118086522067
MULTI_10a35,propria,todas,bsskill_entradas,ppg_nao_piorando_ou_nada,450,-0.057797228480239604,0.14432143383823498,-0.4004757085840941
MULTI_10a35,propria,todas,bsskill_entradas,funcao_menor_vol,450,-0.08245418323689903,0.19524850856145048,-0.4223037801640787
MULTI_10a35,propria,todas,bsskill_entradas,ACASO,450,-0.16037244991760477,0.13578951860100236,-1.1810370312073626
MULTI_10a35,propria,todas,bsskill_entradas,FIXO_RETROSPECTO,450,-0.4295057031292604,0.19046903255451653,-2.254989681886089
MULTI_10a35,propria,todas,bsskill_entradas,BASE_V6_MOM,450,-0.29951833637185427,0.17065740988507758,-1.7550854461787093
MULTI_10a35,propria,todas,bsskill_entradas,FIXO_TUDO_INI,450,-0.071817724156892,0.21781010824532718,-0.3297263140606917
MULTI_10a35,propria,todas,bsskill_entradas,FIXO_TUDO_INI_CALR,450,-0.22657366135219148,0.2388114229014886,-0.9487555435974883
MULTI_10a35,propria,todas,bsskill_entradas,FIXO_TUDO_MOM,450,0.030385625606176157,0.22489427787252944,0.13511071021290633
MULTI_10a35,propria,todas,bsskill_entradas,FIXO_V6E_INI,450,-0.3814177509801394,0.19137710412154327,-1.993016629292821
MULTI_10a35,propria,todas,bsskill_entradas,FIXO_V6E_MOM,450,-0.4295057031292604,0.19046903255451653,-2.254989681886089
MULTI_10a35,propria,todas,bsskill_entradas,FIXO_V6WR_INI,450,-0.2792965807679201,0.18166730898441588,-1.5374069353990332
MULTI_10a35,propria,todas,bsskill_entradas,FIXO_V6WR_MOM,450,-0.31130650913028607,0.17396283652264755,-1.7895000757231174
MULTI_10a35,propria,todas,bsskill_entradas,FIXO_V6_INI,450,-0.2801506807591022,0.17907030009358782,-1.5644731740142646
MULTI_10a35,propria,todas,bsskill_entradas,FIXO_V6_MOM,450,-0.29951833637185427,0.17065740988507758,-1.7550854461787093
MULTI_10a35,propria,todas,bsskill_entradas,FAVORITO,450,0.7036011188274169,0.28477753423068675,2.470704442076734
MULTI_10a35,propria,todas,bsskill_entradas,ZEBRA,450,-0.2218429728871161,0.28304692874811493,-0.783767461700796
MULTI_10a35,propria,todas,bsskill_entradas,VIG_MERCADO,450,0.42371015251317007,0.16733744203481354,2.5320702131028137
MULTI_10a35,propria,todas,llskill_entradas,llskill_todas,450,-0.10425854745547723,0.18374050143348775,-0.5674227872574834
MULTI_10a35,propria,todas,llskill_entradas,ppg,450,-0.09117372558529523,0.13985427758294391,-0.6519194633229755
MULTI_10a35,propria,todas,llskill_entradas,lucro,450,-0.2918712261646128,0.19353261653740092,-1.5081242189902784
MULTI_10a35,propria,todas,llskill_entradas,roi,450,-0.04627537867275884,0.10525431864113,-0.43965301633405773
MULTI_10a35,propria,todas,llskill_entradas,sharpe,450,-0.06549067675807914,0.11511490875679815,-0.568915681429592
MULTI_10a35,propria,todas,llskill_entradas,sortino,450,-0.014766275511816408,0.1118468828568008,-0.1320222355299958
MULTI_10a35,propria,todas,llskill_entradas,maxdd,450,-0.09818349831706992,0.18560328042414226,-0.5289965678014964
MULTI_10a35,propria,todas,llskill_entradas,seq_ruim,450,-0.180820944294393,0.1590846155777213,-1.1366337570590057
MULTI_10a35,propria,todas,llskill_entradas,ppg_nao_piorando_ou_nada,450,-0.09117372558529523,0.13985427758294391,-0.6519194633229755
MULTI_10a35,propria,todas,llskill_entradas,ACASO,450,-0.1937489470226604,0.13889777690435054,-1.3949031535334229
MULTI_10a35,propria,todas,llskill_entradas,FIXO_RETROSPECTO,450,-0.4628822002343161,0.1987148221608706,-2.3293793346708047
MULTI_10a35,propria,todas,llskill_entradas,BASE_V6_MOM,450,-0.33289483347691,0.17775138782586614,-1.8728114449549609
MULTI_10a35,propria,todas,llskill_entradas,FIXO_TUDO_INI,450,-0.1051942212619476,0.217978203375749,-0.48259055094887027
MULTI_10a35,propria,todas,llskill_entradas,FIXO_TUDO_INI_CALR,450,-0.25995015845724706,0.24839626016679495,-1.046513978441921
MULTI_10a35,propria,todas,llskill_entradas,FIXO_TUDO_MOM,450,-0.002990871498879479,0.2254153437717537,-0.013268269359285108
MULTI_10a35,propria,todas,llskill_entradas,FIXO_V6E_INI,450,-0.414794248085195,0.19894946688408702,-2.084922641822733
MULTI_10a35,propria,todas,llskill_entradas,FIXO_V6E_MOM,450,-0.4628822002343161,0.1987148221608706,-2.3293793346708047
MULTI_10a35,propria,todas,llskill_entradas,FIXO_V6WR_INI,450,-0.31267307787297566,0.18390209971689978,-1.700214833622383
MULTI_10a35,propria,todas,llskill_entradas,FIXO_V6WR_MOM,450,-0.3446830062353418,0.18035967204564554,-1.9110868983400526
MULTI_10a35,propria,todas,llskill_entradas,FIXO_V6_INI,450,-0.3135271778641578,0.18200908458326112,-1.7225908178266396
MULTI_10a35,propria,todas,llskill_entradas,FIXO_V6_MOM,450,-0.33289483347691,0.17775138782586614,-1.8728114449549609
MULTI_10a35,propria,todas,llskill_entradas,FAVORITO,450,0.6702246217223613,0.276657319464713,2.422580479775981
MULTI_10a35,propria,todas,llskill_entradas,ZEBRA,450,-0.2552194699921718,0.29455059839754705,-0.8664707231309337
MULTI_10a35,propria,todas,llskill_entradas,VIG_MERCADO,450,0.39033365540811443,0.16653335524803758,2.3438767256370046
MULTI_10a35,propria,todas,brier_entradas,bsskill_todas,450,0.19737445829241854,0.19705059690527094,1.0016435443090959
MULTI_10a35,propria,todas,brier_entradas,llskill_todas,450,0.11367312013638949,0.16771815380936309,0.6777627678014873
MULTI_10a35,propria,todas,brier_entradas,brier_todas,450,-0.0779738268129533,0.14823177007154376,-0.5260264164377136
MULTI_10a35,propria,todas,brier_entradas,ll_todas,450,-0.11287963482712866,0.14883204279586645,-0.7584363736910537
MULTI_10a35,propria,todas,brier_entradas,bsskill_entradas,450,0.18455517048681114,0.19772618825606925,0.9333875907616207
MULTI_10a35,propria,todas,brier_entradas,llskill_entradas,450,0.21793166759186677,0.19126986600388513,1.1393936334301613
MULTI_10a35,propria,todas,brier_entradas,ll_entradas,450,-0.005487765756361809,0.056604412143064,-0.09694943465699873
MULTI_10a35,propria,todas,brier_entradas,ppg,450,0.12675794200657153,0.19393616523614526,0.6536065197134606
MULTI_10a35,propria,todas,brier_entradas,lucro,450,-0.07393955857274599,0.1551701830750226,-0.476506227597845
MULTI_10a35,propria,todas,brier_entradas,roi,450,0.17165628891910792,0.1883418350890146,0.9114081788466131
MULTI_10a35,propria,todas,brier_entradas,sharpe,450,0.1524409908337876,0.19387200715989783,0.7862970681892224
MULTI_10a35,propria,todas,brier_entradas,sortino,450,0.20316539208005036,0.19619538021775523,1.035525871478519
MULTI_10a35,propria,todas,brier_entradas,calmar,450,0.16809919340844762,0.17241702474488402,0.9749570476417555
MULTI_10a35,propria,todas,brier_entradas,maxdd,450,0.1197481692747969,0.13833152332161472,0.8656607431148405
MULTI_10a35,propria,todas,brier_entradas,seq_ruim,450,0.03711072329747378,0.1579016219007371,0.23502433256070657
MULTI_10a35,propria,todas,brier_entradas,bsskill_t_ppg>=1_relaxar,450,0.17205328283203042,0.19691783561376705,0.8737313321353697
MULTI_10a35,propria,todas,brier_entradas,ppg_nao_piorando_ou_nada,450,0.12675794200657153,0.19393616523614526,0.6536065197134606
MULTI_10a35,propria,todas,brier_entradas,funcao_menor_vol,450,0.1021009872499121,0.11501505066088699,0.8877184913037945
MULTI_10a35,propria,todas,brier_entradas,ACASO,450,0.024182720569206353,0.1188334632309254,0.2035009324117132
MULTI_10a35,propria,todas,brier_entradas,FIXO_RETROSPECTO,450,-0.24495053264244943,0.18227610831481314,-1.3438433314551015
MULTI_10a35,propria,todas,brier_entradas,BASE_V6_MOM,450,-0.11496316588504316,0.14984363319036906,-0.7672208917878282
MULTI_10a35,propria,todas,brier_entradas,FIXO_TUDO_INI,450,0.11273744632991912,0.17133795742381142,0.6579829013080766
MULTI_10a35,propria,todas,brier_entradas,FIXO_TUDO_INI_CALR,450,-0.04201849086538033,0.2338201286478441,-0.17970433558636978
MULTI_10a35,propria,todas,brier_entradas,FIXO_TUDO_MOM,450,0.21494079609298725,0.19885303594185239,1.080902763565748
MULTI_10a35,propria,todas,brier_entradas,FIXO_V6E_INI,450,-0.19686258049332833,0.18466687022719552,-1.0660416795450556
MULTI_10a35,propria,todas,brier_entradas,FIXO_V6E_MOM,450,-0.24495053264244943,0.18227610831481314,-1.3438433314551015
MULTI_10a35,propria,todas,brier_entradas,FIXO_V6WR_INI,450,-0.09474141028110891,0.143643917258597,-0.6595574117527675
MULTI_10a35,propria,todas,brier_entradas,FIXO_V6WR_MOM,450,-0.12675133864347493,0.15252304561293847,-0.8310307346283587
MULTI_10a35,propria,todas,brier_entradas,FIXO_V6_INI,450,-0.09559551027229107,0.1420120896786545,-0.6731505077391999
MULTI_10a35,propria,todas,brier_entradas,FIXO_V6_MOM,450,-0.11496316588504316,0.14984363319036906,-0.7672208917878282
MULTI_10a35,propria,todas,brier_entradas,FAVORITO,450,0.888156289314228,0.2829709831484622,3.138683265090301
MULTI_10a35,propria,todas,brier_entradas,ZEBRA,450,-0.037287802400305055,0.27888427674124266,-0.13370349463946946
MULTI_10a35,propria,todas,brier_entradas,VIG_MERCADO,450,0.6082653229999813,0.16210558410843515,3.7522786543435935
MULTI_10a35,propria,todas,ll_entradas,llskill_todas,450,0.11916088589275131,0.15230553149338782,0.7823805525928949
MULTI_10a35,propria,todas,ll_entradas,ll_todas,450,-0.10739186907076682,0.13752105189868674,-0.7809122137160759
MULTI_10a35,propria,todas,ll_entradas,llskill_entradas,450,0.22341943334822859,0.18212125536542934,1.2267619883243928
MULTI_10a35,propria,todas,ll_entradas,ppg,450,0.13224570776293335,0.17049309488521275,0.7756660634964126
MULTI_10a35,propria,todas,ll_entradas,lucro,450,-0.0684517928163842,0.13231040560449814,-0.5173575918208586
MULTI_10a35,propria,todas,ll_entradas,roi,450,0.17714405467546973,0.17370940309301897,1.0197723987377445
MULTI_10a35,propria,todas,ll_entradas,sharpe,450,0.15792875659014943,0.18071229001793876,0.8739237191586268
MULTI_10a35,propria,todas,ll_entradas,sortino,450,0.20865315783641222,0.18316797370584198,1.1391355902178515
MULTI_10a35,propria,todas,ll_entradas,maxdd,450,0.1252359350311587,0.13672376578605955,0.9159778061344757
MULTI_10a35,propria,todas,ll_entradas,seq_ruim,450,0.042598489053835564,0.14018181070213123,0.3038802883232263
MULTI_10a35,propria,todas,ll_entradas,ppg_nao_piorando_ou_nada,450,0.13224570776293335,0.17049309488521275,0.7756660634964126
MULTI_10a35,propria,todas,ll_entradas,ACASO,450,0.029670486325568193,0.1028677855214768,0.28843321721330895
MULTI_10a35,propria,todas,ll_entradas,FIXO_RETROSPECTO,450,-0.23946276688608759,0.16140463077499276,-1.4836176988001808
MULTI_10a35,propria,todas,ll_entradas,BASE_V6_MOM,450,-0.10947540012868132,0.13469576425445043,-0.8127605254302879
MULTI_10a35,propria,todas,ll_entradas,FIXO_TUDO_INI,450,0.11822521208628094,0.1616075957210422,0.7315572733991696
MULTI_10a35,propria,todas,ll_entradas,FIXO_TUDO_INI_CALR,450,-0.03653072510901852,0.20689931951473425,-0.17656280936398636
MULTI_10a35,propria,todas,ll_entradas,FIXO_TUDO_MOM,450,0.22042856184934906,0.1840561268177095,1.1976159971445182
MULTI_10a35,propria,todas,ll_entradas,FIXO_V6E_INI,450,-0.19137481473696652,0.1644090399016848,-1.1640163755679556
MULTI_10a35,propria,todas,ll_entradas,FIXO_V6E_MOM,450,-0.23946276688608759,0.16140463077499276,-1.4836176988001808
MULTI_10a35,propria,todas,ll_entradas,FIXO_V6WR_INI,450,-0.0892536445247471,0.13366878188581274,-0.6677224350035036
MULTI_10a35,propria,todas,ll_entradas,FIXO_V6WR_MOM,450,-0.12126357288711312,0.13718537428476285,-0.8839395126436728
MULTI_10a35,propria,todas,ll_entradas,FIXO_V6_INI,450,-0.09010774451592926,0.13209539106807822,-0.6821414720630963
MULTI_10a35,propria,todas,ll_entradas,FIXO_V6_MOM,450,-0.10947540012868132,0.13469576425445043,-0.8127605254302879
MULTI_10a35,propria,todas,ll_entradas,FAVORITO,450,0.8936440550705899,0.2864001500711962,3.1202639204219653
MULTI_10a35,propria,todas,ll_entradas,ZEBRA,450,-0.03180003664394322,0.25913331843308535,-0.12271689660067692
MULTI_10a35,propria,todas,ll_entradas,VIG_MERCADO,450,0.613753088756343,0.15844832121677518,3.873522193502193
MULTI_10a35,propria,todas,ppg,roi,450,0.04489834691253639,0.11395487742790775,0.3940010987326174
MULTI_10a35,propria,todas,ppg,sharpe,450,0.025683048827216084,0.1208579864383003,0.21250601291729812
MULTI_10a35,propria,todas,ppg,sortino,450,0.07640745007347884,0.12023531818035786,0.6354825789113359
MULTI_10a35,propria,todas,ppg,seq_ruim,450,-0.08964721870909777,0.1578086394066769,-0.5680754808238008
MULTI_10a35,propria,todas,ppg,ppg_nao_piorando_ou_nada,450,0.0,0.0,
MULTI_10a35,propria,todas,ppg,ACASO,450,-0.10257522143736521,0.14971830599041555,-0.6851214402862114
MULTI_10a35,propria,todas,ppg,FIXO_RETROSPECTO,450,-0.3717084746490208,0.18699862204178042,-1.9877605010692074
MULTI_10a35,propria,todas,ppg,BASE_V6_MOM,450,-0.2417211078916147,0.17629509574880156,-1.3711164616628757
MULTI_10a35,propria,todas,ppg,FIXO_TUDO_INI,450,-0.014020495676652396,0.2187016128071394,-0.0641078750937986
MULTI_10a35,propria,todas,ppg,FIXO_TUDO_INI_CALR,450,-0.16877643287195188,0.20857716913547333,-0.8091798041535869
MULTI_10a35,propria,todas,ppg,FIXO_TUDO_MOM,450,0.08818285408641573,0.2186485316264731,0.4033086956058885
MULTI_10a35,propria,todas,ppg,FIXO_V6E_INI,450,-0.3236205224998998,0.18635955330308174,-1.7365384106367048
MULTI_10a35,propria,todas,ppg,FIXO_V6E_MOM,450,-0.3717084746490208,0.18699862204178042,-1.9877605010692074
MULTI_10a35,propria,todas,ppg,FIXO_V6WR_INI,450,-0.22149935228768047,0.19011497774170122,-1.1650810205423134
MULTI_10a35,propria,todas,ppg,FIXO_V6WR_MOM,450,-0.25350928065004646,0.17825425332518324,-1.422178017752979
MULTI_10a35,propria,todas,ppg,FIXO_V6_INI,450,-0.2223534522788626,0.1895587243188362,-1.1730056375820823
MULTI_10a35,propria,todas,ppg,FIXO_V6_MOM,450,-0.2417211078916147,0.17629509574880156,-1.3711164616628757
MULTI_10a35,propria,todas,ppg,FAVORITO,450,0.7613983473076567,0.3218027120876706,2.3660408029756583
MULTI_10a35,propria,todas,ppg,ZEBRA,450,-0.16404574440687658,0.2491900087407118,-0.6583158981208197
MULTI_10a35,propria,todas,ppg,VIG_MERCADO,450,0.4815073809934096,0.1924586109384422,2.5018749675348095
MULTI_10a35,propria,todas,lucro,ppg,450,0.2006975005793175,0.1645614459348158,1.2195900409067595
MULTI_10a35,propria,todas,lucro,roi,450,0.2455958474918539,0.1743445972373113,1.4086805750427591
MULTI_10a35,propria,todas,lucro,sharpe,450,0.22638054940653357,0.1795142734976825,1.2610726990990837
MULTI_10a35,propria,todas,lucro,sortino,450,0.27710495065279633,0.18080269121816095,1.5326373118994934
MULTI_10a35,propria,todas,lucro,maxdd,450,0.19368772784754287,0.1610907865853934,1.2023513693929977
MULTI_10a35,propria,todas,lucro,seq_ruim,450,0.11105028187021976,0.12315067017543371,0.9017432200086577
MULTI_10a35,propria,todas,lucro,ppg_nao_piorando_ou_nada,450,0.2006975005793175,0.1645614459348158,1.2195900409067595
MULTI_10a35,propria,todas,lucro,ACASO,450,0.09812227914195235,0.10526711436947062,0.9321266164621835
MULTI_10a35,propria,todas,lucro,FIXO_RETROSPECTO,450,-0.1710109740697033,0.09780619948703088,-1.7484676325898891
MULTI_10a35,propria,todas,lucro,BASE_V6_MOM,450,-0.04102360731229719,0.10600014197494094,-0.3870146449614701
MULTI_10a35,propria,todas,lucro,FIXO_TUDO_INI,450,0.1866770049026651,0.14960285298160075,1.2478171450755955
MULTI_10a35,propria,todas,lucro,FIXO_TUDO_INI_CALR,450,0.031921067707365657,0.14707113427360613,0.2170450909012559
MULTI_10a35,propria,todas,lucro,FIXO_TUDO_MOM,450,0.28888035466573325,0.17263773711405248,1.6733326067340974
MULTI_10a35,propria,todas,lucro,FIXO_V6E_INI,450,-0.1229230219205823,0.09700096894489012,-1.267234990100145
MULTI_10a35,propria,todas,lucro,FIXO_V6E_MOM,450,-0.1710109740697033,0.09780619948703088,-1.7484676325898891
MULTI_10a35,propria,todas,lucro,FIXO_V6WR_INI,450,-0.020801851708362913,0.11676107243890377,-0.17815742245128538
MULTI_10a35,propria,todas,lucro,FIXO_V6WR_MOM,450,-0.05281178007072898,0.1105032180026164,-0.47792074317219024
MULTI_10a35,propria,todas,lucro,FIXO_V6_INI,450,-0.021655951699545054,0.11597812228282987,-0.1867244552100421
MULTI_10a35,propria,todas,lucro,FIXO_V6_MOM,450,-0.04102360731229719,0.10600014197494094,-0.3870146449614701
MULTI_10a35,propria,todas,lucro,FAVORITO,450,0.9620958478869742,0.339993474157139,2.8297479834636783
MULTI_10a35,propria,todas,lucro,ZEBRA,450,0.03665175617244093,0.1987608550713696,0.18440128041952872
MULTI_10a35,propria,todas,lucro,VIG_MERCADO,450,0.6822048815727271,0.19718172246835172,3.459777473453317
MULTI_10a35,propria,todas,roi,sharpe,450,-0.019215298085320305,0.035098173915353956,-0.5474728722828065
MULTI_10a35,propria,todas,roi,sortino,450,0.031509103160942444,0.025511178625001563,1.235109660126121
MULTI_10a35,propria,todas,roi,seq_ruim,450,-0.13454556562163414,0.14196819783858186,-0.9477162327200401
MULTI_10a35,propria,todas,roi,ACASO,450,-0.14747356834990158,0.13343434299309279,-1.10521448258291
MULTI_10a35,propria,todas,roi,FIXO_RETROSPECTO,450,-0.4166068215615572,0.1987652065717995,-2.0959745860303136
MULTI_10a35,propria,todas,roi,BASE_V6_MOM,450,-0.2866194548041511,0.17410165470500147,-1.6462764543496167
MULTI_10a35,propria,todas,roi,FIXO_TUDO_INI,450,-0.05891884258918879,0.19813273450581906,-0.29737056189197436
MULTI_10a35,propria,todas,roi,FIXO_TUDO_INI_CALR,450,-0.21367477978448826,0.21585361450243595,-0.9899059613943917
MULTI_10a35,propria,todas,roi,FIXO_TUDO_MOM,450,0.04328450717387936,0.19734931485651977,0.2193294018038461
MULTI_10a35,propria,todas,roi,FIXO_V6E_INI,450,-0.3685188694124361,0.19913261289788523,-1.850620368253852
MULTI_10a35,propria,todas,roi,FIXO_V6E_MOM,450,-0.4166068215615572,0.1987652065717995,-2.0959745860303136
MULTI_10a35,propria,todas,roi,FIXO_V6WR_INI,450,-0.26639769920021683,0.18689265846009745,-1.4254048360979044
MULTI_10a35,propria,todas,roi,FIXO_V6WR_MOM,450,-0.29840762756258293,0.17672768293084706,-1.6885166070974225
MULTI_10a35,propria,todas,roi,FIXO_V6_INI,450,-0.26725179919139896,0.18688754753666662,-1.4300139453591214
MULTI_10a35,propria,todas,roi,FIXO_V6_MOM,450,-0.2866194548041511,0.17410165470500147,-1.6462764543496167
MULTI_10a35,propria,todas,roi,FAVORITO,450,0.7165000003951202,0.28367663818905325,2.525763154023337
MULTI_10a35,propria,todas,roi,ZEBRA,450,-0.20894409131941297,0.27806361130061136,-0.7514255113860473
MULTI_10a35,propria,todas,roi,VIG_MERCADO,450,0.43660903408087337,0.15807154559191997,2.762097583381833
MULTI_10a35,propria,todas,sharpe,sortino,450,0.05072440124626275,0.03052693890371103,1.661627502392531
MULTI_10a35,propria,todas,sharpe,ACASO,450,-0.12825827026458128,0.14251316786733906,-0.8999748737883141
MULTI_10a35,propria,todas,sharpe,FIXO_RETROSPECTO,450,-0.3973915234762369,0.20405689540539818,-1.9474545208910603
MULTI_10a35,propria,todas,sharpe,BASE_V6_MOM,450,-0.26740415671883083,0.1767078882716541,-1.5132553466303034
MULTI_10a35,propria,todas,sharpe,FIXO_TUDO_INI,450,-0.03970354450386848,0.20424461448353937,-0.19439212438606698
MULTI_10a35,propria,todas,sharpe,FIXO_TUDO_INI_CALR,450,-0.19445948169916796,0.21464136626384456,-0.9059739279712359
MULTI_10a35,propria,todas,sharpe,FIXO_TUDO_MOM,450,0.06249980525919967,0.2043249450735269,0.3058843609952223
MULTI_10a35,propria,todas,sharpe,FIXO_V6E_INI,450,-0.34930357132711587,0.2046489392688,-1.7068428137236349
MULTI_10a35,propria,todas,sharpe,FIXO_V6E_MOM,450,-0.3973915234762369,0.20405689540539818,-1.9474545208910603
MULTI_10a35,propria,todas,sharpe,FIXO_V6WR_INI,450,-0.24718240111489653,0.1886682213784449,-1.310143273249391
MULTI_10a35,propria,todas,sharpe,FIXO_V6WR_MOM,450,-0.27919232947726264,0.17916614547537774,-1.558287302193657
MULTI_10a35,propria,todas,sharpe,FIXO_V6_INI,450,-0.24803650110607864,0.18884039562627392,-1.3134716239260442
MULTI_10a35,propria,todas,sharpe,FIXO_V6_MOM,450,-0.26740415671883083,0.1767078882716541,-1.5132553466303034
MULTI_10a35,propria,todas,sharpe,FAVORITO,450,0.7357152984804405,0.2920202574942408,2.519398156804071
MULTI_10a35,propria,todas,sharpe,ZEBRA,450,-0.18972879323409267,0.2764797170334363,-0.6862304232290126
MULTI_10a35,propria,todas,sharpe,VIG_MERCADO,450,0.45582433216619356,0.16590131168549027,2.74756315990032
MULTI_10a35,propria,todas,sortino,ACASO,450,-0.17898267151084404,0.14098177286771285,-1.2695447636254973
MULTI_10a35,propria,todas,sortino,FIXO_RETROSPECTO,450,-0.4481159247224997,0.20416840168713807,-2.194834857007795
MULTI_10a35,propria,todas,sortino,BASE_V6_MOM,450,-0.31812855796509354,0.17970602312999565,-1.7702720945249892
MULTI_10a35,propria,todas,sortino,FIXO_TUDO_INI,450,-0.09042794575013122,0.20376884035453957,-0.44377710347074983
MULTI_10a35,propria,todas,sortino,FIXO_TUDO_INI_CALR,450,-0.24518388294543064,0.21879093915403516,-1.1206308812121972
MULTI_10a35,propria,todas,sortino,FIXO_TUDO_MOM,450,0.011775404012936919,0.20290467708360735,0.058034167482915316
MULTI_10a35,propria,todas,sortino,FIXO_V6E_INI,450,-0.4000279725733786,0.20531335403045795,-1.9483777587795628
MULTI_10a35,propria,todas,sortino,FIXO_V6E_MOM,450,-0.4481159247224997,0.20416840168713807,-2.194834857007795
MULTI_10a35,propria,todas,sortino,FIXO_V6WR_INI,450,-0.2979068023611593,0.19178345686181925,-1.553349841721762
MULTI_10a35,propria,todas,sortino,FIXO_V6WR_MOM,450,-0.3299167307235253,0.18195932977128193,-1.8131344577836261
MULTI_10a35,propria,todas,sortino,FIXO_V6_INI,450,-0.29876090235234143,0.1920528560464349,-1.5556181173380021
MULTI_10a35,propria,todas,sortino,FIXO_V6_MOM,450,-0.31812855796509354,0.17970602312999565,-1.7702720945249892
MULTI_10a35,propria,todas,sortino,FAVORITO,450,0.6849908972341777,0.2877270738373834,2.380696707120855
MULTI_10a35,propria,todas,sortino,ZEBRA,450,-0.24045319448035546,0.28007157988194514,-0.8585419291086603
MULTI_10a35,propria,todas,sortino,VIG_MERCADO,450,0.4050999309199308,0.1631635935559527,2.482783825063355
MULTI_10a35,propria,todas,calmar,llskill_todas,450,-0.054426073272058104,0.12831246990180523,-0.42416823020949723
MULTI_10a35,propria,todas,calmar,ll_todas,450,-0.28097882823557624,0.17394287403063322,-1.6153511881498108
MULTI_10a35,propria,todas,calmar,llskill_entradas,450,0.04983247418341917,0.1523086160705154,0.32718092691714745
MULTI_10a35,propria,todas,calmar,ll_entradas,450,-0.17358695916480943,0.15897491843469103,-1.0919141262910679
MULTI_10a35,propria,todas,calmar,ppg,450,-0.0413412514018761,0.12982857708857895,-0.3184295193628283
MULTI_10a35,propria,todas,calmar,lucro,450,-0.2420387519811936,0.1466794281259455,-1.6501206411397262
MULTI_10a35,propria,todas,calmar,roi,450,0.003557095510660316,0.1267396775279598,0.028066155603682922
MULTI_10a35,propria,todas,calmar,sharpe,450,-0.015658202574659982,0.12546885858814324,-0.12479752147948268
MULTI_10a35,propria,todas,calmar,sortino,450,0.035066198671602766,0.13216798189982032,0.26531538249696496
MULTI_10a35,propria,todas,calmar,maxdd,450,-0.04835102413365075,0.15148898324957233,-0.3191718836345629
MULTI_10a35,propria,todas,calmar,seq_ruim,450,-0.13098847011097386,0.12122587630206742,-1.0805322601635006
MULTI_10a35,propria,todas,calmar,ppg_nao_piorando_ou_nada,450,-0.0413412514018761,0.12982857708857895,-0.3184295193628283
MULTI_10a35,propria,todas,calmar,funcao_menor_vol,450,-0.06599820615853552,0.18265016468473308,-0.3613366912230987
MULTI_10a35,propria,todas,calmar,ACASO,450,-0.14391647283924125,0.11792787917211692,-1.2203770122007682
MULTI_10a35,propria,todas,calmar,FIXO_RETROSPECTO,450,-0.4130497260508969,0.1768661216036745,-2.335380695328797
MULTI_10a35,propria,todas,calmar,BASE_V6_MOM,450,-0.2830623592934908,0.1455178260580822,-1.9452074495705347
MULTI_10a35,propria,todas,calmar,FIXO_TUDO_INI,450,-0.05536174707852849,0.18364916205035456,-0.3014538507033804
MULTI_10a35,propria,todas,calmar,FIXO_TUDO_INI_CALR,450,-0.210117684273828,0.20698511620719715,-1.015134267255695
MULTI_10a35,propria,todas,calmar,FIXO_TUDO_MOM,450,0.046841602684539616,0.1829232433061556,0.25607244786350963
MULTI_10a35,propria,todas,calmar,FIXO_V6E_INI,450,-0.3649617739017758,0.17830925944140547,-2.0467909240669946
MULTI_10a35,propria,todas,calmar,FIXO_V6E_MOM,450,-0.4130497260508969,0.1768661216036745,-2.335380695328797
MULTI_10a35,propria,todas,calmar,FIXO_V6WR_INI,450,-0.26284060368955653,0.15895216825499517,-1.653583002830769
MULTI_10a35,propria,todas,calmar,FIXO_V6WR_MOM,450,-0.2948505320519226,0.14777670485771913,-1.9952436504509123
MULTI_10a35,propria,todas,calmar,FIXO_V6_INI,450,-0.2636947036807387,0.1592653206838512,-1.6556944258077657
MULTI_10a35,propria,todas,calmar,FIXO_V6_MOM,450,-0.2830623592934908,0.1455178260580822,-1.9452074495705347
MULTI_10a35,propria,todas,calmar,FAVORITO,450,0.7200570959057806,0.2884958985747643,2.4959006331217437
MULTI_10a35,propria,todas,calmar,ZEBRA,450,-0.2053869958087527,0.26341723179240145,-0.7797022025142901
MULTI_10a35,propria,todas,calmar,VIG_MERCADO,450,0.4401661295915336,0.15843634790057703,2.778189067244528
MULTI_10a35,propria,todas,maxdd,ppg,450,0.007009772731774654,0.19276797734355205,0.03636378214044235
MULTI_10a35,propria,todas,maxdd,roi,450,0.05190811964431107,0.18262002512411551,0.28424111544740144
MULTI_10a35,propria,todas,maxdd,sharpe,450,0.032692821558990774,0.19208428588872856,0.170200396184044
MULTI_10a35,propria,todas,maxdd,sortino,450,0.08341722280525352,0.18909149705841605,0.4411474027279155
MULTI_10a35,propria,todas,maxdd,seq_ruim,450,-0.08263744597732309,0.14123127694525728,-0.5851214246923097
MULTI_10a35,propria,todas,maxdd,ppg_nao_piorando_ou_nada,450,0.007009772731774654,0.19276797734355205,0.03636378214044235
MULTI_10a35,propria,todas,maxdd,ACASO,450,-0.09556544870559051,0.10559483024850168,-0.9050201461633253
MULTI_10a35,propria,todas,maxdd,FIXO_RETROSPECTO,450,-0.3646987019172462,0.18999522140826758,-1.9195151289282713
MULTI_10a35,propria,todas,maxdd,BASE_V6_MOM,450,-0.23471133515984005,0.1416500848429362,-1.6569798417000003
MULTI_10a35,propria,todas,maxdd,FIXO_TUDO_INI,450,-0.007010722944877714,0.14559043731457924,-0.048153732306810436
MULTI_10a35,propria,todas,maxdd,FIXO_TUDO_INI_CALR,450,-0.16176666014017718,0.24331843534917402,-0.6648351979907893
MULTI_10a35,propria,todas,maxdd,FIXO_TUDO_MOM,450,0.09519262681819043,0.15944786640371456,0.5970141148026851
MULTI_10a35,propria,todas,maxdd,FIXO_V6E_INI,450,-0.31661074976812514,0.19667922510734587,-1.6097823732797485
MULTI_10a35,propria,todas,maxdd,FIXO_V6E_MOM,450,-0.3646987019172462,0.18999522140826758,-1.9195151289282713
MULTI_10a35,propria,todas,maxdd,FIXO_V6WR_INI,450,-0.21448957955590578,0.13517796198635265,-1.5867200274669055
MULTI_10a35,propria,todas,maxdd,FIXO_V6WR_MOM,450,-0.24649950791827185,0.14554115975435664,-1.693675578333387
MULTI_10a35,propria,todas,maxdd,FIXO_V6_INI,450,-0.21534367954708794,0.13460889936640202,-1.599772976086283
MULTI_10a35,propria,todas,maxdd,FIXO_V6_MOM,450,-0.23471133515984005,0.1416500848429362,-1.6569798417000003
MULTI_10a35,propria,todas,maxdd,FAVORITO,450,0.7684081200394313,0.2637241997011319,2.9136807350642733
MULTI_10a35,propria,todas,maxdd,ZEBRA,450,-0.15703597167510197,0.2989969901171281,-0.5252092056631915
MULTI_10a35,propria,todas,maxdd,VIG_MERCADO,450,0.48851715372518445,0.151865909843389,3.216766384430617
MULTI_10a35,propria,todas,seq_ruim,sharpe,450,0.11533026753631385,0.15262422026615177,0.755648529015884
MULTI_10a35,propria,todas,seq_ruim,sortino,450,0.16605466878257658,0.14903990430277678,1.1141624758778297
MULTI_10a35,propria,todas,seq_ruim,ACASO,450,-0.012928002728267423,0.08328053477050223,-0.15523438656936303
MULTI_10a35,propria,todas,seq_ruim,FIXO_RETROSPECTO,450,-0.2820612559399231,0.14669701638800559,-1.922747052972683
MULTI_10a35,propria,todas,seq_ruim,BASE_V6_MOM,450,-0.15207388918251696,0.12557533704488036,-1.2110171691449738
MULTI_10a35,propria,todas,seq_ruim,FIXO_TUDO_INI,450,0.07562672303244537,0.14766434932530545,0.5121528884797999
MULTI_10a35,propria,todas,seq_ruim,FIXO_TUDO_INI_CALR,450,-0.0791292141628541,0.19182215572056946,-0.4125134235177867
MULTI_10a35,propria,todas,seq_ruim,FIXO_TUDO_MOM,450,0.17783007279551347,0.1544741346772585,1.1511964327688406
MULTI_10a35,propria,todas,seq_ruim,FIXO_V6E_INI,450,-0.23397330379080206,0.14860406482344085,-1.5744744537694169
MULTI_10a35,propria,todas,seq_ruim,FIXO_V6E_MOM,450,-0.2820612559399231,0.14669701638800559,-1.922747052972683
MULTI_10a35,propria,todas,seq_ruim,FIXO_V6WR_INI,450,-0.13185213357858266,0.12979025486157544,-1.0158862367533392
MULTI_10a35,propria,todas,seq_ruim,FIXO_V6WR_MOM,450,-0.16386206194094877,0.12829716222493825,-1.2772072203253881
MULTI_10a35,propria,todas,seq_ruim,FIXO_V6_INI,450,-0.13270623356976477,0.12886112364126448,-1.029839177401593
MULTI_10a35,propria,todas,seq_ruim,FIXO_V6_MOM,450,-0.15207388918251696,0.12557533704488036,-1.2110171691449738
MULTI_10a35,propria,todas,seq_ruim,FAVORITO,450,0.8510455660167545,0.28975833072124757,2.9370874821731174
MULTI_10a35,propria,todas,seq_ruim,ZEBRA,450,-0.07439852569777884,0.24735718087347203,-0.3007736643628516
MULTI_10a35,propria,todas,seq_ruim,VIG_MERCADO,450,0.5711545997025076,0.15107475879164592,3.7806090459506403
MULTI_10a35,propria,todas,brier_com_roi>=0,bsskill_todas,450,0.1457865872686675,0.18528245162123874,0.7868342953853495
MULTI_10a35,propria,todas,brier_com_roi>=0,llskill_todas,450,0.0620852491126385,0.1929413875619115,0.321782951274342
MULTI_10a35,propria,todas,brier_com_roi>=0,brier_todas,450,-0.1295616978367043,0.10780706929936008,-1.2017922264163927
MULTI_10a35,propria,todas,brier_com_roi>=0,ll_todas,450,-0.16446750585087969,0.11336219498482286,-1.4508144083916061
MULTI_10a35,propria,todas,brier_com_roi>=0,bsskill_entradas,450,0.13296729946306013,0.17954014745476865,0.7405992550861552
MULTI_10a35,propria,todas,brier_com_roi>=0,llskill_entradas,450,0.16634379656811574,0.177672911059424,0.9362361182481038
MULTI_10a35,propria,todas,brier_com_roi>=0,brier_entradas,450,-0.05158787102375102,0.17167423096556064,-0.3004986289066296
MULTI_10a35,propria,todas,brier_com_roi>=0,ll_entradas,450,-0.05707563678011285,0.1541772485229932,-0.37019493684634597
MULTI_10a35,propria,todas,brier_com_roi>=0,ppg,450,0.07517007098282052,0.19654102691647668,0.3824650362428669
MULTI_10a35,propria,todas,brier_com_roi>=0,lucro,450,-0.12552742959649701,0.15363309976890963,-0.8170597988669868
MULTI_10a35,propria,todas,brier_com_roi>=0,roi,450,0.12006841789535691,0.18367219347665995,0.6537103718457772
MULTI_10a35,propria,todas,brier_com_roi>=0,sharpe,450,0.1008531198100366,0.18963860157415982,0.5318174621246461
MULTI_10a35,propria,todas,brier_com_roi>=0,sortino,450,0.15157752105629937,0.1912087114721495,0.792733343001359
MULTI_10a35,propria,todas,brier_com_roi>=0,calmar,450,0.11651132238469658,0.1683085760161949,0.6922482807619126
MULTI_10a35,propria,todas,brier_com_roi>=0,maxdd,450,0.06816029825104584,0.19069188104813137,0.35743681312704617
MULTI_10a35,propria,todas,brier_com_roi>=0,seq_ruim,450,-0.014477147726277216,0.12630751697845133,-0.11461825925013701
MULTI_10a35,propria,todas,brier_com_roi>=0,bsskill_t_ppg>=1_relaxar,450,0.12046541180827934,0.18580886635342153,0.648329728136577
MULTI_10a35,propria,todas,brier_com_roi>=0,ppg_nao_piorando_ou_nada,450,0.07517007098282052,0.19654102691647668,0.3824650362428669
MULTI_10a35,propria,todas,brier_com_roi>=0,funcao_menor_vol,450,0.050513116226161114,0.1707964867037829,0.295750323680647
MULTI_10a35,propria,todas,brier_com_roi>=0,ACASO,450,-0.027405150454544676,0.1167650208128217,-0.23470342628102697
MULTI_10a35,propria,todas,brier_com_roi>=0,FIXO_RETROSPECTO,450,-0.29653840366620027,0.16542381174124388,-1.7925980579509677
MULTI_10a35,propria,todas,brier_com_roi>=0,BASE_V6_MOM,450,-0.16655103690879416,0.1513966325622224,-1.1000973673594983
MULTI_10a35,propria,todas,brier_com_roi>=0,FIXO_TUDO_INI,450,0.06114957530616812,0.1805448093279976,0.33869472921305127
MULTI_10a35,propria,todas,brier_com_roi>=0,FIXO_TUDO_INI_CALR,450,-0.09360636188913134,0.23092243973427065,-0.40535844847667024
MULTI_10a35,propria,todas,brier_com_roi>=0,FIXO_TUDO_MOM,450,0.16335292506923627,0.18928967196193436,0.8629785417034591
MULTI_10a35,propria,todas,brier_com_roi>=0,FIXO_V6E_INI,450,-0.24845045151707937,0.16285250892021033,-1.5256163577977653
MULTI_10a35,propria,todas,brier_com_roi>=0,FIXO_V6E_MOM,450,-0.29653840366620027,0.16542381174124388,-1.7925980579509677
MULTI_10a35,propria,todas,brier_com_roi>=0,FIXO_V6WR_INI,450,-0.14632928130485992,0.16052980323283536,-0.9115396540580147
MULTI_10a35,propria,todas,brier_com_roi>=0,FIXO_V6WR_MOM,450,-0.17833920966722597,0.15428213573446622,-1.1559290958621689
MULTI_10a35,propria,todas,brier_com_roi>=0,FIXO_V6_INI,450,-0.14718338129604205,0.1582437382154842,-0.9301055634543908
MULTI_10a35,propria,todas,brier_com_roi>=0,FIXO_V6_MOM,450,-0.16655103690879416,0.1513966325622224,-1.1000973673594983
MULTI_10a35,propria,todas,brier_com_roi>=0,FAVORITO,450,0.8365684182904771,0.2871335778901693,2.913516504887738
MULTI_10a35,propria,todas,brier_com_roi>=0,ZEBRA,450,-0.0888756734240561,0.27703832152827756,-0.32080642466275006
MULTI_10a35,propria,todas,brier_com_roi>=0,VIG_MERCADO,450,0.5566774519762302,0.16132896830615642,3.4505734327874396
MULTI_10a35,propria,todas,bsskill_t_ppg>=1_relaxar,bsskill_todas,450,0.025321175460388163,0.02003572545145541,1.2638012794564828
MULTI_10a35,propria,todas,bsskill_t_ppg>=1_relaxar,llskill_todas,450,-0.05838016269564087,0.10859620645927527,-0.5375893375937957
MULTI_10a35,propria,todas,bsskill_t_ppg>=1_relaxar,ll_todas,450,-0.284932917659159,0.1957532545062643,-1.4555718032776863
MULTI_10a35,propria,todas,bsskill_t_ppg>=1_relaxar,llskill_entradas,450,0.04587838475983639,0.16956226909975852,0.27056953768909975
MULTI_10a35,propria,todas,bsskill_t_ppg>=1_relaxar,ll_entradas,450,-0.17754104858839223,0.18211908816794262,-0.9748623846868335
MULTI_10a35,propria,todas,bsskill_t_ppg>=1_relaxar,ppg,450,-0.04529534082545884,0.11806730655876925,-0.38363999438669844
MULTI_10a35,propria,todas,bsskill_t_ppg>=1_relaxar,lucro,450,-0.24599284140477637,0.18427892469983745,-1.3348940569599133
MULTI_10a35,propria,todas,bsskill_t_ppg>=1_relaxar,roi,450,-0.0003969939129224542,0.13570867533416814,-0.0029253392382240784
MULTI_10a35,propria,todas,bsskill_t_ppg>=1_relaxar,sharpe,450,-0.01961229199824277,0.13401587102814508,-0.14634305510071963
MULTI_10a35,propria,todas,bsskill_t_ppg>=1_relaxar,sortino,450,0.03111210924802,0.1356777338008706,0.22930888051006323
MULTI_10a35,propria,todas,bsskill_t_ppg>=1_relaxar,calmar,450,-0.003954089423582745,0.12048518427520054,-0.03281805516063451
MULTI_10a35,propria,todas,bsskill_t_ppg>=1_relaxar,maxdd,450,-0.05230511355723353,0.2089674320066514,-0.2503027053305065
MULTI_10a35,propria,todas,bsskill_t_ppg>=1_relaxar,seq_ruim,450,-0.13494255953455658,0.15348623486939847,-0.8791834632557068
MULTI_10a35,propria,todas,bsskill_t_ppg>=1_relaxar,ppg_nao_piorando_ou_nada,450,-0.04529534082545884,0.11806730655876925,-0.38363999438669844
MULTI_10a35,propria,todas,bsskill_t_ppg>=1_relaxar,funcao_menor_vol,450,-0.06995229558211823,0.219225251817916,-0.319088677066359
MULTI_10a35,propria,todas,bsskill_t_ppg>=1_relaxar,ACASO,450,-0.14787056226282402,0.1595868450329534,-0.9265836556408515
MULTI_10a35,propria,todas,bsskill_t_ppg>=1_relaxar,FIXO_RETROSPECTO,450,-0.4170038154744797,0.21116704746587986,-1.974757995997736
MULTI_10a35,propria,todas,bsskill_t_ppg>=1_relaxar,BASE_V6_MOM,450,-0.28701644871707355,0.19335914130361032,-1.4843696904218435
MULTI_10a35,propria,todas,bsskill_t_ppg>=1_relaxar,FIXO_TUDO_INI,450,-0.05931583650211121,0.22397995678975544,-0.2648265378396762
MULTI_10a35,propria,todas,bsskill_t_ppg>=1_relaxar,FIXO_TUDO_INI_CALR,450,-0.21407177369741065,0.20551760088122925,-1.0416225801561636
MULTI_10a35,propria,todas,bsskill_t_ppg>=1_relaxar,FIXO_TUDO_MOM,450,0.04288751326095694,0.2215732861672988,0.19355904316269762
MULTI_10a35,propria,todas,bsskill_t_ppg>=1_relaxar,FIXO_V6E_INI,450,-0.3689158633253587,0.21268223977925865,-1.734587070872743
MULTI_10a35,propria,todas,bsskill_t_ppg>=1_relaxar,FIXO_V6E_MOM,450,-0.4170038154744797,0.21116704746587986,-1.974757995997736
MULTI_10a35,propria,todas,bsskill_t_ppg>=1_relaxar,FIXO_V6WR_INI,450,-0.2667946931131393,0.204271045011471,-1.306081794892454
MULTI_10a35,propria,todas,bsskill_t_ppg>=1_relaxar,FIXO_V6WR_MOM,450,-0.29880462147550535,0.19491261806467208,-1.5330183568534381
MULTI_10a35,propria,todas,bsskill_t_ppg>=1_relaxar,FIXO_V6_INI,450,-0.26764879310432144,0.20471938725152347,-1.3073934847972228
MULTI_10a35,propria,todas,bsskill_t_ppg>=1_relaxar,FIXO_V6_MOM,450,-0.28701644871707355,0.19335914130361032,-1.4843696904218435
MULTI_10a35,propria,todas,bsskill_t_ppg>=1_relaxar,FAVORITO,450,0.716103006482198,0.31200893615237796,2.2951362076773014
MULTI_10a35,propria,todas,bsskill_t_ppg>=1_relaxar,ZEBRA,450,-0.20934108523233544,0.26058492870198424,-0.8033507013436936
MULTI_10a35,propria,todas,bsskill_t_ppg>=1_relaxar,VIG_MERCADO,450,0.4362120401679509,0.17975125210996679,2.426753833687281
MULTI_10a35,propria,todas,ppg_nao_piorando_ou_nada,roi,450,0.04489834691253639,0.11395487742790775,0.3940010987326174
MULTI_10a35,propria,todas,ppg_nao_piorando_ou_nada,sharpe,450,0.025683048827216084,0.1208579864383003,0.21250601291729812
MULTI_10a35,propria,todas,ppg_nao_piorando_ou_nada,sortino,450,0.07640745007347884,0.12023531818035786,0.6354825789113359
MULTI_10a35,propria,todas,ppg_nao_piorando_ou_nada,seq_ruim,450,-0.08964721870909777,0.1578086394066769,-0.5680754808238008
MULTI_10a35,propria,todas,ppg_nao_piorando_ou_nada,ACASO,450,-0.10257522143736521,0.14971830599041555,-0.6851214402862114
MULTI_10a35,propria,todas,ppg_nao_piorando_ou_nada,FIXO_RETROSPECTO,450,-0.3717084746490208,0.18699862204178042,-1.9877605010692074
MULTI_10a35,propria,todas,ppg_nao_piorando_ou_nada,BASE_V6_MOM,450,-0.2417211078916147,0.17629509574880156,-1.3711164616628757
MULTI_10a35,propria,todas,ppg_nao_piorando_ou_nada,FIXO_TUDO_INI,450,-0.014020495676652396,0.2187016128071394,-0.0641078750937986
MULTI_10a35,propria,todas,ppg_nao_piorando_ou_nada,FIXO_TUDO_INI_CALR,450,-0.16877643287195188,0.20857716913547333,-0.8091798041535869
MULTI_10a35,propria,todas,ppg_nao_piorando_ou_nada,FIXO_TUDO_MOM,450,0.08818285408641573,0.2186485316264731,0.4033086956058885
MULTI_10a35,propria,todas,ppg_nao_piorando_ou_nada,FIXO_V6E_INI,450,-0.3236205224998998,0.18635955330308174,-1.7365384106367048
MULTI_10a35,propria,todas,ppg_nao_piorando_ou_nada,FIXO_V6E_MOM,450,-0.3717084746490208,0.18699862204178042,-1.9877605010692074
MULTI_10a35,propria,todas,ppg_nao_piorando_ou_nada,FIXO_V6WR_INI,450,-0.22149935228768047,0.19011497774170122,-1.1650810205423134
MULTI_10a35,propria,todas,ppg_nao_piorando_ou_nada,FIXO_V6WR_MOM,450,-0.25350928065004646,0.17825425332518324,-1.422178017752979
MULTI_10a35,propria,todas,ppg_nao_piorando_ou_nada,FIXO_V6_INI,450,-0.2223534522788626,0.1895587243188362,-1.1730056375820823
MULTI_10a35,propria,todas,ppg_nao_piorando_ou_nada,FIXO_V6_MOM,450,-0.2417211078916147,0.17629509574880156,-1.3711164616628757
MULTI_10a35,propria,todas,ppg_nao_piorando_ou_nada,FAVORITO,450,0.7613983473076567,0.3218027120876706,2.3660408029756583
MULTI_10a35,propria,todas,ppg_nao_piorando_ou_nada,ZEBRA,450,-0.16404574440687658,0.2491900087407118,-0.6583158981208197
MULTI_10a35,propria,todas,ppg_nao_piorando_ou_nada,VIG_MERCADO,450,0.4815073809934096,0.1924586109384422,2.5018749675348095
MULTI_10a35,propria,todas,funcao_menor_vol,llskill_todas,450,0.01157213288647739,0.2094932213138992,0.055238698483413014
MULTI_10a35,propria,todas,funcao_menor_vol,ll_todas,450,-0.21498062207704074,0.17582402563651928,-1.222703332486937
MULTI_10a35,propria,todas,funcao_menor_vol,llskill_entradas,450,0.11583068034195465,0.19065478685117074,0.607541422143125
MULTI_10a35,propria,todas,funcao_menor_vol,ll_entradas,450,-0.10758875300627394,0.10973954255990667,-0.9804009611899136
MULTI_10a35,propria,todas,funcao_menor_vol,ppg,450,0.024656954756659404,0.20576881231508246,0.11982843502495201
MULTI_10a35,propria,todas,funcao_menor_vol,lucro,450,-0.17604054582265813,0.16215249277900204,-1.0856481007824168
MULTI_10a35,propria,todas,funcao_menor_vol,roi,450,0.06955530166919578,0.19902625032378654,0.34947802893356783
MULTI_10a35,propria,todas,funcao_menor_vol,sharpe,450,0.050340003583875456,0.20523921442538684,0.24527478203818687
MULTI_10a35,propria,todas,funcao_menor_vol,sortino,450,0.10106440483013822,0.20828128681942962,0.485230365019573
MULTI_10a35,propria,todas,funcao_menor_vol,maxdd,450,0.017647182024884713,0.14232666231639138,0.12399069673716598
MULTI_10a35,propria,todas,funcao_menor_vol,seq_ruim,450,-0.06499026395243833,0.16486380839790538,-0.3942057664686584
MULTI_10a35,propria,todas,funcao_menor_vol,ppg_nao_piorando_ou_nada,450,0.024656954756659404,0.20576881231508246,0.11982843502495201
MULTI_10a35,propria,todas,funcao_menor_vol,ACASO,450,-0.07791826668070574,0.11763020371715963,-0.6624001678009438
MULTI_10a35,propria,todas,funcao_menor_vol,FIXO_RETROSPECTO,450,-0.34705151989236144,0.1957022388962415,-1.7733650971482402
MULTI_10a35,propria,todas,funcao_menor_vol,BASE_V6_MOM,450,-0.21706415313495525,0.16197207683015524,-1.3401331722292469
MULTI_10a35,propria,todas,funcao_menor_vol,FIXO_TUDO_INI,450,0.010636459080007004,0.16570631798932886,0.06418861519023052
MULTI_10a35,propria,todas,funcao_menor_vol,FIXO_TUDO_INI_CALR,450,-0.1441194781152925,0.24915171628448154,-0.5784406395609043
MULTI_10a35,propria,todas,funcao_menor_vol,FIXO_TUDO_MOM,450,0.11283980884307512,0.19808292969776956,0.5696594300944738
MULTI_10a35,propria,todas,funcao_menor_vol,FIXO_V6E_INI,450,-0.2989635677432405,0.19873226541710245,-1.5043534431400507
MULTI_10a35,propria,todas,funcao_menor_vol,FIXO_V6E_MOM,450,-0.34705151989236144,0.1957022388962415,-1.7733650971482402
MULTI_10a35,propria,todas,funcao_menor_vol,FIXO_V6WR_INI,450,-0.196842397531021,0.1580355080692682,-1.2455580390499548
MULTI_10a35,propria,todas,funcao_menor_vol,FIXO_V6WR_MOM,450,-0.22885232589338708,0.16573950572300372,-1.3807952720449295
MULTI_10a35,propria,todas,funcao_menor_vol,FIXO_V6_INI,450,-0.19769649752220314,0.15574359459988835,-1.2693716106276698
MULTI_10a35,propria,todas,funcao_menor_vol,FIXO_V6_MOM,450,-0.21706415313495525,0.16197207683015524,-1.3401331722292469
MULTI_10a35,propria,todas,funcao_menor_vol,FAVORITO,450,0.7860553020643162,0.2517183260628928,3.122757545542859
MULTI_10a35,propria,todas,funcao_menor_vol,ZEBRA,450,-0.1393887896502172,0.31124784269441175,-0.4478385727706759
MULTI_10a35,propria,todas,funcao_menor_vol,VIG_MERCADO,450,0.5061643357500691,0.15227850699201467,3.323938129867611
MULTI_10a35,propria,so_INI,bsskill_todas,llskill_todas,450,-0.06315348181917213,0.11781813142488223,-0.5360251521170758
MULTI_10a35,propria,so_INI,bsskill_todas,ll_todas,450,-0.26949758694960807,0.192564682019618,-1.3995172122069215
MULTI_10a35,propria,so_INI,bsskill_todas,llskill_entradas,450,0.02610311621796136,0.1665482304482656,0.15673007241028414
MULTI_10a35,propria,so_INI,bsskill_todas,ll_entradas,450,-0.20070938799994492,0.18429729392196695,-1.0890522792208062
MULTI_10a35,propria,so_INI,bsskill_todas,ppg,450,-0.1328331903522505,0.1364761804780884,-0.9733067696276655
MULTI_10a35,propria,so_INI,bsskill_todas,lucro,450,-0.3205993635317824,0.1940895378166482,-1.651811669697751
MULTI_10a35,propria,so_INI,bsskill_todas,roi,450,-0.037404549286286545,0.1474541522999344,-0.25366901306517625
MULTI_10a35,propria,so_INI,bsskill_todas,sharpe,450,-0.0787974003025017,0.14444920252121882,-0.5455024944905928
MULTI_10a35,propria,so_INI,bsskill_todas,sortino,450,-0.029255149084877557,0.14895671859295764,-0.19640033266858417
MULTI_10a35,propria,so_INI,bsskill_todas,calmar,450,-0.030164883602185194,0.11851434368787506,-0.2545251710765817
MULTI_10a35,propria,so_INI,bsskill_todas,maxdd,450,-0.10452155252409957,0.20935973793169593,-0.49924380664920376
MULTI_10a35,propria,so_INI,bsskill_todas,seq_ruim,450,-0.15969003078907898,0.15266268302402805,-1.046031863359462
MULTI_10a35,propria,so_INI,bsskill_todas,ppg_nao_piorando_ou_nada,450,-0.1328331903522505,0.1364761804780884,-0.9733067696276655
MULTI_10a35,propria,so_INI,bsskill_todas,funcao_menor_vol,450,-0.09622771783761526,0.2197148297351611,-0.43796642199165986
MULTI_10a35,propria,so_INI,bsskill_todas,ACASO,450,-0.18966665152942502,0.15828576309278833,-1.1982546492083497
MULTI_10a35,propria,so_INI,bsskill_todas,FIXO_RETROSPECTO,450,-0.4068322053037892,0.20922513280667296,-1.9444710099895506
MULTI_10a35,propria,so_INI,bsskill_todas,BASE_V6_MOM,450,-0.3249327906955042,0.19432346370517634,-1.6721232963842478
MULTI_10a35,propria,so_INI,bsskill_todas,FIXO_TUDO_INI,450,-0.09723217848054179,0.2225106166315525,-0.4369777044910407
MULTI_10a35,propria,so_INI,bsskill_todas,FIXO_TUDO_INI_CALR,450,-0.25198811567584123,0.20245195229504515,-1.2446810851623902
MULTI_10a35,propria,so_INI,bsskill_todas,FIXO_V6E_INI,450,-0.4068322053037892,0.20922513280667296,-1.9444710099895506
MULTI_10a35,propria,so_INI,bsskill_todas,FIXO_V6WR_INI,450,-0.3047110350915698,0.20540224017139627,-1.4834844782476866
MULTI_10a35,propria,so_INI,bsskill_todas,FIXO_V6_INI,450,-0.305565135082752,0.20574075308544337,-1.4851949868962127
MULTI_10a35,propria,so_INI,bsskill_todas,FAVORITO,450,0.6781866645037673,0.30901909358044394,2.1946432391797224
MULTI_10a35,propria,so_INI,bsskill_todas,ZEBRA,450,-0.24725742721076602,0.26413639806340283,-0.9360975201585613
MULTI_10a35,propria,so_INI,bsskill_todas,VIG_MERCADO,450,0.3982956981895203,0.17842256377584287,2.2323168648664304
MULTI_10a35,propria,so_INI,llskill_todas,ppg,450,-0.0696797085330784,0.17526884710757273,-0.39755900539650313
MULTI_10a35,propria,so_INI,llskill_todas,lucro,450,-0.25744588171261024,0.1770259390131236,-1.4542833843887975
MULTI_10a35,propria,so_INI,llskill_todas,roi,450,0.02574893253288559,0.16547168629890266,0.15560929551641575
MULTI_10a35,propria,so_INI,llskill_todas,sharpe,450,-0.015643918483329567,0.1641238055790375,-0.09531779029944494
MULTI_10a35,propria,so_INI,llskill_todas,sortino,450,0.03389833273429457,0.16410766782830633,0.20656154086450051
MULTI_10a35,propria,so_INI,llskill_todas,maxdd,450,-0.04136807070492741,0.1672880403631283,-0.247286480343309
MULTI_10a35,propria,so_INI,llskill_todas,seq_ruim,450,-0.09653654896990682,0.13949253838281211,-0.6920552890433442
MULTI_10a35,propria,so_INI,llskill_todas,ppg_nao_piorando_ou_nada,450,-0.0696797085330784,0.17526884710757273,-0.39755900539650313
MULTI_10a35,propria,so_INI,llskill_todas,ACASO,450,-0.12651316971025295,0.14058975463604273,-0.8998747457648596
MULTI_10a35,propria,so_INI,llskill_todas,FIXO_RETROSPECTO,450,-0.343678723484617,0.19391653448267906,-1.7723023176000234
MULTI_10a35,propria,so_INI,llskill_todas,BASE_V6_MOM,450,-0.26177930887633194,0.17528722651799025,-1.493430605734781
MULTI_10a35,propria,so_INI,llskill_todas,FIXO_TUDO_INI,450,-0.034078696661369666,0.17671637896100947,-0.19284401854391073
MULTI_10a35,propria,so_INI,llskill_todas,FIXO_TUDO_INI_CALR,450,-0.1888346338566691,0.18343894572445318,-1.0294140816766406
MULTI_10a35,propria,so_INI,llskill_todas,FIXO_V6E_INI,450,-0.343678723484617,0.19391653448267906,-1.7723023176000234
MULTI_10a35,propria,so_INI,llskill_todas,FIXO_V6WR_INI,450,-0.24155755327239775,0.17394095652724648,-1.3887330396194508
MULTI_10a35,propria,so_INI,llskill_todas,FIXO_V6_INI,450,-0.24241165326357986,0.17486231795163265,-1.386300125168371
MULTI_10a35,propria,so_INI,llskill_todas,FAVORITO,450,0.7413401463229394,0.31404079646968014,2.360649172517667
MULTI_10a35,propria,so_INI,llskill_todas,ZEBRA,450,-0.18410394539159392,0.2510785889741471,-0.7332522703102757
MULTI_10a35,propria,so_INI,llskill_todas,VIG_MERCADO,450,0.46144918000869234,0.1780976139109372,2.5909902433586405
MULTI_10a35,propria,so_INI,brier_todas,bsskill_todas,450,0.24899647607487843,0.1891476491045132,1.3164132742527286
MULTI_10a35,propria,so_INI,brier_todas,llskill_todas,450,0.1858429942557063,0.16527884320606612,1.1244209521965327
MULTI_10a35,propria,so_INI,brier_todas,ll_todas,450,-0.020501110874729597,0.039948743689890265,-0.5131853715819795
MULTI_10a35,propria,so_INI,brier_todas,bsskill_entradas,450,0.2217988710468582,0.1748832304388498,1.268268378221736
MULTI_10a35,propria,so_INI,brier_todas,llskill_entradas,450,0.27509959229283987,0.16789665764554554,1.638505472060173
MULTI_10a35,propria,so_INI,brier_todas,ll_entradas,450,0.04828708807493351,0.13358606074653706,0.3614680139910125
MULTI_10a35,propria,so_INI,brier_todas,ppg,450,0.11616328572262795,0.1817763764732349,0.6390450067076348
MULTI_10a35,propria,so_INI,brier_todas,lucro,450,-0.07160288745690396,0.13389794446396588,-0.5347571819982155
MULTI_10a35,propria,so_INI,brier_todas,roi,450,0.2115919267885919,0.17177445267942465,1.2318009080400152
MULTI_10a35,propria,so_INI,brier_todas,sharpe,450,0.17019907577237675,0.17633589345731482,0.9651981365528194
MULTI_10a35,propria,so_INI,brier_todas,sortino,450,0.2197413269900009,0.17169434541432482,1.2798402094124377
MULTI_10a35,propria,so_INI,brier_todas,calmar,450,0.21883159247269324,0.16850423287969368,1.2986711890432543
MULTI_10a35,propria,so_INI,brier_todas,maxdd,450,0.14447492355077893,0.1771243240870477,0.8156695829070703
MULTI_10a35,propria,so_INI,brier_todas,seq_ruim,450,0.08930644528579952,0.1271449257255036,0.70239881596695
MULTI_10a35,propria,so_INI,brier_todas,bsskill_t_ppg>=1_relaxar,450,0.24413275364824905,0.18923480939615944,1.2901048936359367
MULTI_10a35,propria,so_INI,brier_todas,ppg_nao_piorando_ou_nada,450,0.11616328572262795,0.1817763764732349,0.6390450067076348
MULTI_10a35,propria,so_INI,brier_todas,funcao_menor_vol,450,0.15276875823726319,0.1706763951009221,0.8950784210489681
MULTI_10a35,propria,so_INI,brier_todas,ACASO,450,0.05932982454545343,0.12115505992981318,0.4897015822519012
MULTI_10a35,propria,so_INI,brier_todas,FIXO_RETROSPECTO,450,-0.1578357292289108,0.14510991456720312,-1.0876977613808332
MULTI_10a35,propria,so_INI,brier_todas,BASE_V6_MOM,450,-0.07593631462062565,0.14812486124849372,-0.5126507054965956
MULTI_10a35,propria,so_INI,brier_todas,FIXO_TUDO_INI,450,0.15176429759433668,0.16967469707345198,0.894442720169632
MULTI_10a35,propria,so_INI,brier_todas,FIXO_TUDO_INI_CALR,450,-0.002991639600962779,0.20009606397501387,-0.014951016734323905
MULTI_10a35,propria,so_INI,brier_todas,FIXO_V6E_INI,450,-0.1578357292289108,0.14510991456720312,-1.0876977613808332
MULTI_10a35,propria,so_INI,brier_todas,FIXO_V6WR_INI,450,-0.05571455901669141,0.1492242065599105,-0.3733614022891329
MULTI_10a35,propria,so_INI,brier_todas,FIXO_V6_INI,450,-0.056568659007873535,0.14574870310171129,-0.3881246131459357
MULTI_10a35,propria,so_INI,brier_todas,FAVORITO,450,0.9271831405786456,0.3081239427938,3.0091239654139015
MULTI_10a35,propria,so_INI,brier_todas,ZEBRA,450,0.001739048864112473,0.2502842654986733,0.006948294814488414
MULTI_10a35,propria,so_INI,brier_todas,VIG_MERCADO,450,0.6472921742643987,0.17605110842831448,3.676728763840569
MULTI_10a35,propria,so_INI,ll_todas,llskill_todas,450,0.2063441051304359,0.16971943077109863,1.2157954112439437
MULTI_10a35,propria,so_INI,ll_todas,llskill_entradas,450,0.2956007031675694,0.17182208118624964,1.7203883291760838
MULTI_10a35,propria,so_INI,ll_todas,ppg,450,0.13666439659735755,0.18579420640077268,0.735568666240118
MULTI_10a35,propria,so_INI,ll_todas,lucro,450,-0.051101776582174366,0.13994081387318752,-0.36516706718943415
MULTI_10a35,propria,so_INI,ll_todas,roi,450,0.2320930376633215,0.17577987027725384,1.3203618667896735
MULTI_10a35,propria,so_INI,ll_todas,sharpe,450,0.19070018664710636,0.18034731877797305,1.057405166538011
MULTI_10a35,propria,so_INI,ll_todas,sortino,450,0.24024243786473048,0.17567990114516346,1.3675009850228643
MULTI_10a35,propria,so_INI,ll_todas,maxdd,450,0.1649760344255085,0.17693406123184724,0.9324153488419089
MULTI_10a35,propria,so_INI,ll_todas,seq_ruim,450,0.10980755616052909,0.13112223735037953,0.8374441923768109
MULTI_10a35,propria,so_INI,ll_todas,ppg_nao_piorando_ou_nada,450,0.13666439659735755,0.18579420640077268,0.735568666240118
MULTI_10a35,propria,so_INI,ll_todas,ACASO,450,0.07983093542018303,0.11893553633653543,0.6712117999308169
MULTI_10a35,propria,so_INI,ll_todas,FIXO_RETROSPECTO,450,-0.13733461835418118,0.13664607652466926,-1.0050388701016792
MULTI_10a35,propria,so_INI,ll_todas,BASE_V6_MOM,450,-0.05543520374589608,0.1391881456950512,-0.3982753234413343
MULTI_10a35,propria,so_INI,ll_todas,FIXO_TUDO_INI,450,0.17226540846906632,0.17002373091399847,1.0131844980875153
MULTI_10a35,propria,so_INI,ll_todas,FIXO_TUDO_INI_CALR,450,0.017509471273766813,0.2007434063697182,0.0872231451603388
MULTI_10a35,propria,so_INI,ll_todas,FIXO_V6E_INI,450,-0.13733461835418118,0.13664607652466926,-1.0050388701016792
MULTI_10a35,propria,so_INI,ll_todas,FIXO_V6WR_INI,450,-0.03521344814196177,0.1372880213772826,-0.25649323071815083
MULTI_10a35,propria,so_INI,ll_todas,FIXO_V6_INI,450,-0.03606754813314396,0.13372227843636955,-0.26971981449079446
MULTI_10a35,propria,so_INI,ll_todas,FAVORITO,450,0.947684251453375,0.3073567355092046,3.0833365336319236
MULTI_10a35,propria,so_INI,ll_todas,ZEBRA,450,0.02224015973884207,0.24860236509628944,0.08946077295052259
MULTI_10a35,propria,so_INI,ll_todas,VIG_MERCADO,450,0.6677932851391285,0.17550661569433784,3.804946511544366
MULTI_10a35,propria,so_INI,bsskill_entradas,bsskill_todas,450,0.027197605028020242,0.16894535680047956,0.1609846256984734
MULTI_10a35,propria,so_INI,bsskill_entradas,llskill_todas,450,-0.03595587679115187,0.19036298343789104,-0.18888061188052901
MULTI_10a35,propria,so_INI,bsskill_entradas,ll_todas,450,-0.24229998192158783,0.17879465189664548,-1.3551858478499257
MULTI_10a35,propria,so_INI,bsskill_entradas,llskill_entradas,450,0.05330072124598162,0.07648019115588459,0.6969219145561788
MULTI_10a35,propria,so_INI,bsskill_entradas,ll_entradas,450,-0.1735117829719247,0.1869207578552051,-0.9282638534256992
MULTI_10a35,propria,so_INI,bsskill_entradas,ppg,450,-0.10563558532423029,0.13940995467141667,-0.7577334457443076
MULTI_10a35,propria,so_INI,bsskill_entradas,lucro,450,-0.2934017585037622,0.1796742949007409,-1.6329645744030818
MULTI_10a35,propria,so_INI,bsskill_entradas,roi,450,-0.010206944258266298,0.08498817381149236,-0.1200984066430909
MULTI_10a35,propria,so_INI,bsskill_entradas,sharpe,450,-0.05159979527448147,0.08819402791563373,-0.5850713080464105
MULTI_10a35,propria,so_INI,bsskill_entradas,sortino,450,-0.0020575440568573414,0.0955903887961799,-0.02152459136079555
MULTI_10a35,propria,so_INI,bsskill_entradas,calmar,450,-0.002967278574165014,0.14805386350931232,-0.020041885458655238
MULTI_10a35,propria,so_INI,bsskill_entradas,maxdd,450,-0.07732394749607928,0.1871390453378152,-0.4131898148593068
MULTI_10a35,propria,so_INI,bsskill_entradas,seq_ruim,450,-0.13249242576105874,0.1577599533846227,-0.8398356041475171
MULTI_10a35,propria,so_INI,bsskill_entradas,bsskill_t_ppg>=1_relaxar,450,0.022333882601390846,0.16889373917184886,0.13223629668513756
MULTI_10a35,propria,so_INI,bsskill_entradas,ppg_nao_piorando_ou_nada,450,-0.10563558532423029,0.13940995467141667,-0.7577334457443076
MULTI_10a35,propria,so_INI,bsskill_entradas,funcao_menor_vol,450,-0.06903011280959505,0.19494719784025666,-0.3540964608589019
MULTI_10a35,propria,so_INI,bsskill_entradas,ACASO,450,-0.16246904650140478,0.13669167516017194,-1.1885804041177164
MULTI_10a35,propria,so_INI,bsskill_entradas,FIXO_RETROSPECTO,450,-0.3796346002757689,0.18936365490763413,-2.0047912597638824
MULTI_10a35,propria,so_INI,bsskill_entradas,BASE_V6_MOM,450,-0.29773518566748386,0.17118703317428882,-1.739239124287842
MULTI_10a35,propria,so_INI,bsskill_entradas,FIXO_TUDO_INI,450,-0.07003457345252156,0.2179059119819592,-0.3213982255714101
MULTI_10a35,propria,so_INI,bsskill_entradas,FIXO_TUDO_INI_CALR,450,-0.22479051064782102,0.2387236037057892,-0.9416350421923934
MULTI_10a35,propria,so_INI,bsskill_entradas,FIXO_V6E_INI,450,-0.3796346002757689,0.18936365490763413,-2.0047912597638824
MULTI_10a35,propria,so_INI,bsskill_entradas,FIXO_V6WR_INI,450,-0.2775134300635496,0.18303453981911563,-1.5161806637031623
MULTI_10a35,propria,so_INI,bsskill_entradas,FIXO_V6_INI,450,-0.2783675300547317,0.17998943786270463,-1.5465770289647194
MULTI_10a35,propria,so_INI,bsskill_entradas,FAVORITO,450,0.7053842695317873,0.28350752060208917,2.488061932303426
MULTI_10a35,propria,so_INI,bsskill_entradas,ZEBRA,450,-0.22005982218274578,0.28235627426614496,-0.7793693366817858
MULTI_10a35,propria,so_INI,bsskill_entradas,VIG_MERCADO,450,0.42549330321754053,0.1657815343400816,2.56659045237626
MULTI_10a35,propria,so_INI,llskill_entradas,llskill_todas,450,-0.08925659803713347,0.1867034162720156,-0.4780662283495231
MULTI_10a35,propria,so_INI,llskill_entradas,ppg,450,-0.15893630657021188,0.1302430873725258,-1.220305121573299
MULTI_10a35,propria,so_INI,llskill_entradas,lucro,450,-0.3467024797497438,0.19400444994138868,-1.7870851923988713
MULTI_10a35,propria,so_INI,llskill_entradas,roi,450,-0.06350766550424791,0.09137160361082661,-0.6950481658912562
MULTI_10a35,propria,so_INI,llskill_entradas,sharpe,450,-0.10490051652046307,0.09916670790894391,-1.057819894724992
MULTI_10a35,propria,so_INI,llskill_entradas,sortino,450,-0.05535826530283894,0.10452894182072182,-0.529597490786659
MULTI_10a35,propria,so_INI,llskill_entradas,maxdd,450,-0.13062466874206094,0.18760466918214727,-0.6962762137611624
MULTI_10a35,propria,so_INI,llskill_entradas,seq_ruim,450,-0.18579314700704036,0.15562921542698366,-1.1938192099555285
MULTI_10a35,propria,so_INI,llskill_entradas,ppg_nao_piorando_ou_nada,450,-0.15893630657021188,0.1302430873725258,-1.220305121573299
MULTI_10a35,propria,so_INI,llskill_entradas,ACASO,450,-0.21576976774738638,0.14317110482682913,-1.5070762218980436
MULTI_10a35,propria,so_INI,llskill_entradas,FIXO_RETROSPECTO,450,-0.43293532152175057,0.2016480702996888,-2.1469846990269894
MULTI_10a35,propria,so_INI,llskill_entradas,BASE_V6_MOM,450,-0.3510359069134656,0.18252772075480062,-1.9231922990208767
MULTI_10a35,propria,so_INI,llskill_entradas,FIXO_TUDO_INI,450,-0.12333529469850316,0.2122823127641382,-0.5809965658115759
MULTI_10a35,propria,so_INI,llskill_entradas,FIXO_TUDO_INI_CALR,450,-0.2780912318938027,0.24945123167600058,-1.1148120216740447
MULTI_10a35,propria,so_INI,llskill_entradas,FIXO_V6E_INI,450,-0.43293532152175057,0.2016480702996888,-2.1469846990269894
MULTI_10a35,propria,so_INI,llskill_entradas,FIXO_V6WR_INI,450,-0.3308141513095312,0.19028469905352619,-1.7385220827265504
MULTI_10a35,propria,so_INI,llskill_entradas,FIXO_V6_INI,450,-0.33166825130071337,0.1878059374800903,-1.7660157913584291
MULTI_10a35,propria,so_INI,llskill_entradas,FAVORITO,450,0.6520835482858057,0.27431444656866055,2.377138923751834
MULTI_10a35,propria,so_INI,llskill_entradas,ZEBRA,450,-0.2733605434287274,0.29930685599383605,-0.913312000558908
MULTI_10a35,propria,so_INI,llskill_entradas,VIG_MERCADO,450,0.3721925819715589,0.1661329569160675,2.2403296063621823
MULTI_10a35,propria,so_INI,brier_entradas,bsskill_todas,450,0.18373902792299232,0.20005242210143753,0.9184544030655454
MULTI_10a35,propria,so_INI,brier_entradas,llskill_todas,450,0.12058554610382019,0.15553443019702468,0.7752980864176976
MULTI_10a35,propria,so_INI,brier_entradas,brier_todas,450,-0.06525744815188611,0.1473053482376525,-0.44300800298577175
MULTI_10a35,propria,so_INI,brier_entradas,ll_todas,450,-0.08575855902661571,0.1473384568496411,-0.5820514267645163
MULTI_10a35,propria,so_INI,brier_entradas,bsskill_entradas,450,0.15654142289497208,0.1980411447190141,0.790448990370547
MULTI_10a35,propria,so_INI,brier_entradas,llskill_entradas,450,0.20984214414095373,0.20136634994161134,1.0420914129982495
MULTI_10a35,propria,so_INI,brier_entradas,ll_entradas,450,-0.016970360076952618,0.05679254494010563,-0.2988131645597119
MULTI_10a35,propria,so_INI,brier_entradas,ppg,450,0.0509058375707418,0.21105650007793378,0.24119530813760554
MULTI_10a35,propria,so_INI,brier_entradas,lucro,450,-0.13686033560879013,0.17506140383326632,-0.7817847487338784
MULTI_10a35,propria,so_INI,brier_entradas,roi,450,0.1463344786367058,0.20392943257016,0.7175740980221714
MULTI_10a35,propria,so_INI,brier_entradas,sharpe,450,0.10494162762049064,0.20721762601277344,0.5064319558125898
MULTI_10a35,propria,so_INI,brier_entradas,sortino,450,0.15448387883811476,0.2052319575779102,0.7527281845444054
MULTI_10a35,propria,so_INI,brier_entradas,calmar,450,0.1535741443208071,0.176914466187919,0.8680700206713466
MULTI_10a35,propria,so_INI,brier_entradas,maxdd,450,0.0792174753988928,0.12023179645685828,0.6588729249114873
MULTI_10a35,propria,so_INI,brier_entradas,seq_ruim,450,0.024048997133913366,0.16174949762462118,0.14868050588772078
MULTI_10a35,propria,so_INI,brier_entradas,bsskill_t_ppg>=1_relaxar,450,0.17887530549636294,0.2000178099940768,0.8942968903702126
MULTI_10a35,propria,so_INI,brier_entradas,ppg_nao_piorando_ou_nada,450,0.0509058375707418,0.21105650007793378,0.24119530813760554
MULTI_10a35,propria,so_INI,brier_entradas,funcao_menor_vol,450,0.08751131008537708,0.10715902535178848,0.8166489924492069
MULTI_10a35,propria,so_INI,brier_entradas,ACASO,450,-0.005927623606432688,0.11645341297066862,-0.05090124415611324
MULTI_10a35,propria,so_INI,brier_entradas,FIXO_RETROSPECTO,450,-0.22309317738079693,0.1881804039401064,-1.1855282096843753
MULTI_10a35,propria,so_INI,brier_entradas,BASE_V6_MOM,450,-0.14119376277251175,0.15326719692147459,-0.9212262350230846
MULTI_10a35,propria,so_INI,brier_entradas,FIXO_TUDO_INI,450,0.08650684944245056,0.17133390346040075,0.5049021104129826
MULTI_10a35,propria,so_INI,brier_entradas,FIXO_TUDO_INI_CALR,450,-0.06824908775284895,0.22959605571725888,-0.29725723092079503
MULTI_10a35,propria,so_INI,brier_entradas,FIXO_V6E_INI,450,-0.22309317738079693,0.1881804039401064,-1.1855282096843753
MULTI_10a35,propria,so_INI,brier_entradas,FIXO_V6WR_INI,450,-0.12097200716857746,0.14743321558407294,-0.8205207129840689
MULTI_10a35,propria,so_INI,brier_entradas,FIXO_V6_INI,450,-0.1218261071597596,0.14589879851121165,-0.8350041837417723
MULTI_10a35,propria,so_INI,brier_entradas,FAVORITO,450,0.8619256924267594,0.28280395139399045,3.04778518184833
MULTI_10a35,propria,so_INI,brier_entradas,ZEBRA,450,-0.06351839928777361,0.2819833598247602,-0.2252558424981084
MULTI_10a35,propria,so_INI,brier_entradas,VIG_MERCADO,450,0.5820347261125126,0.16309593442067064,3.5686648363121063
MULTI_10a35,propria,so_INI,ll_entradas,llskill_todas,450,0.1375559061807728,0.1548372371820825,0.8883903425570198
MULTI_10a35,propria,so_INI,ll_entradas,ll_todas,450,-0.0687881989496631,0.13368193758345973,-0.5145661425405176
MULTI_10a35,propria,so_INI,ll_entradas,llskill_entradas,450,0.22681250421790636,0.18706746628282228,1.2124636566948237
MULTI_10a35,propria,so_INI,ll_entradas,ppg,450,0.06787619764769443,0.18783954425903066,0.3613520141110073
MULTI_10a35,propria,so_INI,ll_entradas,lucro,450,-0.11988997553183747,0.15103203839966192,-0.793804922466741
MULTI_10a35,propria,so_INI,ll_entradas,roi,450,0.16330483871365842,0.18995135797702176,0.859719248405759
MULTI_10a35,propria,so_INI,ll_entradas,sharpe,450,0.12191198769744324,0.19356004485571282,0.629840666695036
MULTI_10a35,propria,so_INI,ll_entradas,sortino,450,0.1714542389150674,0.19133257178915036,0.8961058606582207
MULTI_10a35,propria,so_INI,ll_entradas,maxdd,450,0.09618783547584542,0.12531546484544834,0.7675655641901337
MULTI_10a35,propria,so_INI,ll_entradas,seq_ruim,450,0.041019357210865984,0.14249538348342933,0.28786446415392886
MULTI_10a35,propria,so_INI,ll_entradas,ppg_nao_piorando_ou_nada,450,0.06787619764769443,0.18783954425903066,0.3613520141110073
MULTI_10a35,propria,so_INI,ll_entradas,ACASO,450,0.011042736470519936,0.10075084457601524,0.10960440596791554
MULTI_10a35,propria,so_INI,ll_entradas,FIXO_RETROSPECTO,450,-0.20612281730384432,0.1662844169244676,-1.2395798783566878
MULTI_10a35,propria,so_INI,ll_entradas,BASE_V6_MOM,450,-0.12422340269555911,0.1372120337565107,-0.9053389800780846
MULTI_10a35,propria,so_INI,ll_entradas,FIXO_TUDO_INI,450,0.10347720951940316,0.1664176038713074,0.6217924493097692
MULTI_10a35,propria,so_INI,ll_entradas,FIXO_TUDO_INI_CALR,450,-0.051278727675896314,0.20122594568426236,-0.2548315899399784
MULTI_10a35,propria,so_INI,ll_entradas,FIXO_V6E_INI,450,-0.20612281730384432,0.1662844169244676,-1.2395798783566878
MULTI_10a35,propria,so_INI,ll_entradas,FIXO_V6WR_INI,450,-0.10400164709162488,0.13464660548052867,-0.7724045230881414
MULTI_10a35,propria,so_INI,ll_entradas,FIXO_V6_INI,450,-0.10485574708280704,0.13381298057594201,-0.7835992190854678
MULTI_10a35,propria,so_INI,ll_entradas,FAVORITO,450,0.8788960525037119,0.2912673964108469,3.0174886147022995
MULTI_10a35,propria,so_INI,ll_entradas,ZEBRA,450,-0.046548039210821,0.25911864619067787,-0.17963986727750827
MULTI_10a35,propria,so_INI,ll_entradas,VIG_MERCADO,450,0.5990050861894652,0.1633361973607447,3.6673137728711858
MULTI_10a35,propria,so_INI,ppg,roi,450,0.095428641065964,0.12576463233797955,0.7587875803549389
MULTI_10a35,propria,so_INI,ppg,sharpe,450,0.05403579004974882,0.12663359558854906,0.426709751062577
MULTI_10a35,propria,so_INI,ppg,sortino,450,0.10357804126737295,0.13061444812807868,0.7930060016469678
MULTI_10a35,propria,so_INI,ppg,seq_ruim,450,-0.026856840436828407,0.16270158696505538,-0.16506809145381385
MULTI_10a35,propria,so_INI,ppg,ppg_nao_piorando_ou_nada,450,0.0,0.0,
MULTI_10a35,propria,so_INI,ppg,ACASO,450,-0.056833461177174534,0.15715641507201553,-0.3616362790607759
MULTI_10a35,propria,so_INI,ppg,FIXO_RETROSPECTO,450,-0.2739990149515386,0.17648648883643991,-1.5525211972768584
MULTI_10a35,propria,so_INI,ppg,BASE_V6_MOM,450,-0.1920996003432536,0.17811082946575868,-1.0785396986778069
MULTI_10a35,propria,so_INI,ppg,FIXO_TUDO_INI,450,0.03560101187170876,0.22909671374255228,0.15539730487673187
MULTI_10a35,propria,so_INI,ppg,FIXO_TUDO_INI_CALR,450,-0.11915492532359069,0.21680262688666077,-0.5496009298166025
MULTI_10a35,propria,so_INI,ppg,FIXO_V6E_INI,450,-0.2739990149515386,0.17648648883643991,-1.5525211972768584
MULTI_10a35,propria,so_INI,ppg,FIXO_V6WR_INI,450,-0.17187784473931933,0.1945973437556759,-0.883248668363728
MULTI_10a35,propria,so_INI,ppg,FIXO_V6_INI,450,-0.17273194473050144,0.19282920296607478,-0.8957768951671229
MULTI_10a35,propria,so_INI,ppg,FAVORITO,450,0.8110198548560179,0.3332566625054465,2.433619327393832
MULTI_10a35,propria,so_INI,ppg,ZEBRA,450,-0.11442423685851547,0.23865995521709077,-0.4794446422921368
MULTI_10a35,propria,so_INI,ppg,VIG_MERCADO,450,0.5311288885417708,0.20275546083835347,2.6195540497190977
MULTI_10a35,propria,so_INI,lucro,ppg,450,0.1877661731795319,0.1637170744034979,1.1468942617235052
MULTI_10a35,propria,so_INI,lucro,roi,450,0.2831948142454959,0.17983712127766016,1.5747294676067256
MULTI_10a35,propria,so_INI,lucro,sharpe,450,0.24180196322928074,0.18158429558521183,1.3316237643238846
MULTI_10a35,propria,so_INI,lucro,sortino,450,0.2913442144469049,0.18162712873027775,1.6040787325309789
MULTI_10a35,propria,so_INI,lucro,maxdd,450,0.2160778110076829,0.1820435696483347,1.186956569930453
MULTI_10a35,propria,so_INI,lucro,seq_ruim,450,0.1609093327427035,0.12949131946446377,1.242626404674653
MULTI_10a35,propria,so_INI,lucro,ppg_nao_piorando_ou_nada,450,0.1877661731795319,0.1637170744034979,1.1468942617235052
MULTI_10a35,propria,so_INI,lucro,ACASO,450,0.1309327120023574,0.11756596168180648,1.1136957511284444
MULTI_10a35,propria,so_INI,lucro,FIXO_RETROSPECTO,450,-0.08623284177200675,0.07195796765433102,-1.1983779501145564
MULTI_10a35,propria,so_INI,lucro,BASE_V6_MOM,450,-0.004333427163721662,0.11299914204806773,-0.03834920411942865
MULTI_10a35,propria,so_INI,lucro,FIXO_TUDO_INI,450,0.22336718505124067,0.1670273830225429,1.3373087754185422
MULTI_10a35,propria,so_INI,lucro,FIXO_TUDO_INI_CALR,450,0.06861124785594121,0.1567071740450605,0.43783093067718987
MULTI_10a35,propria,so_INI,lucro,FIXO_V6E_INI,450,-0.08623284177200675,0.07195796765433102,-1.1983779501145564
MULTI_10a35,propria,so_INI,lucro,FIXO_V6WR_INI,450,0.015888328440212613,0.12777778308520926,0.12434343480210015
MULTI_10a35,propria,so_INI,lucro,FIXO_V6_INI,450,0.01503422844903048,0.12484420531546742,0.12042391884381544
MULTI_10a35,propria,so_INI,lucro,FAVORITO,450,0.9987860280355498,0.35380201823094853,2.8230082830776286
MULTI_10a35,propria,so_INI,lucro,ZEBRA,450,0.07334193632101646,0.18392895590174294,0.39875144161747217
MULTI_10a35,propria,so_INI,lucro,VIG_MERCADO,450,0.7188950617213026,0.21018223484059353,3.4203416966544635
MULTI_10a35,propria,so_INI,roi,sharpe,450,-0.04139285101621517,0.03316183843889747,-1.2482073662014788
MULTI_10a35,propria,so_INI,roi,sortino,450,0.008149400201408967,0.02854580460139934,0.2854850411541553
MULTI_10a35,propria,so_INI,roi,seq_ruim,450,-0.12228548150279242,0.1423834994107976,-0.858845877568865
MULTI_10a35,propria,so_INI,roi,ACASO,450,-0.15226210224313846,0.13879441767302514,-1.0970333302729853
MULTI_10a35,propria,so_INI,roi,FIXO_RETROSPECTO,450,-0.36942765601750266,0.19154171617557392,-1.9287059936273736
MULTI_10a35,propria,so_INI,roi,BASE_V6_MOM,450,-0.2875282414092175,0.17492933217716966,-1.6436822677514533
MULTI_10a35,propria,so_INI,roi,FIXO_TUDO_INI,450,-0.059827629194255265,0.20532229968695084,-0.29138398160098916
MULTI_10a35,propria,so_INI,roi,FIXO_TUDO_INI_CALR,450,-0.21458356638955473,0.22170515417182332,-0.9678781135744399
MULTI_10a35,propria,so_INI,roi,FIXO_V6E_INI,450,-0.36942765601750266,0.19154171617557392,-1.9287059936273736
MULTI_10a35,propria,so_INI,roi,FIXO_V6WR_INI,450,-0.2673064858052834,0.1886500979572938,-1.4169432653345118
MULTI_10a35,propria,so_INI,roi,FIXO_V6_INI,450,-0.2681605857964654,0.18764726013456595,-1.4290674193919037
MULTI_10a35,propria,so_INI,roi,FAVORITO,450,0.7155912137900539,0.2910724949874469,2.458463874509734
MULTI_10a35,propria,so_INI,roi,ZEBRA,450,-0.20985287792447946,0.275130700848316,-0.7627388629383631
MULTI_10a35,propria,so_INI,roi,VIG_MERCADO,450,0.4357002474758069,0.16586769583970754,2.62679387490173
MULTI_10a35,propria,so_INI,sharpe,sortino,450,0.049542251217624136,0.029645725258351022,1.671143167720897
MULTI_10a35,propria,so_INI,sharpe,ACASO,450,-0.1108692512269233,0.1451822033058177,-0.7636559351106128
MULTI_10a35,propria,so_INI,sharpe,FIXO_RETROSPECTO,450,-0.3280348050012874,0.1944482656672614,-1.6870029870187602
MULTI_10a35,propria,so_INI,sharpe,BASE_V6_MOM,450,-0.24613539039300242,0.17762932017300442,-1.3856687069075961
MULTI_10a35,propria,so_INI,sharpe,FIXO_TUDO_INI,450,-0.018434778178040078,0.20886723414721117,-0.08826074732740086
MULTI_10a35,propria,so_INI,sharpe,FIXO_TUDO_INI_CALR,450,-0.17319071537333952,0.218615503642126,-0.7922160710836549
MULTI_10a35,propria,so_INI,sharpe,FIXO_V6E_INI,450,-0.3280348050012874,0.1944482656672614,-1.6870029870187602
MULTI_10a35,propria,so_INI,sharpe,FIXO_V6WR_INI,450,-0.22591363478906812,0.19166155604496346,-1.1787112629726808
MULTI_10a35,propria,so_INI,sharpe,FIXO_V6_INI,450,-0.22676773478025025,0.19031006827555805,-1.1915698251545137
MULTI_10a35,propria,so_INI,sharpe,FAVORITO,450,0.7569840648062689,0.29494184363165454,2.566553648290228
MULTI_10a35,propria,so_INI,sharpe,ZEBRA,450,-0.16846002690826423,0.2739218078838931,-0.6149931186919925
MULTI_10a35,propria,so_INI,sharpe,VIG_MERCADO,450,0.477093098492022,0.16960608296761412,2.8129480390342003
MULTI_10a35,propria,so_INI,sortino,ACASO,450,-0.16041150244454744,0.14175860540434235,-1.131582114447309
MULTI_10a35,propria,so_INI,sortino,FIXO_RETROSPECTO,450,-0.37757705621891163,0.19392861429075578,-1.9469899148189296
MULTI_10a35,propria,so_INI,sortino,BASE_V6_MOM,450,-0.29567764161062654,0.17576158622056998,-1.682265436769382
MULTI_10a35,propria,so_INI,sortino,FIXO_TUDO_INI,450,-0.06797702939566423,0.20437780742814216,-0.33260474926840816
MULTI_10a35,propria,so_INI,sortino,FIXO_TUDO_INI_CALR,450,-0.22273296659096364,0.21989347870282583,-1.0129130154513368
MULTI_10a35,propria,so_INI,sortino,FIXO_V6E_INI,450,-0.37757705621891163,0.19392861429075578,-1.9469899148189296
MULTI_10a35,propria,so_INI,sortino,FIXO_V6WR_INI,450,-0.27545588600669224,0.18810728375609087,-1.464355236577983
MULTI_10a35,propria,so_INI,sortino,FIXO_V6_INI,450,-0.2763099859978744,0.18749074577279343,-1.4737259956964202
MULTI_10a35,propria,so_INI,sortino,FAVORITO,450,0.7074418135886447,0.2926445843850764,2.4174095518465406
MULTI_10a35,propria,so_INI,sortino,ZEBRA,450,-0.21800227812588843,0.2749917988572959,-0.7927591987534814
MULTI_10a35,propria,so_INI,sortino,VIG_MERCADO,450,0.42755084727439785,0.16685233814101616,2.5624504399396004
MULTI_10a35,propria,so_INI,calmar,llskill_todas,450,-0.032988598216986895,0.12954527521142956,-0.254649180860873
MULTI_10a35,propria,so_INI,calmar,ll_todas,450,-0.23933270334742285,0.1725675092576469,-1.3868931896681322
MULTI_10a35,propria,so_INI,calmar,llskill_entradas,450,0.056267999820146616,0.1441015486613718,0.39047463641332786
MULTI_10a35,propria,so_INI,calmar,ll_entradas,450,-0.1705445043977597,0.16369533069537154,-1.0418409839382292
MULTI_10a35,propria,so_INI,calmar,ppg,450,-0.10266830675006527,0.13795286545143345,-0.744227431696298
MULTI_10a35,propria,so_INI,calmar,lucro,450,-0.29043447992959726,0.15742719654849566,-1.8448812295283967
MULTI_10a35,propria,so_INI,calmar,roi,450,-0.007239665684101292,0.1360197669748664,-0.05322509988889358
MULTI_10a35,propria,so_INI,calmar,sharpe,450,-0.048632516700316444,0.13060854219425624,-0.37235326176433775
MULTI_10a35,propria,so_INI,calmar,sortino,450,0.0009097345173076861,0.13657718901184862,0.0066609550532539
MULTI_10a35,propria,so_INI,calmar,maxdd,450,-0.07435666892191428,0.15100518426919918,-0.49241136509166167
MULTI_10a35,propria,so_INI,calmar,seq_ruim,450,-0.12952514718689373,0.12271327452645543,-1.0555104790962917
MULTI_10a35,propria,so_INI,calmar,ppg_nao_piorando_ou_nada,450,-0.10266830675006527,0.13795286545143345,-0.744227431696298
MULTI_10a35,propria,so_INI,calmar,funcao_menor_vol,450,-0.06606283423543002,0.1820038892591603,-0.3629748490778752
MULTI_10a35,propria,so_INI,calmar,ACASO,450,-0.15950176792723977,0.11692794526720121,-1.364103059903685
MULTI_10a35,propria,so_INI,calmar,FIXO_RETROSPECTO,450,-0.37666732170160405,0.17563458732725054,-2.144607889787562
MULTI_10a35,propria,so_INI,calmar,BASE_V6_MOM,450,-0.2947679070933189,0.1429700542001245,-2.061745788252364
MULTI_10a35,propria,so_INI,calmar,FIXO_TUDO_INI,450,-0.06706729487835655,0.18212907791408728,-0.3682404569686181
MULTI_10a35,propria,so_INI,calmar,FIXO_TUDO_INI_CALR,450,-0.221823232073656,0.20321224911386557,-1.0915839622903942
MULTI_10a35,propria,so_INI,calmar,FIXO_V6E_INI,450,-0.37666732170160405,0.17563458732725054,-2.144607889787562
MULTI_10a35,propria,so_INI,calmar,FIXO_V6WR_INI,450,-0.2745461514893846,0.15599744342517632,-1.7599400699221701
MULTI_10a35,propria,so_INI,calmar,FIXO_V6_INI,450,-0.27540025148056674,0.15686300691221222,-1.7556736728545146
MULTI_10a35,propria,so_INI,calmar,FAVORITO,450,0.7083515481059525,0.28991996220633864,2.443265867983979
MULTI_10a35,propria,so_INI,calmar,ZEBRA,450,-0.21709254360858077,0.2615876448863848,-0.8299036588783482
MULTI_10a35,propria,so_INI,calmar,VIG_MERCADO,450,0.42846058179170554,0.1594265526262952,2.6875107987565987
MULTI_10a35,propria,so_INI,maxdd,ppg,450,-0.028311637828150993,0.21199081458082147,-0.1335512478884182
MULTI_10a35,propria,so_INI,maxdd,roi,450,0.06711700323781297,0.19660167833027023,0.34138570844275007
MULTI_10a35,propria,so_INI,maxdd,sharpe,450,0.025724152221597827,0.20137742586462687,0.1277409923736463
MULTI_10a35,propria,so_INI,maxdd,sortino,450,0.07526640343922195,0.20022392299993352,0.37591114144360727
MULTI_10a35,propria,so_INI,maxdd,seq_ruim,450,-0.05516847826497945,0.14251356368627122,-0.38711036927283016
MULTI_10a35,propria,so_INI,maxdd,ppg_nao_piorando_ou_nada,450,-0.028311637828150993,0.21199081458082147,-0.1335512478884182
MULTI_10a35,propria,so_INI,maxdd,ACASO,450,-0.08514509900532548,0.10148071462600801,-0.8390273887912102
MULTI_10a35,propria,so_INI,maxdd,FIXO_RETROSPECTO,450,-0.30231065277968966,0.1953828873014154,-1.547272931397097
MULTI_10a35,propria,so_INI,maxdd,BASE_V6_MOM,450,-0.22041123817140457,0.14001756731739665,-1.5741684589603586
MULTI_10a35,propria,so_INI,maxdd,FIXO_TUDO_INI,450,0.007289374043557738,0.1498928308044165,0.04863057161865916
MULTI_10a35,propria,so_INI,maxdd,FIXO_TUDO_INI_CALR,450,-0.14746656315174175,0.24233070456883649,-0.6085343721263864
MULTI_10a35,propria,so_INI,maxdd,FIXO_V6E_INI,450,-0.30231065277968966,0.1953828873014154,-1.547272931397097
MULTI_10a35,propria,so_INI,maxdd,FIXO_V6WR_INI,450,-0.2001894825674703,0.13268962579196739,-1.508704854449813
MULTI_10a35,propria,so_INI,maxdd,FIXO_V6_INI,450,-0.20104358255865243,0.13224179903048086,-1.520272591817306
MULTI_10a35,propria,so_INI,maxdd,FAVORITO,450,0.7827082170278669,0.25687767272522466,3.047007584287442
MULTI_10a35,propria,so_INI,maxdd,ZEBRA,450,-0.1427358746866665,0.2987602094908005,-0.47776065939283535
MULTI_10a35,propria,so_INI,maxdd,VIG_MERCADO,450,0.5028172507136198,0.14359614325916814,3.501606932479481
MULTI_10a35,propria,so_INI,seq_ruim,sharpe,450,0.08089263048657724,0.1528968245272608,0.5290667790955623
MULTI_10a35,propria,so_INI,seq_ruim,sortino,450,0.1304348817042014,0.14889343381657683,0.8760284343021151
MULTI_10a35,propria,so_INI,seq_ruim,ACASO,450,-0.029976620740346047,0.08304265837219064,-0.3609785780940827
MULTI_10a35,propria,so_INI,seq_ruim,FIXO_RETROSPECTO,450,-0.2471421745147103,0.14679026207496929,-1.6836414828967938
MULTI_10a35,propria,so_INI,seq_ruim,BASE_V6_MOM,450,-0.16524275990642517,0.12589797641740894,-1.3125132318137538
MULTI_10a35,propria,so_INI,seq_ruim,FIXO_TUDO_INI,450,0.06245785230853717,0.1474725286987475,0.42352194581354347
MULTI_10a35,propria,so_INI,seq_ruim,FIXO_TUDO_INI_CALR,450,-0.09229808488676228,0.19143826684348908,-0.4821297560232346
MULTI_10a35,propria,so_INI,seq_ruim,FIXO_V6E_INI,450,-0.2471421745147103,0.14679026207496929,-1.6836414828967938
MULTI_10a35,propria,so_INI,seq_ruim,FIXO_V6WR_INI,450,-0.14502100430249085,0.13083747512859617,-1.108405708379454
MULTI_10a35,propria,so_INI,seq_ruim,FIXO_V6_INI,450,-0.14587510429367298,0.13018270142215035,-1.120541382995549
MULTI_10a35,propria,so_INI,seq_ruim,FAVORITO,450,0.8378766952928464,0.28967161559672716,2.8925053411491835
MULTI_10a35,propria,so_INI,seq_ruim,ZEBRA,450,-0.08756739642168702,0.2474944958061255,-0.3538155308725849
MULTI_10a35,propria,so_INI,seq_ruim,VIG_MERCADO,450,0.5579857289785992,0.1514537752954797,3.684198217508896
MULTI_10a35,propria,so_INI,brier_com_roi>=0,bsskill_todas,450,0.13702093009913888,0.1848216132769803,0.7413685427244615
MULTI_10a35,propria,so_INI,brier_com_roi>=0,llskill_todas,450,0.0738674482799667,0.19680038793002458,0.37534198512978245
MULTI_10a35,propria,so_INI,brier_com_roi>=0,brier_todas,450,-0.11197554597573961,0.10699530759194313,-1.0465463252163358
MULTI_10a35,propria,so_INI,brier_com_roi>=0,ll_todas,450,-0.1324766568504692,0.1137505420406754,-1.1646244006740436
MULTI_10a35,propria,so_INI,brier_com_roi>=0,bsskill_entradas,450,0.1098233250711186,0.18314250928846385,0.5996604802336646
MULTI_10a35,propria,so_INI,brier_com_roi>=0,llskill_entradas,450,0.16312404631710023,0.17847038807411145,0.9140118317519514
MULTI_10a35,propria,so_INI,brier_com_roi>=0,brier_entradas,450,-0.04671809782385348,0.17584930299691012,-0.2656712140887722
MULTI_10a35,propria,so_INI,brier_com_roi>=0,ll_entradas,450,-0.06368845790080611,0.15770299616060945,-0.40385065250088137
MULTI_10a35,propria,so_INI,brier_com_roi>=0,ppg,450,0.004187739746888352,0.19770191212235694,0.021182090258674766
MULTI_10a35,propria,so_INI,brier_com_roi>=0,lucro,450,-0.18357843343264363,0.15223612718912422,-1.2058795558072928
MULTI_10a35,propria,so_INI,brier_com_roi>=0,roi,450,0.09961638081285233,0.17889995279148793,0.5568273174949215
MULTI_10a35,propria,so_INI,brier_com_roi>=0,sharpe,450,0.05822352979663717,0.18346791872870108,0.317349922537323
MULTI_10a35,propria,so_INI,brier_com_roi>=0,sortino,450,0.10776578101426129,0.17853590750899778,0.603608442233561
MULTI_10a35,propria,so_INI,brier_com_roi>=0,calmar,450,0.10685604649695363,0.1694768674929496,0.630505201551468
MULTI_10a35,propria,so_INI,brier_com_roi>=0,maxdd,450,0.03249937757503934,0.19006525732649146,0.17099062728340908
MULTI_10a35,propria,so_INI,brier_com_roi>=0,seq_ruim,450,-0.02266910068994009,0.12822684013449595,-0.17678904561761546
MULTI_10a35,propria,so_INI,brier_com_roi>=0,bsskill_t_ppg>=1_relaxar,450,0.13215720767250946,0.1848436272896605,0.7149676167380744
MULTI_10a35,propria,so_INI,brier_com_roi>=0,ppg_nao_piorando_ou_nada,450,0.004187739746888352,0.19770191212235694,0.021182090258674766
MULTI_10a35,propria,so_INI,brier_com_roi>=0,funcao_menor_vol,450,0.04079321226152359,0.17010346861488823,0.23981411192665816
MULTI_10a35,propria,so_INI,brier_com_roi>=0,ACASO,450,-0.05264572143028619,0.12124819120056891,-0.4341979942875978
MULTI_10a35,propria,so_INI,brier_com_roi>=0,FIXO_RETROSPECTO,450,-0.2698112752046503,0.1663542624102592,-1.6219077966228947
MULTI_10a35,propria,so_INI,brier_com_roi>=0,BASE_V6_MOM,450,-0.18791186059636522,0.15662343453698313,-1.1997684838918152
MULTI_10a35,propria,so_INI,brier_com_roi>=0,FIXO_TUDO_INI,450,0.039788751618597094,0.17774183998050244,0.22385698056778167
MULTI_10a35,propria,so_INI,brier_com_roi>=0,FIXO_TUDO_INI_CALR,450,-0.11496718557670237,0.2290682388741578,-0.5018905551540097
MULTI_10a35,propria,so_INI,brier_com_roi>=0,FIXO_V6E_INI,450,-0.2698112752046503,0.1663542624102592,-1.6219077966228947
MULTI_10a35,propria,so_INI,brier_com_roi>=0,FIXO_V6WR_INI,450,-0.16769010499243103,0.16465952726068048,-1.0184051161944168
MULTI_10a35,propria,so_INI,brier_com_roi>=0,FIXO_V6_INI,450,-0.16854420498361308,0.16231777233588238,-1.038359525011509
MULTI_10a35,propria,so_INI,brier_com_roi>=0,FAVORITO,450,0.815207594602906,0.2820884775604265,2.889900366200812
MULTI_10a35,propria,so_INI,brier_com_roi>=0,ZEBRA,450,-0.1102364971116272,0.2833693884541726,-0.38902048563885366
MULTI_10a35,propria,so_INI,brier_com_roi>=0,VIG_MERCADO,450,0.5353166282886592,0.15821019084100427,3.3835786774736514
MULTI_10a35,propria,so_INI,bsskill_t_ppg>=1_relaxar,bsskill_todas,450,0.004863722426629399,0.004862300330491837,1.000292473940502
MULTI_10a35,propria,so_INI,bsskill_t_ppg>=1_relaxar,llskill_todas,450,-0.05828975939254273,0.11745022882890196,-0.4962932807688058
MULTI_10a35,propria,so_INI,bsskill_t_ppg>=1_relaxar,ll_todas,450,-0.26463386452297866,0.1927875719022741,-1.3726707687211503
MULTI_10a35,propria,so_INI,bsskill_t_ppg>=1_relaxar,llskill_entradas,450,0.030966838644590773,0.1664603547030293,0.18603131478264973
MULTI_10a35,propria,so_INI,bsskill_t_ppg>=1_relaxar,ll_entradas,450,-0.19584566557331554,0.1842699384010566,-1.062819401106353
MULTI_10a35,propria,so_INI,bsskill_t_ppg>=1_relaxar,ppg,450,-0.1279694679256211,0.13649351747092175,-0.9375497847572388
MULTI_10a35,propria,so_INI,bsskill_t_ppg>=1_relaxar,lucro,450,-0.315735641105153,0.19421043994215464,-1.6257397964764124
MULTI_10a35,propria,so_INI,bsskill_t_ppg>=1_relaxar,roi,450,-0.032540826859657146,0.1474020237366181,-0.2207624158390252
MULTI_10a35,propria,so_INI,bsskill_t_ppg>=1_relaxar,sharpe,450,-0.07393367787587227,0.14442778405870416,-0.5119075831407977
MULTI_10a35,propria,so_INI,bsskill_t_ppg>=1_relaxar,sortino,450,-0.02439142665824816,0.14889904504833074,-0.16381184076990565
MULTI_10a35,propria,so_INI,bsskill_t_ppg>=1_relaxar,calmar,450,-0.025301161175555798,0.11844323902316613,-0.21361422892704904
MULTI_10a35,propria,so_INI,bsskill_t_ppg>=1_relaxar,maxdd,450,-0.09965783009747015,0.20928295830929045,-0.4761870288080984
MULTI_10a35,propria,so_INI,bsskill_t_ppg>=1_relaxar,seq_ruim,450,-0.1548263083624496,0.15284299903002854,-1.0129761215430704
MULTI_10a35,propria,so_INI,bsskill_t_ppg>=1_relaxar,ppg_nao_piorando_ou_nada,450,-0.1279694679256211,0.13649351747092175,-0.9375497847572388
MULTI_10a35,propria,so_INI,bsskill_t_ppg>=1_relaxar,funcao_menor_vol,450,-0.09136399541098587,0.21963669953975382,-0.4159778197470554
MULTI_10a35,propria,so_INI,bsskill_t_ppg>=1_relaxar,ACASO,450,-0.18480292910279558,0.1582537131202068,-1.1677636212075633
MULTI_10a35,propria,so_INI,bsskill_t_ppg>=1_relaxar,FIXO_RETROSPECTO,450,-0.4019684828771598,0.2092884330547697,-1.9206435683522305
MULTI_10a35,propria,so_INI,bsskill_t_ppg>=1_relaxar,BASE_V6_MOM,450,-0.32006906826887466,0.19430569036156797,-1.6472449554785742
MULTI_10a35,propria,so_INI,bsskill_t_ppg>=1_relaxar,FIXO_TUDO_INI,450,-0.0923684560539124,0.22286568699165757,-0.4144579513371657
MULTI_10a35,propria,so_INI,bsskill_t_ppg>=1_relaxar,FIXO_TUDO_INI_CALR,450,-0.24712439324921182,0.20292452697836413,-1.2178143121928295
MULTI_10a35,propria,so_INI,bsskill_t_ppg>=1_relaxar,FIXO_V6E_INI,450,-0.4019684828771598,0.2092884330547697,-1.9206435683522305
MULTI_10a35,propria,so_INI,bsskill_t_ppg>=1_relaxar,FIXO_V6WR_INI,450,-0.29984731266494047,0.20530209201947644,-1.460517570549134
MULTI_10a35,propria,so_INI,bsskill_t_ppg>=1_relaxar,FIXO_V6_INI,450,-0.30070141265612255,0.20564123050825994,-1.4622622706201145
MULTI_10a35,propria,so_INI,bsskill_t_ppg>=1_relaxar,FAVORITO,450,0.6830503869303967,0.3094891566597755,2.207025261570895
MULTI_10a35,propria,so_INI,bsskill_t_ppg>=1_relaxar,ZEBRA,450,-0.2423937047841366,0.26370118731887515,-0.9191983822622197
MULTI_10a35,propria,so_INI,bsskill_t_ppg>=1_relaxar,VIG_MERCADO,450,0.4031594206161497,0.17863841561150506,2.2568461505666453
MULTI_10a35,propria,so_INI,ppg_nao_piorando_ou_nada,roi,450,0.095428641065964,0.12576463233797955,0.7587875803549389
MULTI_10a35,propria,so_INI,ppg_nao_piorando_ou_nada,sharpe,450,0.05403579004974882,0.12663359558854906,0.426709751062577
MULTI_10a35,propria,so_INI,ppg_nao_piorando_ou_nada,sortino,450,0.10357804126737295,0.13061444812807868,0.7930060016469678
MULTI_10a35,propria,so_INI,ppg_nao_piorando_ou_nada,seq_ruim,450,-0.026856840436828407,0.16270158696505538,-0.16506809145381385
MULTI_10a35,propria,so_INI,ppg_nao_piorando_ou_nada,ACASO,450,-0.056833461177174534,0.15715641507201553,-0.3616362790607759
MULTI_10a35,propria,so_INI,ppg_nao_piorando_ou_nada,FIXO_RETROSPECTO,450,-0.2739990149515386,0.17648648883643991,-1.5525211972768584
MULTI_10a35,propria,so_INI,ppg_nao_piorando_ou_nada,BASE_V6_MOM,450,-0.1920996003432536,0.17811082946575868,-1.0785396986778069
MULTI_10a35,propria,so_INI,ppg_nao_piorando_ou_nada,FIXO_TUDO_INI,450,0.03560101187170876,0.22909671374255228,0.15539730487673187
MULTI_10a35,propria,so_INI,ppg_nao_piorando_ou_nada,FIXO_TUDO_INI_CALR,450,-0.11915492532359069,0.21680262688666077,-0.5496009298166025
MULTI_10a35,propria,so_INI,ppg_nao_piorando_ou_nada,FIXO_V6E_INI,450,-0.2739990149515386,0.17648648883643991,-1.5525211972768584
MULTI_10a35,propria,so_INI,ppg_nao_piorando_ou_nada,FIXO_V6WR_INI,450,-0.17187784473931933,0.1945973437556759,-0.883248668363728
MULTI_10a35,propria,so_INI,ppg_nao_piorando_ou_nada,FIXO_V6_INI,450,-0.17273194473050144,0.19282920296607478,-0.8957768951671229
MULTI_10a35,propria,so_INI,ppg_nao_piorando_ou_nada,FAVORITO,450,0.8110198548560179,0.3332566625054465,2.433619327393832
MULTI_10a35,propria,so_INI,ppg_nao_piorando_ou_nada,ZEBRA,450,-0.11442423685851547,0.23865995521709077,-0.4794446422921368
MULTI_10a35,propria,so_INI,ppg_nao_piorando_ou_nada,VIG_MERCADO,450,0.5311288885417708,0.20275546083835347,2.6195540497190977
MULTI_10a35,propria,so_INI,funcao_menor_vol,llskill_todas,450,0.03307423601844316,0.20518111278114165,0.1611953243168249
MULTI_10a35,propria,so_INI,funcao_menor_vol,ll_todas,450,-0.17326986911199277,0.1736332877746489,-0.9979069758609432
MULTI_10a35,propria,so_INI,funcao_menor_vol,llskill_entradas,450,0.12233083405557665,0.2008619208517539,0.6090294941760659
MULTI_10a35,propria,so_INI,funcao_menor_vol,ll_entradas,450,-0.10448167016232968,0.10256608912386114,-1.0186765533796969
MULTI_10a35,propria,so_INI,funcao_menor_vol,ppg,450,-0.03660547251463524,0.22214627260681086,-0.16478094403782914
MULTI_10a35,propria,so_INI,funcao_menor_vol,lucro,450,-0.22437164569416718,0.1804078630688091,-1.2436910557972183
MULTI_10a35,propria,so_INI,funcao_menor_vol,roi,450,0.05882316855132878,0.21511966749651043,0.2734439358143903
MULTI_10a35,propria,so_INI,funcao_menor_vol,sharpe,450,0.017430317535113603,0.21725847877870566,0.08022848007173848
MULTI_10a35,propria,so_INI,funcao_menor_vol,sortino,450,0.06697256875273774,0.21682797303011833,0.30887420943346167
MULTI_10a35,propria,so_INI,funcao_menor_vol,maxdd,450,-0.008293834686484263,0.12750313072487335,-0.0650480865789933
MULTI_10a35,propria,so_INI,funcao_menor_vol,seq_ruim,450,-0.06346231295146368,0.16531860607836735,-0.3838788292309948
MULTI_10a35,propria,so_INI,funcao_menor_vol,ppg_nao_piorando_ou_nada,450,-0.03660547251463524,0.22214627260681086,-0.16478094403782914
MULTI_10a35,propria,so_INI,funcao_menor_vol,ACASO,450,-0.09343893369180974,0.11673429268973694,-0.8004411689044715
MULTI_10a35,propria,so_INI,funcao_menor_vol,FIXO_RETROSPECTO,450,-0.3106044874661739,0.19740426176027254,-1.5734436769322213
MULTI_10a35,propria,so_INI,funcao_menor_vol,BASE_V6_MOM,450,-0.22870507285788874,0.16147752337313057,-1.4163275982962262
MULTI_10a35,propria,so_INI,funcao_menor_vol,FIXO_TUDO_INI,450,-0.00100446064292653,0.1655674392801861,-0.006066776458544506
MULTI_10a35,propria,so_INI,funcao_menor_vol,FIXO_TUDO_INI_CALR,450,-0.15576039783822596,0.24784374901240888,-0.6284620792692555
MULTI_10a35,propria,so_INI,funcao_menor_vol,FIXO_V6E_INI,450,-0.3106044874661739,0.19740426176027254,-1.5734436769322213
MULTI_10a35,propria,so_INI,funcao_menor_vol,FIXO_V6WR_INI,450,-0.20848331725395455,0.15780310965599115,-1.321161019630384
MULTI_10a35,propria,so_INI,funcao_menor_vol,FIXO_V6_INI,450,-0.2093374172451367,0.15544813586504916,-1.3466704896794066
MULTI_10a35,propria,so_INI,funcao_menor_vol,FAVORITO,450,0.7744143823413826,0.2523507304283007,3.0688018260419243
MULTI_10a35,propria,so_INI,funcao_menor_vol,ZEBRA,450,-0.15102970937315074,0.31031608429401736,-0.48669636224867274
MULTI_10a35,propria,so_INI,funcao_menor_vol,VIG_MERCADO,450,0.4945234160271356,0.1523943131655713,3.245025393367878
MULTI_10a35,comum,todas,bsskill_todas,llskill_todas,450,0.0015563896593851546,0.08231900884071883,0.018906807568548997
MULTI_10a35,comum,todas,bsskill_todas,ll_todas,450,-0.23835099720121378,0.14661307085554717,-1.6257145137901985
MULTI_10a35,comum,todas,bsskill_todas,llskill_entradas,450,-0.0015528268912137092,0.11869416012528665,-0.01308258881123246
MULTI_10a35,comum,todas,bsskill_todas,ll_entradas,450,-0.1502893042964118,0.12894073715395585,-1.1655688311830081
MULTI_10a35,comum,todas,bsskill_todas,ppg,450,0.01700119462522607,0.16631954741141305,0.10222006306433364
MULTI_10a35,comum,todas,bsskill_todas,lucro,450,0.01700119462522607,0.16631954741141305,0.10222006306433364
MULTI_10a35,comum,todas,bsskill_todas,roi,450,0.020829065504965678,0.15035095094457634,0.1385363070476612
MULTI_10a35,comum,todas,bsskill_todas,sharpe,450,-0.008998754541303325,0.15283097571782225,-0.05888043637121099
MULTI_10a35,comum,todas,bsskill_todas,sortino,450,0.061725646704959426,0.1580245499851327,0.390607957502595
MULTI_10a35,comum,todas,bsskill_todas,calmar,450,0.05601761980467067,0.11532036006469575,0.48575654614019836
MULTI_10a35,comum,todas,bsskill_todas,maxdd,450,-0.09033229905869983,0.15130554536546031,-0.5970190903480308
MULTI_10a35,comum,todas,bsskill_todas,seq_ruim,450,-0.06101994525981558,0.10430551123030626,-0.5850117078193856
MULTI_10a35,comum,todas,bsskill_todas,ppg_nao_piorando_ou_nada,450,0.01700119462522607,0.16631954741141305,0.10222006306433364
MULTI_10a35,comum,todas,bsskill_todas,funcao_menor_vol,450,-0.030722761786965383,0.14857198995422904,-0.20678703836726037
MULTI_10a35,comum,todas,bsskill_todas,ACASO,450,-0.1361743735263992,0.10172233671241421,-1.3386870369620643
MULTI_10a35,comum,todas,bsskill_todas,FIXO_RETROSPECTO,450,-0.4053076267380549,0.16668320244888524,-2.4316045095326615
MULTI_10a35,comum,todas,bsskill_todas,BASE_V6_MOM,450,-0.27532025998064863,0.14220780590479412,-1.9360418243494397
MULTI_10a35,comum,todas,bsskill_todas,FIXO_TUDO_INI,450,-0.04761964776568639,0.15713289385395476,-0.3030533365594723
MULTI_10a35,comum,todas,bsskill_todas,FIXO_TUDO_INI_CALR,450,-0.2023755849609859,0.19472390983494656,-1.039294995321967
MULTI_10a35,comum,todas,bsskill_todas,FIXO_TUDO_MOM,450,0.05458370199738175,0.16571000249888743,0.32939292242028795
MULTI_10a35,comum,todas,bsskill_todas,FIXO_V6E_INI,450,-0.35721967458893383,0.17286455410836882,-2.0664715009474572
MULTI_10a35,comum,todas,bsskill_todas,FIXO_V6E_MOM,450,-0.4053076267380549,0.16668320244888524,-2.4316045095326615
MULTI_10a35,comum,todas,bsskill_todas,FIXO_V6WR_INI,450,-0.2550985043767144,0.1441088293363791,-1.7701795618730825
MULTI_10a35,comum,todas,bsskill_todas,FIXO_V6WR_MOM,450,-0.2871084327390805,0.1451454067479116,-1.9780745334761447
MULTI_10a35,comum,todas,bsskill_todas,FIXO_V6_INI,450,-0.2559526043678966,0.14429334206025532,-1.7738351660121197
MULTI_10a35,comum,todas,bsskill_todas,FIXO_V6_MOM,450,-0.27532025998064863,0.14220780590479412,-1.9360418243494397
MULTI_10a35,comum,todas,bsskill_todas,FAVORITO,450,0.7277991952186228,0.28203514414662256,2.580526612811981
MULTI_10a35,comum,todas,bsskill_todas,ZEBRA,450,-0.19764489649591055,0.2588239051847155,-0.7636269005170014
MULTI_10a35,comum,todas,bsskill_todas,VIG_MERCADO,450,0.44790822890437576,0.1479024278266623,3.028403491992114
MULTI_10a35,comum,todas,llskill_todas,ppg,450,0.015444804965840938,0.1478086578010715,0.10449188292222605
MULTI_10a35,comum,todas,llskill_todas,lucro,450,0.015444804965840938,0.1478086578010715,0.10449188292222605
MULTI_10a35,comum,todas,llskill_todas,roi,450,0.019272675845580536,0.13008846974723745,0.14815053081204999
MULTI_10a35,comum,todas,llskill_todas,sharpe,450,-0.010555144200688475,0.13324151937565273,-0.07921813148144886
MULTI_10a35,comum,todas,llskill_todas,sortino,450,0.060169257045574284,0.1338936322195386,0.4493810202035434
MULTI_10a35,comum,todas,llskill_todas,maxdd,450,-0.09188868871808499,0.17765471674858416,-0.5172319114280838
MULTI_10a35,comum,todas,llskill_todas,seq_ruim,450,-0.06257633491920073,0.12841494467869038,-0.4872979159534292
MULTI_10a35,comum,todas,llskill_todas,ppg_nao_piorando_ou_nada,450,0.015444804965840938,0.1478086578010715,0.10449188292222605
MULTI_10a35,comum,todas,llskill_todas,ACASO,450,-0.13773076318578434,0.12840976705385704,-1.07258790624562
MULTI_10a35,comum,todas,llskill_todas,FIXO_RETROSPECTO,450,-0.40686401639744,0.1778105654169604,-2.2881880806315205
MULTI_10a35,comum,todas,llskill_todas,BASE_V6_MOM,450,-0.2768766496400338,0.16346540467681597,-1.6937935594839826
MULTI_10a35,comum,todas,llskill_todas,FIXO_TUDO_INI,450,-0.049176037425071525,0.17539523983819455,-0.2803727026482438
MULTI_10a35,comum,todas,llskill_todas,FIXO_TUDO_INI_CALR,450,-0.20393197462037102,0.17507846172686284,-1.1648033265138125
MULTI_10a35,comum,todas,llskill_todas,FIXO_TUDO_MOM,450,0.053027312337996596,0.17928350536180584,0.29577351374842886
MULTI_10a35,comum,todas,llskill_todas,FIXO_V6E_INI,450,-0.358776064248319,0.1814058454311091,-1.977753602127271
MULTI_10a35,comum,todas,llskill_todas,FIXO_V6E_MOM,450,-0.40686401639744,0.1778105654169604,-2.2881880806315205
MULTI_10a35,comum,todas,llskill_todas,FIXO_V6WR_INI,450,-0.25665489403609953,0.1650627463963129,-1.554892909753697
MULTI_10a35,comum,todas,llskill_todas,FIXO_V6WR_MOM,450,-0.28866482239846564,0.16545084081348577,-1.7447165634164417
MULTI_10a35,comum,todas,llskill_todas,FIXO_V6_INI,450,-0.2575089940272817,0.1663895472099674,-1.5476272298663716
MULTI_10a35,comum,todas,llskill_todas,FIXO_V6_MOM,450,-0.2768766496400338,0.16346540467681597,-1.6937935594839826
MULTI_10a35,comum,todas,llskill_todas,FAVORITO,450,0.7262428055592375,0.30585296130265194,2.3744834853522816
MULTI_10a35,comum,todas,llskill_todas,ZEBRA,450,-0.19920128615529584,0.24151232461402605,-0.8248079532738142
MULTI_10a35,comum,todas,llskill_todas,VIG_MERCADO,450,0.44635183924499067,0.1659072166316633,2.690370246135542
MULTI_10a35,comum,todas,brier_todas,bsskill_todas,450,0.16969409389365492,0.14514009258572688,1.1691744911449966
MULTI_10a35,comum,todas,brier_todas,llskill_todas,450,0.17125048355304007,0.1664688559721932,1.0287238568014523
MULTI_10a35,comum,todas,brier_todas,ll_todas,450,-0.06865690330755882,0.04391890517452867,-1.5632653645332049
MULTI_10a35,comum,todas,brier_todas,bsskill_entradas,450,0.06647449351609057,0.12582434317493355,0.5283118658817165
MULTI_10a35,comum,todas,brier_todas,llskill_entradas,450,0.1681412670024412,0.12653385852872842,1.3288243080350401
MULTI_10a35,comum,todas,brier_todas,ll_entradas,450,0.019404789597243136,0.1368049103654172,0.14184278579921833
MULTI_10a35,comum,todas,brier_todas,ppg,450,0.18669528851888098,0.18458793737116685,1.0114165160395974
MULTI_10a35,comum,todas,brier_todas,lucro,450,0.18669528851888098,0.18458793737116685,1.0114165160395974
MULTI_10a35,comum,todas,brier_todas,roi,450,0.19052315939862058,0.17860353817709873,1.0667378784495447
MULTI_10a35,comum,todas,brier_todas,sharpe,450,0.16069533935235158,0.17862461854000086,0.8996259343521888
MULTI_10a35,comum,todas,brier_todas,sortino,450,0.2314197405986143,0.1835876689214061,1.2605407648467126
MULTI_10a35,comum,todas,brier_todas,calmar,450,0.22571171369832554,0.15037658846572025,1.5009764219367077
MULTI_10a35,comum,todas,brier_todas,maxdd,450,0.07936179483495509,0.19409277557150997,0.4088858773917408
MULTI_10a35,comum,todas,brier_todas,seq_ruim,450,0.10867414863383933,0.12046572140695487,0.9021167794838376
MULTI_10a35,comum,todas,brier_todas,bsskill_t_ppg>=1_relaxar,450,0.14437291843326677,0.14588844133122914,0.9896117685257774
MULTI_10a35,comum,todas,brier_todas,ppg_nao_piorando_ou_nada,450,0.18669528851888098,0.18458793737116685,1.0114165160395974
MULTI_10a35,comum,todas,brier_todas,funcao_menor_vol,450,0.13897133210668952,0.1524636944914517,0.9115044245138723
MULTI_10a35,comum,todas,brier_todas,ACASO,450,0.03351972036725576,0.11707862644910487,0.28630093625011127
MULTI_10a35,comum,todas,brier_todas,FIXO_RETROSPECTO,450,-0.23561353284439995,0.1483433506281356,-1.5882985779054677
MULTI_10a35,comum,todas,brier_todas,BASE_V6_MOM,450,-0.10562616608699377,0.14899306210765362,-0.7089334536307101
MULTI_10a35,comum,todas,brier_todas,FIXO_TUDO_INI,450,0.12207444612796851,0.1767227106829922,0.6907682982915957
MULTI_10a35,comum,todas,brier_todas,FIXO_TUDO_INI_CALR,450,-0.03268149106733093,0.21316630377501744,-0.15331452714883131
MULTI_10a35,comum,todas,brier_todas,FIXO_TUDO_MOM,450,0.2242777958910367,0.19496749426111845,1.1503342992686933
MULTI_10a35,comum,todas,brier_todas,FIXO_V6E_INI,450,-0.18752558069527892,0.14458153712893118,-1.29702301150701
MULTI_10a35,comum,todas,brier_todas,FIXO_V6E_MOM,450,-0.23561353284439995,0.1483433506281356,-1.5882985779054677
MULTI_10a35,comum,todas,brier_todas,FIXO_V6WR_INI,450,-0.08540441048305952,0.15246065974591577,-0.5601734285119241
MULTI_10a35,comum,todas,brier_todas,FIXO_V6WR_MOM,450,-0.11741433884542557,0.1515904880006671,-0.7745495142472849
MULTI_10a35,comum,todas,brier_todas,FIXO_V6_INI,450,-0.08625851047424164,0.14814261491670114,-0.5822666929616693
MULTI_10a35,comum,todas,brier_todas,FIXO_V6_MOM,450,-0.10562616608699377,0.14899306210765362,-0.7089334536307101
MULTI_10a35,comum,todas,brier_todas,FAVORITO,450,0.8974932891122774,0.29862064507257313,3.0054629642038364
MULTI_10a35,comum,todas,brier_todas,ZEBRA,450,-0.027950802602255697,0.25513457321469385,-0.10955317521289168
MULTI_10a35,comum,todas,brier_todas,VIG_MERCADO,450,0.6176023227980306,0.16733206036697768,3.6908786125238677
MULTI_10a35,comum,todas,ll_todas,llskill_todas,450,0.23990738686059887,0.16817590755808937,1.4265264885086637
MULTI_10a35,comum,todas,ll_todas,llskill_entradas,450,0.23679817031000003,0.1264383353489229,1.8728352414362694
MULTI_10a35,comum,todas,ll_todas,ppg,450,0.25535219182643976,0.18598153373266954,1.3729975589591805
MULTI_10a35,comum,todas,ll_todas,lucro,450,0.25535219182643976,0.18598153373266954,1.3729975589591805
MULTI_10a35,comum,todas,ll_todas,roi,450,0.2591800627061794,0.17636377605295517,1.4695765111558834
MULTI_10a35,comum,todas,ll_todas,sharpe,450,0.22935224265991042,0.17691097918423895,1.296427410653004
MULTI_10a35,comum,todas,ll_todas,sortino,450,0.30007664390617317,0.1808963745649147,1.6588317185897532
MULTI_10a35,comum,todas,ll_todas,maxdd,450,0.14801869814251392,0.19326835883296642,0.7658713461236568
MULTI_10a35,comum,todas,ll_todas,seq_ruim,450,0.17733105194139814,0.1258080173776536,1.4095369725848348
MULTI_10a35,comum,todas,ll_todas,ppg_nao_piorando_ou_nada,450,0.25535219182643976,0.18598153373266954,1.3729975589591805
MULTI_10a35,comum,todas,ll_todas,ACASO,450,0.10217662367481457,0.11550564431929325,0.8846028631498462
MULTI_10a35,comum,todas,ll_todas,FIXO_RETROSPECTO,450,-0.16695662953684115,0.14247424216676283,-1.171837287903748
MULTI_10a35,comum,todas,ll_todas,BASE_V6_MOM,450,-0.03696926277943496,0.14187647862982122,-0.26057358581540335
MULTI_10a35,comum,todas,ll_todas,FIXO_TUDO_INI,450,0.19073134943552741,0.17692310960604063,1.0780465585317485
MULTI_10a35,comum,todas,ll_todas,FIXO_TUDO_INI_CALR,450,0.0359754122402279,0.21333411596008078,0.16863412623117272
MULTI_10a35,comum,todas,ll_todas,FIXO_TUDO_MOM,450,0.29293469919859555,0.19361951853669399,1.51293992161787
MULTI_10a35,comum,todas,ll_todas,FIXO_V6E_INI,450,-0.11886867738772004,0.13927685793566014,-0.8534704124545387
MULTI_10a35,comum,todas,ll_todas,FIXO_V6E_MOM,450,-0.16695662953684115,0.14247424216676283,-1.171837287903748
MULTI_10a35,comum,todas,ll_todas,FIXO_V6WR_INI,450,-0.01674750717550072,0.14177750308046036,-0.11812527948102117
MULTI_10a35,comum,todas,ll_todas,FIXO_V6WR_MOM,450,-0.04875743553786676,0.14264116394983936,-0.34181882836438865
MULTI_10a35,comum,todas,ll_todas,FIXO_V6_INI,450,-0.017601607166682857,0.13758236319211803,-0.127935054743203
MULTI_10a35,comum,todas,ll_todas,FIXO_V6_MOM,450,-0.03696926277943496,0.14187647862982122,-0.26057358581540335
MULTI_10a35,comum,todas,ll_todas,FAVORITO,450,0.9661501924198362,0.2963980017038273,3.2596380099257622
MULTI_10a35,comum,todas,ll_todas,ZEBRA,450,0.0407061007053031,0.2559631557925982,0.1590310940621721
MULTI_10a35,comum,todas,ll_todas,VIG_MERCADO,450,0.6862592261055894,0.16632770006144215,4.1259467055221855
MULTI_10a35,comum,todas,bsskill_entradas,bsskill_todas,450,0.10321960037756438,0.12112725830752537,0.8521583153108615
MULTI_10a35,comum,todas,bsskill_entradas,llskill_todas,450,0.1047759900369495,0.14274578646795721,0.734004082568623
MULTI_10a35,comum,todas,bsskill_entradas,ll_todas,450,-0.13513139682364939,0.12817239680958825,-1.0542940616488539
MULTI_10a35,comum,todas,bsskill_entradas,llskill_entradas,450,0.10166677348635064,0.0671076765477028,1.5149797864642482
MULTI_10a35,comum,todas,bsskill_entradas,ll_entradas,450,-0.047069703918847454,0.15264027263827604,-0.30837015097838777
MULTI_10a35,comum,todas,bsskill_entradas,ppg,450,0.12022079500279044,0.1561040786700953,0.7701323118972485
MULTI_10a35,comum,todas,bsskill_entradas,lucro,450,0.12022079500279044,0.1561040786700953,0.7701323118972485
MULTI_10a35,comum,todas,bsskill_entradas,roi,450,0.12404866588253004,0.126608103424502,0.9797845677113537
MULTI_10a35,comum,todas,bsskill_entradas,sharpe,450,0.09422084583626103,0.13027884731886094,0.7232244357033111
MULTI_10a35,comum,todas,bsskill_entradas,sortino,450,0.16494524708252378,0.13552279614002982,1.217103334498006
MULTI_10a35,comum,todas,bsskill_entradas,calmar,450,0.159237220182235,0.1056032156792922,1.5078823041319556
MULTI_10a35,comum,todas,bsskill_entradas,maxdd,450,0.012887301318864501,0.1451524387842183,0.08878460070534945
MULTI_10a35,comum,todas,bsskill_entradas,seq_ruim,450,0.042199655117748765,0.09996266062357478,0.4221541809161947
MULTI_10a35,comum,todas,bsskill_entradas,bsskill_t_ppg>=1_relaxar,450,0.07789842491717618,0.1219145530647773,0.638959196903967
MULTI_10a35,comum,todas,bsskill_entradas,ppg_nao_piorando_ou_nada,450,0.12022079500279044,0.1561040786700953,0.7701323118972485
MULTI_10a35,comum,todas,bsskill_entradas,funcao_menor_vol,450,0.07249683859059895,0.15466390402413127,0.4687379324091529
MULTI_10a35,comum,todas,bsskill_entradas,ACASO,450,-0.03295477314883484,0.08983840617653789,-0.3668227715892101
MULTI_10a35,comum,todas,bsskill_entradas,FIXO_RETROSPECTO,450,-0.30208802636049054,0.1441448242236013,-2.095725795134229
MULTI_10a35,comum,todas,bsskill_entradas,BASE_V6_MOM,450,-0.17210065960308438,0.1316060239667563,-1.3076959125104868
MULTI_10a35,comum,todas,bsskill_entradas,FIXO_TUDO_INI,450,0.055599952611877924,0.17375976471680502,0.3199817443497069
MULTI_10a35,comum,todas,bsskill_entradas,FIXO_TUDO_INI_CALR,450,-0.0991559845834215,0.20293207151532655,-0.48861662842648645
MULTI_10a35,comum,todas,bsskill_entradas,FIXO_TUDO_MOM,450,0.15780330237494616,0.18750680378849466,0.8415870741039686
MULTI_10a35,comum,todas,bsskill_entradas,FIXO_V6E_INI,450,-0.25400007421136944,0.14413499810545907,-1.762237329933744
MULTI_10a35,comum,todas,bsskill_entradas,FIXO_V6E_MOM,450,-0.30208802636049054,0.1441448242236013,-2.095725795134229
MULTI_10a35,comum,todas,bsskill_entradas,FIXO_V6WR_INI,450,-0.15187890399915008,0.14303364356314452,-1.061840418908861
MULTI_10a35,comum,todas,bsskill_entradas,FIXO_V6WR_MOM,450,-0.18388883236151612,0.13581811892817847,-1.353934466275135
MULTI_10a35,comum,todas,bsskill_entradas,FIXO_V6_INI,450,-0.1527330039903322,0.14096021833131306,-1.083518497618586
MULTI_10a35,comum,todas,bsskill_entradas,FIXO_V6_MOM,450,-0.17210065960308438,0.1316060239667563,-1.3076959125104868
MULTI_10a35,comum,todas,bsskill_entradas,FAVORITO,450,0.8310187955961871,0.2829689813028829,2.9367840664722378
MULTI_10a35,comum,todas,bsskill_entradas,ZEBRA,450,-0.0944252961183463,0.2552146954857456,-0.3699837736170651
MULTI_10a35,comum,todas,bsskill_entradas,VIG_MERCADO,450,0.55112782928194,0.15083520346699616,3.653840858195486
MULTI_10a35,comum,todas,llskill_entradas,llskill_todas,450,0.003109216550598863,0.14051958922389984,0.02212657016556409
MULTI_10a35,comum,todas,llskill_entradas,ppg,450,0.018554021516439805,0.14892663520390556,0.12458497763705086
MULTI_10a35,comum,todas,llskill_entradas,lucro,450,0.018554021516439805,0.14892663520390556,0.12458497763705086
MULTI_10a35,comum,todas,llskill_entradas,roi,450,0.022381892396179406,0.1295904401958387,0.17271252696075118
MULTI_10a35,comum,todas,llskill_entradas,sharpe,450,-0.00744592765008962,0.13161797913028828,-0.0565722684643176
MULTI_10a35,comum,todas,llskill_entradas,sortino,450,0.06327847359617314,0.13800406057659512,0.4585261718516773
MULTI_10a35,comum,todas,llskill_entradas,maxdd,450,-0.08877947216748613,0.1625839121341417,-0.546053241074908
MULTI_10a35,comum,todas,llskill_entradas,seq_ruim,450,-0.059467118368601905,0.09978320480665122,-0.5959632032648247
MULTI_10a35,comum,todas,llskill_entradas,ppg_nao_piorando_ou_nada,450,0.018554021516439805,0.14892663520390556,0.12458497763705086
MULTI_10a35,comum,todas,llskill_entradas,ACASO,450,-0.13462154663518547,0.10575353120945923,-1.2729744822283922
MULTI_10a35,comum,todas,llskill_entradas,FIXO_RETROSPECTO,450,-0.40375479984684115,0.169003707452922,-2.3890292463513667
MULTI_10a35,comum,todas,llskill_entradas,BASE_V6_MOM,450,-0.273767433089435,0.14883938007706066,-1.839348114374661
MULTI_10a35,comum,todas,llskill_entradas,FIXO_TUDO_INI,450,-0.04606682087447268,0.19085409388607008,-0.24137192939634908
MULTI_10a35,comum,todas,llskill_entradas,FIXO_TUDO_INI_CALR,450,-0.20082275806977215,0.2237306347124554,-0.8976095666464046
MULTI_10a35,comum,todas,llskill_entradas,FIXO_TUDO_MOM,450,0.05613652888859544,0.2025661878008131,0.27712684677561034
MULTI_10a35,comum,todas,llskill_entradas,FIXO_V6E_INI,450,-0.3556668476977201,0.1702066166693509,-2.0896182220027937
MULTI_10a35,comum,todas,llskill_entradas,FIXO_V6E_MOM,450,-0.40375479984684115,0.169003707452922,-2.3890292463513667
MULTI_10a35,comum,todas,llskill_entradas,FIXO_V6WR_INI,450,-0.2535456774855007,0.15295803988753798,-1.6576158904227563
MULTI_10a35,comum,todas,llskill_entradas,FIXO_V6WR_MOM,450,-0.2855556058478668,0.1520382134413475,-1.8781831184699298
MULTI_10a35,comum,todas,llskill_entradas,FIXO_V6_INI,450,-0.25439977747668285,0.15153470375729264,-1.6788218881144565
MULTI_10a35,comum,todas,llskill_entradas,FIXO_V6_MOM,450,-0.273767433089435,0.14883938007706066,-1.839348114374661
MULTI_10a35,comum,todas,llskill_entradas,FAVORITO,450,0.7293520221098365,0.2732362022287849,2.6693096162240564
MULTI_10a35,comum,todas,llskill_entradas,ZEBRA,450,-0.1960920696046969,0.2725830430957942,-0.7193846960457626
MULTI_10a35,comum,todas,llskill_entradas,VIG_MERCADO,450,0.44946105579558937,0.14914260067068422,3.0136329511111737
MULTI_10a35,comum,todas,brier_entradas,bsskill_todas,450,0.14924598298449443,0.14841790777964367,1.0055793483228466
MULTI_10a35,comum,todas,brier_entradas,llskill_todas,450,0.15080237264387955,0.16506804088176402,0.9135770427656389
MULTI_10a35,comum,todas,brier_entradas,brier_todas,450,-0.020448110909160506,0.1485477233400707,-0.13765347895873567
MULTI_10a35,comum,todas,brier_entradas,ll_todas,450,-0.0891050142167193,0.14913318409613097,-0.5974861648449911
MULTI_10a35,comum,todas,brier_entradas,bsskill_entradas,450,0.04602638260693007,0.16539859453683964,0.2782755363539592
MULTI_10a35,comum,todas,brier_entradas,llskill_entradas,450,0.1476931560932807,0.1697622791993761,0.86999984207224
MULTI_10a35,comum,todas,brier_entradas,ll_entradas,450,-0.001043321311917364,0.05731919108944773,-0.01820195456508171
MULTI_10a35,comum,todas,brier_entradas,ppg,450,0.16624717760972046,0.2053860137089433,0.8094376759525248
MULTI_10a35,comum,todas,brier_entradas,lucro,450,0.16624717760972046,0.2053860137089433,0.8094376759525248
MULTI_10a35,comum,todas,brier_entradas,roi,450,0.1700750484894601,0.18835940090298559,0.9029283788020602
MULTI_10a35,comum,todas,brier_entradas,sharpe,450,0.1402472284431911,0.18812402607470788,0.7455040771214203
MULTI_10a35,comum,todas,brier_entradas,sortino,450,0.21097162968945382,0.1942992735580838,1.0858076091899849
MULTI_10a35,comum,todas,brier_entradas,calmar,450,0.20526360278916508,0.1585536622162265,1.2946001998316394
MULTI_10a35,comum,todas,brier_entradas,maxdd,450,0.05891368392579458,0.13584708301860868,0.4336764736989195
MULTI_10a35,comum,todas,brier_entradas,seq_ruim,450,0.08822603772467882,0.14588723391570207,0.604755024525713
MULTI_10a35,comum,todas,brier_entradas,bsskill_t_ppg>=1_relaxar,450,0.12392480752410626,0.14803652671682746,0.8371231767762057
MULTI_10a35,comum,todas,brier_entradas,ppg_nao_piorando_ou_nada,450,0.16624717760972046,0.2053860137089433,0.8094376759525248
MULTI_10a35,comum,todas,brier_entradas,funcao_menor_vol,450,0.11852322119752903,0.09076638922492566,1.3058051797545889
MULTI_10a35,comum,todas,brier_entradas,ACASO,450,0.01307160945809524,0.11625738924280425,0.11243680546442605
MULTI_10a35,comum,todas,brier_entradas,FIXO_RETROSPECTO,450,-0.2560616437535605,0.17991911420474524,-1.4232042264401448
MULTI_10a35,comum,todas,brier_entradas,BASE_V6_MOM,450,-0.12607427699615426,0.14608111735275428,-0.863042939983216
MULTI_10a35,comum,todas,brier_entradas,FIXO_TUDO_INI,450,0.101626335218808,0.16799858268166587,0.6049237654068539
MULTI_10a35,comum,todas,brier_entradas,FIXO_TUDO_INI_CALR,450,-0.05312960197649141,0.23286361394894367,-0.22815759437685398
MULTI_10a35,comum,todas,brier_entradas,FIXO_TUDO_MOM,450,0.20382968498187615,0.1958566496170465,1.0407085252424113
MULTI_10a35,comum,todas,brier_entradas,FIXO_V6E_INI,450,-0.20797369160443946,0.1818030961053168,-1.1439502189993633
MULTI_10a35,comum,todas,brier_entradas,FIXO_V6E_MOM,450,-0.2560616437535605,0.17991911420474524,-1.4232042264401448
MULTI_10a35,comum,todas,brier_entradas,FIXO_V6WR_INI,450,-0.10585252139222001,0.14009364969309687,-0.7555840084408616
MULTI_10a35,comum,todas,brier_entradas,FIXO_V6WR_MOM,450,-0.13786244975458603,0.14880821011325582,-0.9264438410331048
MULTI_10a35,comum,todas,brier_entradas,FIXO_V6_INI,450,-0.10670662138340216,0.13841841083692738,-0.7708990497594622
MULTI_10a35,comum,todas,brier_entradas,FIXO_V6_MOM,450,-0.12607427699615426,0.14608111735275428,-0.863042939983216
MULTI_10a35,comum,todas,brier_entradas,FAVORITO,450,0.877045178203117,0.2834754409339111,3.0939018043809643
MULTI_10a35,comum,todas,brier_entradas,ZEBRA,450,-0.04839891351141617,0.2779750193475857,-0.1741124566697023
MULTI_10a35,comum,todas,brier_entradas,VIG_MERCADO,450,0.5971542118888701,0.16230034028999676,3.679315833977183
MULTI_10a35,comum,todas,ll_entradas,llskill_todas,450,0.1518456939557969,0.1496630628069115,1.0145836327811981
MULTI_10a35,comum,todas,ll_entradas,ll_todas,450,-0.08806169290480192,0.13745228758690797,-0.640670988099216
MULTI_10a35,comum,todas,ll_entradas,llskill_entradas,450,0.14873647740519808,0.15813201656655138,0.9405842070103552
MULTI_10a35,comum,todas,ll_entradas,ppg,450,0.1672904989216378,0.18236052759841645,0.9173613452689445
MULTI_10a35,comum,todas,ll_entradas,lucro,450,0.1672904989216378,0.18236052759841645,0.9173613452689445
MULTI_10a35,comum,todas,ll_entradas,roi,450,0.17111836980137746,0.17342470047122785,0.9867012561441153
MULTI_10a35,comum,todas,ll_entradas,sharpe,450,0.1412905497551085,0.17421927414478744,0.8109926438890277
MULTI_10a35,comum,todas,ll_entradas,sortino,450,0.21201495100137127,0.180860576789282,1.1722563024245287
MULTI_10a35,comum,todas,ll_entradas,maxdd,450,0.05995700523771194,0.13980632372897964,0.4288576055682652
MULTI_10a35,comum,todas,ll_entradas,seq_ruim,450,0.08926935903659616,0.13190809416780475,0.676754217394981
MULTI_10a35,comum,todas,ll_entradas,ppg_nao_piorando_ou_nada,450,0.1672904989216378,0.18236052759841645,0.9173613452689445
MULTI_10a35,comum,todas,ll_entradas,ACASO,450,0.014114930770012624,0.09946767053387484,0.14190470827609886
MULTI_10a35,comum,todas,ll_entradas,FIXO_RETROSPECTO,450,-0.2550183224416431,0.1581777194134302,-1.6122265726634983
MULTI_10a35,comum,todas,ll_entradas,BASE_V6_MOM,450,-0.12503095568423686,0.130001475007564,-0.961765669789224
MULTI_10a35,comum,todas,ll_entradas,FIXO_TUDO_INI,450,0.10266965653072538,0.15856396914659443,0.6474967616117503
MULTI_10a35,comum,todas,ll_entradas,FIXO_TUDO_INI_CALR,450,-0.05208628066457406,0.2051266806706171,-0.25392250532348737
MULTI_10a35,comum,todas,ll_entradas,FIXO_TUDO_MOM,450,0.2048730062937935,0.18132666875072587,1.1298558987781182
MULTI_10a35,comum,todas,ll_entradas,FIXO_V6E_INI,450,-0.2069303702925221,0.16054422414900238,-1.2889306444339497
MULTI_10a35,comum,todas,ll_entradas,FIXO_V6E_MOM,450,-0.2550183224416431,0.1581777194134302,-1.6122265726634983
MULTI_10a35,comum,todas,ll_entradas,FIXO_V6WR_INI,450,-0.10480920008030267,0.12942207623473492,-0.8098247465154903
MULTI_10a35,comum,todas,ll_entradas,FIXO_V6WR_MOM,450,-0.13681912844266866,0.13254771682046215,-1.0322254635890273
MULTI_10a35,comum,todas,ll_entradas,FIXO_V6_INI,450,-0.10566330007148479,0.1277940408712381,-0.8268249391843578
MULTI_10a35,comum,todas,ll_entradas,FIXO_V6_MOM,450,-0.12503095568423686,0.130001475007564,-0.961765669789224
MULTI_10a35,comum,todas,ll_entradas,FAVORITO,450,0.8780884995150344,0.28683237564534586,3.061329801210264
MULTI_10a35,comum,todas,ll_entradas,ZEBRA,450,-0.047355592199498774,0.2576097760937193,-0.1838268442975186
MULTI_10a35,comum,todas,ll_entradas,VIG_MERCADO,450,0.5981975332007875,0.15828153420085103,3.779326099036328
MULTI_10a35,comum,todas,ppg,roi,450,0.003827870879739608,0.12402459088878746,0.03086380573649342
MULTI_10a35,comum,todas,ppg,sharpe,450,-0.025999949166529406,0.12899775058807636,-0.20155350808832365
MULTI_10a35,comum,todas,ppg,sortino,450,0.04472445207973335,0.12706792743666515,0.35197278323458525
MULTI_10a35,comum,todas,ppg,seq_ruim,450,-0.07802113988504168,0.16492140467561292,-0.4730807382977544
MULTI_10a35,comum,todas,ppg,ppg_nao_piorando_ou_nada,450,0.0,0.0,
MULTI_10a35,comum,todas,ppg,ACASO,450,-0.1531755681516253,0.15569631063595432,-0.9838098765858174
MULTI_10a35,comum,todas,ppg,FIXO_RETROSPECTO,450,-0.4223088213632808,0.18795173679403174,-2.246900340304229
MULTI_10a35,comum,todas,ppg,BASE_V6_MOM,450,-0.2923214546058747,0.17712553518254232,-1.6503631410604553
MULTI_10a35,comum,todas,ppg,FIXO_TUDO_INI,450,-0.06462084239091248,0.22242055641437372,-0.2905344876060944
MULTI_10a35,comum,todas,ppg,FIXO_TUDO_INI_CALR,450,-0.21937677958621196,0.20965267720759562,-1.0463819613855332
MULTI_10a35,comum,todas,ppg,FIXO_TUDO_MOM,450,0.0375825073721557,0.22116992297818294,0.1699259414032666
MULTI_10a35,comum,todas,ppg,FIXO_V6E_INI,450,-0.37422086921415976,0.18411532170582653,-2.0325351836392938
MULTI_10a35,comum,todas,ppg,FIXO_V6E_MOM,450,-0.4223088213632808,0.18795173679403174,-2.246900340304229
MULTI_10a35,comum,todas,ppg,FIXO_V6WR_INI,450,-0.27209969900194053,0.1931371129187273,-1.4088421168252678
MULTI_10a35,comum,todas,ppg,FIXO_V6WR_MOM,450,-0.3041096273643065,0.17899962364421348,-1.698940037822462
MULTI_10a35,comum,todas,ppg,FIXO_V6_INI,450,-0.27295379899312266,0.19258447046166585,-1.417319882225158
MULTI_10a35,comum,todas,ppg,FIXO_V6_MOM,450,-0.2923214546058747,0.17712553518254232,-1.6503631410604553
MULTI_10a35,comum,todas,ppg,FAVORITO,450,0.7107980005933967,0.33238290166568946,2.1384914718276242
MULTI_10a35,comum,todas,ppg,ZEBRA,450,-0.21464609112113667,0.24955666618423825,-0.860109627216576
MULTI_10a35,comum,todas,ppg,VIG_MERCADO,450,0.43090703427914956,0.20336546113149123,2.118880127833189
MULTI_10a35,comum,todas,lucro,ppg,450,0.0,0.0,
MULTI_10a35,comum,todas,lucro,roi,450,0.003827870879739608,0.12402459088878746,0.03086380573649342
MULTI_10a35,comum,todas,lucro,sharpe,450,-0.025999949166529406,0.12899775058807636,-0.20155350808832365
MULTI_10a35,comum,todas,lucro,sortino,450,0.04472445207973335,0.12706792743666515,0.35197278323458525
MULTI_10a35,comum,todas,lucro,maxdd,450,-0.10733349368392589,0.2060316293737508,-0.5209563891242058
MULTI_10a35,comum,todas,lucro,seq_ruim,450,-0.07802113988504168,0.16492140467561292,-0.4730807382977544
MULTI_10a35,comum,todas,lucro,ppg_nao_piorando_ou_nada,450,0.0,0.0,
MULTI_10a35,comum,todas,lucro,ACASO,450,-0.1531755681516253,0.15569631063595432,-0.9838098765858174
MULTI_10a35,comum,todas,lucro,FIXO_RETROSPECTO,450,-0.4223088213632808,0.18795173679403174,-2.246900340304229
MULTI_10a35,comum,todas,lucro,BASE_V6_MOM,450,-0.2923214546058747,0.17712553518254232,-1.6503631410604553
MULTI_10a35,comum,todas,lucro,FIXO_TUDO_INI,450,-0.06462084239091248,0.22242055641437372,-0.2905344876060944
MULTI_10a35,comum,todas,lucro,FIXO_TUDO_INI_CALR,450,-0.21937677958621196,0.20965267720759562,-1.0463819613855332
MULTI_10a35,comum,todas,lucro,FIXO_TUDO_MOM,450,0.0375825073721557,0.22116992297818294,0.1699259414032666
MULTI_10a35,comum,todas,lucro,FIXO_V6E_INI,450,-0.37422086921415976,0.18411532170582653,-2.0325351836392938
MULTI_10a35,comum,todas,lucro,FIXO_V6E_MOM,450,-0.4223088213632808,0.18795173679403174,-2.246900340304229
MULTI_10a35,comum,todas,lucro,FIXO_V6WR_INI,450,-0.27209969900194053,0.1931371129187273,-1.4088421168252678
MULTI_10a35,comum,todas,lucro,FIXO_V6WR_MOM,450,-0.3041096273643065,0.17899962364421348,-1.698940037822462
MULTI_10a35,comum,todas,lucro,FIXO_V6_INI,450,-0.27295379899312266,0.19258447046166585,-1.417319882225158
MULTI_10a35,comum,todas,lucro,FIXO_V6_MOM,450,-0.2923214546058747,0.17712553518254232,-1.6503631410604553
MULTI_10a35,comum,todas,lucro,FAVORITO,450,0.7107980005933967,0.33238290166568946,2.1384914718276242
MULTI_10a35,comum,todas,lucro,ZEBRA,450,-0.21464609112113667,0.24955666618423825,-0.860109627216576
MULTI_10a35,comum,todas,lucro,VIG_MERCADO,450,0.43090703427914956,0.20336546113149123,2.118880127833189
MULTI_10a35,comum,todas,roi,sharpe,450,-0.02982782004626901,0.03478313817258023,-0.8575367725095739
MULTI_10a35,comum,todas,roi,sortino,450,0.040896581199993745,0.030903411689688597,1.323367840763016
MULTI_10a35,comum,todas,roi,seq_ruim,450,-0.08184901076478131,0.15078745362277,-0.542810484548308
MULTI_10a35,comum,todas,roi,ACASO,450,-0.15700343903136485,0.13239663790319126,-1.1858566918154383
MULTI_10a35,comum,todas,roi,FIXO_RETROSPECTO,450,-0.4261366922430205,0.19762072032130254,-2.1563360944651158
MULTI_10a35,comum,todas,roi,BASE_V6_MOM,450,-0.2961493254856144,0.17304161903507081,-1.7114340881518972
MULTI_10a35,comum,todas,roi,FIXO_TUDO_INI,450,-0.06844871327065209,0.19866445316973186,-0.34454434187162786
MULTI_10a35,comum,todas,roi,FIXO_TUDO_INI_CALR,450,-0.22320465046595156,0.2144014447927111,-1.0410594512632676
MULTI_10a35,comum,todas,roi,FIXO_TUDO_MOM,450,0.033754636492416064,0.19801634509346425,0.1704638901222209
MULTI_10a35,comum,todas,roi,FIXO_V6E_INI,450,-0.37804874009389944,0.19785518201055602,-1.9107345900787662
MULTI_10a35,comum,todas,roi,FIXO_V6E_MOM,450,-0.4261366922430205,0.19762072032130254,-2.1563360944651158
MULTI_10a35,comum,todas,roi,FIXO_V6WR_INI,450,-0.27592756988168016,0.18600347945901102,-1.483453807876134
MULTI_10a35,comum,todas,roi,FIXO_V6WR_MOM,450,-0.30793749824404626,0.1756690062116601,-1.7529415398013835
MULTI_10a35,comum,todas,roi,FIXO_V6_INI,450,-0.27678166987286223,0.1859973527339814,-1.4880946734157183
MULTI_10a35,comum,todas,roi,FIXO_V6_MOM,450,-0.2961493254856144,0.17304161903507081,-1.7114340881518972
MULTI_10a35,comum,todas,roi,FAVORITO,450,0.7069701297136569,0.28324061892925895,2.4960054542538157
MULTI_10a35,comum,todas,roi,ZEBRA,450,-0.21847396200087624,0.2769832395930176,-0.7887623898178411
MULTI_10a35,comum,todas,roi,VIG_MERCADO,450,0.42707916339941004,0.15694983722018463,2.72111886806395
MULTI_10a35,comum,todas,sharpe,sortino,450,0.07072440124626275,0.03585227246441103,1.9726616023145465
MULTI_10a35,comum,todas,sharpe,ACASO,450,-0.12717561898509588,0.1360096344690798,-0.9350486050604583
MULTI_10a35,comum,todas,sharpe,FIXO_RETROSPECTO,450,-0.39630887219675154,0.2008409936174164,-1.973246920654473
MULTI_10a35,comum,todas,sharpe,BASE_V6_MOM,450,-0.2663215054393454,0.1705706910595088,-1.5613556103048851
MULTI_10a35,comum,todas,sharpe,FIXO_TUDO_INI,450,-0.03862089322438307,0.20317828793613013,-0.1900837614918957
MULTI_10a35,comum,todas,sharpe,FIXO_TUDO_INI_CALR,450,-0.19337683041968254,0.21430037173131042,-0.9023634856879212
MULTI_10a35,comum,todas,sharpe,FIXO_TUDO_MOM,450,0.06358245653868508,0.2039602387169993,0.31173946911734873
MULTI_10a35,comum,todas,sharpe,FIXO_V6E_INI,450,-0.3482209200476304,0.20153441004928405,-1.727848460034567
MULTI_10a35,comum,todas,sharpe,FIXO_V6E_MOM,450,-0.39630887219675154,0.2008409936174164,-1.973246920654473
MULTI_10a35,comum,todas,sharpe,FIXO_V6WR_INI,450,-0.24609974983541114,0.18386887133641097,-1.3384524963181017
MULTI_10a35,comum,todas,sharpe,FIXO_V6WR_MOM,450,-0.2781096781977772,0.1731168281859151,-1.6064855225923347
MULTI_10a35,comum,todas,sharpe,FIXO_V6_INI,450,-0.24695384982659324,0.1840455837739791,-1.341808071471413
MULTI_10a35,comum,todas,sharpe,FIXO_V6_MOM,450,-0.2663215054393454,0.1705706910595088,-1.5613556103048851
MULTI_10a35,comum,todas,sharpe,FAVORITO,450,0.7367979497599259,0.2883197419133176,2.5554890722031853
MULTI_10a35,comum,todas,sharpe,ZEBRA,450,-0.18864614195460724,0.27650450905697693,-0.6822534019354257
MULTI_10a35,comum,todas,sharpe,VIG_MERCADO,450,0.4569069834456789,0.16152723354138,2.8286684135442006
MULTI_10a35,comum,todas,sortino,ACASO,450,-0.19790002023135864,0.1379557672320967,-1.4345179197794011
MULTI_10a35,comum,todas,sortino,FIXO_RETROSPECTO,450,-0.4670332734430142,0.2019583596495401,-2.312522612351678
MULTI_10a35,comum,todas,sortino,BASE_V6_MOM,450,-0.3370459066856082,0.17582655660866414,-1.916922637777459
MULTI_10a35,comum,todas,sortino,FIXO_TUDO_INI,450,-0.10934529447064581,0.2050232962536842,-0.5333310724618735
MULTI_10a35,comum,todas,sortino,FIXO_TUDO_INI_CALR,450,-0.26410123166594524,0.21874813579465066,-1.207330205153701
MULTI_10a35,comum,todas,sortino,FIXO_TUDO_MOM,450,-0.007141944707577669,0.2051248330590515,-0.03481755280952083
MULTI_10a35,comum,todas,sortino,FIXO_V6E_INI,450,-0.4189453212938932,0.20376176748760394,-2.0560546095546615
MULTI_10a35,comum,todas,sortino,FIXO_V6E_MOM,450,-0.4670332734430142,0.2019583596495401,-2.312522612351678
MULTI_10a35,comum,todas,sortino,FIXO_V6WR_INI,450,-0.3168241510816739,0.18901783113829776,-1.6761601229561496
MULTI_10a35,comum,todas,sortino,FIXO_V6WR_MOM,450,-0.3488340794440399,0.17809944559862326,-1.9586477558733986
MULTI_10a35,comum,todas,sortino,FIXO_V6_INI,450,-0.317678251072856,0.18928915526400145,-1.6782696854967227
MULTI_10a35,comum,todas,sortino,FIXO_V6_MOM,450,-0.3370459066856082,0.17582655660866414,-1.916922637777459
MULTI_10a35,comum,todas,sortino,FAVORITO,450,0.6660735485136632,0.2862324765849528,2.3270369472416412
MULTI_10a35,comum,todas,sortino,ZEBRA,450,-0.25937054320087,0.2794106273605695,-0.9282773015865339
MULTI_10a35,comum,todas,sortino,VIG_MERCADO,450,0.3861825821994162,0.1610690435348839,2.397621378534962
MULTI_10a35,comum,todas,calmar,llskill_todas,450,-0.05446123014528549,0.12440211340195642,-0.4377838017053254
MULTI_10a35,comum,todas,calmar,ll_todas,450,-0.29436861700588435,0.15360189904466795,-1.9164386562713067
MULTI_10a35,comum,todas,calmar,llskill_entradas,450,-0.05757044669588434,0.11415761943631807,-0.5043066505779719
MULTI_10a35,comum,todas,calmar,ll_entradas,450,-0.20630692410108242,0.14354874155171798,-1.4371907539625055
MULTI_10a35,comum,todas,calmar,ppg,450,-0.039016425179444564,0.13372951140302314,-0.29175628303808
MULTI_10a35,comum,todas,calmar,lucro,450,-0.039016425179444564,0.13372951140302314,-0.29175628303808
MULTI_10a35,comum,todas,calmar,roi,450,-0.03518855429970494,0.13098249001835924,-0.2686508272576946
MULTI_10a35,comum,todas,calmar,sharpe,450,-0.06501637434597395,0.13195353660238535,-0.49272172629891176
MULTI_10a35,comum,todas,calmar,sortino,450,0.005708026900288802,0.13216853270417162,0.04318748784981132
MULTI_10a35,comum,todas,calmar,maxdd,450,-0.14634991886337048,0.15270929116700596,-0.9583563498000869
MULTI_10a35,comum,todas,calmar,seq_ruim,450,-0.11703756506448625,0.1237944189294028,-0.9454187521267027
MULTI_10a35,comum,todas,calmar,ppg_nao_piorando_ou_nada,450,-0.039016425179444564,0.13372951140302314,-0.29175628303808
MULTI_10a35,comum,todas,calmar,funcao_menor_vol,450,-0.08674038159163604,0.15057506904354395,-0.5760607127236453
MULTI_10a35,comum,todas,calmar,ACASO,450,-0.19219199333106982,0.09701548213329612,-1.9810445622174433
MULTI_10a35,comum,todas,calmar,FIXO_RETROSPECTO,450,-0.46132524654272544,0.1709745925486843,-2.69820936354251
MULTI_10a35,comum,todas,calmar,BASE_V6_MOM,450,-0.3313378797853194,0.13936794903984426,-2.3774324159035474
MULTI_10a35,comum,todas,calmar,FIXO_TUDO_INI,450,-0.10363726757035707,0.17077638831986106,-0.6068594645311643
MULTI_10a35,comum,todas,calmar,FIXO_TUDO_INI_CALR,450,-0.2583932047656565,0.22071851254921238,-1.1706911295356073
MULTI_10a35,comum,todas,calmar,FIXO_TUDO_MOM,450,-0.0014339178072888985,0.17298338600112803,-0.008289338302578653
MULTI_10a35,comum,todas,calmar,FIXO_V6E_INI,450,-0.4132372943936045,0.1722930737423913,-2.3984556396705043
MULTI_10a35,comum,todas,calmar,FIXO_V6E_MOM,450,-0.46132524654272544,0.1709745925486843,-2.69820936354251
MULTI_10a35,comum,todas,calmar,FIXO_V6WR_INI,450,-0.311116124181385,0.15058486901132886,-2.0660516971195757
MULTI_10a35,comum,todas,calmar,FIXO_V6WR_MOM,450,-0.34312605254375117,0.1417871037784523,-2.420008896436016
MULTI_10a35,comum,todas,calmar,FIXO_V6_INI,450,-0.31197022417256715,0.14998314848746924,-2.0800351727423
MULTI_10a35,comum,todas,calmar,FIXO_V6_MOM,450,-0.3313378797853194,0.13936794903984426,-2.3774324159035474
MULTI_10a35,comum,todas,calmar,FAVORITO,450,0.6717815754139521,0.2638402990866519,2.546167426808904
MULTI_10a35,comum,todas,calmar,ZEBRA,450,-0.2536625163005813,0.2762330900790217,-0.918291563939774
MULTI_10a35,comum,todas,calmar,VIG_MERCADO,450,0.3918906090997051,0.13472062378195793,2.9089132613724424
MULTI_10a35,comum,todas,maxdd,ppg,450,0.10733349368392589,0.2060316293737508,0.5209563891242058
MULTI_10a35,comum,todas,maxdd,roi,450,0.11116136456366553,0.17869557896815066,0.6220711514271883
MULTI_10a35,comum,todas,maxdd,sharpe,450,0.08133354451739654,0.18005656037539183,0.451711086493199
MULTI_10a35,comum,todas,maxdd,sortino,450,0.15205794576365927,0.18312215774070628,0.8303634450341465
MULTI_10a35,comum,todas,maxdd,seq_ruim,450,0.02931235379888421,0.14109632274800638,0.2077471136596179
MULTI_10a35,comum,todas,maxdd,ppg_nao_piorando_ou_nada,450,0.10733349368392589,0.2060316293737508,0.5209563891242058
MULTI_10a35,comum,todas,maxdd,ACASO,450,-0.04584207446769933,0.10399681529761447,-0.44080267589454614
MULTI_10a35,comum,todas,maxdd,FIXO_RETROSPECTO,450,-0.31497532767935504,0.18036060926707603,-1.7463642918445845
MULTI_10a35,comum,todas,maxdd,BASE_V6_MOM,450,-0.18498796092194886,0.13457571606980082,-1.3746013495183675
MULTI_10a35,comum,todas,maxdd,FIXO_TUDO_INI,450,0.04271265129301346,0.16195044802383285,0.2637390128536588
MULTI_10a35,comum,todas,maxdd,FIXO_TUDO_INI_CALR,450,-0.112043285902286,0.233883846298822,-0.4790552561681996
MULTI_10a35,comum,todas,maxdd,FIXO_TUDO_MOM,450,0.14491600105608157,0.1872438340152863,0.773942713885312
MULTI_10a35,comum,todas,maxdd,FIXO_V6E_INI,450,-0.266887375530234,0.18470307911628264,-1.444953580672096
MULTI_10a35,comum,todas,maxdd,FIXO_V6E_MOM,450,-0.31497532767935504,0.18036060926707603,-1.7463642918445845
MULTI_10a35,comum,todas,maxdd,FIXO_V6WR_INI,450,-0.1647662053180146,0.1332091710156457,-1.2368983611395832
MULTI_10a35,comum,todas,maxdd,FIXO_V6WR_MOM,450,-0.19677613368038066,0.1401762377762032,-1.4037766800000824
MULTI_10a35,comum,todas,maxdd,FIXO_V6_INI,450,-0.16562030530919672,0.13199404235493195,-1.2547559143907705
MULTI_10a35,comum,todas,maxdd,FIXO_V6_MOM,450,-0.18498796092194886,0.13457571606980082,-1.3746013495183675
MULTI_10a35,comum,todas,maxdd,FAVORITO,450,0.8181314942773227,0.2711529608335602,3.017232383383452
MULTI_10a35,comum,todas,maxdd,ZEBRA,450,-0.10731259743721078,0.29150965999500483,-0.36812707146325657
MULTI_10a35,comum,todas,maxdd,VIG_MERCADO,450,0.5382405279630755,0.15598093468001048,3.4506815148098546
MULTI_10a35,comum,todas,seq_ruim,sharpe,450,0.05202119071851227,0.1538729059330894,0.3380789516065508
MULTI_10a35,comum,todas,seq_ruim,sortino,450,0.12274559196477501,0.15740669011856337,0.7797990788848899
MULTI_10a35,comum,todas,seq_ruim,ACASO,450,-0.07515442826658354,0.08275992457129132,-0.908101700864212
MULTI_10a35,comum,todas,seq_ruim,FIXO_RETROSPECTO,450,-0.34428768147823924,0.15214071347455368,-2.26295561270536
MULTI_10a35,comum,todas,seq_ruim,BASE_V6_MOM,450,-0.2143003147208331,0.12264471889804958,-1.7473260703461169
MULTI_10a35,comum,todas,seq_ruim,FIXO_TUDO_INI,450,0.013400297494129175,0.15603093357681685,0.08588231312178855
MULTI_10a35,comum,todas,seq_ruim,FIXO_TUDO_INI_CALR,450,-0.14135563970117024,0.2009621225835839,-0.7033944401257893
MULTI_10a35,comum,todas,seq_ruim,FIXO_TUDO_MOM,450,0.11560364725719735,0.1758448655791292,0.6574183833941762
MULTI_10a35,comum,todas,seq_ruim,FIXO_V6E_INI,450,-0.2961997293291182,0.1538827969113643,-1.9248397824464272
MULTI_10a35,comum,todas,seq_ruim,FIXO_V6E_MOM,450,-0.34428768147823924,0.15214071347455368,-2.26295561270536
MULTI_10a35,comum,todas,seq_ruim,FIXO_V6WR_INI,450,-0.1940785591168988,0.12047967803061096,-1.6108821196184484
MULTI_10a35,comum,todas,seq_ruim,FIXO_V6WR_MOM,450,-0.22608848747926483,0.12482530694100387,-1.8112391871475304
MULTI_10a35,comum,todas,seq_ruim,FIXO_V6_INI,450,-0.19493265910808094,0.12066662258557866,-1.6154646159076147
MULTI_10a35,comum,todas,seq_ruim,FIXO_V6_MOM,450,-0.2143003147208331,0.12264471889804958,-1.7473260703461169
MULTI_10a35,comum,todas,seq_ruim,FAVORITO,450,0.7888191404784382,0.2806976163621345,2.81020961524933
MULTI_10a35,comum,todas,seq_ruim,ZEBRA,450,-0.13662495123609503,0.25947961219006166,-0.5265344359156088
MULTI_10a35,comum,todas,seq_ruim,VIG_MERCADO,450,0.5089281741641912,0.14973214536201795,3.398923944712872
MULTI_10a35,comum,todas,brier_com_roi>=0,bsskill_todas,450,0.22486585824968428,0.13715450052519904,1.639507689420445
MULTI_10a35,comum,todas,brier_com_roi>=0,llskill_todas,450,0.22642224790906942,0.17121646773660176,1.3224326544184748
MULTI_10a35,comum,todas,brier_com_roi>=0,brier_todas,450,0.05517176435602937,0.08758615809593735,0.6299141959805689
MULTI_10a35,comum,todas,brier_com_roi>=0,ll_todas,450,-0.013485138951529458,0.09699811742362696,-0.13902474923956334
MULTI_10a35,comum,todas,brier_com_roi>=0,bsskill_entradas,450,0.12164625787211997,0.12000847650456765,1.0136472140573336
MULTI_10a35,comum,todas,brier_com_roi>=0,llskill_entradas,450,0.22331303135847058,0.13169122570163308,1.6957320441714236
MULTI_10a35,comum,todas,brier_com_roi>=0,brier_entradas,450,0.07561987526518989,0.1464345436500749,0.5164073543049635
MULTI_10a35,comum,todas,brier_com_roi>=0,ll_entradas,450,0.07457655395327249,0.13451713118451422,0.554401906259638
MULTI_10a35,comum,todas,brier_com_roi>=0,ppg,450,0.24186705287491034,0.19306395938389573,1.2527819984980868
MULTI_10a35,comum,todas,brier_com_roi>=0,lucro,450,0.24186705287491034,0.19306395938389573,1.2527819984980868
MULTI_10a35,comum,todas,brier_com_roi>=0,roi,450,0.24569492375464996,0.18027465727640396,1.3628921971985288
MULTI_10a35,comum,todas,brier_com_roi>=0,sharpe,450,0.21586710370838097,0.1820651044822863,1.1856588571555917
MULTI_10a35,comum,todas,brier_com_roi>=0,sortino,450,0.28659150495464375,0.18493108085506396,1.5497205966110916
MULTI_10a35,comum,todas,brier_com_roi>=0,calmar,450,0.280883478054355,0.14304758137857473,1.9635667751067962
MULTI_10a35,comum,todas,brier_com_roi>=0,maxdd,450,0.13453355919098445,0.15636922825311161,0.8603582731329835
MULTI_10a35,comum,todas,brier_com_roi>=0,seq_ruim,450,0.16384591298986872,0.11295561927094146,1.4505335285432686
MULTI_10a35,comum,todas,brier_com_roi>=0,bsskill_t_ppg>=1_relaxar,450,0.19954468278929616,0.13817695540258318,1.444124182704099
MULTI_10a35,comum,todas,brier_com_roi>=0,ppg_nao_piorando_ou_nada,450,0.24186705287491034,0.19306395938389573,1.2527819984980868
MULTI_10a35,comum,todas,brier_com_roi>=0,funcao_menor_vol,450,0.1941430964627189,0.1467684417871085,1.3227850217578014
MULTI_10a35,comum,todas,brier_com_roi>=0,ACASO,450,0.08869148472328513,0.09422539012950049,0.9412694879945869
MULTI_10a35,comum,todas,brier_com_roi>=0,FIXO_RETROSPECTO,450,-0.1804417684883706,0.14249563139696003,-1.2662968451692485
MULTI_10a35,comum,todas,brier_com_roi>=0,BASE_V6_MOM,450,-0.05045440173096438,0.12617377576312958,-0.39988025582815395
MULTI_10a35,comum,todas,brier_com_roi>=0,FIXO_TUDO_INI,450,0.17724621048399797,0.14544821458640564,1.2186207372019837
MULTI_10a35,comum,todas,brier_com_roi>=0,FIXO_TUDO_INI_CALR,450,0.02249027328869849,0.2114184275838542,0.10637801796997211
MULTI_10a35,comum,todas,brier_com_roi>=0,FIXO_TUDO_MOM,450,0.2794495602470661,0.17269398508374217,1.6181777269865905
MULTI_10a35,comum,todas,brier_com_roi>=0,FIXO_V6E_INI,450,-0.1323538163392495,0.1424137150333037,-0.9293614474441477
MULTI_10a35,comum,todas,brier_com_roi>=0,FIXO_V6E_MOM,450,-0.1804417684883706,0.14249563139696003,-1.2662968451692485
MULTI_10a35,comum,todas,brier_com_roi>=0,FIXO_V6WR_INI,450,-0.030232646127030135,0.1278535876939776,-0.2364630251862241
MULTI_10a35,comum,todas,brier_com_roi>=0,FIXO_V6WR_MOM,450,-0.06224257448939619,0.13041271839475227,-0.477273806232543
MULTI_10a35,comum,todas,brier_com_roi>=0,FIXO_V6_INI,450,-0.03108674611821229,0.1255170586680979,-0.24766949168570238
MULTI_10a35,comum,todas,brier_com_roi>=0,FIXO_V6_MOM,450,-0.05045440173096438,0.12617377576312958,-0.39988025582815395
MULTI_10a35,comum,todas,brier_com_roi>=0,FAVORITO,450,0.9526650534683069,0.29037508751546814,3.28080849366101
MULTI_10a35,comum,todas,brier_com_roi>=0,ZEBRA,450,0.027220961753773684,0.2635901907076554,0.10327001046850076
MULTI_10a35,comum,todas,brier_com_roi>=0,VIG_MERCADO,450,0.6727740871540602,0.16174978940797066,4.15935062182472
MULTI_10a35,comum,todas,bsskill_t_ppg>=1_relaxar,bsskill_todas,450,0.025321175460388163,0.02003572545145541,1.2638012794564828
MULTI_10a35,comum,todas,bsskill_t_ppg>=1_relaxar,llskill_todas,450,0.026877565119773322,0.0839652198649292,0.32010355195889395
MULTI_10a35,comum,todas,bsskill_t_ppg>=1_relaxar,ll_todas,450,-0.21302982174082558,0.14762276861476947,-1.4430688689814493
MULTI_10a35,comum,todas,bsskill_t_ppg>=1_relaxar,llskill_entradas,450,0.023768348569174442,0.11872887690496042,0.200190123824724
MULTI_10a35,comum,todas,bsskill_t_ppg>=1_relaxar,ll_entradas,450,-0.1249681288360236,0.1285062512960032,-0.9724673124902706
MULTI_10a35,comum,todas,bsskill_t_ppg>=1_relaxar,ppg,450,0.04232237008561423,0.16660030108074791,0.254035375753021
MULTI_10a35,comum,todas,bsskill_t_ppg>=1_relaxar,lucro,450,0.04232237008561423,0.16660030108074791,0.254035375753021
MULTI_10a35,comum,todas,bsskill_t_ppg>=1_relaxar,roi,450,0.046150240965353875,0.15066549310747027,0.3063092949387869
MULTI_10a35,comum,todas,bsskill_t_ppg>=1_relaxar,sharpe,450,0.016322420919084864,0.15210975747826921,0.10730686308152669
MULTI_10a35,comum,todas,bsskill_t_ppg>=1_relaxar,sortino,450,0.0870468221653476,0.1570673205935397,0.5542007200250662
MULTI_10a35,comum,todas,bsskill_t_ppg>=1_relaxar,calmar,450,0.08133879526505884,0.11403329742472244,0.7132898644692228
MULTI_10a35,comum,todas,bsskill_t_ppg>=1_relaxar,maxdd,450,-0.06501112359831163,0.1509707769210064,-0.430620580513591
MULTI_10a35,comum,todas,bsskill_t_ppg>=1_relaxar,seq_ruim,450,-0.03569876979942743,0.10379499003388602,-0.3439353844320697
MULTI_10a35,comum,todas,bsskill_t_ppg>=1_relaxar,ppg_nao_piorando_ou_nada,450,0.04232237008561423,0.16660030108074791,0.254035375753021
MULTI_10a35,comum,todas,bsskill_t_ppg>=1_relaxar,funcao_menor_vol,450,-0.005401586326577207,0.1475460580081017,-0.036609492652664485
MULTI_10a35,comum,todas,bsskill_t_ppg>=1_relaxar,ACASO,450,-0.11085319806601102,0.10206010398310635,-1.086156036881563
MULTI_10a35,comum,todas,bsskill_t_ppg>=1_relaxar,FIXO_RETROSPECTO,450,-0.3799864512776668,0.16919785734319,-2.245811248702321
MULTI_10a35,comum,todas,bsskill_t_ppg>=1_relaxar,BASE_V6_MOM,450,-0.24999908452026048,0.14263125018290174,-1.7527651492900518
MULTI_10a35,comum,todas,bsskill_t_ppg>=1_relaxar,FIXO_TUDO_INI,450,-0.02229847230529821,0.15774447319150872,-0.1413581842466638
MULTI_10a35,comum,todas,bsskill_t_ppg>=1_relaxar,FIXO_TUDO_INI_CALR,450,-0.17705440950059767,0.1956630224232566,-0.9048945851280733
MULTI_10a35,comum,todas,bsskill_t_ppg>=1_relaxar,FIXO_TUDO_MOM,450,0.07990487745776995,0.16593561906737114,0.48154144304200264
MULTI_10a35,comum,todas,bsskill_t_ppg>=1_relaxar,FIXO_V6E_INI,450,-0.33189849912854563,0.17549817215492156,-1.8911792359612793
MULTI_10a35,comum,todas,bsskill_t_ppg>=1_relaxar,FIXO_V6E_MOM,450,-0.3799864512776668,0.16919785734319,-2.245811248702321
MULTI_10a35,comum,todas,bsskill_t_ppg>=1_relaxar,FIXO_V6WR_INI,450,-0.2297773289163262,0.14358286734195563,-1.6003116052076787
MULTI_10a35,comum,todas,bsskill_t_ppg>=1_relaxar,FIXO_V6WR_MOM,450,-0.2617872572786923,0.1448181742493149,-1.8076961585498703
MULTI_10a35,comum,todas,bsskill_t_ppg>=1_relaxar,FIXO_V6_INI,450,-0.2306314289075084,0.14346212248874332,-1.6076119947661083
MULTI_10a35,comum,todas,bsskill_t_ppg>=1_relaxar,FIXO_V6_MOM,450,-0.24999908452026048,0.14263125018290174,-1.7527651492900518
MULTI_10a35,comum,todas,bsskill_t_ppg>=1_relaxar,FAVORITO,450,0.7531203706790108,0.2821453451913382,2.669263851112903
MULTI_10a35,comum,todas,bsskill_t_ppg>=1_relaxar,ZEBRA,450,-0.1723237210355224,0.25892441138477523,-0.6655367877980433
MULTI_10a35,comum,todas,bsskill_t_ppg>=1_relaxar,VIG_MERCADO,450,0.4732294043647639,0.1473638159184508,3.211299879928753
MULTI_10a35,comum,todas,ppg_nao_piorando_ou_nada,roi,450,0.003827870879739608,0.12402459088878746,0.03086380573649342
MULTI_10a35,comum,todas,ppg_nao_piorando_ou_nada,sharpe,450,-0.025999949166529406,0.12899775058807636,-0.20155350808832365
MULTI_10a35,comum,todas,ppg_nao_piorando_ou_nada,sortino,450,0.04472445207973335,0.12706792743666515,0.35197278323458525
MULTI_10a35,comum,todas,ppg_nao_piorando_ou_nada,seq_ruim,450,-0.07802113988504168,0.16492140467561292,-0.4730807382977544
MULTI_10a35,comum,todas,ppg_nao_piorando_ou_nada,ACASO,450,-0.1531755681516253,0.15569631063595432,-0.9838098765858174
MULTI_10a35,comum,todas,ppg_nao_piorando_ou_nada,FIXO_RETROSPECTO,450,-0.4223088213632808,0.18795173679403174,-2.246900340304229
MULTI_10a35,comum,todas,ppg_nao_piorando_ou_nada,BASE_V6_MOM,450,-0.2923214546058747,0.17712553518254232,-1.6503631410604553
MULTI_10a35,comum,todas,ppg_nao_piorando_ou_nada,FIXO_TUDO_INI,450,-0.06462084239091248,0.22242055641437372,-0.2905344876060944
MULTI_10a35,comum,todas,ppg_nao_piorando_ou_nada,FIXO_TUDO_INI_CALR,450,-0.21937677958621196,0.20965267720759562,-1.0463819613855332
MULTI_10a35,comum,todas,ppg_nao_piorando_ou_nada,FIXO_TUDO_MOM,450,0.0375825073721557,0.22116992297818294,0.1699259414032666
MULTI_10a35,comum,todas,ppg_nao_piorando_ou_nada,FIXO_V6E_INI,450,-0.37422086921415976,0.18411532170582653,-2.0325351836392938
MULTI_10a35,comum,todas,ppg_nao_piorando_ou_nada,FIXO_V6E_MOM,450,-0.4223088213632808,0.18795173679403174,-2.246900340304229
MULTI_10a35,comum,todas,ppg_nao_piorando_ou_nada,FIXO_V6WR_INI,450,-0.27209969900194053,0.1931371129187273,-1.4088421168252678
MULTI_10a35,comum,todas,ppg_nao_piorando_ou_nada,FIXO_V6WR_MOM,450,-0.3041096273643065,0.17899962364421348,-1.698940037822462
MULTI_10a35,comum,todas,ppg_nao_piorando_ou_nada,FIXO_V6_INI,450,-0.27295379899312266,0.19258447046166585,-1.417319882225158
MULTI_10a35,comum,todas,ppg_nao_piorando_ou_nada,FIXO_V6_MOM,450,-0.2923214546058747,0.17712553518254232,-1.6503631410604553
MULTI_10a35,comum,todas,ppg_nao_piorando_ou_nada,FAVORITO,450,0.7107980005933967,0.33238290166568946,2.1384914718276242
MULTI_10a35,comum,todas,ppg_nao_piorando_ou_nada,ZEBRA,450,-0.21464609112113667,0.24955666618423825,-0.860109627216576
MULTI_10a35,comum,todas,ppg_nao_piorando_ou_nada,VIG_MERCADO,450,0.43090703427914956,0.20336546113149123,2.118880127833189
MULTI_10a35,comum,todas,funcao_menor_vol,llskill_todas,450,0.032279151446350504,0.17388438138053527,0.1856357148932748
MULTI_10a35,comum,todas,funcao_menor_vol,ll_todas,450,-0.2076282354142483,0.1560076482739323,-1.3308849771882718
MULTI_10a35,comum,todas,funcao_menor_vol,llskill_entradas,450,0.029169934895751704,0.16037319803517133,0.18188784194073668
MULTI_10a35,comum,todas,funcao_menor_vol,ll_entradas,450,-0.11956654250944641,0.08328283315692585,-1.4356685282806472
MULTI_10a35,comum,todas,funcao_menor_vol,ppg,450,0.04772395641219147,0.19776893443587334,0.24131169310449
MULTI_10a35,comum,todas,funcao_menor_vol,lucro,450,0.04772395641219147,0.19776893443587334,0.24131169310449
MULTI_10a35,comum,todas,funcao_menor_vol,roi,450,0.0515518272919311,0.18503476884392872,0.27860616474417044
MULTI_10a35,comum,todas,funcao_menor_vol,sharpe,450,0.02172400724566207,0.18521207375853777,0.11729260843968416
MULTI_10a35,comum,todas,funcao_menor_vol,sortino,450,0.09244840849192483,0.19145430580333764,0.48287453292843713
MULTI_10a35,comum,todas,funcao_menor_vol,maxdd,450,-0.059609537271734465,0.12603463382238186,-0.4729615619444812
MULTI_10a35,comum,todas,funcao_menor_vol,seq_ruim,450,-0.030297183472850202,0.13644129473150723,-0.22205288752550903
MULTI_10a35,comum,todas,funcao_menor_vol,ppg_nao_piorando_ou_nada,450,0.04772395641219147,0.19776893443587334,0.24131169310449
MULTI_10a35,comum,todas,funcao_menor_vol,ACASO,450,-0.10545161173943378,0.10750081583336035,-0.9809377810015592
MULTI_10a35,comum,todas,funcao_menor_vol,FIXO_RETROSPECTO,450,-0.37458486495108945,0.18375621822761978,-2.038488104315954
MULTI_10a35,comum,todas,funcao_menor_vol,BASE_V6_MOM,450,-0.24459749819368334,0.15581323082216175,-1.569812119953125
MULTI_10a35,comum,todas,funcao_menor_vol,FIXO_TUDO_INI,450,-0.01689688597872098,0.1704396014601945,-0.09913708923255833
MULTI_10a35,comum,todas,funcao_menor_vol,FIXO_TUDO_INI_CALR,450,-0.17165282317402045,0.2283950684175006,-0.7515609875614445
MULTI_10a35,comum,todas,funcao_menor_vol,FIXO_TUDO_MOM,450,0.08530646378434711,0.20168476044095124,0.422969309123001
MULTI_10a35,comum,todas,funcao_menor_vol,FIXO_V6E_INI,450,-0.3264969128019684,0.185692940202406,-1.7582623897606744
MULTI_10a35,comum,todas,funcao_menor_vol,FIXO_V6E_MOM,450,-0.37458486495108945,0.18375621822761978,-2.038488104315954
MULTI_10a35,comum,todas,funcao_menor_vol,FIXO_V6WR_INI,450,-0.22437574258974904,0.15376223588858015,-1.4592382927647927
MULTI_10a35,comum,todas,funcao_menor_vol,FIXO_V6WR_MOM,450,-0.2563856709521152,0.15970044582071902,-1.60541612538725
MULTI_10a35,comum,todas,funcao_menor_vol,FIXO_V6_INI,450,-0.22522984258093118,0.15139900976225976,-1.4876573032717135
MULTI_10a35,comum,todas,funcao_menor_vol,FIXO_V6_MOM,450,-0.24459749819368334,0.15581323082216175,-1.569812119953125
MULTI_10a35,comum,todas,funcao_menor_vol,FAVORITO,450,0.7585219570055882,0.25549815696259376,2.968796198074492
MULTI_10a35,comum,todas,funcao_menor_vol,ZEBRA,450,-0.1669221347089452,0.29249386462955856,-0.5706859353113302
MULTI_10a35,comum,todas,funcao_menor_vol,VIG_MERCADO,450,0.4786309906913412,0.14377870749046623,3.328942087778043
MULTI_10a35,comum,so_INI,bsskill_todas,llskill_todas,450,0.006209295717961684,0.09132298680102134,0.06799269204248409
MULTI_10a35,comum,so_INI,bsskill_todas,ll_todas,450,-0.19413178835082692,0.14484316207231265,-1.3402896317183894
MULTI_10a35,comum,so_INI,bsskill_todas,llskill_entradas,450,0.006367176071682899,0.12161744483794415,0.05235413455830446
MULTI_10a35,comum,so_INI,bsskill_todas,ll_entradas,450,-0.15433831862791192,0.13272440923367199,-1.1628480361603035
MULTI_10a35,comum,so_INI,bsskill_todas,ppg,450,-0.0882159965173781,0.16269173729773434,-0.5422278843573859
MULTI_10a35,comum,so_INI,bsskill_todas,lucro,450,-0.0882159965173781,0.16269173729773434,-0.5422278843573859
MULTI_10a35,comum,so_INI,bsskill_todas,roi,450,0.0054315932445820675,0.15372165833271947,0.035333949057625796
MULTI_10a35,comum,so_INI,bsskill_todas,sharpe,450,-0.030927769235962275,0.16007417082720468,-0.19320899228238317
MULTI_10a35,comum,so_INI,bsskill_todas,sortino,450,0.013626786302916584,0.15930906868437208,0.08553678968467503
MULTI_10a35,comum,so_INI,bsskill_todas,calmar,450,0.013656765722104142,0.10418925462099743,0.13107652772622747
MULTI_10a35,comum,so_INI,bsskill_todas,maxdd,450,-0.13481195795453144,0.1604384460679818,-0.84027214959068
MULTI_10a35,comum,so_INI,bsskill_todas,seq_ruim,450,-0.08435110197614856,0.11348214915686401,-0.7432984183226191
MULTI_10a35,comum,so_INI,bsskill_todas,ppg_nao_piorando_ou_nada,450,-0.0882159965173781,0.16269173729773434,-0.5422278843573859
MULTI_10a35,comum,so_INI,bsskill_todas,funcao_menor_vol,450,-0.03199067385662989,0.14949229025394736,-0.21399547630373647
MULTI_10a35,comum,so_INI,bsskill_todas,ACASO,450,-0.15440669326850306,0.10122683479787926,-1.5253533667906203
MULTI_10a35,comum,so_INI,bsskill_todas,FIXO_RETROSPECTO,450,-0.37157224704286745,0.1753423670128795,-2.1191241647580483
MULTI_10a35,comum,so_INI,bsskill_todas,BASE_V6_MOM,450,-0.28967283243458225,0.146674852249589,-1.9749318168165664
MULTI_10a35,comum,so_INI,bsskill_todas,FIXO_TUDO_INI,450,-0.0619722202196199,0.16022432482497154,-0.3867840934097749
MULTI_10a35,comum,so_INI,bsskill_todas,FIXO_TUDO_INI_CALR,450,-0.21672815741491935,0.19618371535771165,-1.1047204250350138
MULTI_10a35,comum,so_INI,bsskill_todas,FIXO_V6E_INI,450,-0.37157224704286745,0.1753423670128795,-2.1191241647580483
MULTI_10a35,comum,so_INI,bsskill_todas,FIXO_V6WR_INI,450,-0.2694510768306479,0.14788300525624723,-1.8220557282004863
MULTI_10a35,comum,so_INI,bsskill_todas,FIXO_V6_INI,450,-0.2703051768218301,0.14795198552806474,-1.8269790422687933
MULTI_10a35,comum,so_INI,bsskill_todas,FAVORITO,450,0.7134466227646893,0.2750628693378096,2.593758381428403
MULTI_10a35,comum,so_INI,bsskill_todas,ZEBRA,450,-0.21199746894984406,0.2640147508463942,-0.8029758499106961
MULTI_10a35,comum,so_INI,bsskill_todas,VIG_MERCADO,450,0.43355565645044225,0.1409459462448975,3.0760420430760544
MULTI_10a35,comum,so_INI,llskill_todas,ppg,450,-0.09442529223533977,0.17256268692715543,-0.5471941467578092
MULTI_10a35,comum,so_INI,llskill_todas,lucro,450,-0.09442529223533977,0.17256268692715543,-0.5471941467578092
MULTI_10a35,comum,so_INI,llskill_todas,roi,450,-0.0007777024733796248,0.15158100568878038,-0.005130606370143566
MULTI_10a35,comum,so_INI,llskill_todas,sharpe,450,-0.0371370649539239,0.15283160288475744,-0.2429933616670047
MULTI_10a35,comum,so_INI,llskill_todas,sortino,450,0.007417490584954919,0.15121509052351856,0.04905258171836543
MULTI_10a35,comum,so_INI,llskill_todas,maxdd,450,-0.14102125367249316,0.16846119954311342,-0.8371141488660854
MULTI_10a35,comum,so_INI,llskill_todas,seq_ruim,450,-0.09056039769411021,0.1371147229959738,-0.6604717255401479
MULTI_10a35,comum,so_INI,llskill_todas,ppg_nao_piorando_ou_nada,450,-0.09442529223533977,0.17256268692715543,-0.5471941467578092
MULTI_10a35,comum,so_INI,llskill_todas,ACASO,450,-0.16061598898646476,0.12479698737958027,-1.2870181593241354
MULTI_10a35,comum,so_INI,llskill_todas,FIXO_RETROSPECTO,450,-0.37778154276082904,0.19052036152200913,-1.9828932705294458
MULTI_10a35,comum,so_INI,llskill_todas,BASE_V6_MOM,450,-0.2958821281525439,0.16597934625263122,-1.7826442556424598
MULTI_10a35,comum,so_INI,llskill_todas,FIXO_TUDO_INI,450,-0.0681815159375816,0.16842756014471005,-0.40481210960368486
MULTI_10a35,comum,so_INI,llskill_todas,FIXO_TUDO_INI_CALR,450,-0.22293745313288102,0.1920359260871792,-1.1609153436824802
MULTI_10a35,comum,so_INI,llskill_todas,FIXO_V6E_INI,450,-0.37778154276082904,0.19052036152200913,-1.9828932705294458
MULTI_10a35,comum,so_INI,llskill_todas,FIXO_V6WR_INI,450,-0.27566037254860964,0.1638680167876421,-1.682209731663746
MULTI_10a35,comum,so_INI,llskill_todas,FIXO_V6_INI,450,-0.2765144725397917,0.1642284682282369,-1.6837182707903304
MULTI_10a35,comum,so_INI,llskill_todas,FAVORITO,450,0.7072373270467275,0.29265378069813275,2.416634855560709
MULTI_10a35,comum,so_INI,llskill_todas,ZEBRA,450,-0.21820676466780584,0.25918699410447427,-0.8418893294462533
MULTI_10a35,comum,so_INI,llskill_todas,VIG_MERCADO,450,0.42734636073248056,0.15578673779616642,2.7431498135074026
MULTI_10a35,comum,so_INI,brier_todas,bsskill_todas,450,0.13775280248961072,0.143069714020097,0.9628369178836871
MULTI_10a35,comum,so_INI,brier_todas,llskill_todas,450,0.1439620982075724,0.16389918578767654,0.8783576167002337
MULTI_10a35,comum,so_INI,brier_todas,ll_todas,450,-0.05637898586121616,0.04673634198176078,-1.2063200385519794
MULTI_10a35,comum,so_INI,brier_todas,bsskill_entradas,450,0.044095610536714555,0.13240182385199184,0.3330438301666279
MULTI_10a35,comum,so_INI,brier_todas,llskill_entradas,450,0.1441199785612936,0.1328860988138973,1.084537659301211
MULTI_10a35,comum,so_INI,brier_todas,ll_entradas,450,-0.01658551613830125,0.13573473110956746,-0.12219065822521967
MULTI_10a35,comum,so_INI,brier_todas,ppg,450,0.04953680597223259,0.17536137607770805,0.28248413122785543
MULTI_10a35,comum,so_INI,brier_todas,lucro,450,0.04953680597223259,0.17536137607770805,0.28248413122785543
MULTI_10a35,comum,so_INI,brier_todas,roi,450,0.14318439573419273,0.16398656693665573,0.8731471022836986
MULTI_10a35,comum,so_INI,brier_todas,sharpe,450,0.1068250332536484,0.16829364971619884,0.6347537975068712
MULTI_10a35,comum,so_INI,brier_todas,sortino,450,0.15137958879252725,0.16480080723828858,0.9185609665955378
MULTI_10a35,comum,so_INI,brier_todas,calmar,450,0.15140956821171483,0.1414384911828592,1.0704976201702017
MULTI_10a35,comum,so_INI,brier_todas,maxdd,450,0.002940844535079216,0.20020077507538736,0.014689476271866656
MULTI_10a35,comum,so_INI,brier_todas,seq_ruim,450,0.05340170051346214,0.12576029353785106,0.42463085136954937
MULTI_10a35,comum,so_INI,brier_todas,bsskill_t_ppg>=1_relaxar,450,0.13288908006298128,0.14309524856288725,0.9286756995609077
MULTI_10a35,comum,so_INI,brier_todas,ppg_nao_piorando_ou_nada,450,0.04953680597223259,0.17536137607770805,0.28248413122785543
MULTI_10a35,comum,so_INI,brier_todas,funcao_menor_vol,450,0.1057621286329808,0.15055620984135248,0.7024760303439286
MULTI_10a35,comum,so_INI,brier_todas,ACASO,450,-0.016653890778892438,0.1160272546352101,-0.14353430003366277
MULTI_10a35,comum,so_INI,brier_todas,FIXO_RETROSPECTO,450,-0.23381944455325665,0.14531894224229636,-1.6090087152120864
MULTI_10a35,comum,so_INI,brier_todas,BASE_V6_MOM,450,-0.15192002994497153,0.15091996685106018,-1.0066264465516235
MULTI_10a35,comum,so_INI,brier_todas,FIXO_TUDO_INI,450,0.07578058226999079,0.17642563121605342,0.42953272575904106
MULTI_10a35,comum,so_INI,brier_todas,FIXO_TUDO_INI_CALR,450,-0.07897535492530867,0.20901089952633362,-0.3778528062617062
MULTI_10a35,comum,so_INI,brier_todas,FIXO_V6E_INI,450,-0.23381944455325665,0.14531894224229636,-1.6090087152120864
MULTI_10a35,comum,so_INI,brier_todas,FIXO_V6WR_INI,450,-0.13169827434103726,0.1544570026525947,-0.8526533085537956
MULTI_10a35,comum,so_INI,brier_todas,FIXO_V6_INI,450,-0.13255237433221936,0.15101105470288417,-0.8777660323809905
MULTI_10a35,comum,so_INI,brier_todas,FAVORITO,450,0.8511994252542997,0.29750859471507685,2.8610918823017233
MULTI_10a35,comum,so_INI,brier_todas,ZEBRA,450,-0.07424466646023341,0.25882770808487093,-0.2868497619887288
MULTI_10a35,comum,so_INI,brier_todas,VIG_MERCADO,450,0.571308458940053,0.16805441950955763,3.399544389295644
MULTI_10a35,comum,so_INI,ll_todas,llskill_todas,450,0.2003410840687886,0.16370069538576718,1.2238254919850944
MULTI_10a35,comum,so_INI,ll_todas,llskill_entradas,450,0.20049896442250978,0.13495316657858877,1.4856929222609312
MULTI_10a35,comum,so_INI,ll_todas,ppg,450,0.10591579183344874,0.17532738650679086,0.604102952446316
MULTI_10a35,comum,so_INI,ll_todas,lucro,450,0.10591579183344874,0.17532738650679086,0.604102952446316
MULTI_10a35,comum,so_INI,ll_todas,roi,450,0.19956338159540893,0.15937068270871393,1.2521963149279862
MULTI_10a35,comum,so_INI,ll_todas,sharpe,450,0.16320401911486454,0.16457774761486385,0.9916530119052666
MULTI_10a35,comum,so_INI,ll_todas,sortino,450,0.2077585746537434,0.16064809153743156,1.2932526783571214
MULTI_10a35,comum,so_INI,ll_todas,maxdd,450,0.05931983039629535,0.199405552028487,0.2974833438329788
MULTI_10a35,comum,so_INI,ll_todas,seq_ruim,450,0.10978068637467828,0.13006475950543084,0.8440463565389855
MULTI_10a35,comum,so_INI,ll_todas,ppg_nao_piorando_ou_nada,450,0.10591579183344874,0.17532738650679086,0.604102952446316
MULTI_10a35,comum,so_INI,ll_todas,ACASO,450,0.0397250950823237,0.11352796103457541,0.34991463530491185
MULTI_10a35,comum,so_INI,ll_todas,FIXO_RETROSPECTO,450,-0.17744045869204048,0.14048718083308903,-1.2630366531652104
MULTI_10a35,comum,so_INI,ll_todas,BASE_V6_MOM,450,-0.0955410440837554,0.14475957851062005,-0.6599980814170869
MULTI_10a35,comum,so_INI,ll_todas,FIXO_TUDO_INI,450,0.132159568131207,0.1781989682903557,0.7416404786130268
MULTI_10a35,comum,so_INI,ll_todas,FIXO_TUDO_INI_CALR,450,-0.022596369064092483,0.2101857965588023,-0.10750664142888859
MULTI_10a35,comum,so_INI,ll_todas,FIXO_V6E_INI,450,-0.17744045869204048,0.14048718083308903,-1.2630366531652104
MULTI_10a35,comum,so_INI,ll_todas,FIXO_V6WR_INI,450,-0.07531928847982111,0.146299615398225,-0.5148290258645132
MULTI_10a35,comum,so_INI,ll_todas,FIXO_V6_INI,450,-0.07617338847100324,0.14293664682348764,-0.5329171361146432
MULTI_10a35,comum,so_INI,ll_todas,FAVORITO,450,0.9075784111155158,0.29258465103200265,3.1019344586748185
MULTI_10a35,comum,so_INI,ll_todas,ZEBRA,450,-0.017865680599017233,0.2589028123665169,-0.0690053554680032
MULTI_10a35,comum,so_INI,ll_todas,VIG_MERCADO,450,0.6276874448012689,0.1628351561207586,3.8547415665925095
MULTI_10a35,comum,so_INI,bsskill_entradas,bsskill_todas,450,0.09365719195289618,0.12303071253453965,0.7612505042316393
MULTI_10a35,comum,so_INI,bsskill_entradas,llskill_todas,450,0.09986648767085783,0.14546511396314632,0.6865322203381291
MULTI_10a35,comum,so_INI,bsskill_entradas,ll_todas,450,-0.1004745963979307,0.13534324436572534,-0.7423687592889944
MULTI_10a35,comum,so_INI,bsskill_entradas,llskill_entradas,450,0.10002436802457906,0.07270776294497869,1.3757041060425983
MULTI_10a35,comum,so_INI,bsskill_entradas,ll_entradas,450,-0.06068112667501578,0.1567308190965198,-0.3871678016156249
MULTI_10a35,comum,so_INI,bsskill_entradas,ppg,450,0.005441195435518043,0.13215202525492045,0.041173757458669365
MULTI_10a35,comum,so_INI,bsskill_entradas,lucro,450,0.005441195435518043,0.13215202525492045,0.041173757458669365
MULTI_10a35,comum,so_INI,bsskill_entradas,roi,450,0.09908878519747824,0.11467213335202135,0.8641051866829299
MULTI_10a35,comum,so_INI,bsskill_entradas,sharpe,450,0.06272942271693388,0.12003223848167867,0.5226047894333712
MULTI_10a35,comum,so_INI,bsskill_entradas,sortino,450,0.10728397825581275,0.1240306428883624,0.864979619208916
MULTI_10a35,comum,so_INI,bsskill_entradas,calmar,450,0.10731395767500027,0.11356638559456196,0.9449447309005395
MULTI_10a35,comum,so_INI,bsskill_entradas,maxdd,450,-0.0411547660016353,0.15970326143325358,-0.2576952131865856
MULTI_10a35,comum,so_INI,bsskill_entradas,seq_ruim,450,0.009306089976747593,0.09955618539444133,0.09347575883785512
MULTI_10a35,comum,so_INI,bsskill_entradas,bsskill_t_ppg>=1_relaxar,450,0.08879346952626678,0.12301468757561333,0.7218119338122789
MULTI_10a35,comum,so_INI,bsskill_entradas,ppg_nao_piorando_ou_nada,450,0.005441195435518043,0.13215202525492045,0.041173757458669365
MULTI_10a35,comum,so_INI,bsskill_entradas,funcao_menor_vol,450,0.061666518096266255,0.15148728217814722,0.4070738956406068
MULTI_10a35,comum,so_INI,bsskill_entradas,ACASO,450,-0.06074950131560696,0.10228747303073168,-0.5939094936616053
MULTI_10a35,comum,so_INI,bsskill_entradas,FIXO_RETROSPECTO,450,-0.2779150550899711,0.15207757944931197,-1.8274558031258068
MULTI_10a35,comum,so_INI,bsskill_entradas,BASE_V6_MOM,450,-0.19601564048168607,0.1434291858495655,-1.3666370573090714
MULTI_10a35,comum,so_INI,bsskill_entradas,FIXO_TUDO_INI,450,0.031684971733276224,0.1861185759588324,0.1702407810184655
MULTI_10a35,comum,so_INI,bsskill_entradas,FIXO_TUDO_INI_CALR,450,-0.12307096546202319,0.20556988694649903,-0.5986818754930446
MULTI_10a35,comum,so_INI,bsskill_entradas,FIXO_V6E_INI,450,-0.2779150550899711,0.15207757944931197,-1.8274558031258068
MULTI_10a35,comum,so_INI,bsskill_entradas,FIXO_V6WR_INI,450,-0.1757938848777518,0.1546452742231664,-1.1367556219278072
MULTI_10a35,comum,so_INI,bsskill_entradas,FIXO_V6_INI,450,-0.1766479848689339,0.15046188224019957,-1.1740381167565779
MULTI_10a35,comum,so_INI,bsskill_entradas,FAVORITO,450,0.8071038147175854,0.28441328803288224,2.8377851833148973
MULTI_10a35,comum,so_INI,bsskill_entradas,ZEBRA,450,-0.11834027699694799,0.25338085809062877,-0.4670450557658948
MULTI_10a35,comum,so_INI,bsskill_entradas,VIG_MERCADO,450,0.5272128484033385,0.1495683907023749,3.5248948385921706
MULTI_10a35,comum,so_INI,llskill_entradas,llskill_todas,450,-0.0001578803537212418,0.1541290973955364,-0.0010243384045523778
MULTI_10a35,comum,so_INI,llskill_entradas,ppg,450,-0.094583172589061,0.13492441037547165,-0.701008604194394
MULTI_10a35,comum,so_INI,llskill_entradas,lucro,450,-0.094583172589061,0.13492441037547165,-0.701008604194394
MULTI_10a35,comum,so_INI,llskill_entradas,roi,450,-0.000935582827100835,0.12844208844642707,-0.0072840829545609935
MULTI_10a35,comum,so_INI,llskill_entradas,sharpe,450,-0.03729494530764519,0.13562257084011303,-0.2749906971724686
MULTI_10a35,comum,so_INI,llskill_entradas,sortino,450,0.007259610231233666,0.13699876938629463,0.05299033169242408
MULTI_10a35,comum,so_INI,llskill_entradas,maxdd,450,-0.1411791340262143,0.18032827126838014,-0.7829007234040374
MULTI_10a35,comum,so_INI,llskill_entradas,seq_ruim,450,-0.09071827804783147,0.12877514630400785,-0.7044703939506071
MULTI_10a35,comum,so_INI,llskill_entradas,ppg_nao_piorando_ou_nada,450,-0.094583172589061,0.13492441037547165,-0.701008604194394
MULTI_10a35,comum,so_INI,llskill_entradas,ACASO,450,-0.16077386934018603,0.11779838603999497,-1.3648223438782938
MULTI_10a35,comum,so_INI,llskill_entradas,FIXO_RETROSPECTO,450,-0.37793942311455014,0.1821911383425665,-2.074411667618686
MULTI_10a35,comum,so_INI,llskill_entradas,BASE_V6_MOM,450,-0.29604000850626516,0.16512562363310224,-1.792816898993494
MULTI_10a35,comum,so_INI,llskill_entradas,FIXO_TUDO_INI,450,-0.0683393962913028,0.19868045745923224,-0.343966372763791
MULTI_10a35,comum,so_INI,llskill_entradas,FIXO_TUDO_INI_CALR,450,-0.22309533348660224,0.23500606415753886,-0.9493173475602223
MULTI_10a35,comum,so_INI,llskill_entradas,FIXO_V6E_INI,450,-0.37793942311455014,0.1821911383425665,-2.074411667618686
MULTI_10a35,comum,so_INI,llskill_entradas,FIXO_V6WR_INI,450,-0.2758182529023308,0.16776880864167892,-1.6440377394073542
MULTI_10a35,comum,so_INI,llskill_entradas,FIXO_V6_INI,450,-0.276672352893513,0.16400880230825726,-1.6869359997733702
MULTI_10a35,comum,so_INI,llskill_entradas,FAVORITO,450,0.7070794466930064,0.2644865864415456,2.673403805486667
MULTI_10a35,comum,so_INI,llskill_entradas,ZEBRA,450,-0.218364645021527,0.28534585152860326,-0.7652630793535051
MULTI_10a35,comum,so_INI,llskill_entradas,VIG_MERCADO,450,0.4271884803787593,0.14493128988113624,2.94752417320727
MULTI_10a35,comum,so_INI,brier_entradas,bsskill_todas,450,0.13736795855095932,0.15269790410488074,0.8996060512828518
MULTI_10a35,comum,so_INI,brier_entradas,llskill_todas,450,0.14357725426892098,0.15048756476606615,0.954080521484368
MULTI_10a35,comum,so_INI,brier_entradas,brier_todas,450,-0.00038484393865136665,0.14942477708781887,-0.002575502845991792
MULTI_10a35,comum,so_INI,brier_entradas,ll_todas,450,-0.056763829799867535,0.14632452565978446,-0.3879310699550649
MULTI_10a35,comum,so_INI,brier_entradas,bsskill_entradas,450,0.04371076659806318,0.17018221727133048,0.25684685097487475
MULTI_10a35,comum,so_INI,brier_entradas,llskill_entradas,450,0.14373513462264226,0.17579983662975013,0.8176067587898904
MULTI_10a35,comum,so_INI,brier_entradas,ll_entradas,450,-0.016970360076952618,0.05679254494010563,-0.2988131645597119
MULTI_10a35,comum,so_INI,brier_entradas,ppg,450,0.04915196203358123,0.21128259166919577,0.232636118504918
MULTI_10a35,comum,so_INI,brier_entradas,lucro,450,0.04915196203358123,0.21128259166919577,0.232636118504918
MULTI_10a35,comum,so_INI,brier_entradas,roi,450,0.14279955179554135,0.20394697111871873,0.7001798115080459
MULTI_10a35,comum,so_INI,brier_entradas,sharpe,450,0.10644018931499703,0.20757125855297906,0.5127886686095801
MULTI_10a35,comum,so_INI,brier_entradas,sortino,450,0.15099474485387587,0.20525501784253652,0.7356445968581047
MULTI_10a35,comum,so_INI,brier_entradas,calmar,450,0.15102472427306346,0.15722822979422074,0.9605445820430822
MULTI_10a35,comum,so_INI,brier_entradas,maxdd,450,0.0025560005964278786,0.13424819649029648,0.019039366362084628
MULTI_10a35,comum,so_INI,brier_entradas,seq_ruim,450,0.053016856574810776,0.15188149652200555,0.3490672516986252
MULTI_10a35,comum,so_INI,brier_entradas,bsskill_t_ppg>=1_relaxar,450,0.1325042361243299,0.15261560205865266,0.8682220843541696
MULTI_10a35,comum,so_INI,brier_entradas,ppg_nao_piorando_ou_nada,450,0.04915196203358123,0.21128259166919577,0.232636118504918
MULTI_10a35,comum,so_INI,brier_entradas,funcao_menor_vol,450,0.10537728469432943,0.08080833100345057,1.3040398605662298
MULTI_10a35,comum,so_INI,brier_entradas,ACASO,450,-0.017038734717543816,0.11392073883466595,-0.14956657489969638
MULTI_10a35,comum,so_INI,brier_entradas,FIXO_RETROSPECTO,450,-0.23420428849190802,0.18533505610650763,-1.2636804575024188
MULTI_10a35,comum,so_INI,brier_entradas,BASE_V6_MOM,450,-0.15230487388362285,0.14954637371890664,-1.0184457843819148
MULTI_10a35,comum,so_INI,brier_entradas,FIXO_TUDO_INI,450,0.07539573833133945,0.16795487609721899,0.4489047301472652
MULTI_10a35,comum,so_INI,brier_entradas,FIXO_TUDO_INI_CALR,450,-0.07936019886396004,0.22859279241122302,-0.3471684213087366
MULTI_10a35,comum,so_INI,brier_entradas,FIXO_V6E_INI,450,-0.23420428849190802,0.18533505610650763,-1.2636804575024188
MULTI_10a35,comum,so_INI,brier_entradas,FIXO_V6WR_INI,450,-0.13208311827968858,0.14393024205276234,-0.9176884329234241
MULTI_10a35,comum,so_INI,brier_entradas,FIXO_V6_INI,450,-0.1329372182708707,0.14235655254222365,-0.933832801489351
MULTI_10a35,comum,so_INI,brier_entradas,FAVORITO,450,0.8508145813156484,0.2832852432331979,3.003384756668265
MULTI_10a35,comum,so_INI,brier_entradas,ZEBRA,450,-0.07462951039888473,0.2810604785216775,-0.2655282976511717
MULTI_10a35,comum,so_INI,brier_entradas,VIG_MERCADO,450,0.5709236150014015,0.16324879688571375,3.4972607816588708
MULTI_10a35,comum,so_INI,ll_entradas,llskill_todas,450,0.1605476143458736,0.14971525097272856,1.0723531056640196
MULTI_10a35,comum,so_INI,ll_entradas,ll_todas,450,-0.039793469722914934,0.132478911717077,-0.30037588026008377
MULTI_10a35,comum,so_INI,ll_entradas,llskill_entradas,450,0.16070549469959483,0.16257526862444685,0.9884990260777533
MULTI_10a35,comum,so_INI,ll_entradas,ppg,450,0.06612232211053384,0.18714640983575645,0.3533186779728457
MULTI_10a35,comum,so_INI,ll_entradas,lucro,450,0.06612232211053384,0.18714640983575645,0.3533186779728457
MULTI_10a35,comum,so_INI,ll_entradas,roi,450,0.15976991187249398,0.1895238964047659,0.8430066862453778
MULTI_10a35,comum,so_INI,ll_entradas,sharpe,450,0.12341054939194963,0.19319568279351412,0.6387852337458791
MULTI_10a35,comum,so_INI,ll_entradas,sortino,450,0.1679651049308285,0.190911441868926,0.8798063818833249
MULTI_10a35,comum,so_INI,ll_entradas,maxdd,450,0.019526360673380497,0.14239292464049946,0.13713013285371345
MULTI_10a35,comum,so_INI,ll_entradas,seq_ruim,450,0.06998721665176341,0.1345485929030718,0.5201631257651419
MULTI_10a35,comum,so_INI,ll_entradas,ppg_nao_piorando_ou_nada,450,0.06612232211053384,0.18714640983575645,0.3533186779728457
MULTI_10a35,comum,so_INI,ll_entradas,ACASO,450,-6.837464059119706e-05,0.09785637919888023,-0.0006987244076570072
MULTI_10a35,comum,so_INI,ll_entradas,FIXO_RETROSPECTO,450,-0.21723392841495542,0.16308380308867726,-1.332038647006741
MULTI_10a35,comum,so_INI,ll_entradas,BASE_V6_MOM,450,-0.13533451380667022,0.1330752695692262,-1.0169771907639742
MULTI_10a35,comum,so_INI,ll_entradas,FIXO_TUDO_INI,450,0.09236609840829205,0.16296304406563236,0.5667916854271093
MULTI_10a35,comum,so_INI,ll_entradas,FIXO_TUDO_INI_CALR,450,-0.06238983878700743,0.20010196920814927,-0.3117902289212782
MULTI_10a35,comum,so_INI,ll_entradas,FIXO_V6E_INI,450,-0.21723392841495542,0.16308380308867726,-1.332038647006741
MULTI_10a35,comum,so_INI,ll_entradas,FIXO_V6WR_INI,450,-0.11511275820273598,0.1308345168919568,-0.8798347785989544
MULTI_10a35,comum,so_INI,ll_entradas,FIXO_V6_INI,450,-0.11596685819391817,0.12997477962406687,-0.8922258497328129
MULTI_10a35,comum,so_INI,ll_entradas,FAVORITO,450,0.867784941392601,0.29174946657124606,2.974418262323319
MULTI_10a35,comum,so_INI,ll_entradas,ZEBRA,450,-0.057659150321932105,0.2581306860787369,-0.22337193302288938
MULTI_10a35,comum,so_INI,ll_entradas,VIG_MERCADO,450,0.5878939750783541,0.16351513737683449,3.5953489353313057
MULTI_10a35,comum,so_INI,ppg,roi,450,0.09364758976196015,0.12622509297355844,0.7419094536264464
MULTI_10a35,comum,so_INI,ppg,sharpe,450,0.057288227281415804,0.1268050152355134,0.4517820306634961
MULTI_10a35,comum,so_INI,ppg,sortino,450,0.10184278282029466,0.13105672795932793,0.7770893139641063
MULTI_10a35,comum,so_INI,ppg,seq_ruim,450,0.0038648945412295926,0.16879993754704323,0.02289630314675014
MULTI_10a35,comum,so_INI,ppg,ppg_nao_piorando_ou_nada,450,0.0,0.0,
MULTI_10a35,comum,so_INI,ppg,ACASO,450,-0.06619069675112506,0.15702083415976031,-0.42154085542418884
MULTI_10a35,comum,so_INI,ppg,FIXO_RETROSPECTO,450,-0.28335625052548913,0.17451224254902417,-1.623704138956832
MULTI_10a35,comum,so_INI,ppg,BASE_V6_MOM,450,-0.20145683591720415,0.1770414584604566,-1.137907683709016
MULTI_10a35,comum,so_INI,ppg,FIXO_TUDO_INI,450,0.026243776297758224,0.23111399539099797,0.11355338413564735
MULTI_10a35,comum,so_INI,ppg,FIXO_TUDO_INI_CALR,450,-0.12851216089754122,0.21475789699493442,-0.5984048209438952
MULTI_10a35,comum,so_INI,ppg,FIXO_V6E_INI,450,-0.28335625052548913,0.17451224254902417,-1.623704138956832
MULTI_10a35,comum,so_INI,ppg,FIXO_V6WR_INI,450,-0.18123508031326985,0.1940373497415049,-0.9340216229231633
MULTI_10a35,comum,so_INI,ppg,FIXO_V6_INI,450,-0.18208918030445198,0.19226311104341193,-0.9470832928701401
MULTI_10a35,comum,so_INI,ppg,FAVORITO,450,0.8016626192820673,0.33479485124602526,2.394489091748196
MULTI_10a35,comum,so_INI,ppg,ZEBRA,450,-0.12378147243246594,0.23646189805004642,-0.5234732252985129
MULTI_10a35,comum,so_INI,ppg,VIG_MERCADO,450,0.5217716529678202,0.20313807759245792,2.5685566150459254
MULTI_10a35,comum,so_INI,lucro,ppg,450,0.0,0.0,
MULTI_10a35,comum,so_INI,lucro,roi,450,0.09364758976196015,0.12622509297355844,0.7419094536264464
MULTI_10a35,comum,so_INI,lucro,sharpe,450,0.057288227281415804,0.1268050152355134,0.4517820306634961
MULTI_10a35,comum,so_INI,lucro,sortino,450,0.10184278282029466,0.13105672795932793,0.7770893139641063
MULTI_10a35,comum,so_INI,lucro,maxdd,450,-0.04659596143715335,0.22774688122754447,-0.20459538758995696
MULTI_10a35,comum,so_INI,lucro,seq_ruim,450,0.0038648945412295926,0.16879993754704323,0.02289630314675014
MULTI_10a35,comum,so_INI,lucro,ppg_nao_piorando_ou_nada,450,0.0,0.0,
MULTI_10a35,comum,so_INI,lucro,ACASO,450,-0.06619069675112506,0.15702083415976031,-0.42154085542418884
MULTI_10a35,comum,so_INI,lucro,FIXO_RETROSPECTO,450,-0.28335625052548913,0.17451224254902417,-1.623704138956832
MULTI_10a35,comum,so_INI,lucro,BASE_V6_MOM,450,-0.20145683591720415,0.1770414584604566,-1.137907683709016
MULTI_10a35,comum,so_INI,lucro,FIXO_TUDO_INI,450,0.026243776297758224,0.23111399539099797,0.11355338413564735
MULTI_10a35,comum,so_INI,lucro,FIXO_TUDO_INI_CALR,450,-0.12851216089754122,0.21475789699493442,-0.5984048209438952
MULTI_10a35,comum,so_INI,lucro,FIXO_V6E_INI,450,-0.28335625052548913,0.17451224254902417,-1.623704138956832
MULTI_10a35,comum,so_INI,lucro,FIXO_V6WR_INI,450,-0.18123508031326985,0.1940373497415049,-0.9340216229231633
MULTI_10a35,comum,so_INI,lucro,FIXO_V6_INI,450,-0.18208918030445198,0.19226311104341193,-0.9470832928701401
MULTI_10a35,comum,so_INI,lucro,FAVORITO,450,0.8016626192820673,0.33479485124602526,2.394489091748196
MULTI_10a35,comum,so_INI,lucro,ZEBRA,450,-0.12378147243246594,0.23646189805004642,-0.5234732252985129
MULTI_10a35,comum,so_INI,lucro,VIG_MERCADO,450,0.5217716529678202,0.20313807759245792,2.5685566150459254
MULTI_10a35,comum,so_INI,roi,sharpe,450,-0.03635936248054435,0.033682820290896615,-1.0794631259060903
MULTI_10a35,comum,so_INI,roi,sortino,450,0.008195193058334509,0.02854554315013068,0.2870918593222491
MULTI_10a35,comum,so_INI,roi,seq_ruim,450,-0.0897826952207306,0.14604267365252588,-0.6147702789552275
MULTI_10a35,comum,so_INI,roi,ACASO,450,-0.15983828651308518,0.13811958098301527,-1.1572456662226676
MULTI_10a35,comum,so_INI,roi,FIXO_RETROSPECTO,450,-0.3770038402874493,0.19050999384997652,-1.9789189672870056
MULTI_10a35,comum,so_INI,roi,BASE_V6_MOM,450,-0.2951044256791643,0.17417746525201516,-1.694274430117475
MULTI_10a35,comum,so_INI,roi,FIXO_TUDO_INI,450,-0.06740381346420196,0.20587718915202644,-0.3273981626707988
MULTI_10a35,comum,so_INI,roi,FIXO_TUDO_INI_CALR,450,-0.22215975065950147,0.22051473317517498,-1.0074598983053877
MULTI_10a35,comum,so_INI,roi,FIXO_V6E_INI,450,-0.3770038402874493,0.19050999384997652,-1.9789189672870056
MULTI_10a35,comum,so_INI,roi,FIXO_V6WR_INI,450,-0.27488267007523004,0.1880402578744198,-1.4618288295414208
MULTI_10a35,comum,so_INI,roi,FIXO_V6_INI,450,-0.2757367700664122,0.18703336119359965,-1.4742651701639204
MULTI_10a35,comum,so_INI,roi,FAVORITO,450,0.7080150295201071,0.2908884886036719,2.4339740390509554
MULTI_10a35,comum,so_INI,roi,ZEBRA,450,-0.21742906219442615,0.2741817699674999,-0.7930106448003421
MULTI_10a35,comum,so_INI,roi,VIG_MERCADO,450,0.4281240632058602,0.16514237842485385,2.5924542645525306
MULTI_10a35,comum,so_INI,sharpe,sortino,450,0.044554555538878854,0.030249013898294486,1.472925884086124
MULTI_10a35,comum,so_INI,sharpe,ACASO,450,-0.12347892403254081,0.14440944464910752,-0.8550612761691272
MULTI_10a35,comum,so_INI,sharpe,FIXO_RETROSPECTO,450,-0.340644477806905,0.1929800966507294,-1.765179330505934
MULTI_10a35,comum,so_INI,sharpe,BASE_V6_MOM,450,-0.25874506319861995,0.1766424261480547,-1.464795682673369
MULTI_10a35,comum,so_INI,sharpe,FIXO_TUDO_INI,450,-0.031044450983657584,0.20998220378996527,-0.14784324777689162
MULTI_10a35,comum,so_INI,sharpe,FIXO_TUDO_INI_CALR,450,-0.18580038817895705,0.2168036036040713,-0.8569986157530268
MULTI_10a35,comum,so_INI,sharpe,FIXO_V6E_INI,450,-0.340644477806905,0.1929800966507294,-1.765179330505934
MULTI_10a35,comum,so_INI,sharpe,FIXO_V6WR_INI,450,-0.23852330759468565,0.1908901522092472,-1.2495317586274677
MULTI_10a35,comum,so_INI,sharpe,FIXO_V6_INI,450,-0.23937740758586779,0.1895318679658008,-1.2629929212171387
MULTI_10a35,comum,so_INI,sharpe,FAVORITO,450,0.7443743920006514,0.2947875559113928,2.52512148858955
MULTI_10a35,comum,so_INI,sharpe,ZEBRA,450,-0.18106969971388176,0.27249371171133585,-0.6644912962457518
MULTI_10a35,comum,so_INI,sharpe,VIG_MERCADO,450,0.46448342568640455,0.16868274276940556,2.75359184976834
MULTI_10a35,comum,so_INI,sortino,ACASO,450,-0.16803347957141967,0.14108513923895138,-1.1910076460060528
MULTI_10a35,comum,so_INI,sortino,FIXO_RETROSPECTO,450,-0.38519903334578387,0.19289704303587776,-1.9969151796388036
MULTI_10a35,comum,so_INI,sortino,BASE_V6_MOM,450,-0.3032996187374988,0.17500166387506147,-1.733124200202078
MULTI_10a35,comum,so_INI,sortino,FIXO_TUDO_INI,450,-0.07559900652253644,0.20493255747421465,-0.3688970042353987
MULTI_10a35,comum,so_INI,sortino,FIXO_TUDO_INI_CALR,450,-0.23035494371783588,0.2186802409603634,-1.0533870948111337
MULTI_10a35,comum,so_INI,sortino,FIXO_V6E_INI,450,-0.38519903334578387,0.19289704303587776,-1.9969151796388036
MULTI_10a35,comum,so_INI,sortino,FIXO_V6WR_INI,450,-0.28307786313356453,0.18748534973324094,-1.5098665764356263
MULTI_10a35,comum,so_INI,sortino,FIXO_V6_INI,450,-0.28393196312474656,0.18686596525341465,-1.5194418241957424
MULTI_10a35,comum,so_INI,sortino,FAVORITO,450,0.6998198364617725,0.29245621300808466,2.3929046651589743
MULTI_10a35,comum,so_INI,sortino,ZEBRA,450,-0.2256242552527606,0.27403210534562733,-0.8233497128673607
MULTI_10a35,comum,so_INI,sortino,VIG_MERCADO,450,0.4199288701475256,0.16611947433614632,2.527872615932979
MULTI_10a35,comum,so_INI,calmar,llskill_todas,450,-0.0074474700041424315,0.11709035064237232,-0.06360447264257625
MULTI_10a35,comum,so_INI,calmar,ll_todas,450,-0.20778855407293095,0.14364720996507768,-1.4465199437110319
MULTI_10a35,comum,so_INI,calmar,llskill_entradas,450,-0.0072895896504211995,0.12813454138075875,-0.056890121678898335
MULTI_10a35,comum,so_INI,calmar,ll_entradas,450,-0.16799508435001606,0.14158254217617694,-1.1865522526144001
MULTI_10a35,comum,so_INI,calmar,ppg,450,-0.10187276223948222,0.13339940088791963,-0.7636673145561901
MULTI_10a35,comum,so_INI,calmar,lucro,450,-0.10187276223948222,0.13339940088791963,-0.7636673145561901
MULTI_10a35,comum,so_INI,calmar,roi,450,-0.008225172477522066,0.13914050266502487,-0.059114149510612564
MULTI_10a35,comum,so_INI,calmar,sharpe,450,-0.0445845349580664,0.13953161203456604,-0.31952999257990017
MULTI_10a35,comum,so_INI,calmar,sortino,450,-2.9979419187551314e-05,0.13952171452927625,-0.00021487278370035113
MULTI_10a35,comum,so_INI,calmar,maxdd,450,-0.14846872367663558,0.1613758264313336,-0.9200183630960981
MULTI_10a35,comum,so_INI,calmar,seq_ruim,450,-0.09800786769825266,0.11294181616877784,-0.86777308018309
MULTI_10a35,comum,so_INI,calmar,ppg_nao_piorando_ou_nada,450,-0.10187276223948222,0.13339940088791963,-0.7636673145561901
MULTI_10a35,comum,so_INI,calmar,funcao_menor_vol,450,-0.045647439578734024,0.14470356259647674,-0.31545484271197516
MULTI_10a35,comum,so_INI,calmar,ACASO,450,-0.16806345899060723,0.09333527555469531,-1.8006424472612237
MULTI_10a35,comum,so_INI,calmar,FIXO_RETROSPECTO,450,-0.38522901276497146,0.16191215535627426,-2.3792470177257967
MULTI_10a35,comum,so_INI,calmar,BASE_V6_MOM,450,-0.30332959815668636,0.1336171911531042,-2.2701390108486756
MULTI_10a35,comum,so_INI,calmar,FIXO_TUDO_INI,450,-0.07562898594172403,0.16167560989672458,-0.4677822832400907
MULTI_10a35,comum,so_INI,calmar,FIXO_TUDO_INI_CALR,450,-0.2303849231370235,0.2062579385175481,-1.1169748170319405
MULTI_10a35,comum,so_INI,calmar,FIXO_V6E_INI,450,-0.38522901276497146,0.16191215535627426,-2.3792470177257967
MULTI_10a35,comum,so_INI,calmar,FIXO_V6WR_INI,450,-0.28310784255275206,0.14495966980521874,-1.9530110887611847
MULTI_10a35,comum,so_INI,calmar,FIXO_V6_INI,450,-0.28396194254393425,0.14465435974109156,-1.9630375679805383
MULTI_10a35,comum,so_INI,calmar,FAVORITO,450,0.699789857042585,0.27117018893478867,2.5806297506060716
MULTI_10a35,comum,so_INI,calmar,ZEBRA,450,-0.22565423467194826,0.2656129637950012,-0.8495603205802376
MULTI_10a35,comum,so_INI,calmar,VIG_MERCADO,450,0.4198988907283381,0.13791244034874575,3.0446774030429724
MULTI_10a35,comum,so_INI,maxdd,ppg,450,0.04659596143715335,0.22774688122754447,0.20459538758995696
MULTI_10a35,comum,so_INI,maxdd,roi,450,0.1402435511991135,0.2031692478316034,0.6902794231701552
MULTI_10a35,comum,so_INI,maxdd,sharpe,450,0.10388418871856915,0.20689672384808547,0.5021064944210833
MULTI_10a35,comum,so_INI,maxdd,sortino,450,0.14843874425744802,0.2066056914729647,0.718463964855837
MULTI_10a35,comum,so_INI,maxdd,seq_ruim,450,0.05046085597838291,0.14140367573488272,0.35685674870992606
MULTI_10a35,comum,so_INI,maxdd,ppg_nao_piorando_ou_nada,450,0.04659596143715335,0.22774688122754447,0.20459538758995696
MULTI_10a35,comum,so_INI,maxdd,ACASO,450,-0.019594735313971653,0.11255414150438411,-0.17409164204951458
MULTI_10a35,comum,so_INI,maxdd,FIXO_RETROSPECTO,450,-0.2367602890883358,0.19043062482725712,-1.243288936866668
MULTI_10a35,comum,so_INI,maxdd,BASE_V6_MOM,450,-0.15486087448005076,0.14189562462627267,-1.0913717381203698
MULTI_10a35,comum,so_INI,maxdd,FIXO_TUDO_INI,450,0.07283973773491154,0.16468313344296906,0.4423023549047083
MULTI_10a35,comum,so_INI,maxdd,FIXO_TUDO_INI_CALR,450,-0.08191619946038788,0.23662103192176093,-0.34619154009722003
MULTI_10a35,comum,so_INI,maxdd,FIXO_V6E_INI,450,-0.2367602890883358,0.19043062482725712,-1.243288936866668
MULTI_10a35,comum,so_INI,maxdd,FIXO_V6WR_INI,450,-0.13463911887611643,0.13752152233333448,-0.9790403464976815
MULTI_10a35,comum,so_INI,maxdd,FIXO_V6_INI,450,-0.13549321886729862,0.13632209771096723,-0.9939197029858944
MULTI_10a35,comum,so_INI,maxdd,FAVORITO,450,0.8482585807192207,0.2744969332636175,3.0902297181753284
MULTI_10a35,comum,so_INI,maxdd,ZEBRA,450,-0.07718551099531266,0.2949468516933306,-0.261692947567265
MULTI_10a35,comum,so_INI,maxdd,VIG_MERCADO,450,0.5683676144049736,0.16319406277679221,3.4827713994862384
MULTI_10a35,comum,so_INI,seq_ruim,sharpe,450,0.05342333274018625,0.15519899343048071,0.3442247372829548
MULTI_10a35,comum,so_INI,seq_ruim,sortino,450,0.0979778882790651,0.15242642851179897,0.6427880600212376
MULTI_10a35,comum,so_INI,seq_ruim,ACASO,450,-0.07005559129235456,0.07856595678218203,-0.8916787138044815
MULTI_10a35,comum,so_INI,seq_ruim,FIXO_RETROSPECTO,450,-0.28722114506671875,0.14227719263136665,-2.0187434103433213
MULTI_10a35,comum,so_INI,seq_ruim,BASE_V6_MOM,450,-0.20532173045843366,0.12278991415230932,-1.6721383989547496
MULTI_10a35,comum,so_INI,seq_ruim,FIXO_TUDO_INI,450,0.022378881756528628,0.15430302060815293,0.145032039349113
MULTI_10a35,comum,so_INI,seq_ruim,FIXO_TUDO_INI_CALR,450,-0.1323770554387708,0.19075445663252605,-0.6939657283802555
MULTI_10a35,comum,so_INI,seq_ruim,FIXO_V6E_INI,450,-0.28722114506671875,0.14227719263136665,-2.0187434103433213
MULTI_10a35,comum,so_INI,seq_ruim,FIXO_V6WR_INI,450,-0.18509997485449933,0.12630935771376936,-1.465449418830518
MULTI_10a35,comum,so_INI,seq_ruim,FIXO_V6_INI,450,-0.1859540748456815,0.12575383113316196,-1.4787149876075973
MULTI_10a35,comum,so_INI,seq_ruim,FAVORITO,450,0.7977977247408377,0.2866330102510109,2.7833421002074688
MULTI_10a35,comum,so_INI,seq_ruim,ZEBRA,450,-0.1276463669736955,0.24925329934673546,-0.5121150544776824
MULTI_10a35,comum,so_INI,seq_ruim,VIG_MERCADO,450,0.5179067584265907,0.15143882867649033,3.4199073180430086
MULTI_10a35,comum,so_INI,brier_com_roi>=0,bsskill_todas,450,0.2338090679225489,0.1458624228823946,1.6029424391987757
MULTI_10a35,comum,so_INI,brier_com_roi>=0,llskill_todas,450,0.24001836364051055,0.17438396920751686,1.3763786013775656
MULTI_10a35,comum,so_INI,brier_com_roi>=0,brier_todas,450,0.09605626543293817,0.09401599771804298,1.0217012823818987
MULTI_10a35,comum,so_INI,brier_com_roi>=0,ll_todas,450,0.03967727957172201,0.10665803077872298,0.37200461401765506
MULTI_10a35,comum,so_INI,brier_com_roi>=0,bsskill_entradas,450,0.14015187596965276,0.15470819245427808,0.9059111463090279
MULTI_10a35,comum,so_INI,brier_com_roi>=0,llskill_entradas,450,0.2401762439942318,0.1578982333498123,1.5210825282771747
MULTI_10a35,comum,so_INI,brier_com_roi>=0,brier_entradas,450,0.09644110937158953,0.15448577375755618,0.6242717826104841
MULTI_10a35,comum,so_INI,brier_com_roi>=0,ll_entradas,450,0.07947074929463692,0.14154986062899083,0.561432903865117
MULTI_10a35,comum,so_INI,brier_com_roi>=0,ppg,450,0.14559307140517072,0.20251814205187674,0.7189137226425661
MULTI_10a35,comum,so_INI,brier_com_roi>=0,lucro,450,0.14559307140517072,0.20251814205187674,0.7189137226425661
MULTI_10a35,comum,so_INI,brier_com_roi>=0,roi,450,0.2392406611671309,0.18273327875581769,1.3092342171938083
MULTI_10a35,comum,so_INI,brier_com_roi>=0,sharpe,450,0.20288129868658658,0.18900640232721108,1.0734096633158228
MULTI_10a35,comum,so_INI,brier_com_roi>=0,sortino,450,0.2474358542254654,0.18297273913772752,1.3523099418608753
MULTI_10a35,comum,so_INI,brier_com_roi>=0,calmar,450,0.24746583364465305,0.14220132294219945,1.7402498691607844
MULTI_10a35,comum,so_INI,brier_com_roi>=0,maxdd,450,0.0989971099680174,0.1669531277578133,0.5929634939911116
MULTI_10a35,comum,so_INI,brier_com_roi>=0,seq_ruim,450,0.14945796594640032,0.12086463800738687,1.2365731483617723
MULTI_10a35,comum,so_INI,brier_com_roi>=0,bsskill_t_ppg>=1_relaxar,450,0.2289453454959195,0.14596048736111913,1.5685433067203214
MULTI_10a35,comum,so_INI,brier_com_roi>=0,ppg_nao_piorando_ou_nada,450,0.14559307140517072,0.20251814205187674,0.7189137226425661
MULTI_10a35,comum,so_INI,brier_com_roi>=0,funcao_menor_vol,450,0.20181839406591898,0.15536486711823067,1.2989963420258828
MULTI_10a35,comum,so_INI,brier_com_roi>=0,ACASO,450,0.07940237465404576,0.10413191169807669,0.7625172087905914
MULTI_10a35,comum,so_INI,brier_com_roi>=0,FIXO_RETROSPECTO,450,-0.13776317912031844,0.1503595859175106,-0.9162247839382669
MULTI_10a35,comum,so_INI,brier_com_roi>=0,BASE_V6_MOM,450,-0.055863764512033336,0.13578917993408043,-0.41140070614722535
MULTI_10a35,comum,so_INI,brier_com_roi>=0,FIXO_TUDO_INI,450,0.17183684770292904,0.1453166985651829,1.1824989791235199
MULTI_10a35,comum,so_INI,brier_com_roi>=0,FIXO_TUDO_INI_CALR,450,0.01708091050762956,0.21302168572535182,0.08018390451407809
MULTI_10a35,comum,so_INI,brier_com_roi>=0,FIXO_V6E_INI,450,-0.13776317912031844,0.1503595859175106,-0.9162247839382669
MULTI_10a35,comum,so_INI,brier_com_roi>=0,FIXO_V6WR_INI,450,-0.03564200890809908,0.1369949784596869,-0.2601701851326423
MULTI_10a35,comum,so_INI,brier_com_roi>=0,FIXO_V6_INI,450,-0.036496108899281204,0.13582066302063858,-0.268708074954217
MULTI_10a35,comum,so_INI,brier_com_roi>=0,FAVORITO,450,0.9472556906872378,0.28916732071906526,3.2758047774268557
MULTI_10a35,comum,so_INI,brier_com_roi>=0,ZEBRA,450,0.021811598972704706,0.2739017895994025,0.07963291880861917
MULTI_10a35,comum,so_INI,brier_com_roi>=0,VIG_MERCADO,450,0.6673647243729912,0.1658740168427483,4.023322863192404
MULTI_10a35,comum,so_INI,bsskill_t_ppg>=1_relaxar,bsskill_todas,450,0.004863722426629399,0.004862300330491837,1.000292473940502
MULTI_10a35,comum,so_INI,bsskill_t_ppg>=1_relaxar,llskill_todas,450,0.011073018144591096,0.09076133567157015,0.12200148954021597
MULTI_10a35,comum,so_INI,bsskill_t_ppg>=1_relaxar,ll_todas,450,-0.18926806592419748,0.1450783219430048,-1.3045923290907169
MULTI_10a35,comum,so_INI,bsskill_t_ppg>=1_relaxar,llskill_entradas,450,0.011230898498312318,0.12150995562482908,0.0924278051173728
MULTI_10a35,comum,so_INI,bsskill_t_ppg>=1_relaxar,ll_entradas,450,-0.14947459620128253,0.13264390602407392,-1.1268862677653202
MULTI_10a35,comum,so_INI,bsskill_t_ppg>=1_relaxar,ppg,450,-0.0833522740907487,0.16267280752700528,-0.5123921776349216
MULTI_10a35,comum,so_INI,bsskill_t_ppg>=1_relaxar,lucro,450,-0.0833522740907487,0.16267280752700528,-0.5123921776349216
MULTI_10a35,comum,so_INI,bsskill_t_ppg>=1_relaxar,roi,450,0.010295315671211462,0.15363749995801848,0.06701043478333521
MULTI_10a35,comum,so_INI,bsskill_t_ppg>=1_relaxar,sharpe,450,-0.02606404680933288,0.16001856064918432,-0.16288139765532716
MULTI_10a35,comum,so_INI,bsskill_t_ppg>=1_relaxar,sortino,450,0.01849050872954598,0.15922215420522784,0.11613025098073236
MULTI_10a35,comum,so_INI,bsskill_t_ppg>=1_relaxar,calmar,450,0.01852048814873353,0.10405501269509254,0.17798746710072716
MULTI_10a35,comum,so_INI,bsskill_t_ppg>=1_relaxar,maxdd,450,-0.12994823552790208,0.16035609958406397,-0.8103728879971848
MULTI_10a35,comum,so_INI,bsskill_t_ppg>=1_relaxar,seq_ruim,450,-0.07948737954951916,0.11364672667013165,-0.6994251561704666
MULTI_10a35,comum,so_INI,bsskill_t_ppg>=1_relaxar,ppg_nao_piorando_ou_nada,450,-0.0833522740907487,0.16267280752700528,-0.5123921776349216
MULTI_10a35,comum,so_INI,bsskill_t_ppg>=1_relaxar,funcao_menor_vol,450,-0.027126951430000483,0.14932519399608102,-0.18166359409325408
MULTI_10a35,comum,so_INI,bsskill_t_ppg>=1_relaxar,ACASO,450,-0.14954297084187368,0.10113313691594066,-1.478674304013432
MULTI_10a35,comum,so_INI,bsskill_t_ppg>=1_relaxar,FIXO_RETROSPECTO,450,-0.36670852461623793,0.17539276513877383,-2.0907847842303626
MULTI_10a35,comum,so_INI,bsskill_t_ppg>=1_relaxar,BASE_V6_MOM,450,-0.2848091100079529,0.14662124478990812,-1.942481871682733
MULTI_10a35,comum,so_INI,bsskill_t_ppg>=1_relaxar,FIXO_TUDO_INI,450,-0.05710849779299047,0.1606896342983038,-0.35539627706771937
MULTI_10a35,comum,so_INI,bsskill_t_ppg>=1_relaxar,FIXO_TUDO_INI_CALR,450,-0.21186443498828994,0.19664893900976957,-1.0773739032365919
MULTI_10a35,comum,so_INI,bsskill_t_ppg>=1_relaxar,FIXO_V6E_INI,450,-0.36670852461623793,0.17539276513877383,-2.0907847842303626
MULTI_10a35,comum,so_INI,bsskill_t_ppg>=1_relaxar,FIXO_V6WR_INI,450,-0.26458735440401854,0.14771403570602124,-1.7912133612718917
MULTI_10a35,comum,so_INI,bsskill_t_ppg>=1_relaxar,FIXO_V6_INI,450,-0.2654414543952007,0.14778373593625743,-1.796147950337998
MULTI_10a35,comum,so_INI,bsskill_t_ppg>=1_relaxar,FAVORITO,450,0.7183103451913186,0.2755748616290021,2.606588790229922
MULTI_10a35,comum,so_INI,bsskill_t_ppg>=1_relaxar,ZEBRA,450,-0.2071337465232147,0.26356261581786317,-0.7858995703182577
MULTI_10a35,comum,so_INI,bsskill_t_ppg>=1_relaxar,VIG_MERCADO,450,0.4384193788770716,0.14118787629080795,3.1052197284563516
MULTI_10a35,comum,so_INI,ppg_nao_piorando_ou_nada,roi,450,0.09364758976196015,0.12622509297355844,0.7419094536264464
MULTI_10a35,comum,so_INI,ppg_nao_piorando_ou_nada,sharpe,450,0.057288227281415804,0.1268050152355134,0.4517820306634961
MULTI_10a35,comum,so_INI,ppg_nao_piorando_ou_nada,sortino,450,0.10184278282029466,0.13105672795932793,0.7770893139641063
MULTI_10a35,comum,so_INI,ppg_nao_piorando_ou_nada,seq_ruim,450,0.0038648945412295926,0.16879993754704323,0.02289630314675014
MULTI_10a35,comum,so_INI,ppg_nao_piorando_ou_nada,ACASO,450,-0.06619069675112506,0.15702083415976031,-0.42154085542418884
MULTI_10a35,comum,so_INI,ppg_nao_piorando_ou_nada,FIXO_RETROSPECTO,450,-0.28335625052548913,0.17451224254902417,-1.623704138956832
MULTI_10a35,comum,so_INI,ppg_nao_piorando_ou_nada,BASE_V6_MOM,450,-0.20145683591720415,0.1770414584604566,-1.137907683709016
MULTI_10a35,comum,so_INI,ppg_nao_piorando_ou_nada,FIXO_TUDO_INI,450,0.026243776297758224,0.23111399539099797,0.11355338413564735
MULTI_10a35,comum,so_INI,ppg_nao_piorando_ou_nada,FIXO_TUDO_INI_CALR,450,-0.12851216089754122,0.21475789699493442,-0.5984048209438952
MULTI_10a35,comum,so_INI,ppg_nao_piorando_ou_nada,FIXO_V6E_INI,450,-0.28335625052548913,0.17451224254902417,-1.623704138956832
MULTI_10a35,comum,so_INI,ppg_nao_piorando_ou_nada,FIXO_V6WR_INI,450,-0.18123508031326985,0.1940373497415049,-0.9340216229231633
MULTI_10a35,comum,so_INI,ppg_nao_piorando_ou_nada,FIXO_V6_INI,450,-0.18208918030445198,0.19226311104341193,-0.9470832928701401
MULTI_10a35,comum,so_INI,ppg_nao_piorando_ou_nada,FAVORITO,450,0.8016626192820673,0.33479485124602526,2.394489091748196
MULTI_10a35,comum,so_INI,ppg_nao_piorando_ou_nada,ZEBRA,450,-0.12378147243246594,0.23646189805004642,-0.5234732252985129
MULTI_10a35,comum,so_INI,ppg_nao_piorando_ou_nada,VIG_MERCADO,450,0.5217716529678202,0.20313807759245792,2.5685566150459254
MULTI_10a35,comum,so_INI,funcao_menor_vol,llskill_todas,450,0.038199969574591576,0.16820399211595577,0.2271050115639196
MULTI_10a35,comum,so_INI,funcao_menor_vol,ll_todas,450,-0.1621411144941969,0.153007188275346,-1.0596960595237777
MULTI_10a35,comum,so_INI,funcao_menor_vol,llskill_entradas,450,0.03835784992831282,0.15711132938308825,0.24414439161662221
MULTI_10a35,comum,so_INI,funcao_menor_vol,ll_entradas,450,-0.12234764477128206,0.0745093623111375,-1.6420439120171317
MULTI_10a35,comum,so_INI,funcao_menor_vol,ppg,450,-0.056225322660748214,0.20210335893049813,-0.27820083227851594
MULTI_10a35,comum,so_INI,funcao_menor_vol,lucro,450,-0.056225322660748214,0.20210335893049813,-0.27820083227851594
MULTI_10a35,comum,so_INI,funcao_menor_vol,roi,450,0.03742226710121194,0.19752352354327846,0.18945726782264755
MULTI_10a35,comum,so_INI,funcao_menor_vol,sharpe,450,0.001062904620667611,0.2003410644146809,0.005305475558757797
MULTI_10a35,comum,so_INI,funcao_menor_vol,sortino,450,0.04561746015954642,0.20069009655523912,0.22730299572600188
MULTI_10a35,comum,so_INI,funcao_menor_vol,maxdd,450,-0.10282128409790155,0.12914867619124457,-0.7961466360339833
MULTI_10a35,comum,so_INI,funcao_menor_vol,seq_ruim,450,-0.052360428119518625,0.13661857014035345,-0.3832599628712756
MULTI_10a35,comum,so_INI,funcao_menor_vol,ppg_nao_piorando_ou_nada,450,-0.056225322660748214,0.20210335893049813,-0.27820083227851594
MULTI_10a35,comum,so_INI,funcao_menor_vol,ACASO,450,-0.12241601941187324,0.1063805941179621,-1.1507363765625334
MULTI_10a35,comum,so_INI,funcao_menor_vol,FIXO_RETROSPECTO,450,-0.33958157318623744,0.18536469609288758,-1.8319646639512772
MULTI_10a35,comum,so_INI,funcao_menor_vol,BASE_V6_MOM,450,-0.2576821585779523,0.15641318579267366,-1.6474452410905502
MULTI_10a35,comum,so_INI,funcao_menor_vol,FIXO_TUDO_INI,450,-0.029981546362989987,0.17356706811544886,-0.17273752842934256
MULTI_10a35,comum,so_INI,funcao_menor_vol,FIXO_TUDO_INI_CALR,450,-0.18473748355828945,0.2286105163743101,-0.808088300084209
MULTI_10a35,comum,so_INI,funcao_menor_vol,FIXO_V6E_INI,450,-0.33958157318623744,0.18536469609288758,-1.8319646639512772
MULTI_10a35,comum,so_INI,funcao_menor_vol,FIXO_V6WR_INI,450,-0.23746040297401808,0.1555591233498365,-1.526496150534315
MULTI_10a35,comum,so_INI,funcao_menor_vol,FIXO_V6_INI,450,-0.2383145029652002,0.15305442527695867,-1.5570572528952344
MULTI_10a35,comum,so_INI,funcao_menor_vol,FAVORITO,450,0.7454372966213191,0.25573347320769024,2.914899200606105
MULTI_10a35,comum,so_INI,funcao_menor_vol,ZEBRA,450,-0.1800067950932142,0.29244900677198493,-0.6155151528128148
MULTI_10a35,comum,so_INI,funcao_menor_vol,VIG_MERCADO,450,0.46554633030707215,0.14389043335572035,3.2354223936220037
