modelo,flag,recorte,periodo,t,n_linhas,n_jogos,brier_mod,brier_mkt,bsskill,bsskill_se,bsskill_z,ll_mod,ll_mkt,llskill,llskill_se,llskill_z
TUDO_INI,sem_flag,todas,limpo_400_499,TODOS,572,80,0.2427845786681944,0.21834390247389882,-0.02444067619429559,0.013047618131864254,-1.8731906427126166,0.6882177182709184,0.6316878069350824,-0.05652991133583601,0.03175903462793794,-1.779963150583535
TUDO_INI,sem_flag,todas,limpo_500_599,TODOS,721,100,0.21835786457376663,0.2232056320591654,0.004847767485398766,0.00737595182009386,0.6572395812283216,0.6311368092993591,0.6549152735697498,0.02377846427039069,0.01904128000677424,1.2487849693891966
TUDO_INI,sem_flag,todas,limpo_600_699,TODOS,711,100,0.22603081268535583,0.22599234134241925,-3.847134293658223e-05,0.007791629279712222,-0.004937522250545671,0.6374356963171515,0.6474963381498255,0.010060641832673987,0.023131204688127568,0.43493808335186973
TUDO_INI,sem_flag,todas,TOTAL,TODOS,2004,280,0.22805224908941166,0.22280665051107207,-0.005245598578339559,0.005716887712812395,-0.9175619396167941,0.6496641489208074,0.6456533104965981,-0.004010838424209233,0.01510788821955899,-0.2654797524260682
TUDO_INI,sem_flag,entrou_FIRST,limpo_400_499,TODOS,76,76,0.23190352063198924,0.2212234836483657,-0.010680036983623506,0.013620928647138746,-0.7840902232365036,0.6554975997685766,0.6313062081722093,-0.024191391596367247,0.03077176603586714,-0.7861554506871689
TUDO_INI,sem_flag,entrou_FIRST,limpo_500_599,TODOS,94,94,0.2130588167706318,0.20561245326317082,-0.0074463635074609805,0.007684993473660705,-0.9689485791995014,0.614154123303839,0.5969515370814206,-0.01720258622241838,0.018352815521759606,-0.9373268206190227
TUDO_INI,sem_flag,entrou_FIRST,limpo_600_699,TODOS,91,91,0.22559864532518453,0.2256476560505812,4.901072539667265e-05,0.006355179754507315,0.0077119337752661575,0.6331058000983927,0.6404999855613117,0.007394185462919064,0.014157853215696724,0.5222674193797388
TUDO_INI,sem_flag,entrou_FIRST,TOTAL,TODOS,261,261,0.2229182876209286,0.21714364775715225,-0.005774639863776328,0.005138043091620049,-1.1238986829819593,0.6328005095092966,0.6221387547617655,-0.010661754747531048,0.011908534427754058,-0.8953036842789603
TUDO_INI,sem_flag,nao_entrou_FIRST,limpo_400_499,TODOS,42,21,0.27550805961115354,0.2867871917725783,0.011279132161424706,0.011635920035289774,0.9693373731700639,0.7836174592569707,0.8429763247644702,0.05935886550749967,0.06027666050867918,0.9847736255885086
TUDO_INI,sem_flag,nao_entrou_FIRST,limpo_500_599,TODOS,70,31,0.15140928622683678,0.147688004117128,-0.0037212821097087623,0.0038789415183417037,-0.9593550436665663,0.48947989204451525,0.478098312780433,-0.011381579264082193,0.020380073024340424,-0.5584660688157933
TUDO_INI,sem_flag,nao_entrou_FIRST,limpo_600_699,TODOS,86,40,0.17401586789352796,0.17254532878051226,-0.0014705391130157037,0.0044630197805752645,-0.32949419570489946,0.5277677509604289,0.5177081965020633,-0.010059554458365653,0.0177155225949792,-0.5678384255633901
TUDO_INI,sem_flag,nao_entrou_FIRST,TOTAL,TODOS,198,92,0.18755228877974967,0.18799050817056215,0.0004382193908124937,0.003612441687628415,0.12130836390059124,0.5685027894672007,0.5727009718884621,0.004198182421261548,0.01754700341808406,0.23925352501697658
TUDO_INI,sem_flag,lado_apostado_FIRST,limpo_400_499,TODOS,76,76,0.23289412402831608,0.2233177330760214,-0.009576390952294673,0.015918863943288276,-0.6015750235953413,0.6576794140534371,0.6351542393650429,-0.022525174688394243,0.03596951560632589,-0.6262295810409185
TUDO_INI,sem_flag,lado_apostado_FIRST,limpo_500_599,TODOS,94,94,0.21345214739694746,0.20501003468816992,-0.00844211270877754,0.008235290959096711,-1.025114079236311,0.6150528020967746,0.5962299665060147,-0.018822835590759875,0.019184461022428653,-0.9811500864555955
TUDO_INI,sem_flag,lado_apostado_FIRST,limpo_600_699,TODOS,91,91,0.2250778980803832,0.22496206390939363,-0.00011583417098955153,0.006220071101321447,-0.01862264419532804,0.6319359121791267,0.640531181654474,0.008595269475347207,0.015002456921000397,0.5729241230691736
TUDO_INI,sem_flag,lado_apostado_FIRST,TOTAL,TODOS,261,261,0.223166835275019,0.21729746662919702,-0.005869368645821966,0.005725353222812658,-1.0251539804453424,0.6333515972163163,0.6230102550722826,-0.010341342144033696,0.013328538095206423,-0.77587970039662
TUDO_INI,sem_flag,entrou_MULTI,limpo_400_499,TODOS,374,76,0.25901925460884057,0.23040936708549922,-0.028609887523341353,0.01768141148389527,-1.6180771285934978,0.721241659329301,0.6557817360826544,-0.06545992324664647,0.0414328766492812,-1.5799029307269232
TUDO_INI,sem_flag,entrou_MULTI,limpo_500_599,TODOS,480,94,0.2235546925960507,0.22289808336784458,-0.0006566092282060874,0.010213521920946062,-0.06428822822218673,0.6409386437931095,0.6388962027142798,-0.0020424410788296996,0.022260425042821854,-0.09175211501580513
TUDO_INI,sem_flag,entrou_MULTI,limpo_600_699,TODOS,476,91,0.24463695922334178,0.23822009185178863,-0.006416867371553181,0.008363778589189163,-0.7672210954803949,0.6788567692748775,0.6698954342381197,-0.008961335036757764,0.019347063795686934,-0.46318837480421843
TUDO_INI,sem_flag,entrou_MULTI,TOTAL,TODOS,1330,261,0.24107266636099353,0.2304939451338297,-0.010578721227163837,0.007068562590624264,-1.4965873318000247,0.6770907908155586,0.654738927289558,-0.022351863526000552,0.016267123158811948,-1.3740514107986257
TUDO_INI,sem_flag,nao_entrou_MULTI,limpo_400_499,TODOS,198,72,0.21211907966919602,0.19555358042976467,-0.016565499239431368,0.005647841854985115,-2.933067119223548,0.6258391629384181,0.5861770518785574,-0.039662111059860686,0.020623481446835158,-1.923153040969577
TUDO_INI,sem_flag,nao_entrou_MULTI,limpo_500_599,TODOS,241,85,0.20800733573270294,0.2238181771705097,0.015810841437806776,0.009045718913801187,1.7478811345424343,0.6116144833367025,0.6868204769333414,0.07520599359663878,0.03675153279430626,2.046336244465158
TUDO_INI,sem_flag,nao_entrou_MULTI,limpo_600_699,TODOS,235,89,0.18834346905947782,0.20122464243833488,0.012881173378857042,0.010778896686988278,1.1950363523204117,0.5535359910921407,0.6021262541582169,0.04859026306607619,0.04026402744336633,1.2067909285632488
TUDO_INI,sem_flag,nao_entrou_MULTI,TOTAL,TODOS,674,246,0.20235914082353043,0.20763735993500732,0.0052782191114768935,0.005801792752635266,0.90975657637537,0.5955433273777525,0.6277247194956537,0.032181392117901234,0.02158457861161187,1.4909437287132672
TUDO_INI,sem_flag,lado_apostado_MULTI,limpo_400_499,TODOS,374,76,0.25919719997874363,0.2313529414202802,-0.027844258558463408,0.01813992693477363,-1.5349708220206169,0.7216264611291401,0.6570733224021373,-0.0645531387270028,0.04302453282813351,-1.50037977134738
TUDO_INI,sem_flag,lado_apostado_MULTI,limpo_500_599,TODOS,480,94,0.2242853852154625,0.2215001373075753,-0.0027852479078871715,0.010644561904435202,-0.2616592334088132,0.6422499573001564,0.6351392957574036,-0.007110661542752721,0.02321615498291344,-0.30628075785960274
TUDO_INI,sem_flag,lado_apostado_MULTI,limpo_600_699,TODOS,476,91,0.24423135469369833,0.23867330867463663,-0.0055580460190617345,0.00883239046465163,-0.6292799261203129,0.6779908097939271,0.6706172011900857,-0.007373608603841459,0.0203462385542754,-0.3624064754854664
TUDO_INI,sem_flag,lado_apostado_MULTI,TOTAL,TODOS,1330,261,0.24124125002231014,0.23041696310372028,-0.010824286918589882,0.007275024207883039,-1.48786953957637,0.6773623319009645,0.6540045656454391,-0.02335776625552548,0.016846586584859432,-1.386498454026162
TUDO_INI,cWRgrande,flag1,limpo_400_499,TODOS,286,42,0.25126392725525903,0.22754048609132185,-0.02372344116393713,0.012481575814605943,-1.9006767668050337,0.6998871907477455,0.6396568519560488,-0.06023033879169673,0.030487360969206,-1.9755838772838639
TUDO_INI,cWRgrande,flag1,limpo_500_599,TODOS,359,51,0.25195599067871505,0.2654970046523635,0.013541013973648482,0.014086911417349099,0.9612478968932606,0.7162361408690048,0.7692438042593231,0.05300766339031831,0.039842300272192904,1.3304368228787706
TUDO_INI,cWRgrande,flag1,limpo_600_699,TODOS,427,61,0.21746275487246247,0.21940029087199658,0.0019375359995340978,0.012119541704122579,0.15986875137985013,0.619853903187572,0.6336161247994788,0.013762221611906668,0.03008173847451143,0.4574942243968892
TUDO_INI,cWRgrande,flag1,TOTAL,TODOS,1072,154,0.23803197777910842,0.23700926109576406,-0.0010227166833443604,0.0075695983814706505,-0.13510844721271237,0.6734833281594415,0.6806478271249108,0.0071644989654693625,0.020215786113289985,0.35440120534117525
TUDO_INI,cWRgrande,flag0,limpo_400_499,TODOS,286,38,0.23430523008112977,0.20914731885647572,-0.025157911224654047,0.017677715725793172,-1.4231426511710834,0.6765482457940912,0.623718761914116,-0.052829483879975284,0.043059716030060896,-1.226888812808099
TUDO_INI,cWRgrande,flag0,limpo_500_599,TODOS,362,49,0.18503817597797528,0.18126474045430874,-0.0037734355236665592,0.017993469954503134,-0.2097113860310307,0.5467427208090199,0.541534216891416,-0.0052085039176038355,0.04200147603389408,-0.12400763995533659
TUDO_INI,cWRgrande,flag0,limpo_600_699,TODOS,284,39,0.2389130686223469,0.23590362849337165,-0.003009440128975246,0.013749857709035496,-0.21887063798468553,0.6638702937338079,0.6683655321660159,0.004495238432207951,0.037044022491152975,0.12134855045187182
TUDO_INI,cWRgrande,flag0,TOTAL,TODOS,932,126,0.21657341952358014,0.20647060056816455,-0.010102818955415581,0.009752175214873997,-1.0359554389472805,0.6222669813845244,0.6054021068211141,-0.01686487456341037,0.023784842340009247,-0.7090597584093051
TUDO_INI,cWRgrande,entrou_FIRST,limpo_400_499,TODOS,41,41,0.2450129277764285,0.24149747243350692,-0.0035154553429216336,0.0147704668066945,-0.2380057034709495,0.6777794110847876,0.6737490643348181,-0.00403034674996952,0.03162031685893308,-0.12746066928898925
TUDO_INI,cWRgrande,entrou_FIRST,limpo_500_599,TODOS,47,47,0.23830726091145094,0.2369312877412884,-0.0013759731701625244,0.010560282937906115,-0.1302969985040336,0.6711961375594523,0.6680163977759952,-0.0031797397834571494,0.025382518533329543,-0.1252728242582336
TUDO_INI,cWRgrande,entrou_FIRST,limpo_600_699,TODOS,56,56,0.20726197803463547,0.20483738313869773,-0.0024245948959377506,0.008565797564299597,-0.2830553579789162,0.5906588417908075,0.5915082921014513,0.000849450310643681,0.018406806053530875,0.046148707612461405
TUDO_INI,cWRgrande,entrou_FIRST,TOTAL,TODOS,144,144,0.22814334771952327,0.22575041909292645,-0.002392928626596803,0.006025790854602619,-0.3971144509220788,0.6417504823614985,0.6398954631311152,-0.001855019230383265,0.013439286932718834,-0.1380295874081755
TUDO_INI,cWRgrande,nao_entrou_FIRST,limpo_400_499,TODOS,18,13,0.19591397639664299,0.1927400330618146,-0.003173943334828382,0.003609436088040504,-0.8793460411572094,0.5577370236631709,0.5472095570648182,-0.010527466598352665,0.009095851745914797,-1.157392060955792
TUDO_INI,cWRgrande,nao_entrou_FIRST,limpo_500_599,TODOS,36,14,0.2139333266268088,0.20768657464079063,-0.0062467519860182,0.005849291882076781,-1.0679501231865869,0.666392505787403,0.6531025495671411,-0.013289956220261955,0.03535280119839621,-0.37592371098629823
TUDO_INI,cWRgrande,nao_entrou_FIRST,limpo_600_699,TODOS,45,24,0.23441617947289603,0.23920878813645213,0.004792608663556106,0.0041155145289887805,1.1645223531099267,0.6829777219497646,0.6974991678738578,0.014521445924093223,0.01885514418971705,0.7701583068249738
TUDO_INI,cWRgrande,nao_entrou_FIRST,TOTAL,TODOS,99,51,0.21996746878772738,0.21929730048809565,-0.0006701682996317305,0.003308021620597321,-0.2025888511305195,0.6541756982022524,0.65402955925159,-0.00014613895066245777,0.015745279738555162,-0.009281445175255296
TUDO_INI,cWRgrande,lado_apostado_FIRST,limpo_400_499,TODOS,41,41,0.24618677102307404,0.2445678600796062,-0.0016189109434678408,0.017460444852578763,-0.09271876845845317,0.6800898081365743,0.6799811763601546,-0.00010863177641963586,0.03739912328967235,-0.0029046610418708447
TUDO_INI,cWRgrande,lado_apostado_FIRST,limpo_500_599,TODOS,47,47,0.23918793373427935,0.23975002921780098,0.0005620954835216258,0.011494287461936927,0.0489021599105636,0.6733076448427823,0.6744123198227613,0.0011046749799790028,0.025464406801109563,0.04338113935294455
TUDO_INI,cWRgrande,lado_apostado_FIRST,limpo_600_699,TODOS,56,56,0.2072752707988342,0.20828264915546515,0.0010073783566309058,0.008612198257214753,0.1169711061617733,0.5907287142649705,0.600028198016154,0.009299483751183493,0.01829560369615279,0.5082906202837676
TUDO_INI,cWRgrande,lado_apostado_FIRST,TOTAL,TODOS,144,144,0.22877017820966586,0.2288844582583788,0.000114280048712956,0.006704833754393253,0.01704442688650938,0.6431246488892268,0.6470707385509774,0.003946089661750581,0.014526905794938724,0.27164006688371495
TUDO_INI,cWRgrande,entrou_MULTI,limpo_400_499,TODOS,194,41,0.28360178475592646,0.2584817997336804,-0.02511998502224608,0.017373203427114303,-1.4459040399562353,0.7728232727495716,0.7159509347335178,-0.05687233801605379,0.04144799793317863,-1.372137156244359
TUDO_INI,cWRgrande,entrou_MULTI,limpo_500_599,TODOS,233,47,0.24182750491371643,0.24970254324670801,0.007875038332991552,0.01863473683680024,0.4225999219607853,0.6866632583267892,0.701888913500867,0.015225655174077759,0.04360332040800263,0.349185681998735
TUDO_INI,cWRgrande,entrou_MULTI,limpo_600_699,TODOS,291,56,0.2286733638947393,0.22572288685041328,-0.002950477044326026,0.01569960988464741,-0.18793314394463306,0.6438433237350196,0.6395440856491275,-0.004299238085892213,0.03457807875405731,-0.12433420944151649
TUDO_INI,cWRgrande,entrou_MULTI,TOTAL,TODOS,718,144,0.24778343144974205,0.24235587994190422,-0.005427551507837859,0.009719667284636113,-0.5584091871557367,0.6925886647777849,0.6804205112923406,-0.012168153485444222,0.022305638622638777,-0.5455191707936278
TUDO_INI,cWRgrande,nao_entrou_MULTI,limpo_400_499,TODOS,92,37,0.18307322774298204,0.16229467254113117,-0.020778555201850863,0.008376426397667232,-2.480599030588692,0.5460871917438948,0.47877585131660316,-0.06731134042729163,0.020482478599543726,-3.286288819986419
TUDO_INI,cWRgrande,nao_entrou_MULTI,limpo_500_599,TODOS,126,45,0.27068565086319646,0.29470422296599624,0.024018572102799788,0.018951318763635677,1.267382623993814,0.7709225030304033,0.8937968958999601,0.12287439286955683,0.07282937501055892,1.6871542952516385
TUDO_INI,cWRgrande,nao_entrou_MULTI,limpo_600_699,TODOS,136,54,0.1934753488027378,0.2058717950652373,0.012396446262499514,0.010068139456637922,1.2312549221124007,0.56852359892796,0.6209320320991276,0.05240843317116751,0.03881763536036276,1.3501191580742837
TUDO_INI,cWRgrande,nao_entrou_MULTI,TOTAL,TODOS,354,136,0.21825360564488544,0.2261649889728019,0.007911383327916462,0.008422557340071943,0.9393089305876884,0.6347329561482251,0.6811088801412537,0.04637592399302856,0.032393129301949625,1.4316592744325372
TUDO_INI,cWRgrande,lado_apostado_MULTI,limpo_400_499,TODOS,194,41,0.2827072634143093,0.260266107396876,-0.022441156017433326,0.019086593642840315,-1.1757549009197543,0.7711286915699341,0.7191744494212743,-0.05195424214865978,0.04704924137513154,-1.1042524944115428
TUDO_INI,cWRgrande,lado_apostado_MULTI,limpo_500_599,TODOS,233,47,0.24191741434999636,0.2492825571265274,0.007365142776531018,0.018247742882145555,0.40361938592073315,0.686729527354901,0.6992749542323952,0.01254542687749419,0.042257837605311904,0.2968781080250354
TUDO_INI,cWRgrande,lado_apostado_MULTI,limpo_600_699,TODOS,291,56,0.2273035222618014,0.22810736514977303,0.0008038428879716771,0.017094427741898875,0.04702367930114665,0.6403163642636007,0.6449777374284631,0.004661373164862326,0.03747841783974456,0.12437486515023326
TUDO_INI,cWRgrande,lado_apostado_MULTI,TOTAL,TODOS,718,144,0.24701572649597406,0.24366811128698995,-0.003347615208984095,0.010194414848211621,-0.3283773771057942,0.6907228524219596,0.682645444450638,-0.008077407971321606,0.02346215252355652,-0.34427395198337873
TUDO_INI,cPROBSgrande,flag1,limpo_400_499,TODOS,261,36,0.22487855250046287,0.21178775270023173,-0.01309079980023115,0.010703763138244341,-1.2230091072791,0.6438545331158219,0.6107902324819052,-0.03306430063391655,0.024604587890366496,-1.3438266383995119
TUDO_INI,cPROBSgrande,flag1,limpo_500_599,TODOS,363,50,0.22024890389402604,0.23598332778225695,0.0157344238882309,0.015551422775914927,1.0117674835899513,0.6319238606226039,0.6886105329675993,0.05668667234499542,0.04156843920001601,1.3636949915832681
TUDO_INI,cPROBSgrande,flag1,limpo_600_699,TODOS,373,53,0.23274930923239406,0.24232138255003727,0.00957207331764321,0.008768093914767478,1.0916937490281264,0.6537431496140778,0.6900420462821866,0.03629889666810884,0.028466420409531328,1.2751479162429213
TUDO_INI,cPROBSgrande,flag1,TOTAL,TODOS,997,139,0.2261375593378488,0.23202048859667368,0.005882929258824878,0.00690051057060794,0.8525353593229243,0.6432102200153318,0.6687738790454076,0.02556365903007594,0.019433795345335392,1.3154228793611265
TUDO_INI,cPROBSgrande,flag0,limpo_400_499,TODOS,311,44,0.2578118224938469,0.22384600887559372,-0.0339658136182532,0.015673681644537724,-2.1670603237045003,0.7254485585457744,0.6492256427301925,-0.07622291581558192,0.038625259070792575,-1.9733955874802074
TUDO_INI,cPROBSgrande,flag0,limpo_500_599,TODOS,358,50,0.21644041408981643,0.21024947689860052,-0.006190937191215936,0.007137445074366335,-0.8673884179438774,0.6303387656391974,0.620749409990366,-0.009589355648831422,0.02149951899592513,-0.4460265204374536
TUDO_INI,cPROBSgrande,flag0,limpo_600_699,TODOS,338,47,0.2186166138331509,0.2079724230866751,-0.01064419074647582,0.009776032340065063,-1.088804780529703,0.6194396014066382,0.6005450093528708,-0.018894592053767426,0.02422927953537356,-0.7798247581477711
TUDO_INI,cPROBSgrande,flag0,TOTAL,TODOS,1007,141,0.22994792504006523,0.2136843103210574,-0.016263614719007825,0.0069517676806408165,-2.339493416084445,0.6560539871718096,0.6227623404438045,-0.033291646728004984,0.01781564231674553,-1.868675074191012
TUDO_INI,cPROBSgrande,entrou_FIRST,limpo_400_499,TODOS,33,33,0.23271577681649255,0.22452701784366375,-0.008188758972828837,0.010645392010293549,-0.7692303829591928,0.6605423952026526,0.6386138912851382,-0.021928503917514275,0.026741026662827468,-0.8200322371316039
TUDO_INI,cPROBSgrande,entrou_FIRST,limpo_500_599,TODOS,46,46,0.22822581198990352,0.22596293943985007,-0.002262872550053452,0.014696452358773253,-0.15397406767372662,0.647743558980624,0.6394244459087798,-0.008319113071844101,0.033798725089890375,-0.2461368897708054
TUDO_INI,cPROBSgrande,entrou_FIRST,limpo_600_699,TODOS,46,46,0.23483624720010904,0.23087301439431104,-0.0039632328057979446,0.009992314196522996,-0.39662812115906265,0.6509872635766701,0.6493848177697359,-0.0016024458069343534,0.022357081859681712,-0.07167508787558587
TUDO_INI,cPROBSgrande,entrou_FIRST,TOTAL,TODOS,125,125,0.23184380286147865,0.22739076372169853,-0.004453039139780126,0.00670331065849553,-0.6643044559088884,0.6523161350345845,0.6428758763329703,-0.009440258701614244,0.015583378790149672,-0.6057902351434515
TUDO_INI,cPROBSgrande,nao_entrou_FIRST,limpo_400_499,TODOS,19,8,0.09709305321503159,0.10104196044850138,0.003948907233469784,0.0038924676325689626,1.014499696909123,0.31450621328104544,0.31735688390007755,0.002850670619032136,0.010706229378069369,0.26626280068979724
TUDO_INI,cPROBSgrande,nao_entrou_FIRST,limpo_500_599,TODOS,47,18,0.08051992117367383,0.07492385497346526,-0.005596066200208559,0.00339190036304128,-1.6498321298538845,0.2911592040711827,0.26276471108029315,-0.02839449299088953,0.014333135302514344,-1.9810385091326472
TUDO_INI,cPROBSgrande,nao_entrou_FIRST,limpo_600_699,TODOS,59,22,0.1692624432502881,0.16968594852305957,0.0004235052727714624,0.0058985639902055615,0.071798029736506,0.5277151278363024,0.5226712467676482,-0.005043881068654064,0.024394274562480976,-0.20676495444597823
TUDO_INI,cPROBSgrande,nao_entrou_FIRST,TOTAL,TODOS,125,48,0.12492550766412215,0.12362151516107928,-0.001303992503042881,0.0031464188975270807,-0.41443703000504806,0.4063623454882183,0.39373860619333195,-0.012623739294886298,0.012948749226872693,-0.9749002837037033
TUDO_INI,cPROBSgrande,lado_apostado_FIRST,limpo_400_499,TODOS,33,33,0.23310099056197706,0.22504066004183643,-0.008060330520140645,0.010879328948158278,-0.7408848981908162,0.6613633704360653,0.6385172224820886,-0.02284614795397656,0.027988195198312745,-0.8162779983524565
TUDO_INI,cPROBSgrande,lado_apostado_FIRST,limpo_500_599,TODOS,46,46,0.22869350641754987,0.22690937224098492,-0.0017841341765649486,0.013512768653833673,-0.13203320668549864,0.6487829167687741,0.6434541723695029,-0.0053287443992712175,0.031091690615691663,-0.17138805557848483
TUDO_INI,cPROBSgrande,lado_apostado_FIRST,limpo_600_699,TODOS,46,46,0.23452192952314338,0.22667958554829346,-0.00784234397484992,0.008263258135971684,-0.9490619614931987,0.6500024785315055,0.6426539581953545,-0.007348520336150941,0.019568747107050786,-0.37552329211220714
TUDO_INI,cPROBSgrande,lado_apostado_FIRST,TOTAL,TODOS,125,125,0.23200194193453705,0.22633147071749926,-0.005670471217037802,0.006161451641782288,-0.9203141640494215,0.6525529552656241,0.6418563387831389,-0.010696616482485165,0.014643046056962901,-0.7304912134315679
TUDO_INI,cPROBSgrande,entrou_MULTI,limpo_400_499,TODOS,175,33,0.23848602993255663,0.23051859303857541,-0.007967436893981194,0.015894471037044,-0.5012709687168646,0.6751679976512502,0.6550167992335818,-0.02015119841766837,0.03655150707852353,-0.5513096457111218
TUDO_INI,cPROBSgrande,entrou_MULTI,limpo_500_599,TODOS,232,46,0.2279987743048443,0.2318810172885512,0.0038822429837069104,0.02151197327663136,0.1804689385666086,0.6551144050852832,0.6603043581313677,0.005189953046084491,0.04817168494707365,0.1077386653962116
TUDO_INI,cPROBSgrande,entrou_MULTI,limpo_600_699,TODOS,241,46,0.2577447181937077,0.2600563791486613,0.002311660954953615,0.008881624691695433,0.26027455957636697,0.707178942177524,0.7175097767724183,0.010330834594894372,0.022366141749200066,0.46189614242536303
TUDO_INI,cPROBSgrande,entrou_MULTI,TOTAL,TODOS,648,125,0.24189390117531612,0.2419918783449413,9.797716962517702e-05,0.008762458891333896,0.011181469818029822,0.6798936213480521,0.6801518628927576,0.0002582415447055272,0.020072299372704057,0.012865568608283365
TUDO_INI,cPROBSgrande,nao_entrou_MULTI,limpo_400_499,TODOS,86,32,0.19718891819096976,0.17367267061639277,-0.023516247574576987,0.004175962931802206,-5.631335325198435,0.5801352738867525,0.5207943117662844,-0.05934096212046806,0.01826583156614726,-3.24874134011215
TUDO_INI,cPROBSgrande,nao_entrou_MULTI,limpo_500_599,TODOS,131,42,0.206523942555783,0.2432484883512625,0.036724545795479485,0.01917401128304129,1.915329309728789,0.5908535834062557,0.738740552524895,0.14788696911863922,0.07451168285845872,1.9847487460397735
TUDO_INI,cPROBSgrande,nao_entrou_MULTI,limpo_600_699,TODOS,132,45,0.18711375196211696,0.20994157815406464,0.0228278261919477,0.013361487754695483,1.7084793707890473,0.5561823465247556,0.6398926292507788,0.08371028272602314,0.0521790393283312,1.6042894580577627
TUDO_INI,cPROBSgrande,nao_entrou_MULTI,TOTAL,TODOS,349,119,0.19688223122702125,0.21350627496665242,0.016624043739631198,0.009801288773580094,1.6961079429107537,0.5750989189734899,0.6476479949964599,0.07254907602297,0.0369577451445972,1.963027661431229
TUDO_INI,cPROBSgrande,lado_apostado_MULTI,limpo_400_499,TODOS,175,33,0.2395893398709669,0.23081749605395058,-0.008771843817016343,0.014501551712903953,-0.6048900138880221,0.6777456157249379,0.6546224117031286,-0.02312320402180924,0.03316743815143833,-0.6971658141407128
TUDO_INI,cPROBSgrande,lado_apostado_MULTI,limpo_500_599,TODOS,232,46,0.2278270238580473,0.23110764728819336,0.0032806234301460757,0.021760963051213566,0.15075727220460133,0.6536267972471512,0.6584425882455092,0.004815790998358059,0.04856406329604859,0.09916367518510122
TUDO_INI,cPROBSgrande,lado_apostado_MULTI,limpo_600_699,TODOS,241,46,0.25708630729964427,0.25947922689766084,0.0023929195980165537,0.008944431212677469,0.267531779396428,0.7052888838994312,0.7160240712102712,0.010735187310839984,0.02244120397037162,0.4783694905591205
TUDO_INI,cPROBSgrande,lado_apostado_MULTI,TOTAL,TODOS,648,125,0.24188550011064883,0.24158106429419515,-0.00030443581645367543,0.008740422286408499,-0.03483079037577831,0.6793541986619848,0.678826240251051,-0.0005279584109338134,0.019956320730089402,-0.026455698827177958
TUDO_INI,bisolo,flag1,limpo_400_499,TODOS,271,38,0.27167542220915736,0.24040158125397434,-0.03127384095518304,0.01779000619237074,-1.7579443546565405,0.7498476474919833,0.6725560782111292,-0.07729156928085401,0.04325292321935288,-1.7869675279258592
TUDO_INI,bisolo,flag1,limpo_500_599,TODOS,351,48,0.2442708060755189,0.254238971568039,0.00996816549252009,0.009750773295037091,1.0222948673818153,0.6940619071569024,0.7334523478223599,0.03939044066545747,0.02907753046993528,1.3546693969140615
TUDO_INI,bisolo,flag1,limpo_600_699,TODOS,327,46,0.21263207808153942,0.19796320186817612,-0.014668876213363286,0.01070462741781509,-1.3703303852454245,0.6053743526866809,0.5762371513626832,-0.029137201323997792,0.028344974172547596,-1.0279494751566038
TUDO_INI,bisolo,flag1,TOTAL,TODOS,949,132,0.24119471220637742,0.2308963904648075,-0.01029832174156991,0.008002188584379991,-1.2869381461056661,0.6794329348903528,0.6618904317981683,-0.017542503092184553,0.021457151841598302,-0.817559721890743
TUDO_INI,bisolo,flag0,limpo_400_499,TODOS,301,42,0.21677322119443704,0.19848466343934576,-0.01828855775509127,0.011495827916101818,-1.5908865275788537,0.6327303069124182,0.5948927852878774,-0.037837521624540724,0.028821195979135072,-1.3128366238490923
TUDO_INI,bisolo,flag0,limpo_500_599,TODOS,370,52,0.19377558763561784,0.19376589647101775,-9.691164600112178e-06,0.013098142957277523,-0.00073988844309625,0.5714430002507167,0.5804111842111926,0.008968183960475978,0.03544858710583024,0.25299129507480367
TUDO_INI,bisolo,flag0,limpo_600_699,TODOS,384,54,0.23744067262141824,0.2498609054259544,0.012420232804536158,0.011785286038865285,1.053876228678452,0.6647379342524741,0.7081779893982514,0.043440055145777305,0.03311835371982034,1.3116610660444676
TUDO_INI,bisolo,flag0,TOTAL,TODOS,1055,148,0.21623026093964812,0.21552971855268827,-0.0007005423869598388,0.0072542672712187445,-0.09656969625853681,0.6228863499775859,0.6310475966433373,0.008161246665751506,0.019401493586836994,0.42065043236096683
TUDO_INI,bisolo,entrou_FIRST,limpo_400_499,TODOS,37,37,0.26928824692716,0.2579050591324295,-0.011383187794730493,0.012717885628354722,-0.8950534803797496,0.7339786764976491,0.7119544337436322,-0.02202424275401684,0.02886774302088483,-0.7629360819127097
TUDO_INI,bisolo,entrou_FIRST,limpo_500_599,TODOS,45,45,0.2321430071808233,0.22372973826355128,-0.008413268917272025,0.0075243414596568225,-1.1181402335847404,0.6559223256376486,0.6349108618583924,-0.021011463779256178,0.01964092344443461,-1.069779831824044
TUDO_INI,bisolo,entrou_FIRST,limpo_600_699,TODOS,41,41,0.21211629560840303,0.2106096280760662,-0.0015066675323367998,0.006949807737087509,-0.21679269259442946,0.6055283994784685,0.607713641737618,0.0021852422591495508,0.01625427452866039,0.13444108227016943
TUDO_INI,bisolo,entrou_FIRST,TOTAL,TODOS,123,123,0.2366412079624918,0.22963674927543426,-0.007004458687057546,0.005103781485161854,-1.3724056775199922,0.662604715957109,0.6490208304340195,-0.013583885523089591,0.01216833435211794,-1.1163307261297657
TUDO_INI,bisolo,nao_entrou_FIRST,limpo_400_499,TODOS,14,10,0.2573740236680295,0.25546247724005433,-0.0019115464279752035,0.0051839253325554465,-0.3687449770872559,0.6878116361337255,0.6802285360454984,-0.0075831000882271475,0.013097940911328728,-0.5789536034376471
TUDO_INI,bisolo,nao_entrou_FIRST,limpo_500_599,TODOS,36,17,0.23211196772429504,0.23396048088331212,0.0018485131590170888,0.002891923643545612,0.6391984667861904,0.6997832486144037,0.7192373968399431,0.019454148225539408,0.02251923873577515,0.8638901365095264
TUDO_INI,bisolo,nao_entrou_FIRST,limpo_600_699,TODOS,43,19,0.11941103796396277,0.11336926863773517,-0.006041769326227601,0.006256761232490563,-0.9656384672078365,0.3798229452828034,0.3557411785490468,-0.024081766733756654,0.02453960489790263,-0.9813428877094469
TUDO_INI,bisolo,nao_entrou_FIRST,TOTAL,TODOS,93,46,0.1838058258266391,0.1814401133826087,-0.002365712444030371,0.003308193974591822,-0.7151069321206481,0.5500424355177552,0.5452969512740209,-0.004745484243734383,0.015654806437553938,-0.30313273196087276
TUDO_INI,bisolo,lado_apostado_FIRST,limpo_400_499,TODOS,37,37,0.2696260037468104,0.2594736893505326,-0.010152314396277812,0.014333091491372647,-0.7083129555398902,0.7350276993214959,0.7144798660428929,-0.020547833278603114,0.03234257082718436,-0.6353184905552527
TUDO_INI,bisolo,lado_apostado_FIRST,limpo_500_599,TODOS,45,45,0.23231488033710027,0.22571499496053882,-0.006599885376561439,0.007952016442206163,-0.8299637487583468,0.6561478590097966,0.6380691020750294,-0.01807875693476707,0.01898227432683228,-0.9524020474834226
TUDO_INI,bisolo,lado_apostado_FIRST,limpo_600_699,TODOS,41,41,0.21271871714692947,0.2124450684853788,-0.00027364866155067636,0.006711488938636907,-0.04077316733330622,0.6065597896581784,0.6135279482261744,0.006968158567996082,0.016505601991984753,0.42216930781318207
TUDO_INI,bisolo,lado_apostado_FIRST,TOTAL,TODOS,123,123,0.23700649720996425,0.2314467405454836,-0.005559756664480662,0.005515460927827121,-1.0080311939896185,0.6633465846042399,0.652874069221435,-0.01047251538280483,0.012877003735102827,-0.8132726834781183
TUDO_INI,bisolo,entrou_MULTI,limpo_400_499,TODOS,186,37,0.29571968562331563,0.26118767523894376,-0.03453201038437186,0.024383595827253513,-1.4161984405013588,0.8022446160899055,0.7225946931356829,-0.07964992295422256,0.056552231543202346,-1.4084311225344845
TUDO_INI,bisolo,entrou_MULTI,limpo_500_599,TODOS,222,45,0.24818765410976926,0.2533933066486999,0.005205652538930665,0.011369159276893031,0.45787488873612364,0.6971704694024736,0.710572951345453,0.013402481942979251,0.027467194252203026,0.48794506711963476
TUDO_INI,bisolo,entrou_MULTI,limpo_600_699,TODOS,217,41,0.24786679072334716,0.22410755898440118,-0.023759231738945997,0.014715254560659178,-1.6145987581122545,0.6890523327576976,0.6383036662499159,-0.050748666507781794,0.033989851617326455,-1.49305348782142
TUDO_INI,bisolo,entrou_MULTI,TOTAL,TODOS,625,123,0.2622217829204349,0.24554489915211197,-0.016676883768322943,0.010143747155198711,-1.6440555460588322,0.7256219184135871,0.689058725917055,-0.03656319249653224,0.023783047067597693,-1.5373636688608487
TUDO_INI,bisolo,nao_entrou_MULTI,limpo_400_499,TODOS,85,32,0.21906091638523464,0.19491671676921773,-0.024144199616016916,0.00796371791006308,-3.031774842942129,0.6351907515012358,0.5630598149644588,-0.07213093653677698,0.02546413481157212,-2.8326482352739206
TUDO_INI,bisolo,nao_entrou_MULTI,limpo_500_599,TODOS,129,43,0.23753018387704156,0.25569430189434345,0.018164118017301896,0.01351797405804117,1.3437012039904728,0.68871228840871,0.7728261929221533,0.08411390451344325,0.05318364074745911,1.5815747724541
TUDO_INI,bisolo,nao_entrou_MULTI,limpo_600_699,TODOS,110,39,0.14312359950633677,0.14638751555707757,0.003263916050740788,0.013833164549858796,0.2359486174675848,0.4403005192738571,0.4537968447215059,0.013496325447648812,0.04585759414005251,0.2943094966218687
TUDO_INI,bisolo,nao_entrou_MULTI,TOTAL,TODOS,324,114,0.20063323320549492,0.20263923636121092,0.0020060031557160274,0.008105002394457828,0.24750185849269155,0.5903338154396695,0.6094824570317976,0.019148641592128108,0.029287970683178843,0.6538056801294831
TUDO_INI,bisolo,lado_apostado_MULTI,limpo_400_499,TODOS,186,37,0.29365574214217166,0.26311249303795065,-0.030543249104221,0.024690722263448418,-1.237033440266611,0.7972262948963196,0.7262057610044175,-0.07102053389190219,0.058112960275072664,-1.2221117897923741
TUDO_INI,bisolo,lado_apostado_MULTI,limpo_500_599,TODOS,222,45,0.250249893562008,0.25229921191920557,0.0020493183571975155,0.01093395604425528,0.1874269796680069,0.7011079904811558,0.706688464704008,0.005580474222852239,0.02573683140185415,0.21682833196203813
TUDO_INI,bisolo,lado_apostado_MULTI,limpo_600_699,TODOS,217,41,0.24691570646167788,0.22622981454082577,-0.0206858919208521,0.015515725019769576,-1.3332210963068039,0.6874215256996347,0.6431007926906593,-0.04432073300897543,0.035839188702321965,-1.2366555888611386
TUDO_INI,bisolo,lado_apostado_MULTI,TOTAL,TODOS,625,123,0.2620098443382301,0.24646594961037063,-0.015543894727859461,0.009987561450167652,-1.5563253157855204,0.7249608573029644,0.6904191723599752,-0.03454168494298924,0.023470095085666418,-1.4717317853596779
TUDO_INI,bipro,flag1,limpo_400_499,TODOS,315,45,0.24230200346506514,0.21954198042066952,-0.022760023044395606,0.012862003180833494,-1.7695550781943354,0.6849204550650754,0.6302113269524653,-0.05470912811261005,0.027484977351215776,-1.9905102126704148
TUDO_INI,bipro,flag1,limpo_500_599,TODOS,307,42,0.23128041701732874,0.24387852298830906,0.012598105970980338,0.007879208090903261,1.59890509625265,0.6612929203040073,0.6993224426437676,0.038029522339760403,0.02329582703207543,1.632460710126261
TUDO_INI,bipro,flag1,limpo_600_699,TODOS,417,58,0.238824304980827,0.2379110251597122,-0.0009132798211147838,0.013493000087400796,-0.06768545284214195,0.6708426345725569,0.6854405207141936,0.014597886141636639,0.04083826038140327,0.3574561209341854
TUDO_INI,bipro,flag1,TOTAL,TODOS,1039,145,0.23764961914612157,0.23410522414005946,-0.0035443950060620945,0.007436648373689923,-0.47661188588689896,0.672288978340313,0.6727981280264503,0.000509149686137398,0.02086926818097352,0.024397103037929663
TUDO_INI,bipro,flag0,limpo_400_499,TODOS,257,35,0.24337606189381977,0.21687544117727323,-0.026500620716546543,0.01739029211206903,-1.5238743861096422,0.6922591109162124,0.6334975002989904,-0.05876161061722192,0.04501408017391711,-1.3054051174696815
TUDO_INI,bipro,flag0,limpo_500_599,TODOS,414,58,0.2087751988728643,0.20787573467934148,-0.0008994641935228345,0.010817588505588146,-0.08314830916873844,0.6087746690133036,0.6219853196911906,0.013210650677887062,0.029491313047959142,0.4479505763749392
TUDO_INI,bipro,flag0,limpo_600_699,TODOS,294,42,0.2078849409601467,0.2090872693974833,0.0012023284373365824,0.011401963291476622,0.10544924646752427,0.5900523859344847,0.5936775485942423,0.003625162659757581,0.027159680602708874,0.1334758943886848
TUDO_INI,bipro,flag0,TOTAL,TODOS,965,135,0.21771891490400064,0.21064165776442142,-0.007077257139579233,0.007667688190857759,-0.9229975141682859,0.6253043584888216,0.6164269214670474,-0.008877437021774156,0.019908429665106454,-0.4459134733933163
TUDO_INI,bipro,entrou_FIRST,limpo_400_499,TODOS,43,43,0.2441605502546031,0.2407806772288733,-0.003379873025729777,0.015710303005304783,-0.21513735442203247,0.6859039106120743,0.6743675449189566,-0.011536365693117794,0.03595636021865008,-0.3208435343000607
TUDO_INI,bipro,entrou_FIRST,limpo_500_599,TODOS,41,41,0.2231693859852705,0.22942168628776177,0.006252300302491294,0.00974121734134073,0.6418397294101191,0.6369691838462617,0.6483707270185075,0.011401543172245862,0.023712120160414584,0.4808318739578501
TUDO_INI,bipro,entrou_FIRST,limpo_600_699,TODOS,53,53,0.22863649426671165,0.23291307790886667,0.004276583642154985,0.007864526693232322,0.5437814389815884,0.6395107930374511,0.6571330016482251,0.017622208610773977,0.01904726754849007,0.9251830251195763
TUDO_INI,bipro,entrou_FIRST,TOTAL,TODOS,137,137,0.23187286629547257,0.23433760137087387,0.002464735075401291,0.006313569723757246,0.3903869258189662,0.6533115089416119,0.6599200972746706,0.006608588333058658,0.014980467967310751,0.4411469886975108
TUDO_INI,bipro,nao_entrou_FIRST,limpo_400_499,TODOS,19,11,0.14700822590219684,0.14564743812454412,-0.0013607877776527356,0.002915084484040349,-0.4668090359311522,0.445423163791456,0.43486001892642573,-0.0105631448650303,0.00717166048034655,-1.4729008566395303
TUDO_INI,bipro,nao_entrou_FIRST,limpo_500_599,TODOS,21,14,0.15328520704586343,0.15480619490935588,0.0015209878634924495,0.005232412862948485,0.2906857511689869,0.45803716423916035,0.4655608090511672,0.007523644812006819,0.01131477418123382,0.6649398999482642
TUDO_INI,bipro,nao_entrou_FIRST,limpo_600_699,TODOS,50,22,0.20984101850516435,0.20870079801176317,-0.0011402204934011714,0.006408168371692414,-0.17793235559134288,0.6306543010613033,0.6215065622209549,-0.009147738840348332,0.02743936809462573,-0.3333800840020075
TUDO_INI,bipro,nao_entrou_FIRST,TOTAL,TODOS,90,47,0.18337996183736768,0.18281412575612188,-0.0005658360812457682,0.0037028612999528508,-0.15281049853338363,0.5512726179347244,0.5457160606747149,-0.005556557260009434,0.015235475757535945,-0.3647117653848772
TUDO_INI,bipro,lado_apostado_FIRST,limpo_400_499,TODOS,43,43,0.24495474459324315,0.24359537179976293,-0.0013593727934802255,0.018286526173260438,-0.07433739905548463,0.6877752210903492,0.6793943541872267,-0.00838086690312246,0.042067637992087015,-0.1992236147106456
TUDO_INI,bipro,lado_apostado_FIRST,limpo_500_599,TODOS,41,41,0.22363215782207221,0.2314928683209145,0.007860710498842297,0.010847977616360232,0.7246245131431016,0.6376524564213475,0.6524137899868662,0.01476133356551871,0.02605587696380481,0.5665260695705705
TUDO_INI,bipro,lado_apostado_FIRST,limpo_600_699,TODOS,53,53,0.2276348057977542,0.23192024348997936,0.004285437692225155,0.009131800796153307,0.4692872509911034,0.6376056325270683,0.6578671650851433,0.020261532558075102,0.022846770898800904,0.8868444756514153
TUDO_INI,bipro,lado_apostado_FIRST,TOTAL,TODOS,137,137,0.2318731182152948,0.23545679922274604,0.003583681007451224,0.007261228555664388,0.4935364559838351,0.6533663047014224,0.6629918421096705,0.009625537408248041,0.017332120178418592,0.5553583352274153
TUDO_INI,bipro,entrou_MULTI,limpo_400_499,TODOS,210,43,0.2668284016761749,0.24039155273294033,-0.026436848943234538,0.01821575799303164,-1.4513175325093715,0.7406649051513539,0.6787352631945812,-0.06192964195677255,0.03921172282328271,-1.5793654932193044
TUDO_INI,bipro,entrou_MULTI,limpo_500_599,TODOS,215,41,0.23655149191044572,0.24912246342343178,0.012570971512986055,0.010068656981755093,1.2485251544238005,0.6721952750213996,0.6974771367516025,0.025281861730202894,0.024463063823664588,1.0334707832363268
TUDO_INI,bipro,entrou_MULTI,limpo_600_699,TODOS,272,53,0.2510328645992948,0.23735765580162022,-0.013675208797674572,0.013846518785793913,-0.9876279380565244,0.693416724821104,0.6695660452097174,-0.02385067961138656,0.03308292886441085,-0.7209361574102969
TUDO_INI,bipro,entrou_MULTI,TOTAL,TODOS,697,137,0.2513249272363712,0.24190077200573315,-0.00942415523063807,0.00845567728522577,-1.114535821643108,0.7011061167327483,0.6809382409892392,-0.020167875743508975,0.01948331802232899,-1.0351355821629276
TUDO_INI,bipro,nao_entrou_MULTI,limpo_400_499,TODOS,105,40,0.19324920704284568,0.17784283579612792,-0.015406371246717735,0.009138605562107972,-1.6858558061197246,0.5734315548925185,0.5331634544682334,-0.04026810042428504,0.029783955115951877,-1.352006483608955
TUDO_INI,bipro,nao_entrou_MULTI,limpo_500_599,TODOS,92,39,0.21896214416928358,0.2316236621888375,0.012661518019553933,0.010928955184219028,1.1585295946529872,0.6358145913448838,0.7036348422830667,0.06782025093818285,0.04944448082271172,1.3716445154184014
TUDO_INI,bipro,nao_entrou_MULTI,limpo_600_699,TODOS,145,52,0.21592273107583917,0.2389490697486848,0.023026338672845644,0.018042788607310487,1.2762073077504188,0.6284967549339032,0.7152188471777626,0.08672209224385945,0.06839721596898474,1.2679184527508294
TUDO_INI,bipro,nao_entrou_MULTI,TOTAL,TODOS,342,131,0.20977918131306889,0.21821780641381808,0.008438625100749178,0.009535540252385644,0.8849655999971229,0.6135593132539757,0.6562084826022873,0.04264916934831144,0.03567960526932539,1.1953374771491083
TUDO_INI,bipro,lado_apostado_MULTI,limpo_400_499,TODOS,210,43,0.2666872988737015,0.2434204460575865,-0.02326685281611497,0.01840706410285673,-1.26401759053493,0.7390731395318727,0.6842123575568698,-0.05486078197500287,0.03896193621586147,-1.408060977027855
TUDO_INI,bipro,lado_apostado_MULTI,limpo_500_599,TODOS,215,41,0.2383108080325786,0.24700509273493326,0.008694284702354671,0.009968117707694898,0.8722092733358385,0.6746802872080498,0.6918764206720912,0.017196133464041367,0.0243152394896068,0.7072162900715664
TUDO_INI,bipro,lado_apostado_MULTI,limpo_600_699,TODOS,272,53,0.25298789615437767,0.23764784381534163,-0.015340052339036018,0.014607930426087948,-1.050118113353045,0.6975173230513751,0.6699749981866301,-0.02754232486474513,0.034712454056690045,-0.7934421697689497
TUDO_INI,bipro,lado_apostado_MULTI,TOTAL,TODOS,697,137,0.252588040522916,0.24227346072866102,-0.01031457979425493,0.008503010212068047,-1.2130503829826973,0.7029933040479168,0.6810204089500799,-0.021972895097836995,0.019474735699860336,-1.1282769346130113
TUDO_INI,bisolo30,flag1,limpo_400_499,TODOS,215,30,0.24446663065797203,0.20503866301826626,-0.03942796763970577,0.01572051484293393,-2.5080582941231016,0.7033736148599227,0.6057326792728976,-0.09764093558702494,0.04328407047989352,-2.2558168514299384
TUDO_INI,bisolo30,flag1,limpo_500_599,TODOS,317,44,0.17494155976206577,0.18634247234442608,0.011400912582360347,0.013628412053063768,0.8365547312459882,0.5238505737258412,0.5515973944044738,0.027746820678632527,0.034032666165097925,0.8152996460526556
TUDO_INI,bisolo30,flag1,limpo_600_699,TODOS,312,45,0.2519032910077919,0.2560457189026977,0.004142427894905826,0.01231700245923645,0.33631785887965326,0.6956477004130773,0.7230100156423196,0.02736231522924226,0.0381348923237599,0.7175138976908609
TUDO_INI,bisolo30,flag1,TOTAL,TODOS,844,119,0.22110263842472735,0.21687220447837915,-0.004230433946348213,0.008655404358914428,-0.4887621387660737,0.6330900966763686,0.6287535840643305,-0.004336512612038229,0.024037417722177212,-0.18040675841969955
TUDO_INI,bisolo30,flag0,limpo_400_499,TODOS,357,50,0.24177157817014902,0.22635686180992398,-0.015414716360225034,0.012510837871148192,-1.2321090337021796,0.679090217524039,0.6473190462834569,-0.03177117124058217,0.027566469397362115,-1.1525295743394115
TUDO_INI,bisolo30,flag0,limpo_500_599,TODOS,404,56,0.25242461859680915,0.2521304380729584,-0.00029418052385079147,0.009067677885953564,-0.03244276291579531,0.7153193258261045,0.7359840054890382,0.020664679662933606,0.0277100493038699,0.7457467663201754
TUDO_INI,bisolo30,flag0,limpo_600_699,TODOS,399,55,0.20579970181668403,0.20249195588175037,-0.0033077459349336517,0.009249652079331717,-0.3576076058390117,0.5919165352195855,0.5884480489827625,-0.0034684862368230033,0.02159397490779984,-0.1606228705753553
TUDO_INI,bisolo30,flag0,TOTAL,TODOS,1160,161,0.2331086899523371,0.2271244715900314,-0.005984218362305676,0.005947654107228045,-1.0061476767845654,0.6617232007262438,0.6579493183490411,-0.00377388237720262,0.015375508624240412,-0.24544764465566152
TUDO_INI,bisolo30,entrou_FIRST,limpo_400_499,TODOS,29,29,0.19955193263270615,0.18827226955363938,-0.011279663079066766,0.017832712900828603,-0.6325264777039422,0.5845394957147052,0.5568480425773802,-0.027691453137324993,0.039761252806484806,-0.6964431747685952
TUDO_INI,bisolo30,entrou_FIRST,limpo_500_599,TODOS,40,40,0.18703296597031802,0.18205538933009965,-0.0049775766402183385,0.01583852552522729,-0.31427020351674484,0.5537608456640972,0.5385103831753015,-0.015250462488795713,0.03594342053160911,-0.424290795456828
TUDO_INI,bisolo30,entrou_FIRST,limpo_600_699,TODOS,40,40,0.2519682512327702,0.24939196981910255,-0.002576281413667695,0.009099546179721812,-0.2831219670502794,0.6934257682659701,0.693257090476387,-0.00016867778958324018,0.01916843984040164,-0.008799766229681103
TUDO_INI,bisolo30,entrou_FIRST,TOTAL,TODOS,109,109,0.21419316270157804,0.20842009342223514,-0.005773069279342914,0.007896840926806712,-0.731060601682577,0.6132028434213683,0.6001769924845098,-0.01302585093685856,0.017652772096595312,-0.7378926587609916
TUDO_INI,bisolo30,nao_entrou_FIRST,limpo_400_499,TODOS,16,7,0.5017908497735573,0.5291519172867655,0.027361067513208222,0.023363605950343026,1.171097799344904,1.386267844917834,1.5429568065681836,0.15668896165034954,0.11511245782521931,1.3611816184852712
TUDO_INI,bisolo30,nao_entrou_FIRST,limpo_500_599,TODOS,49,19,0.07872405229986161,0.07284173432005502,-0.005882317979806591,0.0031655379557309093,-1.8582364394516913,0.2929550605584745,0.2606038227090388,-0.0323512378494357,0.01174775068536955,-2.7538240056222323
TUDO_INI,bisolo30,nao_entrou_FIRST,limpo_600_699,TODOS,39,17,0.11321132651049748,0.11024517880924786,-0.0029661477012496227,0.00283808523945408,-1.0451228384599809,0.35419640846504313,0.3353643542010232,-0.018832054264019953,0.011601848485050057,-1.623194294278762
TUDO_INI,bisolo30,nao_entrou_FIRST,TOTAL,TODOS,104,43,0.15674397974018786,0.1570695926137655,0.0003256128735776281,0.005649690813441384,0.057633751001550514,0.48412253284795465,0.4859240964584014,0.0018015636104467799,0.029025433051591797,0.0620684489786787
TUDO_INI,bisolo30,lado_apostado_FIRST,limpo_400_499,TODOS,29,29,0.19984233841879046,0.19552839289899956,-0.004313945519790909,0.022213814680826675,-0.19420102228161595,0.58538822854101,0.5708475058992089,-0.014540722641801316,0.049339800471320194,-0.29470574471117733
TUDO_INI,bisolo30,lado_apostado_FIRST,limpo_500_599,TODOS,40,40,0.18807134431405434,0.17840167543861823,-0.009669668875436131,0.015204759864968925,-0.6359632747449441,0.5561238271220401,0.5328597664893048,-0.023264060632735378,0.034966858837929334,-0.6653174292996639
TUDO_INI,bisolo30,lado_apostado_FIRST,limpo_600_699,TODOS,40,40,0.25171691193001006,0.25348588724010607,0.001768975310096009,0.01020807170125159,0.17329181865749618,0.6932025061687839,0.7031603899455671,0.009957883776783267,0.022534989589552735,0.4418854394057391
TUDO_INI,bisolo30,lado_apostado_FIRST,TOTAL,TODOS,109,109,0.21455924829272935,0.21051216423137575,-0.00404708406135359,0.008627993289375411,-0.46906434968339694,0.6142138711864427,0.6054622378758892,-0.008751633310553418,0.019517068314630254,-0.44840921645968096
TUDO_INI,bisolo30,entrou_MULTI,limpo_400_499,TODOS,141,29,0.2524273762202913,0.20141325344943634,-0.05101412277085497,0.02160150553259922,-2.3616003381740516,0.7113183392569588,0.5869221582302004,-0.12439618102675842,0.053599769438832066,-2.320834255989087
TUDO_INI,bisolo30,entrou_MULTI,limpo_500_599,TODOS,191,40,0.19648843987986264,0.20962630394930454,0.013137864069441929,0.02127527099294518,0.6175180599954947,0.5761656710007629,0.6034021961160723,0.027236525115309333,0.04563376160415794,0.5968503177881278
TUDO_INI,bisolo30,entrou_MULTI,limpo_600_699,TODOS,211,40,0.2709974970438413,0.26137522122989676,-0.009622275813944524,0.013185793396591768,-0.7297456834437939,0.7399086989950838,0.7222313455732121,-0.017677353421871725,0.03021989781067583,-0.5849574188707818
TUDO_INI,bisolo30,entrou_MULTI,TOTAL,TODOS,543,109,0.23996689491779988,0.22760232867439392,-0.01236456624340596,0.011501617995935048,-1.0750284218947195,0.6748881482216199,0.6452977121262906,-0.029590436095329267,0.02629663579078912,-1.1252555775858546
TUDO_INI,bisolo30,nao_entrou_MULTI,limpo_400_499,TODOS,74,25,0.22929818303247182,0.2119465380075233,-0.017351645024948494,0.015159663064910279,-1.1445930526722552,0.6882356940493538,0.6415743477461454,-0.04666134630320842,0.056805616251047894,-0.8214213555397819
TUDO_INI,bisolo30,nao_entrou_MULTI,limpo_500_599,TODOS,126,39,0.14227922561524667,0.15104714030845953,0.008767914693212869,0.01581447776903493,0.5544232836053951,0.44454752944401543,0.47306789339720934,0.028520363953193878,0.05697395725051316,0.500585975234097
TUDO_INI,bisolo30,nao_entrou_MULTI,limpo_600_699,TODOS,101,40,0.2120134150314907,0.24491180810033145,0.0328983930688407,0.021087343375389943,1.5601013595308968,0.6031816538704698,0.7246367422223363,0.12145508835186652,0.08239508218158512,1.4740574939193534
TUDO_INI,bisolo30,nao_entrou_MULTI,TOTAL,TODOS,301,104,0.18707177039901848,0.19751520302178108,0.010443432622762606,0.011170054122103154,0.9349491514188173,0.55768696714457,0.5989081968960768,0.04122122975150673,0.04174141498939509,0.9875379107770899
TUDO_INI,bisolo30,lado_apostado_MULTI,limpo_400_499,TODOS,141,29,0.2526045981379452,0.20504384985635868,-0.047560748281586546,0.023951262380067822,-1.985730335498578,0.7116389546409242,0.5942878647234546,-0.11735108991746956,0.05978461353198565,-1.9628978592407393
TUDO_INI,bisolo30,lado_apostado_MULTI,limpo_500_599,TODOS,191,40,0.1980871471595314,0.20641545181804902,0.008328304658517596,0.021713318155071035,0.38355743691677835,0.5799909697360152,0.596632151548458,0.01664118181244282,0.04679965534673117,0.3555834266118193
TUDO_INI,bisolo30,lado_apostado_MULTI,limpo_600_699,TODOS,211,40,0.26890296062528635,0.26050924741718623,-0.008393713208100126,0.014071731096880872,-0.5964947134301528,0.7353676933475761,0.719812678521524,-0.015555014826052075,0.031803515084410754,-0.4890973461507949
TUDO_INI,bisolo30,lado_apostado_MULTI,TOTAL,TODOS,543,109,0.23976135936805926,0.2270791626740704,-0.012682196693988892,0.011740839201800945,-1.0801780414506954,0.6745523961699591,0.643889143719713,-0.030663252450246075,0.02701522213406296,-1.1350361029081966
TUDO_INI,bipro30,flag1,limpo_400_499,TODOS,350,48,0.2818543757509207,0.25558171875688235,-0.026272656994038333,0.014623549742276601,-1.7965991470651088,0.7841369053900744,0.7229076129773743,-0.061229292412700184,0.03839752335155247,-1.5946156696646578
TUDO_INI,bipro30,flag1,limpo_500_599,TODOS,317,44,0.23036621124292891,0.22840220889520926,-0.0019640023477196346,0.01640885759159268,-0.11969159563709787,0.6638765543030245,0.6782584278101039,0.014381873507079371,0.0438134236217552,0.32825267505318095
TUDO_INI,bipro30,flag1,limpo_600_699,TODOS,321,46,0.2338899702214659,0.23630974406055397,0.002419773839088063,0.01666194353307015,0.14522758610274755,0.6598456629815592,0.6749559682385,0.015110305256940848,0.04721879597302045,0.3200061531762578
TUDO_INI,bipro30,flag1,TOTAL,TODOS,988,138,0.2497508106456693,0.24059972634425908,-0.009151084301410194,0.009156449781642364,-0.9994140217704325,0.7051692737020905,0.6930024817433628,-0.012166791958727628,0.024933250332179874,-0.4879745639510412
TUDO_INI,bipro30,flag0,limpo_400_499,TODOS,222,32,0.18118805173596828,0.15963563355928512,-0.02155241817668316,0.018167582544152003,-1.1863118345165142,0.5369937746145912,0.48787279740894646,-0.04912097720564474,0.04122443402239209,-1.1915500690431176
TUDO_INI,bipro30,flag0,limpo_500_599,TODOS,404,56,0.20893547374672594,0.21912812003682405,0.010192646290098107,0.012610283964398686,0.808280473213288,0.605447454927671,0.6365989867029372,0.031151531775266153,0.028026189666894286,1.1115150559358289
TUDO_INI,bipro30,flag0,limpo_600_699,TODOS,390,54,0.2195621214825575,0.2175003252590314,-0.002061796223526097,0.008000692480194443,-0.25770222123022885,0.6189905699087545,0.6248949503076088,0.0059043803988543505,0.020985109888674282,0.2813604708375132
TUDO_INI,bipro30,flag0,TOTAL,TODOS,1016,142,0.2069516793870666,0.20550393503549258,-0.0014477443515740203,0.006911783329474441,-0.20946032052253352,0.5956886929327093,0.5996090376700199,0.0039203447373106215,0.016225260512939578,0.24161983311048613
TUDO_INI,bipro30,entrou_FIRST,limpo_400_499,TODOS,45,45,0.2622248595699012,0.24192180926492807,-0.020303050304973157,0.013647984685334482,-1.4876225884683116,0.7257443334421195,0.674140388424764,-0.051603945017355476,0.03273732075499987,-1.5763032474022531
TUDO_INI,bipro30,entrou_FIRST,limpo_500_599,TODOS,41,41,0.22393741339532394,0.22036567272919305,-0.0035717406661308964,0.009619262627356764,-0.37131127452254203,0.640086595314843,0.6282242593190124,-0.011862335995830645,0.024643352503779692,-0.4813604802354408
TUDO_INI,bipro30,entrou_FIRST,limpo_600_699,TODOS,41,41,0.2270493041431568,0.22302835459035172,-0.004020949552805051,0.015846457607003175,-0.253744379502712,0.6369831614591602,0.6338075361094142,-0.003175625349746025,0.0351886979914372,-0.09024560529402878
TUDO_INI,bipro30,entrou_FIRST,TOTAL,TODOS,127,127,0.23850845747813595,0.22886327981907953,-0.009645177659056425,0.007619984152597821,-1.2657739787776554,0.6694358663986576,0.6462962290683454,-0.023139637330312126,0.018083051261307978,-1.279631241206712
TUDO_INI,bipro30,nao_entrou_FIRST,limpo_400_499,TODOS,30,14,0.30965214046546446,0.3249158593339565,0.015263718868492038,0.015306200746353606,0.9972245315107546,0.8805410729238647,0.96448476743385,0.0839436945099852,0.07746897611850165,1.0835782104771774
TUDO_INI,bipro30,nao_entrou_FIRST,limpo_500_599,TODOS,29,11,0.20566784329503568,0.20437433916921763,-0.0012935041258180843,0.004786627971311878,-0.27023285151270526,0.6614637988808622,0.6694561250100157,0.007992326129153465,0.03426300998861479,0.23326398153020486
TUDO_INI,bipro30,nao_entrou_FIRST,limpo_600_699,TODOS,39,18,0.22056639913726164,0.22707654324303425,0.006510144105772597,0.003816239056379217,1.7059057385019563,0.6560090887876908,0.6775618466630041,0.021552757875313376,0.02009783393666318,1.0723920768394883
TUDO_INI,bipro30,nao_entrou_FIRST,TOTAL,TODOS,98,43,0.24342878812115482,0.2503093551265749,0.006880567005420081,0.005363544166164925,1.2828396284727281,0.7263575185508253,0.7629967619200319,0.03663924336920641,0.028137792020252805,1.3021364058286626
TUDO_INI,bipro30,lado_apostado_FIRST,limpo_400_499,TODOS,45,45,0.2637066640410752,0.24049274879799332,-0.023213915243081886,0.016905745442838887,-1.3731376307286751,0.7290104856775323,0.6693849844443376,-0.05962550123319466,0.040685542930038156,-1.465520598698294
TUDO_INI,bipro30,lado_apostado_FIRST,limpo_500_599,TODOS,41,41,0.22364086474686218,0.22504829752344055,0.0014074327765783716,0.008137823363629755,0.17294953621979417,0.6391822786728515,0.6383271207976603,-0.0008551578751911696,0.019997550991573746,-0.04276313012285867
TUDO_INI,bipro30,lado_apostado_FIRST,limpo_600_699,TODOS,41,41,0.22678461995199578,0.2282771366629275,0.0014925167109317004,0.014784512379879818,0.1009513653600683,0.6363072950182231,0.6481572500028098,0.011849954984586644,0.033409316823059254,0.35469013171822045
TUDO_INI,bipro30,lado_apostado_FIRST,TOTAL,TODOS,127,127,0.2388523209015871,0.23156312202795898,-0.007289198873628125,0.008294343085662187,-0.8788156938225066,0.6700830265891575,0.6525053819119249,-0.01757764467723264,0.019845857544171192,-0.8857084980132424
TUDO_INI,bipro30,entrou_MULTI,limpo_400_499,TODOS,221,45,0.2949479968281414,0.26103314743658024,-0.03391484939156111,0.0195011711384408,-1.7391185970727672,0.8069427805008075,0.7243339834250995,-0.08260879707570808,0.04784335924914582,-1.7266512714025815
TUDO_INI,bipro30,entrou_MULTI,limpo_500_599,TODOS,204,41,0.23103981899915982,0.21500682825512266,-0.016032990744037166,0.020829595213404117,-0.7697216666850889,0.660891333511825,0.6222135540757412,-0.038677779436083866,0.04761258555281887,-0.8123436059395849
TUDO_INI,bipro30,entrou_MULTI,limpo_600_699,TODOS,218,41,0.24769638296173638,0.24389904212601204,-0.0037973408357243133,0.01848119699225574,-0.2054705026582169,0.6889738342648538,0.6798069994702347,-0.009166834794619078,0.04240383686528543,-0.21617937130881787
TUDO_INI,bipro30,entrou_MULTI,TOTAL,TODOS,643,127,0.2586523201563085,0.24062163255209934,-0.01803068760420916,0.01116991380068819,-1.6142190464440531,0.7206103925300604,0.6768387266763753,-0.04377166585368515,0.02630090058028686,-1.6642649068257778
TUDO_INI,bipro30,nao_entrou_MULTI,limpo_400_499,TODOS,129,44,0.2594226683240543,0.2462424494684077,-0.01318021885564659,0.007472908012373479,-1.7637335872224131,0.7450663751616092,0.7204639860863102,-0.02460238907529906,0.02943195723894367,-0.8359073396160607
TUDO_INI,bipro30,nao_entrou_MULTI,limpo_500_599,TODOS,113,38,0.22915014060336156,0.25258501996226823,0.02343487935890671,0.018727381050747054,1.2513698148931438,0.6692658024570484,0.7794367839323162,0.11017098147526785,0.07415574745383988,1.4856701639188057
TUDO_INI,bipro30,nao_entrou_MULTI,limpo_600_699,TODOS,103,38,0.20466863063526244,0.2202469578637592,0.015578327228496783,0.01764358251079581,0.8829458087077648,0.5981957470615766,0.6646887370878385,0.06649299002626184,0.0705949442158453,0.9418945048381699
TUDO_INI,bipro30,nao_entrou_MULTI,TOTAL,TODOS,345,120,0.2331604610359852,0.24055889825254526,0.007398437216560047,0.00890168327380864,0.8311278877252819,0.6763906087560476,0.7231279730711104,0.046737364315062785,0.034996570002275615,1.3354841435038844
TUDO_INI,bipro30,lado_apostado_MULTI,limpo_400_499,TODOS,221,45,0.2957802809033637,0.2595010123955073,-0.03627926850785639,0.021126241501921047,-1.7172609005987862,0.8095183774377522,0.7197515605820076,-0.08976681685574452,0.05265781640923309,-1.7047196974161787
TUDO_INI,bipro30,lado_apostado_MULTI,limpo_500_599,TODOS,204,41,0.22890387774560786,0.2167895471713875,-0.012114330574220405,0.020465547815661612,-0.59193776210328,0.6550800823422537,0.6257751789576401,-0.029304903384613678,0.0469158692920423,-0.6246266738061756
TUDO_INI,bipro30,lado_apostado_MULTI,limpo_600_699,TODOS,218,41,0.24604918955601168,0.24588884755404067,-0.0001603420019710272,0.018639869079332013,-0.008602099150407405,0.6856774729324562,0.6851360268838561,-0.0005414460486000643,0.043223397872802057,-0.012526688674347938
TUDO_INI,bipro30,lado_apostado_MULTI,TOTAL,TODOS,643,127,0.2577022651056889,0.24133524125839975,-0.01636702384728913,0.011634024112782769,-1.4068239577831048,0.7185343504056585,0.6782004436340014,-0.040333906771657144,0.027791736210611796,-1.451291364670349
TUDO_INI,bisolo35mais,flag1,limpo_400_499,TODOS,386,53,0.2294314691629732,0.20393688974243346,-0.025494579420539728,0.016353500354497928,-1.5589677358295715,0.653899422741992,0.5996157171360266,-0.05428370560596545,0.04023204353108627,-1.3492654322672382
TUDO_INI,bisolo35mais,flag1,limpo_500_599,TODOS,370,49,0.2023743583039174,0.2149364585092658,0.012562100205348365,0.01616130937688555,0.7772947050512569,0.5867072212791384,0.6241948150971636,0.03748759381802509,0.03788915214427088,0.9894017600415873
TUDO_INI,bisolo35mais,flag1,limpo_600_699,TODOS,371,52,0.2451974682713934,0.2507760082664916,0.00557853999509822,0.011635231578244786,0.4794524249546361,0.6801975732947569,0.7070046430394119,0.02680706974465499,0.02895005838806613,0.9259763619580633
TUDO_INI,bisolo35mais,flag1,TOTAL,TODOS,1127,154,0.22573852741618816,0.22296719445951735,-0.0027713329566708073,0.008890846322462067,-0.31170631637949237,0.6404970263922316,0.643036797664666,0.0025397712724344436,0.021668925945611584,0.11720799077947844
TUDO_INI,bisolo35mais,flag0,limpo_400_499,TODOS,186,27,0.2704958704370943,0.2482423267445742,-0.022253543692520115,0.01925677225507224,-1.1556216897490972,0.7594374068417011,0.6982460147976391,-0.061191392044062,0.04663331913768123,-1.3121817870908825
TUDO_INI,bisolo35mais,flag0,limpo_500_599,TODOS,351,51,0.2352065748867131,0.2319224246901137,-0.003284150196599389,0.007814481929669591,-0.42026460949769556,0.6779714177537227,0.6872986628428464,0.00932724508912366,0.02092915695624653,0.44565794545010773
TUDO_INI,bisolo35mais,flag0,limpo_600_699,TODOS,340,48,0.20511660909000307,0.19894898713997558,-0.0061676219500274975,0.011662986608914402,-0.5288201175943547,0.5907749423209997,0.582562276049718,-0.008212666271281753,0.03608092372003487,-0.2276179605324643
TUDO_INI,bisolo35mais,flag0,TOTAL,TODOS,877,126,0.23102552654177522,0.22260034146899932,-0.008425185072775914,0.006859404093274206,-1.228267785103518,0.661444476275089,0.6490156935770857,-0.012428782698003333,0.01913822145229569,-0.6494220337549945
TUDO_INI,bisolo35mais,entrou_FIRST,limpo_400_499,TODOS,51,51,0.21695774837112372,0.20732249216840265,-0.009635256202721074,0.01278224467470361,-0.7538000130594819,0.6215229138749909,0.6006005488587957,-0.020922365016195193,0.030054707625186097,-0.6961426900943157
TUDO_INI,bisolo35mais,entrou_FIRST,limpo_500_599,TODOS,48,48,0.19489695578206698,0.19694809811424563,0.0020511423321786606,0.013477161566779345,0.15219394098788894,0.5711115200298483,0.5735833769911626,0.0024718569613142154,0.030042096589320028,0.08227977544659654
TUDO_INI,bisolo35mais,entrou_FIRST,limpo_600_699,TODOS,47,47,0.2389570420459589,0.23402325540642355,-0.004933786639535343,0.008243982515304423,-0.598471264389036,0.659707885377011,0.6579131217296464,-0.0017947636473644641,0.018284255862414733,-0.09815896588134031
TUDO_INI,bisolo35mais,entrou_FIRST,TOTAL,TODOS,146,146,0.21678684945634652,0.21250718365872762,-0.004279665797618907,0.00660654630885278,-0.6477916898704168,0.6172417272724436,0.6101681288264915,-0.007073598445952071,0.015069101516157984,-0.4694107633668364
TUDO_INI,bisolo35mais,nao_entrou_FIRST,limpo_400_499,TODOS,29,14,0.3575935004131242,0.37811395178123824,0.020520451368114093,0.014147640892523277,1.4504503983387582,0.9931630610772497,1.0939827977432122,0.10081973666596242,0.07518604584595089,1.3409368125640302
TUDO_INI,bisolo35mais,nao_entrou_FIRST,limpo_500_599,TODOS,24,14,0.09838959572853638,0.09306191157068668,-0.005327684157849695,0.003851050636041799,-1.3834365375485207,0.3308347552114205,0.3152550044686047,-0.015579750742815793,0.011662598392705092,-1.3358730377409604
TUDO_INI,bisolo35mais,nao_entrou_FIRST,limpo_600_699,TODOS,46,22,0.21025019187611968,0.21138660033957724,0.0011364084634575596,0.004450403797591509,0.25534951773871994,0.6327180324397582,0.6346088434162123,0.001890810976453989,0.02125430228339715,0.08896132892261538
TUDO_INI,bisolo35mais,nao_entrou_FIRST,TOTAL,TODOS,99,50,0.22629364278552505,0.23154115247447418,0.005247509688949129,0.005674939922258889,0.9246810998591817,0.66511911503579,0.6917538185752063,0.02663470353941631,0.028798010618100344,0.9248799819066552
TUDO_INI,bisolo35mais,lado_apostado_FIRST,limpo_400_499,TODOS,51,51,0.21817738047313884,0.21033054133679568,-0.007846839136343138,0.014995512448524071,-0.5232791585668992,0.6243479836355681,0.6067480466504671,-0.017599936985100872,0.034999895417519855,-0.5028568450033395
TUDO_INI,bisolo35mais,lado_apostado_FIRST,limpo_500_599,TODOS,48,48,0.19502044034244892,0.19768458749257445,0.002664147150125538,0.015038672998963212,0.1771530739653165,0.5713601094424551,0.5762978691017983,0.004937759659343235,0.03374284700369818,0.1463350042396263
TUDO_INI,bisolo35mais,lado_apostado_FIRST,limpo_600_699,TODOS,47,47,0.23863449324258837,0.23408148679046037,-0.00455300645212797,0.009344361862034124,-0.48724637587363834,0.6588184198450632,0.6592301473220232,0.00041172747696009086,0.02103007295549864,0.019578033696380417
TUDO_INI,bisolo35mais,lado_apostado_FIRST,TOTAL,TODOS,146,146,0.21714964878746082,0.2138188197737794,-0.0033308290136814305,0.007541816918590874,-0.44164808687821716,0.6180239599408889,0.6136319521931181,-0.004392007747770856,0.017246003925990332,-0.254668140319274
TUDO_INI,bisolo35mais,entrou_MULTI,limpo_400_499,TODOS,252,51,0.24149659774911506,0.2103897104735441,-0.031106887275570955,0.019698856520239717,-1.5791214705081984,0.677808895845449,0.6105592907070777,-0.06724960513837135,0.04582618316061599,-1.467493046555252
TUDO_INI,bisolo35mais,entrou_MULTI,limpo_500_599,TODOS,274,48,0.21612106838324427,0.2264497853763624,0.010328716993118128,0.020710418146177745,0.4987208331679371,0.620569961440938,0.6438171396057221,0.023247178164783958,0.04415068325386397,0.5265417531845199
TUDO_INI,bisolo35mais,entrou_MULTI,limpo_600_699,TODOS,247,47,0.2652983189806722,0.25950167482481407,-0.00579664415585812,0.014218043999293235,-0.40769631576229937,0.7232575038730675,0.717202952717243,-0.006054551155824526,0.03181482597495931,-0.19030596491679438
TUDO_INI,bisolo35mais,entrou_MULTI,TOTAL,TODOS,773,146,0.2401073740724605,0.23177537116970956,-0.008332002902750931,0.010938954985861997,-0.7616817980803093,0.6720421922956247,0.6564242779189009,-0.015617914376723713,0.024329695324097452,-0.6419280705605418
TUDO_INI,bisolo35mais,nao_entrou_MULTI,limpo_400_499,TODOS,134,47,0.2067418243591841,0.1918017343376583,-0.014940090021525783,0.014448240903440133,-1.0340421454329807,0.6089353389951921,0.5790352653456914,-0.029900073649500657,0.04692470314552438,-0.6371926010223996
TUDO_INI,bisolo35mais,nao_entrou_MULTI,limpo_500_599,TODOS,96,38,0.16313895661917194,0.1820755047427608,0.01893654812358884,0.017821684987660773,1.0625565504440218,0.4900573170673354,0.5681894305623195,0.07813211349498415,0.06788834596400878,1.1508913994812326
TUDO_INI,bisolo35mais,nao_entrou_MULTI,limpo_600_699,TODOS,124,47,0.2051578704875881,0.2333950434285429,0.0282371729409548,0.011519796328037952,2.451186821092361,0.5944249696427996,0.6866902681166355,0.09226529847383597,0.03743284811229825,2.4648217575387474
TUDO_INI,bisolo35mais,nao_entrou_MULTI,TOTAL,TODOS,354,132,0.19436248655376298,0.203733520456753,0.009371033902990024,0.008918028904643492,1.0507965384717086,0.5716145031060087,0.6138036840021699,0.04218918089616116,0.029941858154018022,1.4090368299503688
TUDO_INI,bisolo35mais,lado_apostado_MULTI,limpo_400_499,TODOS,252,51,0.24001422393691502,0.21068892841033962,-0.02932529552657539,0.020896800105279556,-1.4033390461138775,0.6743689863968994,0.611225760060559,-0.06314322633634037,0.04798750941820325,-1.315826286920989
TUDO_INI,bisolo35mais,lado_apostado_MULTI,limpo_500_599,TODOS,274,48,0.21633352391458216,0.22706666287099206,0.010733138956409904,0.02200240967077507,0.487816521781535,0.620451110612797,0.6446840464529062,0.024232935840109097,0.046928063687929726,0.5163847373132082
TUDO_INI,bisolo35mais,lado_apostado_MULTI,limpo_600_699,TODOS,247,47,0.2659118876523157,0.2578346745527023,-0.008077213099613376,0.015033036129886596,-0.5372975245868918,0.725166334891917,0.7124707088404894,-0.012695626051427569,0.033467115802730665,-0.37934628505966744
TUDO_INI,bisolo35mais,lado_apostado_MULTI,TOTAL,TODOS,773,146,0.23989548025203114,0.23155891358418484,-0.008336566667846296,0.011525301396067692,-0.7233274325208225,0.6714885816277212,0.655436721018057,-0.016051860609664282,0.02547140184414112,-0.6301914872171238
TUDO_INI,bipro35mais,flag1,limpo_400_499,TODOS,278,38,0.2409927768472081,0.2164153790866166,-0.024577397760591483,0.01097743594707204,-2.2389014956764015,0.6873560088870455,0.6298878326855957,-0.057468176201449735,0.03173997833986068,-1.8105927983346564
TUDO_INI,bipro35mais,flag1,limpo_500_599,TODOS,317,44,0.23042336742381672,0.24196681399798697,0.01154344657417028,0.00760162862996247,1.5185491341514366,0.6596110223106996,0.7083047967044754,0.04869377439377582,0.025984472276996847,1.873956641285447
TUDO_INI,bipro35mais,flag1,limpo_600_699,TODOS,383,54,0.2216997111558571,0.21676995183005304,-0.004929759325804023,0.011124774414235844,-0.4431334193613531,0.6227460148722869,0.6196186439461872,-0.003127370926099801,0.031157264950975205,-0.10037373084642065
TUDO_INI,bipro35mais,flag1,TOTAL,TODOS,978,136,0.23001144050057976,0.22483624435005276,-0.005175196150526988,0.006128712366414667,-0.8444181813600935,0.653060724170937,0.651283618275362,-0.0017771058955749635,0.017972977977663212,-0.09887654109316485
TUDO_INI,bipro35mais,flag0,limpo_400_499,TODOS,294,42,0.24447886746490935,0.2201674722074514,-0.024311395257457978,0.017961850413166836,-1.353501710471692,0.6890325319060091,0.633389823402284,-0.055642708503725075,0.043016880969151405,-1.2935086703201006
TUDO_INI,bipro35mais,flag0,limpo_500_599,TODOS,404,56,0.20889062595132635,0.20848460563687224,-0.0004060203144541292,0.011860265507207616,-0.03423366148147241,0.6087944193869954,0.6130229992288883,0.004228579841892955,0.027794825583560015,0.15213550555230182
TUDO_INI,bipro35mais,flag0,limpo_600_699,TODOS,328,46,0.23108816599571563,0.2367611681205785,0.0056730021248629,0.008488756015086531,0.6682960512448033,0.6545885865408807,0.6800486457107814,0.0254600591699007,0.02471767729857884,1.0300344511482293
TUDO_INI,bipro35mais,flag0,TOTAL,TODOS,1026,144,0.22618471575595897,0.2208720084306402,-0.005312707325318794,0.0076431096423863224,-0.6950976204575376,0.646426477775947,0.6402864089297063,-0.006140068846240728,0.01897277093667203,-0.3236253084346647
TUDO_INI,bipro35mais,entrou_FIRST,limpo_400_499,TODOS,34,34,0.22885078594514896,0.20965696250986404,-0.019193823435284914,0.014119299358688383,-1.3594033916048318,0.6501849370611283,0.6052830017156241,-0.044901935345504164,0.03516185300829522,-1.2770070830712792
TUDO_INI,bipro35mais,entrou_FIRST,limpo_500_599,TODOS,42,42,0.23410411553349106,0.21604122656084343,-0.018062888972647656,0.006093091154029428,-2.9644869108354746,0.6622277776965382,0.6254706809521009,-0.036757096744437376,0.016665072248897708,-2.205636807057265
TUDO_INI,bipro35mais,entrou_FIRST,limpo_600_699,TODOS,49,49,0.22515535366705963,0.23215892788196316,0.0070035742149035345,0.009753712090529262,0.718041925976462,0.6313597888641663,0.6549485012016704,0.023588712337503943,0.02327958650929632,1.0132788367217853
TUDO_INI,bipro35mais,entrou_FIRST,TOTAL,TODOS,125,125,0.22916729523382087,0.22062284565685597,-0.008544449576964925,0.00612550810330818,-1.3948964612993258,0.6468518734214169,0.6315349377376105,-0.015316935683806545,0.015173078973251874,-1.0094810493511746
TUDO_INI,bipro35mais,nao_entrou_FIRST,limpo_400_499,TODOS,28,10,0.3059537201054065,0.32464203080377146,0.01868831069836504,0.01556845492311079,1.2003959796050756,0.8690913021726198,0.9632417598753129,0.094150457702693,0.08199109629856761,1.1483009979504055
TUDO_INI,bipro35mais,nao_entrou_FIRST,limpo_500_599,TODOS,24,13,0.09720857850784768,0.09655067464974598,-0.0006579038581016875,0.0026221592744875423,-0.25090156212202785,0.33717875103233846,0.3237111656777653,-0.013467585354573116,0.011897460455653779,-1.1319714324558399
TUDO_INI,bipro35mais,nao_entrou_FIRST,limpo_600_699,TODOS,48,22,0.127271904662934,0.11874214376192023,-0.008529760901013789,0.0048627081615627695,-1.7541173801950942,0.3991194567504223,0.3619357186209946,-0.037183738129427706,0.017983795403624613,-2.0676246195468484
TUDO_INI,bipro35mais,nao_entrou_FIRST,TOTAL,TODOS,100,45,0.17008761470960557,0.17106815954671678,0.0009805448371111875,0.006299671603068716,0.1556501511338371,0.5158458040962975,0.5211275174658286,0.005281713369531194,0.030851316650506378,0.17119896143701546
TUDO_INI,bipro35mais,lado_apostado_FIRST,limpo_400_499,TODOS,34,34,0.23040851615648897,0.20849381353785654,-0.021914702618632428,0.014574533814769192,-1.5036297487899772,0.6539156580945226,0.6031585784517545,-0.05075707964276808,0.03588237445624291,-1.4145407156559346
TUDO_INI,bipro35mais,lado_apostado_FIRST,limpo_500_599,TODOS,42,42,0.2341732260242597,0.21052184898628148,-0.023651377037978167,0.007535919183515805,-3.138486024334441,0.6621534772218091,0.6131471345543509,-0.049006342667458146,0.018096855055726016,-2.708003269990941
TUDO_INI,bipro35mais,lado_apostado_FIRST,limpo_600_699,TODOS,49,49,0.2252983539992267,0.23354512857049167,0.008246774571264978,0.011474250159985992,0.7187201304032791,0.6314495639458145,0.6596392934449313,0.028189729499116883,0.028505387055233353,0.9889263894047523
TUDO_INI,bipro35mais,lado_apostado_FIRST,TOTAL,TODOS,125,125,0.2296702751064131,0.21899534894132028,-0.010674926165092814,0.006907095025722549,-1.5455015640205576,0.6478768564149973,0.6286551735795523,-0.019221682835445036,0.01705275664141947,-1.1271891835222383
TUDO_INI,bipro35mais,entrou_MULTI,limpo_400_499,TODOS,174,34,0.25090260491097677,0.22486265720327187,-0.02603994770770493,0.01396748443314735,-1.8643262380094339,0.7058601782056475,0.6425864909784609,-0.0632736872271866,0.03650315487591721,-1.7333758531904628
TUDO_INI,bipro35mais,entrou_MULTI,limpo_500_599,TODOS,217,42,0.23099335863862075,0.2340532275286195,0.0030598688899987738,0.008079842353530643,0.3787040335832425,0.6601714537236554,0.6666435224340831,0.0064720687104277835,0.02008744414809059,0.3221947333226554
TUDO_INI,bipro35mais,entrou_MULTI,limpo_600_699,TODOS,257,49,0.2470209722178763,0.23504909961830148,-0.011971872599574808,0.011554953064129299,-1.036081456422335,0.6843696499185565,0.6644936844197602,-0.019875965498796232,0.026596915741401928,-0.7473033975836691
TUDO_INI,bipro35mais,entrou_MULTI,TOTAL,TODOS,648,125,0.24269599064673592,0.23198035698917163,-0.010715633657564274,0.006494984416638241,-1.6498320812154639,0.6820368464427236,0.6593311276147016,-0.022705718828022026,0.01563883918874076,-1.4518800630911974
TUDO_INI,bipro35mais,nao_entrou_MULTI,limpo_400_499,TODOS,104,35,0.22441287220205655,0.20228243300682797,-0.022130439195228592,0.01083160324150306,-2.043136062298903,0.6563971102193844,0.6086420005417638,-0.04775510967762073,0.04058459138878552,-1.1766808052875108
TUDO_INI,bipro35mais,nao_entrou_MULTI,limpo_500_599,TODOS,100,36,0.2291864864876919,0.25913929663651436,0.029952810148822447,0.016287764408359426,1.8389761417134485,0.6583948861445857,0.7987097618712268,0.14031487572664106,0.06548280495924576,2.142774363651163
TUDO_INI,bipro35mais,nao_entrou_MULTI,limpo_600_699,TODOS,126,51,0.17005237708491314,0.17948629324608603,0.009433916161172893,0.01612292499185653,0.5851243596269186,0.49705336243664183,0.5280878074246926,0.031034444988050847,0.05204978581472702,0.5962453927960243
TUDO_INI,bipro35mais,nao_entrou_MULTI,TOTAL,TODOS,330,122,0.2051035965772186,0.21080780498596483,0.005704208408746229,0.009131705044134346,0.6246597301574329,0.596162156800883,0.6354812362999315,0.03931907949904835,0.0328719111136669,1.196130013952884
TUDO_INI,bipro35mais,lado_apostado_MULTI,limpo_400_499,TODOS,174,34,0.2537426499273135,0.22282315013050952,-0.03091949979680395,0.014493669443770925,-2.1333106786213136,0.7131694394129215,0.6375557935666541,-0.07561364584626745,0.03743598288109262,-2.0198119570264255
TUDO_INI,bipro35mais,lado_apostado_MULTI,limpo_500_599,TODOS,217,42,0.23219197829028776,0.23007941247570673,-0.0021125658145810422,0.008537748062166804,-0.24743829393870542,0.6621129881642256,0.6568879361708626,-0.005225051993363056,0.021379650628816357,-0.2443937033433334
TUDO_INI,bipro35mais,lado_apostado_MULTI,limpo_600_699,TODOS,257,49,0.24699406116763925,0.2349014598507911,-0.012092601316848172,0.011950797573327706,-1.011865630109655,0.6841116270403444,0.663696567697991,-0.020415059342353405,0.027181572413683824,-0.7510624857035864
TUDO_INI,bipro35mais,lado_apostado_MULTI,TOTAL,TODOS,648,125,0.24384931187720416,0.23004341946233076,-0.013805892414873386,0.006638092260488416,-2.079798212063051,0.6845473596278608,0.6543972347655227,-0.030150124862338184,0.015954967916715714,-1.8897013782616559
TUDO_INI_CALR,sem_flag,todas,limpo_400_499,TODOS,572,80,0.21486652031269585,0.21834390247389882,0.0034773821612029683,0.00686623301090352,0.5064468618645646,0.6185284710082681,0.6316878069350824,0.01315933592681425,0.020680991071541754,0.6363010303177521
TUDO_INI_CALR,sem_flag,todas,limpo_500_599,TODOS,721,100,0.2176444406283672,0.2232056320591654,0.0055611914307981975,0.005263379942158984,1.0565817957114938,0.6278201783250229,0.6549152735697498,0.02709509524472687,0.01810295228635466,1.4967224580904495
TUDO_INI_CALR,sem_flag,todas,limpo_600_699,TODOS,711,100,0.21778206898511582,0.22599234134241925,0.008210272357303415,0.005998835775396626,1.3686442944440458,0.6226649314878996,0.6474963381498255,0.024831406661925914,0.019896248284932503,1.248044671855589
TUDO_INI_CALR,sem_flag,todas,TOTAL,TODOS,2004,280,0.2169003704392875,0.22280665051107207,0.005906280071784595,0.0033858375677231294,1.7444073892051426,0.6233390220942951,0.6456533104965981,0.022314288402302967,0.010996564433461965,2.0292054429656017
TUDO_INI_CALR,sem_flag,entrou_FIRST,limpo_400_499,TODOS,77,77,0.22879908274521735,0.2297604800478055,0.000961397302588161,0.003340941666316758,0.28776237318984965,0.6510998307770884,0.654919795883014,0.003819965105925475,0.008390858102201873,0.45525321241257377
TUDO_INI_CALR,sem_flag,entrou_FIRST,limpo_500_599,TODOS,93,93,0.20895651889815006,0.21196158487323558,0.003005065975085494,0.0036367153660106914,0.8263132174630187,0.6075853811047798,0.614974386777608,0.007389005672828211,0.009408190046790247,0.7853801460302225
TUDO_INI_CALR,sem_flag,entrou_FIRST,limpo_600_699,TODOS,94,94,0.2196576894793627,0.224380565474814,0.004722875995451273,0.004158731427051233,1.1356530418700421,0.6288154399061825,0.6409252569015308,0.012109816995348363,0.01102524252406641,1.0983719377523438
TUDO_INI_CALR,sem_flag,entrou_FIRST,TOTAL,TODOS,264,264,0.2185541986362492,0.2215748390588047,0.003020640422555527,0.002169680364970848,1.392205262730537,0.6278362831960662,0.6358652136441422,0.008028930448075875,0.00561262123763157,1.430513499511317
TUDO_INI_CALR,sem_flag,nao_entrou_FIRST,limpo_400_499,TODOS,70,37,0.1995808148006416,0.19612967570604403,-0.0034511390945975713,0.002208611441760565,-1.5625831820587428,0.5781578421308537,0.5644813256775711,-0.013676516453282644,0.00816436859660419,-1.6751468642622438
TUDO_INI_CALR,sem_flag,nao_entrou_FIRST,limpo_500_599,TODOS,148,63,0.21980893357556522,0.2215770747757399,0.001768141200174708,0.004779334221680969,0.3699555457230242,0.6290761479944817,0.6405879840798451,0.01151183608536327,0.025627048005336807,0.44920648226693694
TUDO_INI_CALR,sem_flag,nao_entrou_FIRST,limpo_600_699,TODOS,110,58,0.20919103395456243,0.20823587520247852,-0.0009551587520839029,0.0012488311153697924,-0.7648422115115782,0.5935023292761151,0.5841023845690019,-0.009399944707113321,0.004879577049377987,-1.9263851378904975
TUDO_INI_CALR,sem_flag,nao_entrou_FIRST,TOTAL,TODOS,328,158,0.2119310760372879,0.21167204462958908,-0.00025903140769878826,0.0022354165790895142,-0.11587612354753664,0.606279192294865,0.605402368121455,-0.0008768241734100195,0.01176785713427463,-0.07451009673258299
TUDO_INI_CALR,sem_flag,lado_apostado_FIRST,limpo_400_499,TODOS,77,77,0.2253481243078992,0.22632956119256079,0.0009814368846615786,0.0036279323551595523,0.27052237709609006,0.6416924581006503,0.6446470602862073,0.0029546021855570218,0.008728119743280685,0.3385153128578023
TUDO_INI_CALR,sem_flag,lado_apostado_FIRST,limpo_500_599,TODOS,93,93,0.20849499881505684,0.21185117870227754,0.0033561798872206576,0.0037310584345966948,0.8995248790799066,0.6058630373043902,0.6139074322904096,0.008044394986019426,0.009729981100191772,0.8267636805441354
TUDO_INI_CALR,sem_flag,lado_apostado_FIRST,limpo_600_699,TODOS,94,94,0.21761931065021517,0.2231601590573725,0.00554084840715734,0.004349114419358372,1.2740176212643275,0.6236496866814704,0.6367475721649636,0.01309788548349317,0.01102816360615935,1.1876760221600136
TUDO_INI_CALR,sem_flag,lado_apostado_FIRST,TOTAL,TODOS,264,264,0.21665930175238166,0.22010072266110606,0.0034414209087244418,0.0022946812949094365,1.4997380753305278,0.6226464101936233,0.63100563116876,0.008359220975136573,0.005773985834569625,1.447738393310354
TUDO_INI_CALR,sem_flag,entrou_MULTI,limpo_400_499,TODOS,377,77,0.2239549695991424,0.22690730132196793,0.0029523317228255194,0.007768504025687613,0.38003864232588846,0.6399329701785543,0.6502079214771652,0.010274951298610908,0.02002531215450998,0.5130981839050556
TUDO_INI_CALR,sem_flag,entrou_MULTI,limpo_500_599,TODOS,415,93,0.21258101543438385,0.21349808579519866,0.0009170703608148063,0.006449663938850422,0.14218885968472078,0.6155782428014677,0.6186157877247567,0.003037544923289072,0.01627518046827145,0.18663663541002093
TUDO_INI_CALR,sem_flag,entrou_MULTI,limpo_600_699,TODOS,443,94,0.2269590460460403,0.23597136020513199,0.0090123141590917,0.006467813930006375,1.393409621337517,0.64411772717773,0.6657015867016104,0.02158385952388049,0.01659848131843587,1.300351466486719
TUDO_INI_CALR,sem_flag,entrou_MULTI,TOTAL,TODOS,1235,264,0.2212105282125845,0.22565268888604276,0.00444216067345829,0.003907250410953183,1.1369019658954016,0.6332500839349461,0.6451495880254888,0.011899504090542782,0.00995131148026495,1.1957724480980634
TUDO_INI_CALR,sem_flag,nao_entrou_MULTI,limpo_400_499,TODOS,195,71,0.19729551835889916,0.20178799803429856,0.00449247967539937,0.007385652848217909,0.6082711667775401,0.5771464392790481,0.5958822521537221,0.018735812874674046,0.03212620060291708,0.5831941693401748
TUDO_INI_CALR,sem_flag,nao_entrou_MULTI,limpo_500_599,TODOS,306,92,0.22451150420844265,0.23637109512957782,0.011859590921135149,0.006225017677461249,1.9051497578994587,0.6444228032997792,0.7041449684248874,0.059722165125108195,0.028670089704725975,2.0830826042118593
TUDO_INI_CALR,sem_flag,nao_entrou_MULTI,limpo_600_699,TODOS,268,92,0.20261266287321456,0.2094971721029351,0.006884509229720545,0.007318330773005544,0.9407212441278008,0.5872037804035906,0.6174033340138527,0.030199553610262192,0.03135739850661013,0.9630758624283241
TUDO_INI_CALR,sem_flag,nao_entrou_MULTI,TOTAL,TODOS,769,255,0.2099783355237845,0.2182359646943116,0.008257629170527098,0.0039026884649168,2.11588222958584,0.6074220372136659,0.6464622796146995,0.03904024240103357,0.017304776234346182,2.256038556774127
TUDO_INI_CALR,sem_flag,lado_apostado_MULTI,limpo_400_499,TODOS,377,77,0.22378437066701878,0.2271190529246877,0.0033346822576689043,0.007666875728559893,0.43494669481166537,0.6388943780541563,0.6486634657647355,0.009769087710579313,0.019238492016608228,0.5077886407180897
TUDO_INI_CALR,sem_flag,lado_apostado_MULTI,limpo_500_599,TODOS,415,93,0.21230500781206377,0.2129578039402001,0.0006527961281363263,0.006356672350922709,0.10269463204935661,0.6147033450826853,0.6164104760262958,0.0017071309436104915,0.01580643438786809,0.10800227943379599
TUDO_INI_CALR,sem_flag,lado_apostado_MULTI,limpo_600_699,TODOS,443,94,0.22602508910753089,0.23498442170330744,0.008959332595776555,0.006561109738733638,1.3655209183417496,0.6419953391527283,0.662794925369752,0.020799586217023654,0.016619403831177923,1.2515242079865543
TUDO_INI_CALR,sem_flag,lado_apostado_MULTI,TOTAL,TODOS,1235,264,0.22073068863004755,0.22518175741081417,0.004451068780766612,0.0038879812051220426,1.1448277514569143,0.6318777360165101,0.6428944340753184,0.011016698058808288,0.009728024954381399,1.132470168453514
TUDO_INI_CALR,cWRgrande,flag1,limpo_400_499,TODOS,286,42,0.22002960102372993,0.22754048609132185,0.007510885067591963,0.00351355782659929,2.1376864814152254,0.6250112674105381,0.6396568519560488,0.014645584545510574,0.010142467538616083,1.4439863366335144
TUDO_INI_CALR,cWRgrande,flag1,limpo_500_599,TODOS,359,51,0.2512421949918868,0.2654970046523635,0.014254809660476672,0.01115684062656625,1.2776744006303768,0.7061743288962379,0.7692438042593231,0.06306947536308519,0.039404691186446725,1.600557534245516
TUDO_INI_CALR,cWRgrande,flag1,limpo_600_699,TODOS,427,61,0.21291254335743448,0.21940029087199658,0.006487747514562107,0.008184206249438693,0.7927155446512683,0.6121770311435151,0.6336161247994788,0.021439093655963734,0.025207793757545043,0.8504946470988448
TUDO_INI_CALR,cWRgrande,flag1,TOTAL,TODOS,1072,154,0.2276474532728532,0.23700926109576406,0.009361807822910866,0.0048728123761774215,1.921232975987253,0.6470796631076906,0.6806478271249108,0.03356816401722026,0.0165630632450883,2.026688150645971
TUDO_INI_CALR,cWRgrande,flag0,limpo_400_499,TODOS,286,38,0.20970343960166177,0.20914731885647572,-0.0005561207451860274,0.013542899501659583,-0.04106363966725728,0.612045674605998,0.623718761914116,0.01167308730811792,0.041465301911604205,0.2815145861714121
TUDO_INI_CALR,cWRgrande,flag0,limpo_500_599,TODOS,362,49,0.18432512069327456,0.18126474045430874,-0.003060380238965815,0.00526147190313233,-0.5816585729829458,0.5501153715430721,0.541534216891416,-0.00858115465165609,0.01574542707931183,-0.5449934516499084
TUDO_INI_CALR,cWRgrande,flag0,limpo_600_699,TODOS,284,39,0.22510350364363674,0.23590362849337165,0.010800124849734891,0.009331108262317953,1.1574321662678917,0.6384337112310412,0.6683655321660159,0.029931820934974682,0.029490571742645025,1.014962381746285
TUDO_INI_CALR,cWRgrande,flag0,TOTAL,TODOS,932,126,0.2045389189397355,0.20647060056816455,0.001931681628429056,0.005438754412790887,0.3551698572537341,0.5960321903707331,0.6054021068211141,0.009369916450380935,0.016549362646644198,0.5661798977062674
TUDO_INI_CALR,cWRgrande,entrou_FIRST,limpo_400_499,TODOS,41,41,0.23830907998857337,0.24267007603460966,0.004360996046036261,0.002490744596687332,1.7508804603395898,0.6684243323682557,0.6789308649585535,0.010506532590297876,0.006748045960856274,1.5569740709004714
TUDO_INI_CALR,cWRgrande,entrou_FIRST,limpo_500_599,TODOS,46,46,0.242600971612792,0.2502943716654871,0.007693400052695108,0.006885744218033437,1.1172939059435956,0.68418063384432,0.7039390942544436,0.019758460410123586,0.01801261668263204,1.0969233819967372
TUDO_INI_CALR,cWRgrande,entrou_FIRST,limpo_600_699,TODOS,56,56,0.21569082285320001,0.22282205658701307,0.0071312337338130544,0.006870994199995452,1.0378750914704273,0.6202678120923844,0.6380212959481592,0.017753483855774726,0.01805093912719263,0.983521340949524
TUDO_INI_CALR,cWRgrande,entrou_FIRST,TOTAL,TODOS,143,143,0.23083218918530868,0.2373499956846443,0.006517806499335614,0.0034333455340995454,1.8983834963890467,0.654634295532243,0.670954939665049,0.01632064413280617,0.0090242193978566,1.8085380478097188
TUDO_INI_CALR,cWRgrande,nao_entrou_FIRST,limpo_400_499,TODOS,32,21,0.22363692763480297,0.22252109850890564,-0.0011158291258973221,0.0012503922105465196,-0.8923832990047316,0.6317571704209953,0.6263091202490886,-0.005448050171906662,0.0020246948978450453,-2.6908005634356145
TUDO_INI_CALR,cWRgrande,nao_entrou_FIRST,limpo_500_599,TODOS,80,33,0.24104405784009947,0.247200775693253,0.006156717853153563,0.00872350740669962,0.7057617499614006,0.6813023178005314,0.7147004686574758,0.03339815085694446,0.04660273645382238,0.7166564326118049
TUDO_INI_CALR,cWRgrande,nao_entrou_FIRST,limpo_600_699,TODOS,77,38,0.2021460856578907,0.20072303259965799,-0.0014230530582327364,0.0018225578418441322,-0.780799942564697,0.577199290522623,0.5662112054661678,-0.01098808505645519,0.006989926929263977,-1.571988544036498
TUDO_INI_CALR,cWRgrande,nao_entrou_FIRST,TOTAL,TODOS,189,92,0.2222494968633822,0.224086829195338,0.0018373323319558204,0.0037067741187516213,0.4956688142018761,0.6305013769722556,0.639239111965417,0.008737734993161347,0.019700546809878143,0.44352753644280163
TUDO_INI_CALR,cWRgrande,lado_apostado_FIRST,limpo_400_499,TODOS,41,41,0.23467058039076327,0.23855296277759383,0.0038823823868305214,0.002620068099605427,1.4817868235620266,0.6594372360217685,0.6682111106700449,0.008773874648276296,0.006788808465254107,1.292402738003581
TUDO_INI_CALR,cWRgrande,lado_apostado_FIRST,limpo_500_599,TODOS,46,46,0.24489974872770787,0.253411600464777,0.008511851737069165,0.006394084550286711,1.3312072541623639,0.6871716080186981,0.7082301750740679,0.02105856705536978,0.016960478263746328,1.2416257801163115
TUDO_INI_CALR,cWRgrande,lado_apostado_FIRST,limpo_600_699,TODOS,56,56,0.2132202810641403,0.22138936222577535,0.008169081161635049,0.007336098664804753,1.1135457052706454,0.6131963474749578,0.6317919182975696,0.01859557082261182,0.01844423132562165,1.0082052482599229
TUDO_INI_CALR,cWRgrande,lado_apostado_FIRST,TOTAL,TODOS,143,143,0.22956096487473926,0.2366112544049266,0.007050289530187383,0.003498792891295355,2.015063408791013,0.6502504622681836,0.6668223147940061,0.016571852525822377,0.008967341907421806,1.8480228251480753
TUDO_INI_CALR,cWRgrande,entrou_MULTI,limpo_400_499,TODOS,192,41,0.2426221656264729,0.2546348825819558,0.012012716955482908,0.0041811851042677615,2.8730411727578034,0.6776877279024545,0.707697779079976,0.030010051177521504,0.011183364580585846,2.6834546044951897
TUDO_INI_CALR,cWRgrande,entrou_MULTI,limpo_500_599,TODOS,204,46,0.2365984031540355,0.24336759294846483,0.006769189794429342,0.010963151144753963,0.6174492812377674,0.6688103389018872,0.6886438378167323,0.01983349891484514,0.02884539100914639,0.6875794787651264
TUDO_INI_CALR,cWRgrande,entrou_MULTI,limpo_600_699,TODOS,257,56,0.2191338486043918,0.225476797791428,0.006342949187036215,0.01015411248459168,0.624668004875985,0.6272210414263714,0.6402389785230479,0.013017937096676606,0.025268693878865673,0.5151804505243779
TUDO_INI_CALR,cWRgrande,entrou_MULTI,TOTAL,TODOS,653,143,0.2314960629939276,0.23963923958594083,0.008143176592013187,0.005232604896211493,1.5562376203693506,0.6550523132309857,0.6751956109929436,0.020143297761957772,0.013381419135485167,1.505318498584451
TUDO_INI_CALR,cWRgrande,nao_entrou_MULTI,limpo_400_499,TODOS,94,40,0.17388308609046765,0.1721987400678994,-0.001684346022568262,0.003890766725314343,-0.4329085091659357,0.5174167949164113,0.5006796391071763,-0.016737155809235144,0.014326939875266375,-1.168229639752289
TUDO_INI_CALR,cWRgrande,nao_entrou_MULTI,limpo_500_599,TODOS,155,47,0.2705153145720266,0.2946221658626559,0.024106851290629287,0.01190788328705695,2.0244447068801703,0.7553501608888027,0.8753237600934425,0.11997359920463979,0.054336018302171336,2.2079939412830605
TUDO_INI_CALR,cWRgrande,nao_entrou_MULTI,limpo_600_699,TODOS,170,58,0.20350739366056367,0.21021404217615022,0.006706648515586543,0.0078027607062282536,0.8595225162080414,0.5894340273629617,0.6236039282879653,0.03416990092500369,0.034625446405612874,0.986843621443236
TUDO_INI_CALR,cWRgrande,nao_entrou_MULTI,TOTAL,TODOS,419,145,0.22164950065265848,0.23291051180200414,0.01126101114934567,0.005667129976332076,1.9870747973622638,0.6346545067102877,0.6891449563234183,0.05449044961313053,0.02599528889110417,2.0961663415780567
TUDO_INI_CALR,cWRgrande,lado_apostado_MULTI,limpo_400_499,TODOS,192,41,0.24310094220635295,0.25646518206909763,0.013364239862744662,0.00403782923673585,3.3097585557006393,0.6780483588685561,0.709990131196277,0.031941772327720996,0.010287804579935823,3.104819116608867
TUDO_INI_CALR,cWRgrande,lado_apostado_MULTI,limpo_500_599,TODOS,204,46,0.2378231559997329,0.24538201401007648,0.0075588580103435965,0.01078456978632992,0.7008956462894695,0.6704003714572951,0.6909358116178689,0.020535440160573775,0.027757009916785147,0.7398289737309074
TUDO_INI_CALR,cWRgrande,lado_apostado_MULTI,limpo_600_699,TODOS,257,56,0.21856066645569325,0.22506461103873474,0.006503944583041484,0.01023428699081936,0.635505393670886,0.6258185165410329,0.638934800817581,0.013116284276548035,0.025187026682281132,0.5207555636479805
TUDO_INI_CALR,cWRgrande,lado_apostado_MULTI,TOTAL,TODOS,653,143,0.23179386831038046,0.24064448828832644,0.008850619977945989,0.005214729880400603,1.6972345990941475,0.6551030925437924,0.6760723653443319,0.020969272800539552,0.013088834179934616,1.6020733789022836
TUDO_INI_CALR,cPROBSgrande,flag1,limpo_400_499,TODOS,261,36,0.20939781860066314,0.21178775270023173,0.002389934099568561,0.010067370178299123,0.23739408179508695,0.6044930545859191,0.6107902324819052,0.006297177895986232,0.02723710406490913,0.23119851071462436
TUDO_INI_CALR,cPROBSgrande,flag1,limpo_500_599,TODOS,363,50,0.22459142779844093,0.23598332778225695,0.011391899983815991,0.008773473285997353,1.2984481302288458,0.641312003835877,0.6886105329675993,0.04729852913172221,0.03191721482437676,1.481912798218157
TUDO_INI_CALR,cPROBSgrande,flag1,limpo_600_699,TODOS,373,53,0.2270175187033797,0.24232138255003727,0.0153038638466576,0.007598960749399243,2.013941689048399,0.6425010701751511,0.6900420462821866,0.047540976107035476,0.026084453536420308,1.8225789564905621
TUDO_INI_CALR,cPROBSgrande,flag1,TOTAL,TODOS,997,139,0.22152161827679817,0.23202048859667368,0.01049887031987551,0.0049268898250563395,2.1309326355304594,0.6321181984099093,0.6687738790454076,0.036655680635498296,0.016416539693536042,2.232850607971383
TUDO_INI_CALR,cPROBSgrande,flag0,limpo_400_499,TODOS,311,44,0.21945600953083258,0.22384600887559372,0.004389999344761104,0.006855670251479173,0.6403457552255991,0.6303073896135193,0.6492256427301925,0.018918253116673132,0.02414368477386939,0.7835694217292084
TUDO_INI_CALR,cPROBSgrande,flag0,limpo_500_599,TODOS,358,50,0.21060042849781757,0.21024947689860052,-0.00035095159921705185,0.008122021977687821,-0.04320988051758028,0.614139919496978,0.620749409990366,0.006609490493388014,0.029231689442333605,0.22610703040023708
TUDO_INI_CALR,cPROBSgrande,flag0,limpo_600_699,TODOS,338,47,0.20759028571614419,0.2079724230866751,0.0003821373705309,0.007898954515714502,0.048378221417867434,0.600774754770903,0.6005450093528708,-0.00022974541803227856,0.02277553574286321,-0.01008737711490585
TUDO_INI_CALR,cPROBSgrande,flag0,TOTAL,TODOS,1007,141,0.21232501384147404,0.2136843103210574,0.0013592964795833596,0.00425169727943822,0.3197067877238345,0.6146470272713882,0.6227623404438045,0.008115313172416429,0.014277614697144229,0.5683941852023526
TUDO_INI_CALR,cPROBSgrande,entrou_FIRST,limpo_400_499,TODOS,33,33,0.22424275035788152,0.22527517814878312,0.0010324277909015665,0.005701117011526998,0.18109219453207454,0.6377116386849415,0.6396942379697831,0.0019825992848416167,0.012665087947562265,0.1565405067102768
TUDO_INI_CALR,cPROBSgrande,entrou_FIRST,limpo_500_599,TODOS,46,46,0.2235752195743876,0.23083984249063172,0.007264622916244098,0.0055505563026922436,1.308809877799179,0.638352808928898,0.6571457392168949,0.018792930287996917,0.015003668097643655,1.252555719420931
TUDO_INI_CALR,cPROBSgrande,entrou_FIRST,limpo_600_699,TODOS,48,48,0.235141000307871,0.24651217784108767,0.01137117753321667,0.006578924908503342,1.7284248857316007,0.6635191883423125,0.6923212527732999,0.028802064430987484,0.018071550629234857,1.5937793619322058
TUDO_INI_CALR,cPROBSgrande,entrou_FIRST,TOTAL,TODOS,127,127,0.2281199911575569,0.23531730842402449,0.007197317266467562,0.0035075683721423217,2.051939264713933,0.647697908092625,0.6659057794495937,0.018207871356968747,0.009298439389449496,1.9581642245932545
TUDO_INI_CALR,cPROBSgrande,nao_entrou_FIRST,limpo_400_499,TODOS,37,17,0.16936377963286608,0.1650312825888223,-0.004332497044043776,0.0037347438605328707,-1.160051989060802,0.5054081010011405,0.4840815676199985,-0.021326533381142,0.015058995429081928,-1.4161989411296456
TUDO_INI_CALR,cPROBSgrande,nao_entrou_FIRST,limpo_500_599,TODOS,67,31,0.18582271970939485,0.18372974763150562,-0.002092972077889222,0.0035909254495303244,-0.582850328503192,0.5437273878448567,0.5306579758056098,-0.013069412039246943,0.014448229537050222,-0.9045684113567328
TUDO_INI_CALR,cPROBSgrande,nao_entrou_FIRST,limpo_600_699,TODOS,71,36,0.1927390798522043,0.19155604321691339,-0.0011830366352909125,0.0013572820466437486,-0.8716218108213355,0.5531709044198,0.5397150187574277,-0.013455885662372262,0.006450067293614354,-2.0861620584476315
TUDO_INI_CALR,cPROBSgrande,nao_entrou_FIRST,TOTAL,TODOS,175,84,0.1851488956368686,0.18295159780284656,-0.0021972978340220133,0.0016471051378561708,-1.334036172628275,0.5394569653511623,0.5244849640725324,-0.014972001278629885,0.006649515965300617,-2.2515926507671775
TUDO_INI_CALR,cPROBSgrande,lado_apostado_FIRST,limpo_400_499,TODOS,33,33,0.2231321519442146,0.22426603725293326,0.0011338853087186835,0.006276896798467492,0.18064424908109405,0.6350516345532143,0.6369462711874889,0.0018946366342746344,0.013783768579523237,0.1374541819491406
TUDO_INI_CALR,cPROBSgrande,lado_apostado_FIRST,limpo_500_599,TODOS,46,46,0.22375078914197416,0.23143907366315167,0.00768828452117752,0.005675821949033278,1.3545676009951315,0.639108007387537,0.6589807788369165,0.019872771449379368,0.015730696456425663,1.2633116088933083
TUDO_INI_CALR,cPROBSgrande,lado_apostado_FIRST,limpo_600_699,TODOS,48,48,0.2337098750369269,0.24630741931562658,0.012597544278699663,0.006718731871678939,1.8749883935391625,0.6591708334212352,0.6896668603138214,0.030496026892586226,0.017663332151867942,1.7265160746785364
TUDO_INI_CALR,cPROBSgrande,lado_apostado_FIRST,TOTAL,TODOS,127,127,0.2273541048540345,0.2351947460236366,0.007840641169602097,0.0036746059913513925,2.133736566057952,0.6456367896401738,0.6648531659114073,0.019216376271233487,0.009521983985316252,2.018106342214695
TUDO_INI_CALR,cPROBSgrande,entrou_MULTI,limpo_400_499,TODOS,172,33,0.22459289913797165,0.22756988555832852,0.0029769864203568895,0.012434577425059167,0.23941194932426296,0.6406295707107591,0.6505639653059614,0.009934394595202338,0.030773011794755323,0.3228281541456227
TUDO_INI_CALR,cPROBSgrande,entrou_MULTI,limpo_500_599,TODOS,203,46,0.21971640932776373,0.22335778637837553,0.0036413770506117512,0.009659096212511927,0.3769894170735029,0.6308170609587865,0.6411795875373825,0.010362526578595883,0.0247437284798034,0.4187940627886415
TUDO_INI_CALR,cPROBSgrande,entrou_MULTI,limpo_600_699,TODOS,218,48,0.23965601733574174,0.2563259780540462,0.016669960718304497,0.00858917680180852,1.940810057000399,0.6717335313968972,0.712078113435665,0.040344582038767875,0.02188773722679287,1.8432504749454826
TUDO_INI_CALR,cPROBSgrande,entrou_MULTI,TOTAL,TODOS,593,127,0.22846108182876707,0.23669934935349884,0.008238267524731788,0.005824326885866202,1.4144583032802394,0.6487049905251397,0.6699654081478734,0.021260417622733833,0.014662951956870566,1.449941163639421
TUDO_INI_CALR,cPROBSgrande,nao_entrou_MULTI,limpo_400_499,TODOS,89,31,0.18003204497799957,0.18128745099694352,0.0012554060189439277,0.006426892525719343,0.19533639529835048,0.5346561919626326,0.5339241420803585,-0.0007320498822741088,0.024399104271863245,-0.03000314577606441
TUDO_INI_CALR,cPROBSgrande,nao_entrou_MULTI,limpo_500_599,TODOS,160,47,0.23077660748311263,0.2520019834384315,0.02122537595531887,0.01233900186481428,1.7201858130717078,0.6546274626111857,0.7487885449821868,0.09416108237100124,0.05430110360207446,1.7340546715408562
TUDO_INI_CALR,cPROBSgrande,nao_entrou_MULTI,limpo_600_699,TODOS,155,52,0.20924208191721885,0.2226245966153666,0.013382514698147772,0.00930263222834223,1.4385729081469445,0.6013870279406955,0.6590493840921332,0.05766235615143766,0.04143778502367178,1.3915405014649653
TUDO_INI_CALR,cPROBSgrande,nao_entrou_MULTI,TOTAL,TODOS,404,130,0.2113357225185864,0.22515275486202682,0.013817032343440429,0.0061513033939731955,2.24619588053124,0.6077717436467124,0.6670249266747089,0.05925318302799664,0.02709138248547228,2.187159812156913
TUDO_INI_CALR,cPROBSgrande,lado_apostado_MULTI,limpo_400_499,TODOS,172,33,0.2228800563408066,0.22530756382589065,0.0024275074850840777,0.012680829986943594,0.19143127757279943,0.6366480399861473,0.6436771503689108,0.007029110382763579,0.030826223244844676,0.22802372924289763
TUDO_INI_CALR,cPROBSgrande,lado_apostado_MULTI,limpo_500_599,TODOS,203,46,0.22090427177474953,0.22489793413518927,0.003993662360439731,0.009833404066973042,0.4061322338876568,0.6334578668556161,0.6444394601932358,0.010981593337619626,0.02502673829172051,0.438794428966903
TUDO_INI_CALR,cPROBSgrande,lado_apostado_MULTI,limpo_600_699,TODOS,218,48,0.23880155242802992,0.255504786804657,0.016703234376627053,0.00873358892519471,1.9125281164128831,0.6696853425290701,0.7090807825951528,0.03939544006608279,0.022001701214951513,1.7905633605873694
TUDO_INI_CALR,cPROBSgrande,lado_apostado_MULTI,TOTAL,TODOS,593,127,0.22805678801046106,0.23626850780929484,0.00821171979883377,0.005918100302889027,1.3875600916775728,0.6477012049252018,0.6679819407899205,0.020280735864718662,0.014709295579011308,1.3787700271423766
TUDO_INI_CALR,bisolo,flag1,limpo_400_499,TODOS,271,38,0.23050109217119305,0.24040158125397434,0.009900489082781294,0.007038483183488103,1.4066225385047877,0.6488539030569604,0.6725560782111292,0.023702175154168868,0.018828904691134702,1.2588185846693818
TUDO_INI_CALR,bisolo,flag1,limpo_500_599,TODOS,351,48,0.24086523502784302,0.254238971568039,0.013373736540195998,0.008238785661756346,1.6232655016473607,0.680422732809312,0.7334523478223599,0.05302961501304793,0.030810315881110144,1.7211642755522827
TUDO_INI_CALR,bisolo,flag1,limpo_600_699,TODOS,327,46,0.19807245862700343,0.19796320186817612,-0.00010925675882730305,0.005450726769246575,-0.020044438742322986,0.5786409457093429,0.5762371513626832,-0.0024037943466596492,0.01783496011507805,-0.13477991154168215
TUDO_INI_CALR,bisolo,flag1,TOTAL,TODOS,949,132,0.22316036611611836,0.2308963904648075,0.007736024348689144,0.0041431918845325905,1.8671653556692256,0.6363365397170283,0.6618904317981683,0.025553892081140023,0.014432775452526456,1.7705459469797833
TUDO_INI_CALR,bisolo,flag0,limpo_400_499,TODOS,301,42,0.20079021143012857,0.19848466343934576,-0.0023055479907828336,0.008879485916191532,-0.25964881441826737,0.5912255072700768,0.5948927852878774,0.003667278017800623,0.030394758354530295,0.12065494895615844
TUDO_INI_CALR,bisolo,flag0,limpo_500_599,TODOS,370,52,0.19561606540075635,0.19376589647101775,-0.0018501689297386352,0.007429082624892439,-0.2490440641404796,0.5779188360980352,0.5804111842111926,0.0024923481131574293,0.024011937328993548,0.10379621098494243
TUDO_INI_CALR,bisolo,flag0,limpo_600_699,TODOS,384,54,0.2345660340556959,0.2498609054259544,0.015294871370258483,0.012158514494318385,1.257955597898551,0.6601541068774518,0.7081779893982514,0.04802388252079956,0.03814719185933,1.258910031907209
TUDO_INI_CALR,bisolo,flag0,TOTAL,TODOS,1055,148,0.21126934115273535,0.21552971855268827,0.004260377399952919,0.005756533971517754,0.7400941992234328,0.6116474161947939,0.6310475966433373,0.019400180448543382,0.018170958821799053,1.0676475929971112
TUDO_INI_CALR,bisolo,entrou_FIRST,limpo_400_499,TODOS,37,37,0.24353707376677805,0.24655386563962506,0.0030167918728470104,0.005432868702128692,0.5552852531968937,0.6804153908279925,0.6882387275007019,0.007823336672709354,0.013715435585797056,0.5704038069932512
TUDO_INI_CALR,bisolo,entrou_FIRST,limpo_500_599,TODOS,44,44,0.22794245356773396,0.23145945600152917,0.0035170024337952107,0.003972952071973392,0.8852365621537166,0.6480194310804175,0.6552871015450307,0.007267670464613074,0.009381190893083263,0.7747065961499106
TUDO_INI_CALR,bisolo,entrou_FIRST,limpo_600_699,TODOS,42,42,0.19322232134226056,0.1913530380754802,-0.0018692832667803537,0.003135417478741822,-0.5961832130662416,0.5709151392882383,0.5653876097584744,-0.005527529529763994,0.006810546794638626,-0.8116131782715824
TUDO_INI_CALR,bisolo,entrou_FIRST,TOTAL,TODOS,123,123,0.22077786327419535,0.22230517635693967,0.00152731308274434,0.0023372801287933325,0.6534574370992688,0.6314362624250415,0.6345019918322214,0.0030657294071799483,0.005658434908534882,0.5417981220488663
TUDO_INI_CALR,bisolo,nao_entrou_FIRST,limpo_400_499,TODOS,35,18,0.21315473567411614,0.21136791867225121,-0.0017868170018649286,0.002943827622412699,-0.606970662365241,0.6099382867591192,0.603317237714134,-0.00662104904498515,0.006886920158006836,-0.9613947734369215
TUDO_INI_CALR,bisolo,nao_entrou_FIRST,limpo_500_599,TODOS,78,32,0.23653614136810433,0.24150856653349664,0.004972425165392299,0.008820191960222797,0.5637547558847796,0.6716220845536411,0.7025241162690238,0.030902031715382618,0.046512381640713016,0.6643829153726583
TUDO_INI_CALR,bisolo,nao_entrou_FIRST,limpo_600_699,TODOS,49,26,0.17655378780933334,0.17374511725016015,-0.002808670559173195,0.0014825136265633723,-1.8945327104237135,0.5172923681891536,0.5009107826752707,-0.01638158551388298,0.007720103765562266,-2.1219385142150204
TUDO_INI_CALR,bisolo,nao_entrou_FIRST,TOTAL,TODOS,162,76,0.21334179245656507,0.21450034622468753,0.0011585537681224707,0.0043374087240229614,0.2671073541457509,0.6116153621791464,0.6201087206176963,0.008493358438549987,0.022839158810447423,0.3718770252897769
TUDO_INI_CALR,bisolo,lado_apostado_FIRST,limpo_400_499,TODOS,37,37,0.2396445432569771,0.24294406326031134,0.00329952000333426,0.005186018082206553,0.6362338023184017,0.6703474836305356,0.6779774876858307,0.00763000405529498,0.012501665554119797,0.6103190028772277
TUDO_INI_CALR,bisolo,lado_apostado_FIRST,limpo_500_599,TODOS,44,44,0.23188629278873962,0.2365886481965771,0.004702355407837469,0.0035172370652895926,1.3369458243925048,0.6555601957191128,0.6654552745406437,0.0098950788215309,0.008614520785054853,1.1486511053171593
TUDO_INI_CALR,bisolo,lado_apostado_FIRST,limpo_600_699,TODOS,42,42,0.1929364201143106,0.192037901085827,-0.0008985190284836,0.004064215040482855,-0.2210805824823802,0.5711146202245604,0.5679624174917068,-0.0031522027328535146,0.008635343418089105,-0.3650350171656587
TUDO_INI_CALR,bisolo,lado_apostado_FIRST,TOTAL,TODOS,123,123,0.22092011892694097,0.22328798948687517,0.002367870559934187,0.0023281850995802177,1.0170456637494694,0.631173329718718,0.6359318752749248,0.004758545556206716,0.005457007667349043,0.8720063899998821
TUDO_INI_CALR,bisolo,entrou_MULTI,limpo_400_499,TODOS,180,37,0.2528657895596275,0.26768861145907075,0.014822821899443225,0.008884964228479576,1.6683040604632524,0.6997505594598279,0.7380572683589125,0.03830670889908461,0.022288082902100496,1.7187081126423156
TUDO_INI_CALR,bisolo,entrou_MULTI,limpo_500_599,TODOS,199,44,0.240085907785443,0.2510108247025146,0.010924916917071667,0.007614476125223889,1.4347562113802597,0.6742372519100571,0.7041552976590929,0.029918045749035845,0.020418596690460443,1.4652351580563585
TUDO_INI_CALR,bisolo,entrou_MULTI,limpo_600_699,TODOS,195,42,0.21189937465328887,0.21338444102354104,0.0014850663702521381,0.00647883398380164,0.22921815468108866,0.612015337360237,0.6145257191365958,0.0025103817763588504,0.01632003189690285,0.1538221121268311
TUDO_INI_CALR,bisolo,entrou_MULTI,TOTAL,TODOS,574,123,0.23451797182478648,0.24345831041467533,0.008940338589888866,0.004399427753046928,2.0321594288477685,0.6610998338294715,0.6843375048264807,0.023237670997009297,0.011401130440747302,2.0381900827972768
TUDO_INI_CALR,bisolo,nao_entrou_MULTI,limpo_400_499,TODOS,91,35,0.18626322920505894,0.1864272357933441,0.00016400658828516674,0.0051711567112671525,0.03171564844047787,0.5481791980842554,0.5429932845122173,-0.005185913572038094,0.01811409687690567,-0.286291588660421
TUDO_INI_CALR,bisolo,nao_entrou_MULTI,limpo_500_599,TODOS,152,46,0.24188553845703775,0.2584652954248768,0.016579756967839036,0.011488942301145588,1.443105599562967,0.6885208295129415,0.7718083542861106,0.08328752477316902,0.052112949781268576,1.5982116752697388
TUDO_INI_CALR,bisolo,nao_entrou_MULTI,limpo_600_699,TODOS,132,44,0.1776463326790817,0.1751818258432052,-0.002464506835876477,0.007702225719405769,-0.3199733331194317,0.5293378671341582,0.5196744944239485,-0.009663372710209705,0.030418819270583566,-0.3176774425151552
TUDO_INI_CALR,bisolo,nao_entrou_MULTI,TOTAL,TODOS,375,125,0.20577565764471703,0.2116682783282098,0.0058926206834927705,0.0055496400712270145,1.0618023165221098,0.5984321908622486,0.6275314453494981,0.029099254487249444,0.024451845083627514,1.1900637513335852
TUDO_INI_CALR,bisolo,lado_apostado_MULTI,limpo_400_499,TODOS,180,37,0.252572543712081,0.26806324997452385,0.015490706262442836,0.008515894046310013,1.8190346401920126,0.6984749486798996,0.7367319167696492,0.038256968089749564,0.020653790351302877,1.8522976867215197
TUDO_INI_CALR,bisolo,lado_apostado_MULTI,limpo_500_599,TODOS,199,44,0.24031117906517394,0.2510871210166569,0.010775941951482956,0.0072635129920092705,1.4835716496050568,0.6742291073567845,0.7022702162969227,0.028041108940138143,0.019224995465791896,1.4585755814628538
TUDO_INI_CALR,bisolo,lado_apostado_MULTI,limpo_600_699,TODOS,195,42,0.2109268561131868,0.21226768038976448,0.001340824276577696,0.005964459370393628,0.22480231540066767,0.6102596885004481,0.6126761726861865,0.002416484185738413,0.015040311335602675,0.16066716518149673
TUDO_INI_CALR,bisolo,lado_apostado_MULTI,TOTAL,TODOS,574,123,0.23417372725473107,0.2432228567138207,0.009049129459089669,0.004206581805421811,2.151183520887757,0.6601005616445461,0.6826400204450015,0.022539458800455405,0.010663022068860247,2.1137965067406648
TUDO_INI_CALR,bipro,flag1,limpo_400_499,TODOS,315,45,0.214645428180673,0.21954198042066952,0.0048965522399965185,0.012120414649417365,0.4039921390174468,0.6161108386281131,0.6302113269524653,0.01410048832435216,0.034734981800324805,0.4059448887985399
TUDO_INI_CALR,bipro,flag1,limpo_500_599,TODOS,307,42,0.23500883740091613,0.24387852298830906,0.008869685587392933,0.0067289819530236385,1.3181318733374487,0.6651536298865902,0.6993224426437676,0.034168812757177404,0.024835738535991834,1.3757920952364724
TUDO_INI_CALR,bipro,flag1,limpo_600_699,TODOS,417,58,0.22734362172146602,0.2379110251597122,0.010567403438246198,0.008805850285434163,1.2000435046829987,0.6462917504144509,0.6854405207141936,0.03914877029974275,0.03245156904737823,1.2063752677901898
TUDO_INI_CALR,bipro,flag1,TOTAL,TODOS,1039,145,0.22575872301909972,0.23410522414005946,0.008346501120959767,0.005346142860126128,1.5612192452266145,0.6427148589661836,0.6727981280264503,0.030083269060266715,0.018009736095748862,1.6703892217147907
TUDO_INI_CALR,bipro,flag0,limpo_400_499,TODOS,257,35,0.21513750872354095,0.21687544117727323,0.0017379324537322744,0.006794492855404055,0.2557854560624044,0.6214917169216876,0.6334975002989904,0.012005783377302801,0.024109709890525265,0.49796465539474966
TUDO_INI_CALR,bipro,flag0,limpo_500_599,TODOS,414,58,0.20476794350476207,0.20787573467934148,0.0031077911745793947,0.005906464704664815,0.5261677382284058,0.6001357106211553,0.6219853196911906,0.02184960907003529,0.020510560793301706,1.0652857954605945
TUDO_INI_CALR,bipro,flag0,limpo_600_699,TODOS,294,42,0.2042202747978436,0.2090872693974833,0.004866994599639676,0.00887272242112374,0.5485345273568545,0.5891534230104444,0.5936775485942423,0.004524125583797957,0.02373199366007013,0.1906340296816255
TUDO_INI_CALR,bipro,flag0,TOTAL,TODOS,965,135,0.20736272450102336,0.21064165776442142,0.0032789332633980607,0.004013396372231018,0.8169971164785115,0.6024773697524379,0.6164269214670474,0.013949551714609355,0.012691901691158752,1.099090747316983
TUDO_INI_CALR,bipro,entrou_FIRST,limpo_400_499,TODOS,43,43,0.22889817674663926,0.22931249232562242,0.00041431557898320606,0.005143436972070924,0.08055228074786507,0.6490460035676993,0.6506553810810234,0.0016093775133241425,0.01279567886276938,0.1257750784920702
TUDO_INI_CALR,bipro,entrou_FIRST,limpo_500_599,TODOS,40,40,0.23368003075058738,0.24224306862274073,0.008563037872153343,0.002729232828321844,3.1375256018075235,0.6603820534486063,0.6795323974873189,0.019150344038712512,0.007081903912772735,2.7041236755801585
TUDO_INI_CALR,bipro,entrou_FIRST,limpo_600_699,TODOS,54,54,0.22926417031908472,0.23021086781812694,0.0009466974990422339,0.004757379737615353,0.19899557135558155,0.6533703121163384,0.6591210191175297,0.005750707001191218,0.01401938086444502,0.41019693072008345
TUDO_INI_CALR,bipro,entrou_FIRST,TOTAL,TODOS,137,137,0.2304385987398508,0.233441947278031,0.0030033485381802355,0.0025859617364977776,1.1614048637269219,0.6540602711360408,0.6624234475790026,0.008363176442961784,0.007002575761803888,1.1943000300802744
TUDO_INI_CALR,bipro,nao_entrou_FIRST,limpo_400_499,TODOS,37,20,0.19705102280126596,0.193144868731936,-0.0039061540693299595,0.0015615272975725118,-2.5014958594718846,0.5707398341622626,0.55712934632286,-0.01361048783940257,0.005010197408712001,-2.7165571990708233
TUDO_INI_CALR,bipro,nao_entrou_FIRST,limpo_500_599,TODOS,56,28,0.22190976700738912,0.2217560110256843,-0.00015375598170483545,0.001967663598319298,-0.07814139664735774,0.6235578152905311,0.6190230652589713,-0.004534750031559791,0.006282046834059107,-0.7218586793995118
TUDO_INI_CALR,bipro,nao_entrou_FIRST,limpo_600_699,TODOS,68,37,0.19964987305158843,0.1978706168489801,-0.0017792562026083276,0.0017755790729040866,-1.0020709467465319,0.5734747009015679,0.5613667801855535,-0.012107920716014398,0.006956290517115425,-1.7405714563277337
TUDO_INI_CALR,bipro,nao_entrou_FIRST,TOTAL,TODOS,161,85,0.20679519356253817,0.20509253854814039,-0.0017026550143977985,0.0010822485659563188,-1.5732568912145088,0.5902664048545346,0.5804473200066202,-0.009819084847914425,0.0038606979279859764,-2.543344501712099
TUDO_INI_CALR,bipro,lado_apostado_FIRST,limpo_400_499,TODOS,43,43,0.22655219291956752,0.22682832138338505,0.00027612846381751136,0.004707960486724095,0.05865139790279926,0.6434932991752023,0.6447981906597283,0.001304891484526027,0.011294410523705153,0.11553427084904248
TUDO_INI_CALR,bipro,lado_apostado_FIRST,limpo_500_599,TODOS,40,40,0.23573224760604033,0.2444844625193257,0.008752214913285372,0.00273206322656312,3.2035184355142032,0.6637226920775611,0.6839337653859605,0.020211073308399472,0.00792667335126099,2.5497547852384077
TUDO_INI_CALR,bipro,lado_apostado_FIRST,limpo_600_699,TODOS,54,54,0.22624190019114307,0.22671767838040602,0.00047577818926290293,0.004513057577171468,0.10542258349850128,0.6459985315238143,0.6496203161136345,0.003621784589820157,0.012715268832611419,0.28483743737538636
TUDO_INI_CALR,bipro,lado_apostado_FIRST,TOTAL,TODOS,137,137,0.22911019569419522,0.23193978797664608,0.002829592282450837,0.002467919893055208,1.1465494850190983,0.6503871551089205,0.6581253276200218,0.0077381725111013615,0.006517976338510616,1.1872047563875576
TUDO_INI_CALR,bipro,entrou_MULTI,limpo_400_499,TODOS,214,43,0.2296634718163872,0.23561703714015134,0.005953565323764167,0.013752495885849737,0.43290798798856056,0.6514669012222565,0.6693988817330817,0.01793198051082522,0.03651270262717092,0.49111622039944913
TUDO_INI_CALR,bipro,entrou_MULTI,limpo_500_599,TODOS,191,40,0.23226572627122463,0.239715866320458,0.007450140049233371,0.0064514818945735995,1.154795157295528,0.6573942676133623,0.6765959806566364,0.019201713043274112,0.0165216888075977,1.1622124872878594
TUDO_INI_CALR,bipro,entrou_MULTI,limpo_600_699,TODOS,256,54,0.22644352431811124,0.23342974717088766,0.006986222852776409,0.006845407856772456,1.0205707240459951,0.6441855618138365,0.6625992560557259,0.018413694241889378,0.019014614816826286,0.9683969104435843
TUDO_INI_CALR,bipro,entrou_MULTI,TOTAL,TODOS,661,137,0.2291683493372878,0.23595429907858864,0.006785949741300855,0.00531213811215021,1.277442264872531,0.6503596456884376,0.668845087059853,0.01848544137141548,0.014207936539041115,1.30106446637205
TUDO_INI_CALR,bipro,nao_entrou_MULTI,limpo_400_499,TODOS,101,40,0.1828250188931202,0.1854819592526585,0.0026569403595383344,0.00929958813269215,0.2857051647478901,0.5411979931316114,0.5471802702885851,0.005982277156973607,0.03382492834876147,0.17686000973281157
TUDO_INI_CALR,bipro,nao_entrou_MULTI,limpo_500_599,TODOS,116,38,0.2395255117610116,0.25073255250175347,0.011207040740741872,0.008746106903756896,1.2813747721203683,0.6779298212157847,0.7367427378122339,0.0588129165964492,0.04443866197196069,1.3234628133843946
TUDO_INI_CALR,bipro,nao_entrou_MULTI,limpo_600_699,TODOS,161,57,0.22877483249947111,0.24503653550219104,0.0162617030027199,0.012761270540646798,1.274301250092899,0.6496407211085953,0.7217595502332478,0.07211882912465244,0.05558198652976803,1.2975216185558207
TUDO_INI_CALR,bipro,nao_entrou_MULTI,TOTAL,TODOS,378,135,0.21979638704999296,0.23087178886395415,0.011075401813961199,0.0065666574314635524,1.6866117853041032,0.6293465943539884,0.6797107208278284,0.05036412647383991,0.02893312280820781,1.7407082812212897
TUDO_INI_CALR,bipro,lado_apostado_MULTI,limpo_400_499,TODOS,214,43,0.2292933188560013,0.23539323102673831,0.006099912170737059,0.01345189664212876,0.4534611239602678,0.6502641665366169,0.6671950113894044,0.016930844852787615,0.034892031939416326,0.48523527899392477
TUDO_INI_CALR,bipro,lado_apostado_MULTI,limpo_500_599,TODOS,191,40,0.2333462204444124,0.24061335469150924,0.007267134247096859,0.006440977412349322,1.1282657556232913,0.659409989530401,0.6780269888770415,0.018616999346640434,0.016604953350442396,1.1211714332304603
TUDO_INI_CALR,bipro,lado_apostado_MULTI,limpo_600_699,TODOS,256,54,0.2261765144241426,0.23352790308172805,0.0073513886575854665,0.006991848941443224,1.0514226950772807,0.6434976835325092,0.6619794203168148,0.018481736784305498,0.0191508139347783,0.9650627303491397
TUDO_INI_CALR,bipro,lado_apostado_MULTI,TOTAL,TODOS,661,137,0.22925731623698567,0.23617919118717495,0.006921874950189274,0.005266467080630627,1.3143298617866652,0.6502863035150757,0.6683050210498518,0.018018717534776216,0.013852344377879033,1.3007702554342002
TUDO_INI_CALR,bisolo30,flag1,limpo_400_499,TODOS,215,30,0.20639608880901902,0.20503866301826626,-0.0013574257907527452,0.009700027164889971,-0.1399404112666877,0.6025154060437209,0.6057326792728976,0.003217273229176844,0.03473509710358888,0.09262312466212828
TUDO_INI_CALR,bisolo30,flag1,limpo_500_599,TODOS,317,44,0.18324296416991237,0.18634247234442608,0.003099508174513724,0.0069264720995914275,0.447487282118202,0.5449936130920564,0.5515973944044738,0.006603781312417328,0.02198666930039147,0.3003538745315894
TUDO_INI_CALR,bisolo30,flag1,limpo_600_699,TODOS,312,45,0.2387710574090132,0.2560457189026977,0.01727466149368453,0.009489087984887554,1.820476480057555,0.6681550952471856,0.7230100156423196,0.054854920395133955,0.03353265299596026,1.6358658052419064
TUDO_INI_CALR,bisolo30,flag1,TOTAL,TODOS,844,119,0.2096679486343761,0.21687220447837915,0.0072042558440030624,0.005326178570208913,1.3526125249158674,0.60517556560036,0.6287535840643305,0.02357801846397051,0.018295530111243505,1.2887310900863516
TUDO_INI_CALR,bisolo30,flag0,limpo_400_499,TODOS,357,50,0.21996776057401382,0.22635686180992398,0.006389101235910191,0.007771387827559209,0.8221313075192185,0.6281721936059647,0.6473190462834569,0.019146852677492235,0.022557643268336126,0.8487966783466439
TUDO_INI_CALR,bisolo30,flag0,limpo_500_599,TODOS,404,56,0.244637678344531,0.2521304380729584,0.007492759728427351,0.006271362717483083,1.1947578327018624,0.6928103297578208,0.7359840054890382,0.043173675731217276,0.02102993883444972,2.052962496519167
TUDO_INI_CALR,bisolo30,flag0,limpo_600_699,TODOS,399,55,0.2013696269092863,0.20249195588175037,0.0011223289724640474,0.007015930833142499,0.15996864837410976,0.5870936756159767,0.5884480489827625,0.001354373366785785,0.01982653963443109,0.06831113203605929
TUDO_INI_CALR,bisolo30,flag0,TOTAL,TODOS,1160,161,0.22216258078699885,0.2271244715900314,0.004961890803032537,0.003957298076233059,1.2538582405083187,0.636554502508848,0.6579493183490411,0.021394815840193135,0.012579119751940626,1.7008197920122734
TUDO_INI_CALR,bisolo30,entrou_FIRST,limpo_400_499,TODOS,30,30,0.206578939146158,0.20443405492128394,-0.0021448842248740535,0.005117255310757337,-0.41914739340152596,0.6061582328936445,0.6029636928205645,-0.003194540073079922,0.01398135309021318,-0.228485759029723
TUDO_INI_CALR,bisolo30,entrou_FIRST,limpo_500_599,TODOS,41,41,0.18695707527920807,0.1946994125367778,0.007742337257569727,0.0069544449309573075,1.1132933446787625,0.5540329490643737,0.5719562592361,0.01792331017172635,0.018232535416850774,0.9830399207759863
TUDO_INI_CALR,bisolo30,entrou_FIRST,limpo_600_699,TODOS,41,41,0.2323158269425207,0.24091912817459962,0.008603301232078876,0.006877739870045525,1.2508907569401762,0.6533843454338157,0.6729449611107519,0.019560615676936195,0.015916831132274274,1.228926506437169
TUDO_INI_CALR,bisolo30,entrou_FIRST,TOTAL,TODOS,112,112,0.2088174746917466,0.21422662336433027,0.005409148672583671,0.003815561187253134,1.4176548106879605,0.6043647862610276,0.6172309001681953,0.01286611390716756,0.009518104526602896,1.3517516929139672
TUDO_INI_CALR,bisolo30,nao_entrou_FIRST,limpo_400_499,TODOS,26,17,0.22458041018917457,0.22025480388764784,-0.0043256063015267385,0.00117947511007602,-3.667399391961686,0.6416934275354921,0.6326396924892195,-0.009053735046272566,0.0024157630594221708,-3.747774439616665
TUDO_INI_CALR,bisolo30,nao_entrou_FIRST,limpo_500_599,TODOS,67,27,0.1914454169436275,0.18902252632461328,-0.002422890619014214,0.0030894125258967187,-0.7842561000528594,0.5592350668456451,0.5465451102133877,-0.012689956632257273,0.013381664244249527,-0.9483092985022772
TUDO_INI_CALR,bisolo30,nao_entrou_FIRST,limpo_600_699,TODOS,52,25,0.19454559158262372,0.19236424905443097,-0.0021813425281927597,0.002146248185229346,-1.0163514840478076,0.5566383260187837,0.5404885213918426,-0.016149804626941197,0.009146053738530217,-1.7657675199201806
TUDO_INI_CALR,bisolo30,nao_entrou_FIRST,TOTAL,TODOS,145,69,0.19849865077543458,0.19582120769419548,-0.0026774430812391103,0.0015821207996312777,-1.6923126741416357,0.5730894589486742,0.5598107413889137,-0.013278717559760459,0.006793810381614641,-1.9545316713129388
TUDO_INI_CALR,bisolo30,lado_apostado_FIRST,limpo_400_499,TODOS,30,30,0.19871075447849304,0.19613400762392147,-0.002576746854571558,0.004760598505014047,-0.5412653160852839,0.5859658129616573,0.5806877373017213,-0.005278075659936055,0.01235107486119887,-0.42733735478498536
TUDO_INI_CALR,bisolo30,lado_apostado_FIRST,limpo_500_599,TODOS,41,41,0.1870833254491481,0.19456902873334833,0.0074857032842002335,0.006508479527013794,1.1501462443156532,0.5544649251361975,0.5718619417509461,0.017397016614748493,0.017406776317258767,0.9994393159116661
TUDO_INI_CALR,bisolo30,lado_apostado_FIRST,limpo_600_699,TODOS,41,41,0.23577111778955237,0.2472322808893936,0.011461163099841205,0.007971848851502757,1.437704516648065,0.6606873669782086,0.6864260931567799,0.025738726178571352,0.018293730528590308,1.406969788821676
TUDO_INI_CALR,bisolo30,lado_apostado_FIRST,TOTAL,TODOS,112,112,0.2080210250637635,0.21426673145758984,0.006245706393826359,0.004001875660871913,1.5606947649306948,0.601787663978039,0.6161646566988251,0.014376992720786,0.009842749921683254,1.4606682924163255
TUDO_INI_CALR,bisolo30,entrou_MULTI,limpo_400_499,TODOS,137,30,0.2032295810195089,0.19776568545671475,-0.0054638955627941636,0.009959886280643728,-0.548590155433082,0.5956864461661282,0.5823981046219272,-0.013288341544200987,0.024546701166161707,-0.5413493835383194
TUDO_INI_CALR,bisolo30,entrou_MULTI,limpo_500_599,TODOS,175,41,0.19147996457532615,0.1931297237175393,0.0016497591422131668,0.00885920339423855,0.1862198065444646,0.5669397849739495,0.567241424688934,0.0003016397149845933,0.021227351264177317,0.014209955412271904
TUDO_INI_CALR,bisolo30,entrou_MULTI,limpo_600_699,TODOS,195,41,0.2412179794007476,0.2575146230986273,0.016296643697879653,0.010285777232009295,1.5843862189786269,0.6737156870709777,0.7143302938317294,0.040614606760751557,0.02560286295102654,1.5863306708487899
TUDO_INI_CALR,bisolo30,entrou_MULTI,TOTAL,TODOS,507,112,0.21378491594378812,0.2191458620559598,0.005360946112171669,0.00585316104649788,0.9159061350924697,0.6157752750967285,0.627909658680384,0.012134383583655468,0.014513966736908787,0.8360487386813367
TUDO_INI_CALR,bisolo30,nao_entrou_MULTI,limpo_400_499,TODOS,78,27,0.21195777556751752,0.217812995402017,0.005855219834499484,0.015998351969301907,0.365988937218949,0.6145098612133388,0.6467177655188332,0.03220790430549434,0.07448868902914856,0.43238651029139336
TUDO_INI_CALR,bisolo30,nao_entrou_MULTI,limpo_500_599,TODOS,142,41,0.17309173127591654,0.17797790199023727,0.004886170714320748,0.010253849972012135,0.47652059740073655,0.5179472745052164,0.5323177796172867,0.014370505112070346,0.03888248779803579,0.36958810832048394
TUDO_INI_CALR,bisolo30,nao_entrou_MULTI,limpo_600_699,TODOS,117,40,0.23469285408945573,0.2535975452428151,0.018904691153359337,0.014414385694181336,1.3115155619146923,0.658887442207532,0.73747621865997,0.07858877645243796,0.06460794036952221,1.2163950127949132
TUDO_INI_CALR,bisolo30,nao_entrou_MULTI,TOTAL,TODOS,337,108,0.20347417288994907,0.2134515979744225,0.009977425084473437,0.007717920954234547,1.29276072450563,0.5892288216399477,0.630023228484689,0.04079440684474122,0.03334760481901335,1.2233084524703863
TUDO_INI_CALR,bisolo30,lado_apostado_MULTI,limpo_400_499,TODOS,137,30,0.20443451800773937,0.200280662924183,-0.004153855083556399,0.01000675265625576,-0.4151052020816764,0.5972531057084814,0.5856734166855282,-0.011579689022953275,0.02372909607570389,-0.48799537015696376
TUDO_INI_CALR,bisolo30,lado_apostado_MULTI,limpo_500_599,TODOS,175,41,0.19175865905389405,0.1925643495736184,0.0008056905197243669,0.008573766794808802,0.09397159253412304,0.5677243588224736,0.5655931564480623,-0.002131202374411397,0.020674544149923466,-0.10308340338518594
TUDO_INI_CALR,bisolo30,lado_apostado_MULTI,limpo_600_699,TODOS,195,41,0.240738692321906,0.257103504910723,0.016364812588816932,0.010508754706943258,1.5572551691595302,0.672594780078531,0.7125660717101341,0.03997129163160306,0.025795142651182146,1.5495666053147896
TUDO_INI_CALR,bisolo30,lado_apostado_MULTI,TOTAL,TODOS,507,112,0.21402236549164383,0.21947218038182892,0.005449814890185086,0.005837643137856407,0.9335642418502252,0.6160383045193459,0.627547227707701,0.011508923188355035,0.014311935085731722,0.8041486437308434
TUDO_INI_CALR,bipro30,flag1,limpo_400_499,TODOS,350,48,0.24230576943614374,0.25558171875688235,0.013275949320738643,0.007584999939420729,1.7502899705695363,0.6789840487517159,0.7229076129773743,0.043923564225658344,0.02451220296073769,1.7919060272148004
TUDO_INI_CALR,bipro30,flag1,limpo_500_599,TODOS,317,44,0.22233779809493615,0.22840220889520926,0.006064410800273119,0.00962302582077259,0.6301979141718892,0.6407753205258904,0.6782584278101039,0.03748310728421352,0.0345345869936452,1.0853787621989193
TUDO_INI_CALR,bipro30,flag1,limpo_600_699,TODOS,321,46,0.22533556285400935,0.23630974406055397,0.010974181206544642,0.011395953701842492,0.9629892761647796,0.6401184513370769,0.6749559682385,0.03483751690142316,0.03786453640192002,0.9200566073656359
TUDO_INI_CALR,bipro30,flag1,TOTAL,TODOS,988,138,0.2303854422822693,0.24059972634425908,0.010214284061989813,0.0053344545754086675,1.9147757127929628,0.6540973851710622,0.6930024817433628,0.03890509657230055,0.01806816959829555,2.153239505565115
TUDO_INI_CALR,bipro30,flag0,limpo_400_499,TODOS,222,32,0.17160644286581858,0.15963563355928512,-0.011970809306533456,0.006854740713106854,-1.746354794083493,0.5232156232145441,0.48787279740894646,-0.03534282580559762,0.017439713271327616,-2.026571495513304
TUDO_INI_CALR,bipro30,flag0,limpo_500_599,TODOS,404,56,0.21396178142811384,0.21912812003682405,0.0051663386087102015,0.005971511904834021,0.8651642483586074,0.6176548811030551,0.6365989867029372,0.018944105599882147,0.019199796159696476,0.9866826419568419
TUDO_INI_CALR,bipro30,flag0,limpo_600_699,TODOS,390,54,0.21156496249302653,0.2175003252590314,0.005935362766004867,0.004947558688870871,1.1996548478254498,0.6082993420735767,0.6248949503076088,0.01659560823403203,0.015492886939727944,1.0711759724700767
TUDO_INI_CALR,bipro30,flag0,TOTAL,TODOS,1016,142,0.20378693443449808,0.20550393503549258,0.0017170006009944814,0.0035821524355854127,0.47932091999705223,0.5934283304409035,0.5996090376700199,0.006180707229116346,0.01107160578838589,0.5582484914338176
TUDO_INI_CALR,bipro30,entrou_FIRST,limpo_400_499,TODOS,46,46,0.25465594962968996,0.2600718182836059,0.005415868653915945,0.0021318983640952,2.540397208951608,0.7064368235746372,0.7210037898644159,0.014566966289778679,0.006097657266255269,2.388944746106505
TUDO_INI_CALR,bipro30,entrou_FIRST,limpo_500_599,TODOS,41,41,0.20944812253690154,0.21185964742518554,0.0024115248882840253,0.005859952041942142,0.4115263863976577,0.6072005227837195,0.614694795769905,0.007494272986185496,0.01618424875544879,0.4630596760731561
TUDO_INI_CALR,bipro30,entrou_FIRST,limpo_600_699,TODOS,42,42,0.238279090348101,0.24991395185907886,0.011634861510977867,0.005879700857708916,1.9788186155292784,0.6716150931279539,0.7004703486270729,0.028855255499119017,0.016576971382414346,1.7406831943819405
TUDO_INI_CALR,bipro30,entrou_FIRST,TOTAL,TODOS,129,129,0.23495556977983678,0.24144135785705265,0.006485788077215883,0.0027328592737383946,2.3732609064584937,0.663559296356123,0.680530353509041,0.016971057152918013,0.007612476370056501,2.229374033878551
TUDO_INI_CALR,bipro30,nao_entrou_FIRST,limpo_400_499,TODOS,41,21,0.1997211497837769,0.1970436595056796,-0.0026774902780972547,0.0031913261646472724,-0.8389898556148333,0.5768390321768699,0.5626786987369259,-0.014160333439944007,0.011264268780507956,-1.2571018781483172
TUDO_INI_CALR,bipro30,nao_entrou_FIRST,limpo_500_599,TODOS,66,27,0.2594880432987998,0.26754619744770985,0.008058154148910007,0.009744317188181265,0.8269593439223859,0.7284405308589823,0.773471890671159,0.04503135981217666,0.05200952357838134,0.8658291157832241
TUDO_INI_CALR,bipro30,nao_entrou_FIRST,limpo_600_699,TODOS,55,28,0.1983512813352526,0.19815355702016732,-0.00019772431508526068,0.0018847656566214227,-0.10490657784994643,0.5665321488329871,0.5560856849967141,-0.010446463836272953,0.007622847192651461,-1.3704149607437364
TUDO_INI_CALR,bipro30,nao_entrou_FIRST,TOTAL,TODOS,162,76,0.22360554612527486,0.22614373276167232,0.00253818663639743,0.004219646673481831,0.6015163905424934,0.6351033551960419,0.6463190376995662,0.011215682503524341,0.02264684565501356,0.49524259026516626
TUDO_INI_CALR,bipro30,lado_apostado_FIRST,limpo_400_499,TODOS,46,46,0.25050752995952336,0.2568420938098031,0.006334563850279724,0.0027617043214318627,2.293715442714533,0.6935272825464687,0.7081993327512813,0.014672050204812794,0.007143556214597119,2.053886014759984
TUDO_INI_CALR,bipro30,lado_apostado_FIRST,limpo_500_599,TODOS,41,41,0.21023688999471463,0.21279339965700578,0.0025565096622911423,0.0055828343785617384,0.45792324990120087,0.6083988877836384,0.616042183982821,0.007643296199182576,0.01571667425606072,0.4863176569454661
TUDO_INI_CALR,bipro30,lado_apostado_FIRST,limpo_600_699,TODOS,42,42,0.2394521495452191,0.25459930813184073,0.015147158586621648,0.006332230212592475,2.3920732629871106,0.6721119605758138,0.707553077747866,0.03544111717205221,0.016766815655617957,2.113765541411983
TUDO_INI_CALR,bipro30,lado_apostado_FIRST,TOTAL,TODOS,129,129,0.2341089081303921,0.24211191195911233,0.008003003828720259,0.0029177422990456716,2.7428754867549006,0.6594985406236505,0.6786986675601936,0.019200126936543153,0.007798462154001577,2.4620401506585643
TUDO_INI_CALR,bipro30,entrou_MULTI,limpo_400_499,TODOS,228,46,0.2529355827393584,0.2656061902399273,0.01267060750056894,0.007533605942246177,1.6818781865820744,0.7022112518272128,0.738998569213789,0.03678731738657618,0.019911017638705227,1.8475859975667415
TUDO_INI_CALR,bipro30,entrou_MULTI,limpo_500_599,TODOS,162,41,0.20080828583831517,0.1966733383328432,-0.004134947505472014,0.009498582280244035,-0.4353225969387276,0.5901229758453055,0.5820847771574937,-0.008038198687811733,0.02520929027396947,-0.3188585874673271
TUDO_INI_CALR,bipro30,entrou_MULTI,limpo_600_699,TODOS,207,42,0.22980399630642728,0.2402891573493537,0.0104851610429264,0.01190171399323564,0.8809790798943462,0.6505425152126856,0.6730760836663949,0.02253356845370921,0.029724340552349716,0.7580847223178488
TUDO_INI_CALR,bipro30,entrou_MULTI,TOTAL,TODOS,597,129,0.23076998727941575,0.23812252555433877,0.007352538274922978,0.005531706615035875,1.329162731613035,0.6538800471567335,0.673561402008713,0.019681354851979353,0.014287189290871216,1.377552606834623
TUDO_INI_CALR,bipro30,nao_entrou_MULTI,limpo_400_499,TODOS,122,42,0.2224402167055458,0.23684746057545406,0.014407243869908246,0.010841152974672183,1.3289401877796023,0.6355758331680005,0.6928359898470255,0.05726015667902501,0.04701411924464725,1.2179353266422048
TUDO_INI_CALR,bipro30,nao_entrou_MULTI,limpo_500_599,TODOS,155,43,0.24483961090508194,0.26156399619265,0.01672438528756803,0.01123779913171495,1.4882260388841633,0.6937151904501145,0.778775404621219,0.08506021417110443,0.05096281564335914,1.6690642598391923
TUDO_INI_CALR,bipro30,nao_entrou_MULTI,limpo_600_699,TODOS,114,42,0.21722182842725044,0.2290839672993124,0.01186213887206198,0.014431193212295312,0.8219790766819954,0.6211905458787347,0.6783694428562699,0.057178896977535316,0.06493889917763762,0.8805030220965843
TUDO_INI_CALR,bipro30,nao_entrou_MULTI,TOTAL,TODOS,391,127,0.22979829813061595,0.2443820508240096,0.014583752693393648,0.006790625083973805,2.1476303746781706,0.6544292286353953,0.722686176376575,0.0682569477411797,0.030480952228443648,2.2393312134614005
TUDO_INI_CALR,bipro30,lado_apostado_MULTI,limpo_400_499,TODOS,228,46,0.2515882095563054,0.2646360805314154,0.01304787097511003,0.007206024376377505,1.8106892640945025,0.698111162138336,0.7334478922617479,0.035336730123411896,0.01864019761120057,1.8957272267424177
TUDO_INI_CALR,bipro30,lado_apostado_MULTI,limpo_500_599,TODOS,162,41,0.20153070653597796,0.19725793171226505,-0.0042727748237128965,0.009468188310739811,-0.4512769162888604,0.5916738378747959,0.5833882925233435,-0.008285545351452452,0.02488058389949198,-0.3330124962067964
TUDO_INI_CALR,bipro30,lado_apostado_MULTI,limpo_600_699,TODOS,207,42,0.23005327476989149,0.2406541364071285,0.010600861637237018,0.012222003973984234,0.8673587130066411,0.650908576576412,0.6737730255910931,0.02286444901468111,0.030270740981886313,0.7553316593195704
TUDO_INI_CALR,bipro30,lado_apostado_MULTI,TOTAL,TODOS,597,129,0.230537879589671,0.23803721530121483,0.00749933571154382,0.005562116461668175,1.3482881495247656,0.6528619464900751,0.6720369164519538,0.019174969961878733,0.014116905781638803,1.3582983593202638
TUDO_INI_CALR,bisolo35mais,flag1,limpo_400_499,TODOS,386,53,0.20423577212577063,0.20393688974243346,-0.00029888238333716744,0.008486030817315363,-0.035220515900945285,0.5967334728364193,0.5996157171360266,0.0028822442996072005,0.02754107453679905,0.10465257249698393
TUDO_INI_CALR,bisolo35mais,flag1,limpo_500_599,TODOS,370,49,0.20980342353824052,0.2149364585092658,0.005133034971025246,0.004326629674196843,1.1863818624546594,0.6070419777998491,0.6241948150971636,0.01715283729731443,0.014926851439434147,1.14912628205032
TUDO_INI_CALR,bisolo35mais,flag1,limpo_600_699,TODOS,371,52,0.2358269508238159,0.2507760082664916,0.014949057442675722,0.007533818452925195,1.9842603768705593,0.6619026602804514,0.7070046430394119,0.045101982758960504,0.02195149914842757,2.0546197074741133
TUDO_INI_CALR,bisolo35mais,flag1,TOTAL,TODOS,1127,154,0.21646324179710041,0.22296719445951735,0.006503952662416937,0.004042215274684747,1.6090069975118237,0.6215710197558558,0.643036797664666,0.021465777908810175,0.012599071743390183,1.703758685243753
TUDO_INI_CALR,bisolo35mais,flag0,limpo_400_499,TODOS,186,27,0.23692818052857287,0.2482423267445742,0.011314146216001315,0.018319463748203847,0.6176024785174524,0.6637589510853308,0.6982460147976391,0.03448706371230844,0.052321000542696866,0.6591438113681535
TUDO_INI_CALR,bisolo35mais,flag0,limpo_500_599,TODOS,351,51,0.22590990023904203,0.2319224246901137,0.006012524451071679,0.011417064455969047,0.5266261283064074,0.6497231247475708,0.6872986628428464,0.03757553809527559,0.03910034545686718,0.961002713818126
TUDO_INI_CALR,bisolo35mais,flag0,limpo_600_699,TODOS,340,48,0.19809191850818134,0.19894898713997558,0.0008570686317942225,0.01043666046104673,0.08212096532153197,0.5798496450701446,0.582562276049718,0.002712630979573465,0.034937110698436906,0.07764325456068205
TUDO_INI_CALR,bisolo35mais,flag0,TOTAL,TODOS,877,126,0.21746210815849484,0.22260034146899932,0.005138233310504492,0.00703167101708289,0.7307272052434705,0.6256110159773295,0.6490156935770857,0.02340467759975608,0.022859838123473756,1.0238339166419055
TUDO_INI_CALR,bisolo35mais,entrou_FIRST,limpo_400_499,TODOS,52,52,0.2239827494497725,0.2245560408503017,0.0005732914005291642,0.00357040151613883,0.1605677675011587,0.6414649842591851,0.6445951491697481,0.003130164910563162,0.009026453847740217,0.346776814390604
TUDO_INI_CALR,bisolo35mais,entrou_FIRST,limpo_500_599,TODOS,47,47,0.19735834854778103,0.20316544767301742,0.005807099125236398,0.005077885947897972,1.1436056628330318,0.5788340333515655,0.5902089478652779,0.011374914513712352,0.011680022213260652,0.9738778151293322
TUDO_INI_CALR,bisolo35mais,entrou_FIRST,limpo_600_699,TODOS,49,49,0.2338400857450471,0.239155964998576,0.005315879253528891,0.005117183788096702,1.0388290656853842,0.660519854942776,0.6749788267710517,0.014458971828275715,0.013020219105805435,1.1105014217332771
TUDO_INI_CALR,bisolo35mais,entrou_FIRST,TOTAL,TODOS,148,148,0.2187912807746026,0.22259684087687656,0.0038055601022739384,0.0025715276661689183,1.4798830097533,0.6278841327107921,0.6373833163397061,0.00949918362891402,0.006253230985900233,1.5190840783480972
TUDO_INI_CALR,bisolo35mais,nao_entrou_FIRST,limpo_400_499,TODOS,42,21,0.2111569315989188,0.20815808226566418,-0.002998849333254603,0.0039043878710068656,-0.7680715728894164,0.6065630211119795,0.5943781534983551,-0.01218486761362432,0.0120641692176431,-1.010004700183143
TUDO_INI_CALR,bisolo35mais,nao_entrou_FIRST,limpo_500_599,TODOS,71,33,0.21652426154691376,0.21631718633759658,-0.00020707520931717005,0.0012151955636635935,-0.17040484306318232,0.6135555669760919,0.6096872000814573,-0.0038683668946346813,0.004717143822234824,-0.8200654973462267
TUDO_INI_CALR,bisolo35mais,nao_entrou_FIRST,limpo_600_699,TODOS,64,33,0.21557061303628783,0.21515076567375668,-0.00041984736253116383,0.0018016109465788827,-0.23303997088184933,0.6095358197395944,0.6028792324007373,-0.006656587338857086,0.006549128655715762,-1.0164080885855769
TUDO_INI_CALR,bisolo35mais,nao_entrou_FIRST,TOTAL,TODOS,177,87,0.21490583577010108,0.21395937112004343,-0.0009464646500576658,0.0012285221913325057,-0.770409079083131,0.6104428508776254,0.6035929069285964,-0.0068499439490290245,0.004140587868461162,-1.6543409212988849
TUDO_INI_CALR,bisolo35mais,lado_apostado_FIRST,limpo_400_499,TODOS,52,52,0.2203770503614194,0.2214671429079681,0.0010900925465486696,0.0043693866755563264,0.2494841101262513,0.6306750438679783,0.6336032831085051,0.00292823924052673,0.01052467907636228,0.27822598858176667
TUDO_INI_CALR,bisolo35mais,lado_apostado_FIRST,limpo_500_599,TODOS,47,47,0.19775885874009694,0.2041286382297979,0.006369779489700973,0.00568325272896532,1.1207982107212466,0.5797523659686258,0.5924514776854297,0.012699111716803909,0.013718952697505598,0.9256618924790725
TUDO_INI_CALR,bisolo35mais,lado_apostado_FIRST,limpo_600_699,TODOS,49,49,0.23377595296568693,0.24010541565651944,0.0063294626908324755,0.0055222402166249865,1.1461766316824293,0.6590015082268195,0.674171161406499,0.015169653179679556,0.013076333152030722,1.1600846356016667
TUDO_INI_CALR,bisolo35mais,lado_apostado_FIRST,TOTAL,TODOS,148,148,0.21763036942497987,0.22213177564313713,0.004501406218157215,0.0029010987523511752,1.5516211623299903,0.6238820093565841,0.6339660613633508,0.010084052006766703,0.0069110641450795575,1.459117119314571
TUDO_INI_CALR,bisolo35mais,entrou_MULTI,limpo_400_499,TODOS,256,52,0.20784156299296838,0.20644113779068327,-0.0014004252022851204,0.0076600755041256454,-0.18282133139952267,0.6052521455256684,0.6026181180565401,-0.0026340274691283886,0.018768169959820297,-0.14034546121265032
TUDO_INI_CALR,bisolo35mais,entrou_MULTI,limpo_500_599,TODOS,224,47,0.20978759859698773,0.21381749531552371,0.004029896718536,0.007012669217350442,0.5746594618444862,0.6083618321835637,0.616724282421725,0.008362450238161205,0.015822455390153773,0.5285178584459851
TUDO_INI_CALR,bisolo35mais,entrou_MULTI,limpo_600_699,TODOS,224,49,0.24336002047515484,0.2587351355940208,0.015375115118865959,0.009067823122649093,1.695568485501539,0.6789502660522196,0.7169920118725102,0.03804174582029047,0.022119527218345456,1.7198263527413673
TUDO_INI_CALR,bisolo35mais,entrou_MULTI,TOTAL,TODOS,704,148,0.2197620835203975,0.22542715994055806,0.005665076420160579,0.004647801370651598,1.2188723158292722,0.6296909932661742,0.6434981365687258,0.013807143302551573,0.011139557412461233,1.2394696477892608
TUDO_INI_CALR,bisolo35mais,nao_entrou_MULTI,limpo_400_499,TODOS,130,45,0.19713513780267358,0.1990054474320339,0.0018703096293603396,0.011719823166182782,0.15958514073463712,0.579958240463744,0.5937032968617845,0.01374505639804036,0.05072900847424551,0.2709506219704364
TUDO_INI_CALR,bisolo35mais,nao_entrou_MULTI,limpo_500_599,TODOS,146,44,0.20982770290016262,0.21665322395719877,0.0068255210570361425,0.008005784375861729,0.8525736813017094,0.6050169957316842,0.6356564542704392,0.03063945853875499,0.035278426469717517,0.8685041144070145
TUDO_INI_CALR,bisolo35mais,nao_entrou_MULTI,limpo_600_699,TODOS,147,48,0.22434798754558516,0.23864781424359005,0.014299826698004888,0.008092066282686355,1.767141567858947,0.6359253562472809,0.6917857952937385,0.05586043904645769,0.031452751123321285,1.7760112248190214
TUDO_INI_CALR,bisolo35mais,nao_entrou_MULTI,TOTAL,TODOS,423,137,0.21097297093846884,0.2188730675123479,0.007900096573879054,0.005122868127289903,1.5421237434933466,0.6080569267268626,0.64226899012694,0.03421206340007744,0.021652181869063893,1.5800746366794007
TUDO_INI_CALR,bisolo35mais,lado_apostado_MULTI,limpo_400_499,TODOS,256,52,0.2077830964277051,0.20690968391701198,-0.0008734125106931311,0.007846465269731161,-0.11131286262904166,0.6045287216255112,0.6025141254973962,-0.0020145961281149765,0.01893159418958148,-0.10641449990638709
TUDO_INI_CALR,bisolo35mais,lado_apostado_MULTI,limpo_500_599,TODOS,224,47,0.20977021050927444,0.2136498736751482,0.0038796631658737798,0.007053765554209564,0.5500130584235912,0.6084723953000596,0.6161907362923758,0.007718340992316152,0.015977576771809172,0.4830733159695648
TUDO_INI_CALR,bisolo35mais,lado_apostado_MULTI,limpo_600_699,TODOS,224,49,0.24093191957196766,0.25527516484677204,0.01434324527480439,0.009107242539774657,1.5749273407578854,0.6733658808325365,0.7074312445419805,0.03406536370944414,0.02178955771369016,1.5633802281374996
TUDO_INI_CALR,bisolo35mais,lado_apostado_MULTI,TOTAL,TODOS,704,148,0.21896271281774252,0.22444330640861535,0.005480593590872825,0.004659642408207583,1.1761833013664746,0.6276862593605573,0.640248494082712,0.012562234722154645,0.01102097941366113,1.139847399277694
TUDO_INI_CALR,bipro35mais,flag1,limpo_400_499,TODOS,278,38,0.2120855194117179,0.2164153790866166,0.004329859674898687,0.00931765240640183,0.46469426911909634,0.6128920299488668,0.6298878326855957,0.016995802736728856,0.031758366122172615,0.5351598590225636
TUDO_INI_CALR,bipro35mais,flag1,limpo_500_599,TODOS,317,44,0.23212837079890325,0.24196681399798697,0.009838443199083747,0.007937065215622987,1.2395568049155206,0.6621275802608713,0.7083047967044754,0.046177216443604154,0.028681706472150847,1.6099884603602985
TUDO_INI_CALR,bipro35mais,flag1,limpo_600_699,TODOS,383,54,0.21195599898713682,0.21676995183005304,0.0048139528429162306,0.007572560528818169,0.635710051388329,0.6081274960834212,0.6196186439461872,0.011491147862765906,0.02457861421242406,0.46752627155673127
TUDO_INI_CALR,bipro35mais,flag1,TOTAL,TODOS,978,136,0.2185313042451772,0.22483624435005276,0.0063049401048755616,0.004579384734914573,1.3768094339846242,0.626984926654838,0.651283618275362,0.024298691620524008,0.01581591382173229,1.5363444625713454
TUDO_INI_CALR,bipro35mais,flag0,limpo_400_499,TODOS,294,42,0.21749617422586545,0.2201674722074514,0.0026712979815859276,0.006431682167995071,0.4153342643202537,0.6238581669760013,0.633389823402284,0.00953165642628275,0.017054080506507852,0.5589076715479009
TUDO_INI_CALR,bipro35mais,flag0,limpo_500_599,TODOS,404,56,0.20627957462821886,0.20848460563687224,0.002205031008653349,0.004304062983666731,0.5123138339334504,0.6009007565090231,0.6130229992288883,0.01212224271986524,0.015478615846933233,0.783160641735741
TUDO_INI_CALR,bipro35mais,flag0,limpo_600_699,TODOS,328,46,0.2245850714522681,0.2367611681205785,0.012176096668310404,0.010638886342410652,1.1444897780110543,0.6396400466095924,0.6800486457107814,0.04040859910118898,0.032405456526577864,1.24696898091984
TUDO_INI_CALR,bipro35mais,flag0,TOTAL,TODOS,1026,144,0.21534573763016454,0.2208720084306402,0.005526270800475662,0.004204951671444893,1.3142293258692177,0.6198636861681637,0.6402864089297063,0.020422722761542562,0.012900962620310543,1.5830386741366251
TUDO_INI_CALR,bipro35mais,entrou_FIRST,limpo_400_499,TODOS,35,35,0.22789362849016448,0.22773083215131498,-0.00016279633884950834,0.004562313543523328,-0.0356828475939832,0.6524345212845901,0.6547094707190623,0.002274949434472212,0.012153107526912002,0.1871907600121643
TUDO_INI_CALR,bipro35mais,entrou_FIRST,limpo_500_599,TODOS,42,42,0.22330482611993913,0.22179046162799965,-0.0015143644919394736,0.003211738285001808,-0.47150930666152363,0.6428595597721941,0.6404883660948929,-0.0023711936773012075,0.007448500729592073,-0.3183450956620997
TUDO_INI_CALR,bipro35mais,entrou_FIRST,limpo_600_699,TODOS,51,51,0.21586857095586925,0.21933329176895466,0.003464720813085415,0.004383197915636377,0.7904550238823491,0.6195461753102378,0.6275383978101088,0.007992222499870883,0.009936607182885191,0.8043210678224941
TUDO_INI_CALR,bipro35mais,entrou_FIRST,TOTAL,TODOS,128,128,0.22159669385111352,0.22243575307725544,0.000839059226141918,0.0023455842812477477,0.3577186430050492,0.6361887866891792,0.6392171964020955,0.0030284097129163415,0.005580767515175274,0.5426511146865484
TUDO_INI_CALR,bipro35mais,nao_entrou_FIRST,limpo_400_499,TODOS,42,19,0.17227132649198212,0.1675097372238598,-0.004761589268122321,0.0034710187853836177,-1.371813165683017,0.5142603090422385,0.49356300941674747,-0.020697299625491144,0.0136241273224987,-1.5191651645321829
TUDO_INI_CALR,bipro35mais,nao_entrou_FIRST,limpo_500_599,TODOS,47,26,0.19701645529628484,0.1946906542208557,-0.00232580107542911,0.0017567328955216536,-1.3239355176635856,0.5710774136387171,0.5602691895904328,-0.010808224048284356,0.007244266856149723,-1.4919693411223742
TUDO_INI_CALR,bipro35mais,nao_entrou_FIRST,limpo_600_699,TODOS,55,29,0.20321787999577448,0.20238793498120036,-0.0008299450145741181,0.0021974069235985894,-0.3776929096113688,0.5764545157090373,0.5658480569540876,-0.010606458754949638,0.008982313786878178,-1.180815879583732
TUDO_INI_CALR,bipro35mais,nao_entrou_FIRST,TOTAL,TODOS,144,74,0.19216772577330718,0.18970282038714134,-0.0024649053861658483,0.001408960142202505,-1.7494500464098832,0.5565595123943804,0.5429440377689483,-0.013615474625432104,0.005542580395121849,-2.4565227123120112
TUDO_INI_CALR,bipro35mais,lado_apostado_FIRST,limpo_400_499,TODOS,35,35,0.2209796352530462,0.2204731337466516,-0.0005065015063946259,0.005428242635201025,-0.0933085605109228,0.6337020409375219,0.6331236318177985,-0.0005784091197233577,0.013618019944712612,-0.042473804714020354
TUDO_INI_CALR,bipro35mais,lado_apostado_FIRST,limpo_500_599,TODOS,42,42,0.2275016033492089,0.22786821545079028,0.00036661210158138647,0.0036890278418668715,0.09937905521359756,0.6496433452281684,0.6510514221901321,0.0014080769619637455,0.00885975530384375,0.1589295543357569
TUDO_INI_CALR,bipro35mais,lado_apostado_FIRST,limpo_600_699,TODOS,51,51,0.2141716596193769,0.2188075575722896,0.00463589795291269,0.00483634540444562,0.9585539421256644,0.6159509375957343,0.6263254941420051,0.010374556546270852,0.010795601190029628,0.960998499634496
TUDO_INI_CALR,bipro35mais,lado_apostado_FIRST,TOTAL,TODOS,128,128,0.22040710324305948,0.22223601692384976,0.001828913680790262,0.002648428378658588,0.6905656560426207,0.6318600761701467,0.6362975550535216,0.00443747888337479,0.0061962890766668775,0.7161510427402152
TUDO_INI_CALR,bipro35mais,entrou_MULTI,limpo_400_499,TODOS,169,35,0.22521260042998215,0.22928078240032423,0.00406818197034206,0.009084001789872313,0.44784028718242286,0.6428798014702221,0.6551799090176239,0.012300107547401896,0.02421241247681952,0.5080083432073434
TUDO_INI_CALR,bipro35mais,entrou_MULTI,limpo_500_599,TODOS,196,42,0.2271123147952339,0.23188806848121113,0.004775753685977242,0.008361649647626056,0.5711496997883808,0.6469525897198614,0.6598393199500829,0.012886730230221653,0.02100376674981817,0.6135437697304087
TUDO_INI_CALR,bipro35mais,entrou_MULTI,limpo_600_699,TODOS,241,51,0.2280295858318774,0.2341706264274591,0.006141040595581687,0.007202048286833537,0.8526797309604912,0.646408046770671,0.6619473669995142,0.01553932022884311,0.01987638319533712,0.7817981810940605
TUDO_INI_CALR,bipro35mais,entrou_MULTI,TOTAL,TODOS,606,128,0.22694731577230243,0.23206870398843202,0.005121388216129594,0.004525946325833481,1.1315618541248296,0.6456002199757295,0.6593782620149795,0.013778042039250088,0.011984708939380865,1.149635098268967
TUDO_INI_CALR,bipro35mais,nao_entrou_MULTI,limpo_400_499,TODOS,109,35,0.19173252223661097,0.1964681023892167,0.004735580152605751,0.01280011798548908,0.36996378923805745,0.5663972282322705,0.590673512501075,0.024276284268804606,0.055600232823247615,0.43662198944343605
TUDO_INI_CALR,bipro35mais,nao_entrou_MULTI,limpo_500_599,TODOS,121,40,0.24025355242468172,0.258292715826814,0.0180391634021323,0.009426834762624873,1.913597072227598,0.686708556674408,0.7868108582239871,0.10010230154957911,0.04849604397957591,2.0641333464588816
TUDO_INI_CALR,bipro35mais,nao_entrou_MULTI,limpo_600_699,TODOS,142,50,0.18467617906049968,0.18723782099924424,0.002561641938744573,0.009052723285690279,0.2829692080386223,0.5431583924522437,0.547779050595118,0.0046206581428743084,0.03468530473007182,0.13321659356413965
TUDO_INI_CALR,bipro35mais,nao_entrou_MULTI,TOTAL,TODOS,372,125,0.2048213499832474,0.21305433429398335,0.008232984310735925,0.005896170433748943,1.3963273964421639,0.5966600133417728,0.6380971825059849,0.04143716916421216,0.02667987968308307,1.5531242890306682
TUDO_INI_CALR,bipro35mais,lado_apostado_MULTI,limpo_400_499,TODOS,169,35,0.22308608775257766,0.22700684873948077,0.003920760986903108,0.008872802356183223,0.44188530630019424,0.637068418666569,0.6470628836340274,0.009994464967458412,0.023447952584239408,0.4262404118889345
TUDO_INI_CALR,bipro35mais,lado_apostado_MULTI,limpo_500_599,TODOS,196,42,0.2265051944331166,0.23069451471920305,0.00418932028608646,0.008568173820399209,0.48893969402353593,0.6451575988458175,0.6559552477455219,0.010797648899704589,0.02136630588340626,0.5053587156631685
TUDO_INI_CALR,bipro35mais,lado_apostado_MULTI,limpo_600_699,TODOS,241,51,0.22654855254171002,0.23270507031567536,0.006156517773965355,0.00763886741285999,0.8059464107991837,0.6431462865766858,0.6580001500176638,0.014853863440977957,0.020553588370916722,0.7226895456365244
TUDO_INI_CALR,bipro35mais,lado_apostado_MULTI,TOTAL,TODOS,606,128,0.22556892426011318,0.23046568361058387,0.0048967593504706634,0.004643211875538238,1.054606053251239,0.6421018270518345,0.654288600736848,0.012186773685013629,0.012122699042302518,1.005285509644966
TUDO_MOM,sem_flag,todas,limpo_400_499,TODOS,572,80,0.2446011075364806,0.21834390247389882,-0.026257205062581803,0.0135956725777808,-1.9312913658639848,0.6933573761393963,0.6316878069350824,-0.06166956920431389,0.033518031004571014,-1.8398923610967397
TUDO_MOM,sem_flag,todas,limpo_500_599,TODOS,721,100,0.2180491740369226,0.2232056320591654,0.005156458022242833,0.007533841111028882,0.68443944413617,0.6308091318725582,0.6549152735697498,0.02410614169719162,0.01955726979006182,1.232592378995628
TUDO_MOM,sem_flag,todas,limpo_600_699,TODOS,711,100,0.2263444141927587,0.22599234134241925,-0.000352072850339443,0.007437328582248459,-0.04733861714537884,0.6389396610145736,0.6474963381498255,0.008556677135252051,0.02200276074053758,0.38889106854156485
TUDO_MOM,sem_flag,todas,TOTAL,TODOS,2004,280,0.22857094135855263,0.22280665051107207,-0.005764290847480567,0.005844302930993844,-0.986309388055682,0.6515468573918218,0.6456533104965981,-0.005893546895223642,0.015443307816609495,-0.38162464707755483
TUDO_MOM,sem_flag,entrou_FIRST,limpo_400_499,TODOS,76,76,0.2337416450957145,0.22104687656600258,-0.012694768529711941,0.014586233196502365,-0.8703253512192594,0.6603577242781916,0.6312855635104911,-0.02907216076770049,0.03270926604205343,-0.8888050477905309
TUDO_MOM,sem_flag,entrou_FIRST,limpo_500_599,TODOS,95,95,0.2134951037030354,0.19970906706923094,-0.01378603663380445,0.006864446734857918,-2.0083245112528063,0.6151058703330747,0.5843652830285933,-0.03074058730448141,0.017432610426461617,-1.7633955301277835
TUDO_MOM,sem_flag,entrou_FIRST,limpo_600_699,TODOS,90,90,0.22983333383481977,0.2241572554154724,-0.00567607841934736,0.006929873889256871,-0.8190738403114054,0.6429717710253595,0.6370681791150618,-0.005903591910297671,0.015596711486705364,-0.37851517067106694
TUDO_MOM,sem_flag,entrou_FIRST,TOTAL,TODOS,261,261,0.22502452078236185,0.21435278535626687,-0.01067173542609499,0.005245425546020975,-2.0344842058029506,0.6378915866630921,0.6162013058807252,-0.021690280782366903,0.012232818886589242,-1.7731220402638195
TUDO_MOM,sem_flag,nao_entrou_FIRST,limpo_400_499,TODOS,48,25,0.27323535268785265,0.2916460898306874,0.018410737142834775,0.012000248922703636,1.5341962705459335,0.7707164677895729,0.8444802038400173,0.07376373605044438,0.058122003678721716,1.2691189460395196
TUDO_MOM,sem_flag,nao_entrou_FIRST,limpo_500_599,TODOS,62,30,0.15269371354822422,0.15132724172167167,-0.0013664718265525397,0.003199641367101919,-0.427070308754704,0.49575442024217165,0.4974585986822719,0.001704178440100212,0.018433389069720637,0.09245063041063664
TUDO_MOM,sem_flag,nao_entrou_FIRST,limpo_600_699,TODOS,97,44,0.16452265333779378,0.16475137367194048,0.00022872033414669238,0.0030508732556799485,0.0749688089208142,0.5044470280812888,0.4979079672867717,-0.006539060794517007,0.012117578312373574,-0.5396342920961198
TUDO_MOM,sem_flag,nao_entrou_FIRST,TOTAL,TODOS,207,99,0.1861884277428639,0.19015548089272882,0.003967053149864932,0.0036165927591624986,1.0969034707638994,0.5635870832502374,0.5781379503837611,0.014550867133523644,0.016963482952816515,0.8577759163018881
TUDO_MOM,sem_flag,lado_apostado_FIRST,limpo_400_499,TODOS,76,76,0.23576032583642784,0.2241025238232814,-0.011657802013146394,0.016689912162528343,-0.6984939105503574,0.6648356850170782,0.6372506055129373,-0.0275850795041409,0.03750656897634291,-0.7354732852674436
TUDO_MOM,sem_flag,lado_apostado_FIRST,limpo_500_599,TODOS,95,95,0.21327993954909166,0.19962935376330906,-0.013650585785782586,0.008639787998736133,-1.579967678348063,0.6140472140628503,0.584458758139628,-0.02958845592322233,0.01980430941737532,-1.4940412866536454
TUDO_MOM,sem_flag,lado_apostado_FIRST,limpo_600_699,TODOS,90,90,0.22881231138945984,0.2247607938231277,-0.004051517566332173,0.006982456652723156,-0.5802424229518249,0.6407519472445384,0.6403068490553327,-0.00044509818920568503,0.016669956017752355,-0.026700621689204587
TUDO_MOM,sem_flag,lado_apostado_FIRST,TOTAL,TODOS,261,261,0.22518194270415176,0.21542165464431126,-0.009760288059840487,0.006044667105318874,-1.6146940583795149,0.6380447227941655,0.6190890592230952,-0.018955663571070275,0.013933358768678917,-1.3604518397732714
TUDO_MOM,sem_flag,entrou_MULTI,limpo_400_499,TODOS,374,76,0.2564007021041197,0.22481081612690126,-0.031589885977218415,0.018505177947798053,-1.7070836101296352,0.7180511774034435,0.6430807355262507,-0.07497044187719284,0.043785709966311044,-1.7122125445693468
TUDO_MOM,sem_flag,entrou_MULTI,limpo_500_599,TODOS,473,95,0.21827800657940857,0.2183465136788622,6.85070994536349e-05,0.010353081352929677,0.006617073421745017,0.6285136404154598,0.6288141559836965,0.000300515568236746,0.022477123089800342,0.013369841284230624
TUDO_MOM,sem_flag,entrou_MULTI,limpo_600_699,TODOS,468,90,0.24526940503275171,0.23753898042339952,-0.007730424609352181,0.008176245428522253,-0.9454736500919044,0.6818410592996179,0.6684656715459405,-0.013375387753677434,0.019150247549600482,-0.6984446398948234
TUDO_MOM,sem_flag,entrou_MULTI,TOTAL,TODOS,1315,261,0.23872657129606753,0.22701550497316647,-0.011711066322901096,0.007344022032225558,-1.594639323181896,0.6729579528651114,0.6469834411791683,-0.025974511685943107,0.01709432507888622,-1.5194815569539568
TUDO_MOM,sem_flag,nao_entrou_MULTI,limpo_400_499,TODOS,198,68,0.22231298446427344,0.20612862112933858,-0.016184363334934875,0.005610591839529299,-2.8846089321465707,0.6467135293073071,0.6101678307073202,-0.036545698599986964,0.023203032953370405,-1.5750397231875
TUDO_MOM,sem_flag,nao_entrou_MULTI,limpo_500_599,TODOS,248,82,0.21761273132484238,0.2324732247764372,0.014860493451594813,0.008669564920806698,1.7140991027046895,0.6351872264661369,0.7046968405786337,0.06950961411249669,0.03444347612540195,2.018077788067203
TUDO_MOM,sem_flag,nao_entrou_MULTI,limpo_600_699,TODOS,243,86,0.18989628368610545,0.20375436977904982,0.013858086092944347,0.009646519262782743,1.43658927281784,0.5563147457989323,0.6071109553128634,0.05079620951393106,0.03646470106003137,1.393024158632369
TUDO_MOM,sem_flag,nao_entrou_MULTI,TOTAL,TODOS,689,236,0.20918828044733045,0.21477378604423011,0.005585505596899688,0.005524016805420179,1.0111311738623199,0.6106824298920018,0.6431146721111413,0.03243224221913934,0.02055807716345599,1.5775912290469873
TUDO_MOM,sem_flag,lado_apostado_MULTI,limpo_400_499,TODOS,374,76,0.2570457352441691,0.2248963650505002,-0.0321493701936689,0.019091742610344634,-1.6839411074109674,0.7191485101083569,0.6432688328825839,-0.07587967722577302,0.045344274822874314,-1.6734125205922326
TUDO_MOM,sem_flag,lado_apostado_MULTI,limpo_500_599,TODOS,473,95,0.22017021208252466,0.21770090950403556,-0.00246930257848909,0.009966780467988096,-0.24775328265934465,0.6322074523682127,0.6266601564950733,-0.005547295873139355,0.02183777037152369,-0.25402299679700785
TUDO_MOM,sem_flag,lado_apostado_MULTI,limpo_600_699,TODOS,468,90,0.24711802388573714,0.23862506156584373,-0.008492962319893394,0.00873428724162073,-0.9723703932500214,0.6862966484919897,0.6707193595021643,-0.015577288989825414,0.020494193111917598,-0.7600830588820328
TUDO_MOM,sem_flag,lado_apostado_MULTI,TOTAL,TODOS,1315,261,0.2402485554942041,0.227194144134685,-0.0130544113595191,0.007463947079630122,-1.748995701636997,0.6761844100721986,0.6470642264389878,-0.029120183633210887,0.01746402440624331,-1.6674383266894972
TUDO_MOM,cWRgrande,flag1,limpo_400_499,TODOS,286,42,0.25309599199305827,0.22754048609132185,-0.025555505901736365,0.012987343581939939,-1.967723864430104,0.7050136373811504,0.6396568519560488,-0.06535678542510165,0.031934954359136916,-2.046559537555826
TUDO_MOM,cWRgrande,flag1,limpo_500_599,TODOS,359,51,0.25152106753598413,0.2654970046523635,0.013975937116379322,0.014187206534240196,0.9851084554700049,0.7156792378362165,0.7692438042593231,0.053564566423106606,0.04037607199154573,1.3266413442675253
TUDO_MOM,cWRgrande,flag1,limpo_600_699,TODOS,427,61,0.21692150488711792,0.21940029087199658,0.0024787859848786663,0.012154232320598908,0.20394426562652065,0.619184366495162,0.6336161247994788,0.014431758304316917,0.029641422618396036,0.4868780587933148
TUDO_MOM,cWRgrande,flag1,TOTAL,TODOS,1072,154,0.23815951449835104,0.23700926109576406,-0.0011502534025869717,0.007693077626183872,-0.14951797687209242,0.6743978275817583,0.6806478271249108,0.006249999543152541,0.020499592356898487,0.3048840891243041
TUDO_MOM,cWRgrande,flag0,limpo_400_499,TODOS,286,38,0.23610622307990298,0.20914731885647572,-0.026958904223427244,0.018130561551998776,-1.4869315628260396,0.6817011148976421,0.623718761914116,-0.05798235298352613,0.04480012239969157,-1.2942454144706828
TUDO_MOM,cWRgrande,flag0,limpo_500_599,TODOS,362,49,0.18485467192044988,0.18126474045430874,-0.0035899314661411437,0.017637870029303532,-0.20353543030858243,0.5466423693284881,0.541534216891416,-0.00510815243707214,0.041287744289260506,-0.12372079233209257
TUDO_MOM,cWRgrande,flag0,limpo_600_699,TODOS,284,39,0.2405119574093383,0.23590362849337165,-0.0046083289159666715,0.014075544840144515,-0.32739968280470183,0.6686421636898859,0.6683655321660159,-0.00027663152387012155,0.038262798661341704,-0.00722977757896242
TUDO_MOM,cWRgrande,flag0,TOTAL,TODOS,932,126,0.21754202461406352,0.20647060056816455,-0.011071424045898951,0.009792611524788913,-1.1305895284289451,0.6252633380317232,0.6054021068211141,-0.01986123121060912,0.024088103925226027,-0.8245244736680849
TUDO_MOM,cWRgrande,entrou_FIRST,limpo_400_499,TODOS,41,41,0.24340429015441112,0.2405724490515665,-0.0028318411028446133,0.016199372575071678,-0.17481177679698395,0.6745291769946041,0.6716672874438121,-0.0028618895507921053,0.034255618305351274,-0.08354511441835609
TUDO_MOM,cWRgrande,entrou_FIRST,limpo_500_599,TODOS,49,49,0.22982087810815155,0.22947781950251964,-0.00034305860563192767,0.011961069001124756,-0.028681266331601986,0.6519056023786914,0.6515148256681292,-0.0003907767105622165,0.029713847198088696,-0.013151333381944318
TUDO_MOM,cWRgrande,entrou_FIRST,limpo_600_699,TODOS,55,55,0.21407523284550753,0.20854659790931745,-0.005528634936190064,0.00821460656195221,-0.6730249214608981,0.6067114073958304,0.6003998500900566,-0.006311557305773742,0.017902735684024597,-0.3525470864995133
TUDO_MOM,cWRgrande,entrou_FIRST,TOTAL,TODOS,145,145,0.2276892188285048,0.22467549277069068,-0.003013726057814118,0.006473626247794579,-0.4655390877471228,0.6411599874490022,0.6378246689509499,-0.003335318498052282,0.01467379309668534,-0.22729763709191841
TUDO_MOM,cWRgrande,nao_entrou_FIRST,limpo_400_499,TODOS,21,15,0.20073913908791835,0.20244895838422136,0.0017098192963030138,0.005746301181683326,0.2975512842510176,0.570857960262475,0.5714180248353438,0.000560064572868719,0.011405471662265831,0.049104902405891
TUDO_MOM,cWRgrande,nao_entrou_FIRST,limpo_500_599,TODOS,20,10,0.3023028389318294,0.3032179344832551,0.0009150955514257402,0.006599012659251469,0.13867158598988658,0.9174941504383917,0.9502458994947689,0.03275174905637725,0.04389177210191235,0.7461933635381804
TUDO_MOM,cWRgrande,nao_entrou_FIRST,limpo_600_699,TODOS,53,27,0.2027521801542094,0.2068535368657236,0.004101356711514226,0.0033078791726349095,1.2398750067546351,0.607112583911053,0.6165346282322266,0.009422044321173634,0.013273318547875985,0.7098484291768439
TUDO_MOM,cWRgrande,nao_entrou_FIRST,TOTAL,TODOS,94,52,0.22348344944314863,0.22637259861294792,0.0028891491697992768,0.0025431132274552196,1.1360678473173291,0.6650517778889959,0.6774577851887831,0.012406007299787134,0.01226010346434026,1.0119007018065753
TUDO_MOM,cWRgrande,lado_apostado_FIRST,limpo_400_499,TODOS,41,41,0.24788854074147645,0.2430680734254083,-0.004820467316068149,0.017357710057297828,-0.2777133216395353,0.6843692907602985,0.6767705260856385,-0.007598764674660081,0.0368041879410774,-0.20646467426004664
TUDO_MOM,cWRgrande,lado_apostado_FIRST,limpo_500_599,TODOS,49,49,0.22820789572043076,0.2354578631766239,0.007249967456193154,0.012992361666467,0.5580176754858326,0.6476855914854804,0.6645450749664442,0.01685948348096383,0.028774261342053836,0.5859223727951461
TUDO_MOM,cWRgrande,lado_apostado_FIRST,limpo_600_699,TODOS,55,55,0.21221394646977407,0.2128887557817906,0.0006748093120165115,0.009002970389931964,0.07495407435429888,0.6030421438927511,0.6105085237398513,0.007466379847100318,0.019331712827574767,0.38622443410447677
TUDO_MOM,cWRgrande,lado_apostado_FIRST,TOTAL,TODOS,145,145,0.22770609735544284,0.22904901982134337,0.001342922465900542,0.006993511286513701,0.1920240650058342,0.6411245021935317,0.647505303783164,0.006380801589632288,0.015120917385908386,0.4219850837607736
TUDO_MOM,cWRgrande,entrou_MULTI,limpo_400_499,TODOS,196,41,0.27916994023799657,0.2530000685413975,-0.026169871696599047,0.01747711604057754,-1.4973792950644191,0.7650947253928838,0.7039281293687243,-0.061166596024159504,0.041883873776926726,-1.4603853585733844
TUDO_MOM,cWRgrande,entrou_MULTI,limpo_500_599,TODOS,233,49,0.23404628946053158,0.24316084174161837,0.009114552281086817,0.01854717480111491,0.4914253722641856,0.6675772982928314,0.6870369106986348,0.019459612405803555,0.04358734212983586,0.44645099827005297
TUDO_MOM,cWRgrande,entrou_MULTI,limpo_600_699,TODOS,291,55,0.22877951680833547,0.2264940488625942,-0.002285467945741307,0.015564521483132853,-0.14683830455167224,0.6450112619440266,0.6413875181264501,-0.0036237438175764558,0.03460095653625457,-0.10472958496911869
TUDO_MOM,cWRgrande,entrou_MULTI,TOTAL,TODOS,720,145,0.24420129600302334,0.23910313580406375,-0.00509816019895959,0.009641529457510916,-0.5287708989975689,0.6850032693124259,0.6731851129497901,-0.01181815636263581,0.02233991989229135,-0.5290151629735164
TUDO_MOM,cWRgrande,nao_entrou_MULTI,limpo_400_499,TODOS,90,34,0.19631272692630375,0.1720951732000461,-0.02421755372625763,0.009807763150119119,-2.46922293652284,0.5741703790444866,0.4996882922573332,-0.07448208678715343,0.025201685779697756,-2.9554406573529897
TUDO_MOM,cWRgrande,nao_entrou_MULTI,limpo_500_599,TODOS,126,42,0.283835538104083,0.3068011789238207,0.02296564081973768,0.019039606493631463,1.2062035435143805,0.8046296498489842,0.9212613137802782,0.11663166393129398,0.07022184194829688,1.660902942665159
TUDO_MOM,cWRgrande,nao_entrou_MULTI,limpo_600_699,TODOS,136,50,0.19154884702627734,0.20422173517152667,0.012672888145249344,0.00966555840525277,1.311138747903301,0.5639224063803117,0.61698762878368,0.05306522240336818,0.0363640685093968,1.4592762740411087
TUDO_MOM,cWRgrande,nao_entrou_MULTI,TOTAL,TODOS,352,126,0.2258013250569759,0.23272633555606023,0.006925010499084294,0.008668999950801625,0.7988246093419272,0.6527048785872108,0.6959124697558395,0.04320759116862872,0.03211767150758618,1.3452902760532657
TUDO_MOM,cWRgrande,lado_apostado_MULTI,limpo_400_499,TODOS,196,41,0.27765007610438575,0.2520427016091975,-0.025607374495188275,0.019085393210918795,-1.3417263250588014,0.7621092515965353,0.7013449582920032,-0.060764293304532056,0.04664349655026375,-1.3027388124526968
TUDO_MOM,cWRgrande,lado_apostado_MULTI,limpo_500_599,TODOS,233,49,0.236209100808473,0.24414586713796227,0.00793676632948929,0.017745451788874704,0.44725636878206443,0.6721120752211105,0.6876150851103796,0.015503009889269111,0.04147079880281561,0.37382954601338797
TUDO_MOM,cWRgrande,lado_apostado_MULTI,limpo_600_699,TODOS,291,55,0.23039135935625052,0.22951442604106112,-0.0008769333151893932,0.016909030591093673,-0.051861832673677444,0.6484053972472891,0.6482983232448537,-0.00010707400243527006,0.037506683658157014,-0.002854797918450021
TUDO_MOM,cWRgrande,lado_apostado_MULTI,TOTAL,TODOS,720,145,0.24513891802430932,0.24038202018957877,-0.004756897834730569,0.010043469581398533,-0.47363092964813663,0.6870298575533345,0.6754621371113938,-0.011567720441940614,0.02332120921355973,-0.4960171805849053
TUDO_MOM,cPROBSgrande,flag1,limpo_400_499,TODOS,261,36,0.2272986083006096,0.21178775270023173,-0.015510855600377885,0.010805392289416344,-1.4354736214038655,0.6511442191831517,0.6107902324819052,-0.04035398670124639,0.02565500209099878,-1.5729480963638214
TUDO_MOM,cPROBSgrande,flag1,limpo_500_599,TODOS,363,50,0.2188935621515712,0.23598332778225695,0.01708976563068572,0.015984290065992383,1.0691601291098505,0.6297110900321955,0.6886105329675993,0.05889944293540377,0.04243316800137129,1.388051981730432
TUDO_MOM,cPROBSgrande,flag1,limpo_600_699,TODOS,373,53,0.23291862270133182,0.24232138255003727,0.009402759848705484,0.008516490798395537,1.104065051121398,0.6544477221648168,0.6900420462821866,0.035594324117369854,0.027334641715459605,1.3021690383905355
TUDO_MOM,cPROBSgrande,flag1,TOTAL,TODOS,997,139,0.22634096900208248,0.23202048859667368,0.005679519594591207,0.007025217923150124,0.8084474612346968,0.6445764967462048,0.6687738790454076,0.024197382299202826,0.019691170130874982,1.228844306274226
TUDO_MOM,cPROBSgrande,flag0,limpo_400_499,TODOS,311,44,0.25912185448362635,0.22384600887559372,-0.03527584560803269,0.01652467966806591,-2.1347370307095015,0.7287838519129649,0.6492256427301925,-0.07955820918277247,0.04128075255437655,-1.9272470645484339
TUDO_MOM,cPROBSgrande,flag0,limpo_500_599,TODOS,358,50,0.21719299279218104,0.21024947689860052,-0.0069435158935805385,0.006914639525420077,-1.0041761205416861,0.631922509492814,0.620749409990366,-0.011173099502448065,0.020941156685400905,-0.5335473904475092
TUDO_MOM,cPROBSgrande,flag0,limpo_600_699,TODOS,338,47,0.21908944444809073,0.2079724230866751,-0.01111702136141565,0.009399936134521286,-1.182669882254664,0.6218257355440387,0.6005450093528708,-0.021280726191167894,0.023269204757938016,-0.9145446272248828
TUDO_MOM,cPROBSgrande,flag0,TOTAL,TODOS,1007,141,0.23077876900443225,0.2136843103210574,-0.017094458683374867,0.007085275200538428,-2.412673918731599,0.6584479989644931,0.6227623404438045,-0.03568565852068858,0.01823884476005835,-1.9565744974614505
TUDO_MOM,cPROBSgrande,entrou_FIRST,limpo_400_499,TODOS,33,33,0.23247910557861215,0.22526955785578368,-0.0072095477228284665,0.009515738669992476,-0.7576445689459195,0.6615170250123517,0.6411527960803101,-0.02036422893204162,0.022564393604905714,-0.9024939596699041
TUDO_MOM,cPROBSgrande,entrou_FIRST,limpo_500_599,TODOS,48,48,0.22170342102047977,0.20843915210691003,-0.013264268913569749,0.011943830869173661,-1.1105539804489415,0.633287697604025,0.6008930142728345,-0.03239468333119056,0.0290734065104718,-1.114237621914807
TUDO_MOM,cPROBSgrande,entrou_FIRST,limpo_600_699,TODOS,46,46,0.2390906972449484,0.23095539822321065,-0.008135299021737754,0.011285543683604713,-0.7208601773928237,0.6611788606872169,0.649687469220636,-0.011491391466580871,0.02508530044061182,-0.4580926385070077
TUDO_MOM,cPROBSgrande,entrou_FIRST,TOTAL,TODOS,127,127,0.23080115564051068,0.22096789786330892,-0.009833257777201763,0.006074967692014726,-1.6186518637995626,0.6507251882048251,0.6290277995267366,-0.021697388678088507,0.014349226587031808,-1.512094644717482
TUDO_MOM,cPROBSgrande,nao_entrou_FIRST,limpo_400_499,TODOS,22,10,0.12916410903455186,0.14052908977228404,0.011364980737732162,0.0065114925835262905,1.7453725995918237,0.38778811535099966,0.4095372019972302,0.021749086646230514,0.01614799503156081,1.3468598797387863
TUDO_MOM,cPROBSgrande,nao_entrou_FIRST,limpo_500_599,TODOS,31,15,0.07302755237097935,0.0729731368012683,-5.44155697110628e-05,0.0024801653163591237,-0.02194029944380672,0.26989873442370793,0.2640640943513621,-0.005834640072345886,0.0101150500413865,-0.5768276032716605
TUDO_MOM,cPROBSgrande,nao_entrou_FIRST,limpo_600_699,TODOS,61,24,0.16489414388920448,0.16512754091770288,0.00023339702849838688,0.005363903821364386,0.04351253047617453,0.5184364645967359,0.5118194700718541,-0.0066169945248817285,0.021112111752902445,-0.3134217269370052
TUDO_MOM,cPROBSgrande,nao_entrou_FIRST,TOTAL,TODOS,114,49,0.1330176078903682,0.13532094045446877,0.0023033325641005804,0.0031186929205262157,0.7385570246242583,0.42563880390577036,0.42470871090538936,-0.0009300930003810234,0.011746752808583725,-0.07917873267081733
TUDO_MOM,cPROBSgrande,lado_apostado_FIRST,limpo_400_499,TODOS,33,33,0.2315375379326126,0.22829954057438465,-0.0032379973582279406,0.010680975282402999,-0.3031555895052552,0.6600168316786982,0.6462440026269869,-0.013772829051711413,0.024854742558104197,-0.5541328388139193
TUDO_MOM,cPROBSgrande,lado_apostado_FIRST,limpo_500_599,TODOS,48,48,0.219838806667883,0.21088313371670317,-0.008955672951179825,0.010739636224329973,-0.8338897858468716,0.6278748806817728,0.6072393198176761,-0.020635560864096646,0.02468167455832797,-0.8360681045092986
TUDO_MOM,cPROBSgrande,lado_apostado_FIRST,limpo_600_699,TODOS,46,46,0.23938966717999002,0.22763456676810248,-0.01175510041188756,0.009851714572144607,-1.1932035104960017,0.6620981899674373,0.6441878207024836,-0.017910369264953648,0.022917688113103983,-0.7815085525451746
TUDO_MOM,cPROBSgrande,lado_apostado_FIRST,TOTAL,TODOS,127,127,0.2299600485205838,0.22147610495030834,-0.008483943570275444,0.005667128923821555,-1.4970443913166538,0.6486225705246004,0.6307573164586872,-0.017865254065913255,0.013108630321886125,-1.3628619945201663
TUDO_MOM,cPROBSgrande,entrou_MULTI,limpo_400_499,TODOS,174,33,0.23342820557995497,0.22124006073865213,-0.012188144841302819,0.01652138602658217,-0.7377192701443233,0.6680905448133155,0.6340633865559384,-0.034027158257377156,0.03969377524777141,-0.8572416718988602
TUDO_MOM,cPROBSgrande,entrou_MULTI,limpo_500_599,TODOS,230,48,0.2169436002509968,0.2227408270942145,0.00579722684321769,0.021965284038371325,0.26392678706500994,0.628751386677409,0.6397906110803228,0.011039224402913767,0.049038236663568276,0.22511462797183082
TUDO_MOM,cPROBSgrande,entrou_MULTI,limpo_600_699,TODOS,236,46,0.26083456161829427,0.26247803638124734,0.0016434747629530612,0.009040885733844544,0.1817824946952615,0.7141885750313384,0.7227672268817035,0.008578651850365103,0.022719404886352674,0.3775913978943267
TUDO_MOM,cPROBSgrande,entrou_MULTI,TOTAL,TODOS,640,127,0.23761014432899824,0.23698590216588933,-0.0006242421631089048,0.00899795464227997,-0.06937600687334979,0.67095168350112,0.6688311489895149,-0.00212053451160515,0.020800210276376248,-0.10194774396168188
TUDO_MOM,cPROBSgrande,nao_entrou_MULTI,limpo_400_499,TODOS,87,28,0.21503941374191887,0.19288313662339085,-0.022156277118528012,0.0066681114190732995,-3.322721491298533,0.6172515679228239,0.564243924333839,-0.053007643588984826,0.022652810144499165,-2.3400029952512007
TUDO_MOM,cPROBSgrande,nao_entrou_MULTI,limpo_500_599,TODOS,133,42,0.22226567671647432,0.2588838928818792,0.03661821616540486,0.01769963548905473,2.0688683779984727,0.6313707274126533,0.7730359617952203,0.14166523438256692,0.06859418933851393,2.065265815497078
TUDO_MOM,cPROBSgrande,nao_entrou_MULTI,limpo_600_699,TODOS,137,46,0.18482985201225777,0.20759897157072654,0.022769119558468782,0.012614607681629001,1.8049803951991368,0.5515364719713928,0.6336687424757197,0.08213227050432695,0.048814020769559256,1.682554913721534
TUDO_MOM,cPROBSgrande,nao_entrou_MULTI,TOTAL,TODOS,357,116,0.20613852583898415,0.22311890684793967,0.016980381008955554,0.009333259212768152,1.819340984950459,0.5972932487822111,0.6686712102380444,0.07137796145583336,0.03474378173001671,2.0544096785574366
TUDO_MOM,cPROBSgrande,lado_apostado_MULTI,limpo_400_499,TODOS,174,33,0.2340008464620702,0.22151758738712274,-0.012483259074947456,0.014928459563550442,-0.8362054384651163,0.669754621209799,0.6350422705534688,-0.03471235065633012,0.03527406566446392,-0.9840756942089698
TUDO_MOM,cPROBSgrande,lado_apostado_MULTI,limpo_500_599,TODOS,230,48,0.21643722472009233,0.22275812281905924,0.006320898098966881,0.021565937612781482,0.29309637320014664,0.626639306170292,0.6395344111708423,0.012895105000550355,0.048052915148253245,0.2683521896801947
TUDO_MOM,cPROBSgrande,lado_apostado_MULTI,limpo_600_699,TODOS,236,46,0.26228184747782085,0.2614942144630516,-0.000787633014769286,0.010274119101497121,-0.07666185363322427,0.717501897972285,0.7203448202626876,0.002842922290402635,0.025311837209353573,0.11231592029013523
TUDO_MOM,cPROBSgrande,lado_apostado_MULTI,TOTAL,TODOS,640,127,0.238117539023105,0.2367047860422237,-0.0014127529808812915,0.008897212827606853,-0.1587860162789081,0.6718668631736429,0.6681119487931119,-0.0037549143805309946,0.020466799018865597,-0.18346368560466356
TUDO_MOM,bisolo,flag1,limpo_400_499,TODOS,271,38,0.27419227999992063,0.24040158125397434,-0.03379069874594627,0.018863156683252197,-1.7913597025861323,0.7578388931813985,0.6725560782111292,-0.08528281497026922,0.04570006823496831,-1.8661419613595542
TUDO_MOM,bisolo,flag1,limpo_500_599,TODOS,351,48,0.2437361919603757,0.254238971568039,0.010502779607663309,0.009854435649747773,1.0657920941350032,0.6932456945008848,0.7334523478223599,0.04020665332147512,0.029155080072237903,1.3790616668468958
TUDO_MOM,bisolo,flag1,limpo_600_699,TODOS,327,46,0.2130721184981194,0.19796320186817612,-0.0151089166299433,0.010454854132633633,-1.4451580517783165,0.607823925304679,0.5762371513626832,-0.03158677394199583,0.028181914969230174,-1.120817161519477
TUDO_MOM,bisolo,flag1,TOTAL,TODOS,949,132,0.2418673277207117,0.2308963904648075,-0.010970937255904192,0.008303076375418984,-1.3213099289780512,0.6822571152756581,0.6618904317981683,-0.02036668347748981,0.02224777869430473,-0.9154479535839474
TUDO_MOM,bisolo,flag0,limpo_400_499,TODOS,301,42,0.21795922136507778,0.19848466343934576,-0.019474557925732064,0.011406963056591977,-1.7072517750005247,0.6353025883706833,0.5948927852878774,-0.04040980308280593,0.029207517194291363,-1.3835411895504786
TUDO_MOM,bisolo,flag0,limpo_500_599,TODOS,370,52,0.19368121919602516,0.19376589647101775,8.467727499259924e-05,0.01294035290150072,0.006543660411516214,0.5715787711089294,0.5804111842111926,0.008832413102263218,0.035141414394787567,0.25133914654195894
TUDO_MOM,bisolo,flag0,limpo_600_699,TODOS,384,54,0.23764660349522493,0.2498609054259544,0.012214301930729468,0.011097068192827299,1.1006782799284143,0.6654366547050304,0.7081779893982514,0.04274133469322095,0.0309637731471739,1.3803658388164493
TUDO_MOM,bisolo,flag0,TOTAL,TODOS,1055,148,0.21661049523752046,0.21552971855268827,-0.001080776684832203,0.007086361182382837,-0.1525150436191547,0.6239221799209586,0.6310475966433373,0.0071254167223788155,0.018931871517556112,0.3763714916283472
TUDO_MOM,bisolo,entrou_FIRST,limpo_400_499,TODOS,37,37,0.26907980935965325,0.2587369489068906,-0.010342860452762686,0.015770683339270487,-0.655828300540915,0.7343263784292995,0.7143672673859508,-0.019959111043348732,0.035366484272532514,-0.5643510078509567
TUDO_MOM,bisolo,entrou_FIRST,limpo_500_599,TODOS,44,44,0.23681058951983916,0.2289748491035822,-0.007835740416256955,0.008603067003479896,-0.9108077866983296,0.667473439095615,0.6468835576118758,-0.020589881483739216,0.023040715174321155,-0.8936303117312353
TUDO_MOM,bisolo,entrou_FIRST,limpo_600_699,TODOS,41,41,0.21366557288653726,0.20370893307894045,-0.00995663980759684,0.008901731259116771,-1.1185059981899226,0.6088269869977304,0.5920642216017893,-0.016762765395941102,0.021136909994439755,-0.7930565726187362
TUDO_MOM,bisolo,entrou_FIRST,TOTAL,TODOS,122,122,0.23881891289777152,0.22951005513400924,-0.00930885776376226,0.006183182294410458,-1.5055124239467086,0.6680394572868695,0.6489270369989842,-0.019112420287885356,0.014666078652364372,-1.3031718116965214
TUDO_MOM,bisolo,nao_entrou_FIRST,limpo_400_499,TODOS,16,11,0.2681840982868705,0.2693282244301931,0.0011441261433225835,0.009147685358235236,0.12507274775171184,0.712072891790297,0.7138834731277484,0.001810581337451326,0.02339321671219682,0.07739770719549313
TUDO_MOM,bisolo,nao_entrou_FIRST,limpo_500_599,TODOS,39,17,0.20148086892831918,0.2009077085180694,-0.000573160410249764,0.0036494276647650306,-0.15705487624363343,0.6278399146451078,0.6399593618015572,0.012119447156449463,0.023731725088184965,0.510685468983594
TUDO_MOM,bisolo,nao_entrou_FIRST,limpo_600_699,TODOS,46,20,0.12057956844571031,0.11571493794337794,-0.004864630502332372,0.00568470240547988,-0.8557405745009652,0.38271311553073667,0.3626109584250512,-0.02010215710568544,0.022359001041280243,-0.8990632930591079
TUDO_MOM,bisolo,nao_entrou_FIRST,TOTAL,TODOS,101,48,0.1752015802900698,0.17294593434141764,-0.002255645948652164,0.0032694959939289408,-0.6899063197632376,0.5295418441011668,0.5253530175035352,-0.004188826597631484,0.014736346227722736,-0.28425136956617225
TUDO_MOM,bisolo,lado_apostado_FIRST,limpo_400_499,TODOS,37,37,0.2695940272139899,0.2583029921821792,-0.011291035031810708,0.0168169988877011,-0.6714060640194407,0.7355549070794474,0.7125309826934183,-0.023023924386029068,0.037414022743691745,-0.6153822202909484
TUDO_MOM,bisolo,lado_apostado_FIRST,limpo_500_599,TODOS,44,44,0.2350283704612356,0.2305739122284668,-0.004454458232768771,0.0099653275668087,-0.4469956660135426,0.663502215530711,0.6493736216571943,-0.014128593873516863,0.023938975202402412,-0.5901920927717481
TUDO_MOM,bisolo,lado_apostado_FIRST,limpo_600_699,TODOS,41,41,0.21458784421192004,0.2043208889530854,-0.010266955258834623,0.009833734763086735,-1.0440545231476128,0.610947359285528,0.5954028511572671,-0.015544508128260874,0.024091549914527423,-0.6452265704535429
TUDO_MOM,bisolo,lado_apostado_FIRST,TOTAL,TODOS,122,122,0.23864204032705502,0.23016081390057108,-0.008481226426483947,0.006841945569406628,-1.239592794249529,0.6676923834098154,0.6503901853280407,-0.0173021980817747,0.015756182064634156,-1.0981212333545374
TUDO_MOM,bisolo,entrou_MULTI,limpo_400_499,TODOS,186,37,0.2950536832634101,0.2569189097794049,-0.03813477348400515,0.02582521243225503,-1.4766489756489203,0.8059683835660025,0.7140059410281924,-0.09196244253781015,0.06016438838145705,-1.5285195281093127
TUDO_MOM,bisolo,entrou_MULTI,limpo_500_599,TODOS,217,44,0.24110069717669602,0.2469362998500337,0.005835602673337696,0.012031420383978517,0.48503023642234294,0.6812104335330418,0.6963694513301331,0.015159017797091253,0.028688364788350924,0.5284029922558242
TUDO_MOM,bisolo,entrou_MULTI,limpo_600_699,TODOS,210,41,0.2447542911378226,0.21948797270827786,-0.02526631842954475,0.014969124301814027,-1.6878955588927043,0.685912748840947,0.6287049687248257,-0.0572077801161212,0.035377361572990734,-1.617073110386987
TUDO_MOM,bisolo,entrou_MULTI,TOTAL,TODOS,613,122,0.25872306282753676,0.24056210204757747,-0.01816096077995934,0.010784692562173171,-1.683957208354562,0.7206761185588016,0.6785404884210376,-0.042135630137764,0.02556578909531711,-1.6481255470218203
TUDO_MOM,bisolo,nao_entrou_MULTI,limpo_400_499,TODOS,85,30,0.228542621093932,0.20425778001009104,-0.024284841083840974,0.008692812106064799,-2.79366915878671,0.652520243633912,0.5818540254584971,-0.07066621817541502,0.027135133814037746,-2.6042332667199695
TUDO_MOM,bisolo,nao_entrou_MULTI,limpo_500_599,TODOS,134,41,0.24800412008021516,0.2660649399471968,0.01806081986698165,0.01269342052515752,1.4228489343109918,0.7127356320383618,0.7935045010970854,0.08076886905872363,0.05029165741321423,1.6060092908670267
TUDO_MOM,bisolo,nao_entrou_MULTI,limpo_600_699,TODOS,117,36,0.15620668042685731,0.15932899779619866,0.0031223173693413543,0.012985823761424467,0.2404404546607565,0.467664498444711,0.4820641458408889,0.014399647396177915,0.04271934048998338,0.3370756016131446
TUDO_MOM,bisolo,nao_entrou_MULTI,TOTAL,TODOS,336,107,0.21111564432641475,0.21326222022600402,0.002146575899589275,0.0076855320999793175,0.279300882705968,0.6121653027382565,0.6315139892094217,0.019348686471165197,0.027592988077028358,0.7012175128388257
TUDO_MOM,bisolo,lado_apostado_MULTI,limpo_400_499,TODOS,186,37,0.2928480851861929,0.25812406629406365,-0.03472401889212927,0.02573273105526597,-1.3494105548902984,0.7997969269153644,0.7165218272816547,-0.08327509963370973,0.060471375973646796,-1.3770994671925558
TUDO_MOM,bisolo,lado_apostado_MULTI,limpo_500_599,TODOS,217,44,0.2445422062295318,0.24580890114848422,0.001266694918952426,0.010763986430772018,0.11767897768165206,0.6872931370250944,0.6922849866076188,0.00499184958252439,0.025562249630494555,0.1952820919395666
TUDO_MOM,bisolo,lado_apostado_MULTI,limpo_600_699,TODOS,210,41,0.24752806500553032,0.22205141832742403,-0.0254766466781063,0.015007851625732314,-1.6975545410126718,0.6928532055671924,0.6345522662910178,-0.05830093927617463,0.0356349051390396,-1.6360627044942908
TUDO_MOM,bisolo,lado_apostado_MULTI,TOTAL,TODOS,613,122,0.2602223429814056,0.24140686089506683,-0.01881548208633881,0.010334311287749663,-1.8206807945337162,0.7233344409621757,0.6798611384818186,-0.04347330248035708,0.02455994403374785,-1.770089639480463
TUDO_MOM,bipro,flag1,limpo_400_499,TODOS,315,45,0.2438603968305115,0.21954198042066952,-0.02431841640984198,0.013200570827937201,-1.842224607315873,0.6901804799893264,0.6302113269524653,-0.05996915303686116,0.028338913921325978,-2.1161415431567536
TUDO_MOM,bipro,flag1,limpo_500_599,TODOS,307,42,0.23172550134374229,0.24387852298830906,0.012153021644566773,0.008264805440786683,1.4704546563905552,0.6627496123230667,0.6993224426437676,0.036572830320700946,0.024368259405647404,1.5008388458071447
TUDO_MOM,bipro,flag1,limpo_600_699,TODOS,417,58,0.23927889044103276,0.2379110251597122,-0.0013678652813205517,0.013420438570841683,-0.10192403728835547,0.672525250219826,0.6854405207141936,0.012915270494367559,0.03985147512237489,0.3240851299658965
TUDO_MOM,bipro,flag1,TOTAL,TODOS,1039,145,0.2384360454552942,0.23410522414005946,-0.004330821315234738,0.007532756085466339,-0.5749318398335773,0.6749894239860316,0.6727981280264503,-0.0021912959595811374,0.02089691237905236,-0.1048621882425919
TUDO_MOM,bipro,flag0,limpo_400_499,TODOS,257,35,0.2455089825262871,0.21687544117727323,-0.028633541349013893,0.018194701133944398,-1.5737296885627095,0.6972512371793651,0.6334975002989904,-0.06375373688037463,0.04733478251565001,-1.3468686976494741
TUDO_MOM,bipro,flag0,limpo_500_599,TODOS,414,58,0.20790754968138234,0.20787573467934148,-3.1815002040861295e-05,0.010658627011272282,-0.002984906217959836,0.6071237997510457,0.6219853196911906,0.01486151994014485,0.029074408225090827,0.5111546837028846
TUDO_MOM,bipro,flag0,limpo_600_699,TODOS,294,42,0.20799857543245157,0.2090872693974833,0.0010886939650317205,0.011000066058209395,0.09897158428600741,0.5913029579581439,0.5936775485942423,0.00237459063609842,0.02648138783684406,0.08967017328278416
TUDO_MOM,bipro,flag0,TOTAL,TODOS,965,135,0.2179493422326309,0.21064165776442142,-0.007307684468209493,0.007784748728774522,-0.9387180913365037,0.6263066224784706,0.6164269214670474,-0.00987970101142319,0.020250448082416946,-0.4878756742178725
TUDO_MOM,bipro,entrou_FIRST,limpo_400_499,TODOS,43,43,0.24703041502631684,0.23826267101340254,-0.008767744012914292,0.01650339707464594,-0.5312690455945048,0.6936885728004342,0.6693568043659606,-0.02433176843447356,0.03810550835844156,-0.638536775460268
TUDO_MOM,bipro,entrou_FIRST,limpo_500_599,TODOS,40,40,0.22871130916323107,0.2239758728114932,-0.004735436351737886,0.010142301430758989,-0.46689958724521113,0.64961444658366,0.6369757704655392,-0.012638676118120858,0.0247463098413386,-0.510729728963791
TUDO_MOM,bipro,entrou_FIRST,limpo_600_699,TODOS,52,52,0.23543913113302997,0.23424260829049703,-0.001196522842532891,0.009712200890633403,-0.12319790910491116,0.6560610364671992,0.6610756256161365,0.005014589148937319,0.022726571542772248,0.22064873003390223
TUDO_MOM,bipro,entrou_FIRST,TOTAL,TODOS,135,135,0.237137740974655,0.23248107701586582,-0.004656663958789188,0.0069030273791753066,-0.6745828609686771,0.6661360028893291,0.6565726365807183,-0.009563366308610792,0.01634660913818619,-0.5850367025825844
TUDO_MOM,bipro,nao_entrou_FIRST,limpo_400_499,TODOS,23,14,0.16469820885448602,0.17184438365519492,0.007146174800708908,0.008599180421880815,0.8310297551758886,0.486621503409255,0.4978217359877508,0.011200232578495813,0.020659976263321965,0.5421222384645132
TUDO_MOM,bipro,nao_entrou_FIRST,limpo_500_599,TODOS,23,14,0.1007353736411576,0.09829365360083411,-0.002441720040323484,0.003542947772392414,-0.6891775428782811,0.34466622654214013,0.3393638540749882,-0.005302372467151904,0.010133179587602074,-0.5232683800097007
TUDO_MOM,bipro,nao_entrou_FIRST,limpo_600_699,TODOS,57,24,0.2002868005379186,0.19945801449785852,-0.0008287860400600953,0.005430361709632854,-0.1526207800467364,0.6054240730620326,0.5946528955595767,-0.010771177502456025,0.021407788536591133,-0.50314293249139
TUDO_MOM,bipro,nao_entrou_FIRST,TOTAL,TODOS,103,52,0.17010990318505986,0.17070176391520975,0.0005918607301498961,0.0035846958345184714,0.16510765695952,0.520667863625417,0.5160241127994065,-0.004643750826010519,0.012715368568521193,-0.36520772488709624
TUDO_MOM,bipro,lado_apostado_FIRST,limpo_400_499,TODOS,43,43,0.24991240659282118,0.24139326038014247,-0.008519146212678687,0.020292749779515465,-0.41981231253727613,0.7003348074254455,0.6749135892100342,-0.025421218215411243,0.04678709970080577,-0.5433381931766426
TUDO_MOM,bipro,lado_apostado_FIRST,limpo_500_599,TODOS,40,40,0.22838596486916551,0.2257247028373949,-0.0026612620317706245,0.01274505589060054,-0.20880740379752288,0.6486333463076837,0.6392727853326017,-0.009360560975081988,0.028581902404615993,-0.3274995779696684
TUDO_MOM,bipro,lado_apostado_FIRST,limpo_600_699,TODOS,52,52,0.23405518933727906,0.23263675052499128,-0.0014184388122878175,0.012136950656370011,-0.11686945530616932,0.653358926171616,0.6600839281131783,0.006725001941562386,0.02890876959878325,0.23262843887501308
TUDO_MOM,bipro,lado_apostado_FIRST,TOTAL,TODOS,135,135,0.23742623647256628,0.23337784694178865,-0.004048389530777593,0.008567472977402771,-0.4725301779714352,0.6669214424631521,0.6586411852683023,-0.008280257194849771,0.02004795489787264,-0.4130225370632901
TUDO_MOM,bipro,entrou_MULTI,limpo_400_499,TODOS,210,43,0.25897597353532614,0.23137164928531645,-0.027604324250009724,0.018448307152798465,-1.4963066270187486,0.7244388794103732,0.6573056885224051,-0.06713319088796814,0.04038353647286193,-1.6623900913948486
TUDO_MOM,bipro,entrou_MULTI,limpo_500_599,TODOS,206,40,0.22933989131335802,0.24206104760109884,0.012721156287740823,0.01057798164183205,1.2026071436381873,0.656057039068318,0.6823996426260139,0.026342603557695878,0.025017464930902004,1.052968541395137
TUDO_MOM,bipro,entrou_MULTI,limpo_600_699,TODOS,267,52,0.2493104091453041,0.23448875444196496,-0.01482165470333916,0.014027220217667455,-1.0566352045055303,0.6904006839272558,0.6633186385942546,-0.02708204533300126,0.03340996196858234,-0.8105979096434874
TUDO_MOM,bipro,entrou_MULTI,TOTAL,TODOS,683,135,0.24625893308164926,0.23581423073462293,-0.010444702347026335,0.008664815176938057,-1.2054154801622956,0.6905079023906723,0.6672248864938944,-0.023283015896777885,0.02003459993410652,-1.162140295955764
TUDO_MOM,bipro,nao_entrou_MULTI,limpo_400_499,TODOS,105,38,0.2136292434208822,0.1958826426913757,-0.01774660072950649,0.010435855961770255,-1.7005409804924234,0.621663681147233,0.5760226038125859,-0.04564107733464718,0.03293839971992231,-1.385649507041529
TUDO_MOM,bipro,nao_entrou_MULTI,limpo_500_599,TODOS,101,36,0.23659120100967454,0.24758545298598536,0.010994251976310794,0.009430711329697052,1.1657924404588862,0.6763998112386927,0.7338382525809684,0.05743844134227563,0.04358712945025779,1.3177844484534165
TUDO_MOM,bipro,nao_entrou_MULTI,limpo_600_699,TODOS,150,52,0.2214227871474298,0.2440026670373024,0.022579879889872565,0.01677377642270072,1.3461416988552548,0.640706978220601,0.724817470887685,0.08411049266708405,0.06322822478097123,1.3302681351319137
TUDO_MOM,bipro,nao_entrou_MULTI,TOTAL,TODOS,356,126,0.2234275279024838,0.23082642778026496,0.007398899877781162,0.009075899034536528,0.8152250096245144,0.6452166128894875,0.6834906110790788,0.03827399818959127,0.03347009824932398,1.1435281099111896
TUDO_MOM,bipro,lado_apostado_MULTI,limpo_400_499,TODOS,210,43,0.260242054832333,0.23405958087917475,-0.02618247395315819,0.019567599400727036,-1.3380524313158912,0.7251944125099908,0.6630452783716615,-0.06214913413832949,0.04187238689278756,-1.4842510482495224
TUDO_MOM,bipro,lado_apostado_MULTI,limpo_500_599,TODOS,206,40,0.23113513247627188,0.24106935270193494,0.009934220225663076,0.010070738338326146,0.986444081051781,0.6587884461383169,0.6792530930009594,0.020464646862642474,0.024119673658343183,0.8484628420983463
TUDO_MOM,bipro,lado_apostado_MULTI,limpo_600_699,TODOS,267,52,0.2543299986865306,0.23610145400350477,-0.018228544683025854,0.01515688228473707,-1.2026579306076643,0.7014064267835443,0.6666941703147572,-0.0347122564687871,0.03617529151697507,-0.9595570626569395
TUDO_MOM,bipro,lado_apostado_MULTI,TOTAL,TODOS,683,135,0.2491519450281195,0.23697201590067507,-0.012179929127444407,0.009004531407447088,-1.3526444160515831,0.6958664165194696,0.6693601597222353,-0.026506256797234264,0.02065174522629086,-1.2834874973903063
TUDO_MOM,bisolo30,flag1,limpo_400_499,TODOS,215,30,0.24569142275314101,0.20503866301826626,-0.04065275973487475,0.01624184361171334,-2.5029646083746724,0.706205914763733,0.6057326792728976,-0.10047323549083523,0.04522095620709605,-2.221829079215026
TUDO_MOM,bisolo30,flag1,limpo_500_599,TODOS,317,44,0.17386844475946556,0.18634247234442608,0.012474027584960537,0.013253362960039101,0.9411971604921423,0.5213925932401695,0.5515973944044738,0.030204801164304202,0.0330620330950501,0.9135796663643874
TUDO_MOM,bisolo30,flag1,limpo_600_699,TODOS,312,45,0.25393212416251504,0.2560457189026977,0.002113594740182635,0.011911114277929118,0.17744727242681677,0.7018590612579346,0.7230100156423196,0.021150954384384964,0.036771220356242224,0.5752040367296217
TUDO_MOM,bisolo30,flag1,TOTAL,TODOS,844,119,0.22176158248741776,0.21687220447837915,-0.004889378009038623,0.008581022481378242,-0.5697896747909831,0.6351845389144691,0.6287535840643305,-0.006430954850138667,0.02374305999238451,-0.27085619343931955
TUDO_MOM,bisolo30,flag0,limpo_400_499,TODOS,357,50,0.24394447512308567,0.22635686180992398,-0.017587613313161686,0.013204353281918636,-1.331955676863422,0.6856194607213784,0.6473190462834569,-0.03830041443792149,0.029804848499605067,-1.285039728969902
TUDO_MOM,bisolo30,flag0,limpo_500_599,TODOS,404,56,0.2527157363660163,0.2521304380729584,-0.0005852982930579396,0.009446052948471149,-0.06196220752210272,0.7166631980766849,0.7359840054890382,0.019320807412353282,0.028310804000600643,0.6824535047448095
TUDO_MOM,bisolo30,flag0,limpo_600_699,TODOS,399,55,0.2047720695547537,0.20249195588175037,-0.002280113673003325,0.009615274035445957,-0.23713454911403084,0.589739528493449,0.5884480489827625,-0.001291479510686467,0.022410654555758535,-0.05762792458708505
TUDO_MOM,bisolo30,flag0,TOTAL,TODOS,1160,161,0.23352533695099906,0.2271244715900314,-0.006400865360967635,0.0062723933323252075,-1.0204821384495035,0.6634518546287922,0.6579493183490411,-0.005502536279750985,0.016180310044989436,-0.3400760717471516
TUDO_MOM,bisolo30,entrou_FIRST,limpo_400_499,TODOS,29,29,0.20051578172374326,0.18456406746589576,-0.01595171425784749,0.01762720935474467,-0.9049483634545821,0.5861100476288423,0.5482709657709045,-0.03783908185793778,0.0392520068720102,-0.964003750975598
TUDO_MOM,bisolo30,entrou_FIRST,limpo_500_599,TODOS,42,42,0.18278441903502896,0.16869776243790632,-0.014086656597122596,0.0075635488336545775,-1.8624400935236858,0.544079790721314,0.5090355083762473,-0.03504428234506675,0.018019162301165133,-1.9448341581784165
TUDO_MOM,bisolo30,entrou_FIRST,limpo_600_699,TODOS,39,39,0.2609337549930497,0.24786974144041116,-0.013064013552638606,0.010430445495614471,-1.2524885498065668,0.7147692255919952,0.690068376576566,-0.02470084901542915,0.022795042521789172,-1.083606182871485
TUDO_MOM,bisolo30,entrou_FIRST,TOTAL,TODOS,110,110,0.215166542856261,0.20095076268253706,-0.014215780173723925,0.006304032904352134,-2.2550295008628103,0.6156776580874493,0.5835637822331335,-0.032113875854315785,0.014201490102040198,-2.2613032592757487
TUDO_MOM,bisolo30,nao_entrou_FIRST,limpo_400_499,TODOS,16,7,0.47660492155433126,0.5138085345295293,0.037203612975198114,0.027030265370063852,1.376368765376654,1.32619029795431,1.5115079983193584,0.1853177003650485,0.12374941652531266,1.4975238313721033
TUDO_MOM,bisolo30,nao_entrou_FIRST,limpo_500_599,TODOS,32,15,0.0608454261863223,0.059417248552795045,-0.0014281776335272555,0.003114687774198729,-0.4585299513350619,0.2510070843038606,0.23620446517671387,-0.014802619127146718,0.009787506501716309,-1.5123994170068724
TUDO_MOM,bisolo30,nao_entrou_FIRST,limpo_600_699,TODOS,44,17,0.10948045502990221,0.10805197995805615,-0.00142847507184604,0.0024439055083493315,-0.5845050338344971,0.3469639994425868,0.33179409002512444,-0.01516990941746239,0.009699887945481352,-1.563926253862471
TUDO_MOM,bisolo30,nao_entrou_FIRST,TOTAL,TODOS,92,39,0.1564116565668186,0.16170190895996067,0.005290252393142085,0.007189940264233807,0.7357853054020942,0.4838879069615904,0.5037131610855441,0.019825254123953646,0.03467692100645734,0.5717132187215208
TUDO_MOM,bisolo30,lado_apostado_FIRST,limpo_400_499,TODOS,29,29,0.2001615366837071,0.19053754358279643,-0.00962399310091068,0.022119026044228485,-0.435100220130256,0.5854335693025516,0.5596816605902588,-0.025751908712292736,0.04915327179366549,-0.5239103679688613
TUDO_MOM,bisolo30,lado_apostado_FIRST,limpo_500_599,TODOS,42,42,0.18366352520537935,0.16837072785239088,-0.015292797352988462,0.008562479623200088,-1.7860243791474304,0.5454862809143546,0.5093100727571676,-0.03617620815718705,0.019987180051039537,-1.8099705943913542
TUDO_MOM,bisolo30,lado_apostado_FIRST,limpo_600_699,TODOS,39,39,0.26259686885297445,0.25102248904696045,-0.011574379806014034,0.013513811451337161,-0.8564852223736462,0.7186800799978693,0.6984321055377583,-0.020247974460111055,0.030600469878247348,-0.6616883512139966
TUDO_MOM,bisolo30,lado_apostado_FIRST,TOTAL,TODOS,110,110,0.21599845916108584,0.20351851278666339,-0.012479946374422476,0.007941202272282632,-1.5715436965988805,0.6174229129826708,0.5896422120808283,-0.027780700901842512,0.01791551906661138,-1.550650070397155
TUDO_MOM,bisolo30,entrou_MULTI,limpo_400_499,TODOS,143,29,0.25136823308638256,0.20040191033558175,-0.05096632275080079,0.02218938570500647,-2.29687849084085,0.7099759141943465,0.5848198960507869,-0.12515601814355956,0.05577682574979215,-2.243871293518813
TUDO_MOM,bisolo30,entrou_MULTI,limpo_500_599,TODOS,197,42,0.19000633810717726,0.20378845485756153,0.01378211675038426,0.019879307513920134,0.693289579666373,0.5618067035297312,0.5908430437012645,0.02903634017153327,0.04242073095901681,0.6844846732977241
TUDO_MOM,bisolo30,entrou_MULTI,limpo_600_699,TODOS,204,39,0.2689635664616221,0.25645348664875356,-0.012510079812868617,0.013498947217435267,-0.9267448499028555,0.7383690532665328,0.7114943802627516,-0.026874673003781192,0.031688629182978954,-0.8480856918296894
TUDO_MOM,bisolo30,entrou_MULTI,TOTAL,TODOS,544,110,0.23574535569234842,0.22264762878910574,-0.013097726903242669,0.011450782477532558,-1.1438281120911657,0.6669664764550023,0.6345040042610531,-0.03246247219394913,0.02645816852932032,-1.2269357252742183
TUDO_MOM,bisolo30,nao_entrou_MULTI,limpo_400_499,TODOS,72,22,0.23441664667461964,0.21424776904082024,-0.0201688776337994,0.015105743755099111,-1.3351793834706862,0.698718277005709,0.6472677903945901,-0.05145048661111886,0.060409929393606836,-0.8516892359845044
TUDO_MOM,bisolo30,nao_entrou_MULTI,limpo_500_599,TODOS,120,37,0.14737540318030548,0.1577019843853621,0.010326581205056603,0.016379040481282494,0.630475345418282,0.45504609551480585,0.4871691201422423,0.03212302462743647,0.05862631929387507,0.547928388040429
TUDO_MOM,bisolo30,nao_entrou_MULTI,limpo_600_699,TODOS,108,37,0.22553939981975726,0.2552754909379256,0.029736091118168335,0.01879528622753372,1.5821036592998057,0.6328957430194715,0.7447617713592813,0.11186602833980995,0.07365074668425711,1.51887161197948
TUDO_MOM,bisolo30,nao_entrou_MULTI,TOTAL,TODOS,300,96,0.19640434040914354,0.2063994350615949,0.009995094652451386,0.010881522975704695,0.9185382114955372,0.5775532921743023,0.6183261554409398,0.040772863266637635,0.04067022745683472,1.0025236104202233
TUDO_MOM,bisolo30,lado_apostado_MULTI,limpo_400_499,TODOS,143,29,0.2508717971906682,0.2004304626429595,-0.05044133454770869,0.02479299166075791,-2.0344997182226585,0.7074683050475875,0.5848400666049016,-0.12262823844268592,0.061278231659251454,-2.0011712988811774
TUDO_MOM,bisolo30,lado_apostado_MULTI,limpo_500_599,TODOS,197,42,0.1919726876329165,0.2016188147964314,0.009646127163514888,0.01943144365791516,0.49641845111110194,0.5656891693016298,0.58605191197557,0.020362742673940254,0.04170697566654268,0.48823349927708226
TUDO_MOM,bisolo30,lado_apostado_MULTI,limpo_600_699,TODOS,204,39,0.26782466554639356,0.25588697607259225,-0.011937689473801307,0.014139094971220808,-0.8443036487200689,0.7372278857020109,0.7099354513862326,-0.02729243431577838,0.033037709854733935,-0.826099461366499
TUDO_MOM,bisolo30,lado_apostado_MULTI,TOTAL,TODOS,544,110,0.23589984969377648,0.2216569959405313,-0.014242853753245176,0.011552824483792995,-1.2328460259416143,0.6672853357673462,0.6321896843133817,-0.03509565145396442,0.026780430827347507,-1.3104961484833775
TUDO_MOM,bipro30,flag1,limpo_400_499,TODOS,350,48,0.28371894126673525,0.25558171875688235,-0.028137222509852903,0.015110746307527557,-1.8620670307882865,0.7901426550343694,0.7229076129773743,-0.06723504205699515,0.04040222545061162,-1.6641420443332864
TUDO_MOM,bipro30,flag1,limpo_500_599,TODOS,317,44,0.22989178808487915,0.22840220889520926,-0.0014895791896698983,0.016293363617704934,-0.09142244809728974,0.6635556225580111,0.6782584278101039,0.014702805252092783,0.04325052529237961,0.3399451255840191
TUDO_MOM,bipro30,flag1,limpo_600_699,TODOS,321,46,0.23515613426129017,0.23630974406055397,0.0011536097992638206,0.01629996351425658,0.07077376573602934,0.6649327589391517,0.6749559682385,0.010023209299348239,0.0459597338384108,0.21808675686827741
TUDO_MOM,bipro30,flag1,TOTAL,TODOS,988,138,0.2506704912592492,0.24059972634425908,-0.010070764914990067,0.009190375337823685,-1.0957947357757059,0.7088466368748851,0.6930024817433628,-0.01584415513152238,0.025060450424987824,-0.6322374443726734
TUDO_MOM,bipro30,flag0,limpo_400_499,TODOS,222,32,0.182928847150944,0.15963563355928512,-0.023293213591658906,0.018567185912710032,-1.2545365625769764,0.5407679724761503,0.48787279740894646,-0.05289517506720378,0.042132631232833305,-1.2554443793195473
TUDO_MOM,bipro30,flag0,limpo_500_599,TODOS,404,56,0.20875682588543187,0.21912812003682405,0.01037129415139218,0.01217474161106297,0.8518697548347121,0.6051144844782794,0.6365989867029372,0.03148450222465778,0.027329511146949325,1.1520331284144563
TUDO_MOM,bipro30,flag0,limpo_600_699,TODOS,390,54,0.21909169075173662,0.2175003252590314,-0.0015913654927052065,0.007744703331762494,-0.20547791497431742,0.6175453419535744,0.6248949503076088,0.007349608354034419,0.019949538883110983,0.36840993654527526
TUDO_MOM,bipro30,flag0,TOTAL,TODOS,1016,142,0.20708043417165484,0.20550393503549258,-0.0015764991361622708,0.006827727201855127,-0.23089662043526407,0.5958262056897877,0.5996090376700199,0.0037828319802322126,0.016033832571416284,0.23592812032825608
TUDO_MOM,bipro30,entrou_FIRST,limpo_400_499,TODOS,45,45,0.2688826903372258,0.24289646266443446,-0.025986227672791302,0.015480970239986337,-1.6785916689944,0.7424578969466105,0.6768500091318665,-0.06560788781474397,0.03616571524303871,-1.8140907036913194
TUDO_MOM,bipro30,entrou_FIRST,limpo_500_599,TODOS,42,42,0.21890001920265795,0.21324854965968765,-0.005651469542970328,0.013071345513576759,-0.4323556084643574,0.6301507256147313,0.612280231469404,-0.017870494145327348,0.0326562829409149,-0.5472298907276275
TUDO_MOM,bipro30,entrou_FIRST,limpo_600_699,TODOS,41,41,0.23176007294585713,0.22328883740815358,-0.008471235537703506,0.016958466695998167,-0.49952838835969376,0.6478254002029714,0.6345215003846495,-0.013303899818321923,0.0377005872461843,-0.3528830925483374
TUDO_MOM,bipro30,entrou_FIRST,TOTAL,TODOS,128,128,0.24059128798802293,0.22688767374484944,-0.013703614243173484,0.008713828706958459,-1.5726283708366238,0.6752951347401408,0.642104700378278,-0.03319043436186271,0.020500706435908504,-1.618989787772738
TUDO_MOM,bipro30,nao_entrou_FIRST,limpo_400_499,TODOS,36,18,0.30477320268717556,0.32819054608147114,0.023417343394295524,0.014241037967474965,1.644356503211232,0.854886204619235,0.9527606531315114,0.09787444851227631,0.07040631946967484,1.3901372667894172
TUDO_MOM,bipro30,nao_entrou_FIRST,limpo_500_599,TODOS,25,12,0.24679783192549984,0.24872787338270666,0.001930041457206802,0.004115180769646373,0.4690052673852903,0.7687040089226074,0.7955534889151002,0.02684947999249281,0.0334084145218182,0.8036741754074588
TUDO_MOM,bipro30,nao_entrou_FIRST,limpo_600_699,TODOS,41,20,0.21213042340850866,0.21816621730130437,0.006035793892795691,0.0031938589308819123,1.8898123002348892,0.6386426577643114,0.6559113812731872,0.017268723508875813,0.015120365655375435,1.1420837235332741
TUDO_MOM,bipro30,nao_entrou_FIRST,TOTAL,TODOS,102,50,0.2533247887708301,0.26448893532209905,0.011164146551268943,0.0058894896586825524,1.8956050860553346,0.746841691742102,0.7949077192922802,0.04806602755017819,0.028782649105964876,1.6699653799488892
TUDO_MOM,bipro30,lado_apostado_FIRST,limpo_400_499,TODOS,45,45,0.27145656319789185,0.2439751625743874,-0.027481400623504522,0.01845951694062549,-1.4887388825990227,0.7483249415370843,0.6778020548429444,-0.07052288669413999,0.04295032428474769,-1.6419640100175852
TUDO_MOM,bipro30,lado_apostado_FIRST,limpo_500_599,TODOS,42,42,0.21581939972643086,0.2164703373828448,0.000650937656413935,0.011873518277239833,0.05482264323134176,0.6218293730246912,0.619391533114002,-0.002437839910689303,0.027358560506350497,-0.0891070241112806
TUDO_MOM,bipro30,lado_apostado_FIRST,limpo_600_699,TODOS,41,41,0.23205674054647513,0.22816130873217327,-0.0038954318143018165,0.01641648842665189,-0.23728776295286444,0.6484686698653209,0.6476199235355543,-0.0008487463297665168,0.03722912981558716,-0.02279790943196212
TUDO_MOM,bipro30,lado_apostado_FIRST,TOTAL,TODOS,128,128,0.2405803632407868,0.22988476674957825,-0.010695596491208537,0.00935369011107947,-1.1434627793088394,0.6748333710990936,0.6489683884662367,-0.025864982632856852,0.021833910525960412,-1.1846243760183737
TUDO_MOM,bipro30,entrou_MULTI,limpo_400_499,TODOS,218,45,0.2929795751683652,0.2539080168706978,-0.039071558297667425,0.020874078496223133,-1.8717740428511307,0.8071637620312233,0.7081855310926446,-0.09897823093857863,0.05196247745397638,-1.9048019992165408
TUDO_MOM,bipro30,entrou_MULTI,limpo_500_599,TODOS,195,42,0.2265500858980614,0.20982329792251259,-0.016726787975548826,0.02150018564514921,-0.7779834207767717,0.6500047785302786,0.6104089299072949,-0.039595848622983744,0.04916373622402378,-0.8053872969002567
TUDO_MOM,bipro30,entrou_MULTI,limpo_600_699,TODOS,214,41,0.24958067834113914,0.2437982321273989,-0.005782446213740244,0.018720380472938558,-0.30888507966486684,0.6959235083449187,0.6798306200432844,-0.016092888301634207,0.04347876285195259,-0.3701321575416328
TUDO_MOM,bipro30,entrou_MULTI,TOTAL,TODOS,627,128,0.2575073035116896,0.2367469098053675,-0.02076039370632206,0.011665683156244059,-1.7796123405949058,0.7203193982807393,0.6680987875588228,-0.05222061072191657,0.027849291741094222,-1.8751144986879575
TUDO_MOM,bipro30,nao_entrou_MULTI,limpo_400_499,TODOS,132,42,0.2684248640655585,0.2583458627810356,-0.010079001284522854,0.008259518907048426,-1.2202891473402568,0.7620320389335048,0.7472213542718521,-0.014810684661652758,0.03439117731908475,-0.43065360991389623
TUDO_MOM,bipro30,nao_entrou_MULTI,limpo_500_599,TODOS,122,37,0.2352330333834813,0.2580980092204212,0.02286497583693986,0.016447674417494076,1.3901646674511148,0.685214758503977,0.7867063957695117,0.10149163726553477,0.06404993537923999,1.5845704865212162
TUDO_MOM,bipro30,nao_entrou_MULTI,limpo_600_699,TODOS,107,38,0.20630704610159217,0.22133276792686413,0.015025721825271947,0.016283034182247434,0.9227839023794305,0.602951260127618,0.6652066646289312,0.06225540450131313,0.06474479118022892,0.9615507806336708
TUDO_MOM,bipro30,nao_entrou_MULTI,TOTAL,TODOS,361,117,0.2387960278734316,0.24729146033286026,0.008495432459428656,0.008333639341194583,1.019414461270756,0.6889202618015595,0.7362562663796691,0.04733600457810965,0.03260896987372417,1.4516252663428142
TUDO_MOM,bipro30,lado_apostado_MULTI,limpo_400_499,TODOS,218,45,0.2934724440488104,0.25309611767423007,-0.04037632637458029,0.02230449645436191,-1.810232589522738,0.8086104171930618,0.7060156121838909,-0.10259480500917087,0.05510283396694122,-1.8618789202515849
TUDO_MOM,bipro30,lado_apostado_MULTI,limpo_500_599,TODOS,195,42,0.22703592429415748,0.2123665218723376,-0.014669402421819909,0.02045205464337011,-0.717258127734137,0.6504434294177555,0.6154806044039701,-0.03496282501378534,0.04712929187638737,-0.7418491477760214
TUDO_MOM,bipro30,lado_apostado_MULTI,limpo_600_699,TODOS,214,41,0.24879158760495235,0.24567618854312992,-0.003115399061822439,0.018635374070170782,-0.16717663139422498,0.6947074328383948,0.6849390143154793,-0.00976841852291527,0.044117351431125294,-0.22141897022457108
TUDO_MOM,bipro30,lado_apostado_MULTI,TOTAL,TODOS,627,128,0.2575604430422028,0.23789653870226124,-0.019663904339941606,0.011938005338337838,-1.647168331948448,0.7205437485039334,0.6706651840165471,-0.04987856448738638,0.028739232984041792,-1.7355565653085716
TUDO_MOM,bisolo35mais,flag1,limpo_400_499,TODOS,386,53,0.23065155998453005,0.20393688974243346,-0.02671467024209658,0.01709652346388513,-1.5625790996940938,0.6571790537388353,0.5996157171360266,-0.0575633366028088,0.042257382364880046,-1.3622078174593577
TUDO_MOM,bisolo35mais,flag1,limpo_500_599,TODOS,370,49,0.20267610409326095,0.2149364585092658,0.012260354416004827,0.016190510481771038,0.7572555806568798,0.5880528241674257,0.6241948150971636,0.03614199092973789,0.03810879410779245,0.9483897818311603
TUDO_MOM,bisolo35mais,flag1,limpo_600_699,TODOS,371,52,0.2471799703974426,0.2507760082664916,0.0035960378690490227,0.011793075445499259,0.3049279117790622,0.6860849191269018,0.7070046430394119,0.020919723912510128,0.02983817025299367,0.7011061246428557
TUDO_MOM,bisolo35mais,flag1,TOTAL,TODOS,1127,154,0.22690810087487698,0.22296719445951735,-0.003940906415359633,0.009058449184629648,-0.4350531018098056,0.6440001461235302,0.643036797664666,-0.0009633484588641715,0.022209003413475505,-0.04337648299336347
TUDO_MOM,bisolo35mais,flag0,limpo_400_499,TODOS,186,27,0.2735501685851522,0.2482423267445742,-0.025307841840578025,0.019200604793188053,-1.3180752436275696,0.7684371204760442,0.6982460147976391,-0.07019110567840511,0.04626653239043256,-1.5171032288756507
TUDO_MOM,bisolo35mais,flag0,limpo_500_599,TODOS,351,51,0.23425440446186502,0.2319224246901137,-0.0023319797717512923,0.007319654329378218,-0.318591516322245,0.6758798835845211,0.6872986628428464,0.011418779258325186,0.02011956685894091,0.5675459784190537
TUDO_MOM,bisolo35mais,flag0,limpo_600_699,TODOS,340,48,0.2036091455105889,0.19894898713997558,-0.004660158370613327,0.011329271456730733,-0.41133786831850705,0.5874958646625916,0.582562276049718,-0.004933588612873673,0.034222774652567664,-0.14416097651227458
TUDO_MOM,bisolo35mais,flag0,TOTAL,TODOS,877,126,0.23070779566311647,0.22260034146899932,-0.008107454194117158,0.006742535430541441,-1.202434051350044,0.6612448546544952,0.6490156935770857,-0.012229161077409643,0.018678178797778618,-0.654729843300571
TUDO_MOM,bisolo35mais,entrou_FIRST,limpo_400_499,TODOS,51,51,0.21690542256503698,0.2089297377090854,-0.007975684855951586,0.01575547747701657,-0.5062166391076488,0.6222540257598096,0.604132757035493,-0.01812126872431654,0.03645064168516604,-0.4971453968035678
TUDO_MOM,bisolo35mais,entrou_FIRST,limpo_500_599,TODOS,48,48,0.19743199045673476,0.1876514233780018,-0.00978056707873295,0.009021830131785345,-1.084100114485026,0.5767512052616984,0.55331712822523,-0.02343407703646848,0.020457802282280863,-1.1454836014700103
TUDO_MOM,bisolo35mais,entrou_FIRST,limpo_600_699,TODOS,47,47,0.24162095306998965,0.22647900972925955,-0.015141943340730065,0.009617477284869424,-1.5744194545228547,0.6648797866993628,0.6401899327463656,-0.02468985395299719,0.02108947238735185,-1.1707193759766423
TUDO_MOM,bisolo35mais,entrou_FIRST,TOTAL,TODOS,146,146,0.21845956771938127,0.20758355070262083,-0.010876017016760449,0.0067017412154936895,-1.6228643671910656,0.6210161858985058,0.5990336959089065,-0.0219824899895993,0.015258147320312387,-1.4407050560021228
TUDO_MOM,bisolo35mais,nao_entrou_FIRST,limpo_400_499,TODOS,30,14,0.3499872156278632,0.37761667304947993,0.027629457421616727,0.016720499620307173,1.6524301336103941,0.9697038933057944,1.088489510685065,0.11878561737927043,0.0819527117382448,1.4494409624744224
TUDO_MOM,bisolo35mais,nao_entrou_FIRST,limpo_500_599,TODOS,22,13,0.08626064539800828,0.0808275006565976,-0.005433144741410682,0.0027962873520263553,-1.9429851290045366,0.30142879206257905,0.28498106742355084,-0.016447724639028233,0.010437712799919426,-1.5757977781449592
TUDO_MOM,bisolo35mais,nao_entrou_FIRST,limpo_600_699,TODOS,49,23,0.2143275523493215,0.21766443022600998,0.0033368778766884864,0.00439837685037164,0.7586612039408441,0.640667105988218,0.6464068527210161,0.005739746732798022,0.017474039841748553,0.32847279649006855
TUDO_MOM,bisolo35mais,nao_entrou_FIRST,TOTAL,TODOS,101,50,0.22672673992781023,0.23536893353469343,0.008642193606883196,0.006641381297189124,1.301264484022456,0.6645073110690422,0.698992124625741,0.03448481355669896,0.031175337984000743,1.106156846620128
TUDO_MOM,bisolo35mais,lado_apostado_FIRST,limpo_400_499,TODOS,51,51,0.21964486779879125,0.21135655433806866,-0.008288313460722594,0.017264531501002236,-0.48007751963854006,0.6287420485251429,0.6091532138488677,-0.019588834676275157,0.0399937381440132,-0.4897975429487948
TUDO_MOM,bisolo35mais,lado_apostado_FIRST,limpo_500_599,TODOS,48,48,0.19770536336023958,0.18865062660760132,-0.009054736752638272,0.010919858648406505,-0.8291990807005177,0.5770820260282641,0.5556881516579695,-0.021393874370294618,0.024488574195728554,-0.8736267860799453
TUDO_MOM,bisolo35mais,lado_apostado_FIRST,limpo_600_699,TODOS,47,47,0.23991483603329916,0.22823139559870778,-0.011683440434591361,0.012490551680848823,-0.9353822579754449,0.6611520970487982,0.646621119963903,-0.0145309770848951,0.027440155176537015,-0.529551563808938
TUDO_MOM,bisolo35mais,lado_apostado_FIRST,TOTAL,TODOS,146,146,0.21895714378489664,0.20932390370921666,-0.009633240075680023,0.00775801745076337,-1.241714154011362,0.6221913033248799,0.6036372453710838,-0.018554057953796194,0.017629822982176132,-1.0524245179633664
TUDO_MOM,bisolo35mais,entrou_MULTI,limpo_400_499,TODOS,254,51,0.23610594688193795,0.2036726679108933,-0.032433278971044636,0.020364145073316787,-1.5926658769261117,0.6654587692966725,0.5939464036423205,-0.07151236565435189,0.04726724849696314,-1.5129369262724581
TUDO_MOM,bisolo35mais,entrou_MULTI,limpo_500_599,TODOS,271,48,0.21059279800933675,0.22093922768747,0.010346429678133245,0.020456402192645856,0.5057795393685025,0.607107980885588,0.6313340415319625,0.024226060646374465,0.04343221110679088,0.557790175287359
TUDO_MOM,bisolo35mais,entrou_MULTI,limpo_600_699,TODOS,247,47,0.26538500268366005,0.2561825640386886,-0.009202438644971474,0.014663688691080961,-0.6275664219855379,0.7257452230836329,0.7097947436131303,-0.015950479470502568,0.03388951793272077,-0.4706611496265095
TUDO_MOM,bisolo35mais,entrou_MULTI,TOTAL,TODOS,772,146,0.23651768708731416,0.22653430268164165,-0.009983384405672518,0.011086646663904447,-0.9004872896487361,0.6642640677759152,0.6441362868558995,-0.02012778092001559,0.024817986224662213,-0.8110158792825077
TUDO_MOM,bisolo35mais,nao_entrou_MULTI,limpo_400_499,TODOS,132,45,0.2201559973183058,0.20444531660009407,-0.01571068071821168,0.015177128690592984,-1.0351550045134295,0.6412468738017851,0.6105248506769456,-0.030722023124839508,0.050053600666820346,-0.6137824794931206
TUDO_MOM,bisolo35mais,nao_entrou_MULTI,limpo_500_599,TODOS,99,36,0.18100515408056853,0.19850463580933295,0.017499481728764414,0.01710405232833026,1.0231190476293845,0.5358917386055874,0.6046520841493807,0.06876034554379329,0.06411129376930733,1.0725153323408934
TUDO_MOM,bisolo35mais,nao_entrou_MULTI,limpo_600_699,TODOS,124,44,0.2109167206015094,0.24000649797832507,0.029089777376815656,0.01143350099264797,2.5442580881849852,0.607084152374381,0.7014469427030535,0.09436279032867252,0.03755196803393521,2.5128587200382717
TUDO_MOM,bisolo35mais,nao_entrou_MULTI,TOTAL,TODOS,355,125,0.20601063451994314,0.21520999010041883,0.009199355580475709,0.0089240371528835,1.0308513313958187,0.5999332517132733,0.6406457958178144,0.040712544104541164,0.029880303190629266,1.3625211178348748
TUDO_MOM,bisolo35mais,lado_apostado_MULTI,limpo_400_499,TODOS,254,51,0.23584577556537806,0.20290767464968337,-0.03293810091569469,0.021253804490693688,-1.5497508189706533,0.6648276577521467,0.5926971279972174,-0.07213052975492928,0.048939508724434144,-1.4738711449082549
TUDO_MOM,bisolo35mais,lado_apostado_MULTI,limpo_500_599,TODOS,271,48,0.2110977383584866,0.22236198634792181,0.011264247989435226,0.020169989439300425,0.5584657356085316,0.6075746175246148,0.6339844121735543,0.026409794648939423,0.042954383278440304,0.6148335194977655
TUDO_MOM,bisolo35mais,lado_apostado_MULTI,limpo_600_699,TODOS,247,47,0.2659933309075265,0.2560455392331503,-0.009947791674376179,0.015510195980469297,-0.6413711140015644,0.728311603820065,0.7086747218777523,-0.019636881942312712,0.03582960648221995,-0.5480630090664629
TUDO_MOM,bisolo35mais,lado_apostado_MULTI,TOTAL,TODOS,772,146,0.23680397256854266,0.2267382070620395,-0.010065765506503137,0.011371981491292382,-0.8851373451680848,0.6650413375152486,0.6442972830493929,-0.02074405446585582,0.025445186653862722,-0.8152447355974398
TUDO_MOM,bipro35mais,flag1,limpo_400_499,TODOS,278,38,0.24313099183950562,0.2164153790866166,-0.026715612752889046,0.011594006572928759,-2.304260618177347,0.6926697887171083,0.6298878326855957,-0.06278195603151251,0.03346496483771377,-1.8760502613993362
TUDO_MOM,bipro35mais,flag1,limpo_500_599,TODOS,317,44,0.22953289504628752,0.24196681399798697,0.012433918951699468,0.007729326932109658,1.6086677482932825,0.6579420417078904,0.7083047967044754,0.050362754996585116,0.026638951661786526,1.8905682038843252
TUDO_MOM,bipro35mais,flag1,limpo_600_699,TODOS,383,54,0.22151740603800685,0.21676995183005304,-0.004747454207953799,0.010810630345006973,-0.43914684495215134,0.6231487538736331,0.6196186439461872,-0.0035301099274459738,0.03052794834306272,-0.11563534790401886
TUDO_MOM,bipro35mais,flag1,TOTAL,TODOS,978,136,0.23025921265195534,0.22483624435005276,-0.005422968301902586,0.006224176299029033,-0.8712748549151098,0.6541879358060928,0.651283618275362,-0.0029043175307308846,0.018294799333488213,-0.15875099134947043
TUDO_MOM,bipro35mais,flag0,limpo_400_499,TODOS,294,42,0.24599121693702158,0.2201674722074514,-0.02582374472957019,0.018415025071246902,-1.4023192816550227,0.6940075438380223,0.633389823402284,-0.06061772043573832,0.044595133238848166,-1.35929003981386
TUDO_MOM,bipro35mais,flag0,limpo_500_599,TODOS,404,56,0.20903843255185153,0.20848460563687224,-0.0005538269149793292,0.0118871270961777,-0.04659047644551659,0.6095192001453297,0.6130229992288883,0.0035037990835586016,0.027755695952564243,0.1262371186637422
TUDO_MOM,bipro35mais,flag0,limpo_600_699,TODOS,328,46,0.23198082920272806,0.2367611681205785,0.0047803389178504895,0.008407049011991756,0.5686108063640223,0.657378433682196,0.6800486457107814,0.022670212028585417,0.024022200572761405,0.9437192050711208
TUDO_MOM,bipro35mais,flag0,TOTAL,TODOS,1026,144,0.22696165351747286,0.2208720084306402,-0.006089645086832676,0.007728851270721169,-0.787910761059898,0.6490293382016101,0.6402864089297063,-0.008742929271903874,0.019211328482982137,-0.4550923836239943
TUDO_MOM,bipro35mais,entrou_FIRST,limpo_400_499,TODOS,34,34,0.23204288838098386,0.2068729844476952,-0.025169903933288676,0.014610186274631355,-1.7227640674912452,0.6576474161336427,0.5989599136300033,-0.05868750250363934,0.03689554094721554,-1.5906394376382877
TUDO_MOM,bipro35mais,entrou_FIRST,limpo_500_599,TODOS,42,42,0.2353274601517516,0.2175755487612619,-0.0177519113904897,0.00787710617944279,-2.2536082396372406,0.6642992856614123,0.6284402695587031,-0.03585901610270913,0.02202435545617483,-1.6281528044742652
TUDO_MOM,bipro35mais,entrou_FIRST,limpo_600_699,TODOS,49,49,0.22496896338206512,0.22823097605828918,0.003262012676224053,0.010061474976462986,0.3242081984853062,0.6304791929759649,0.646340248320197,0.01586105534423206,0.024414560566935386,0.6496555733922432
TUDO_MOM,bipro35mais,entrou_FIRST,TOTAL,TODOS,125,125,0.23037352589638568,0.21884137876840645,-0.01153214712797923,0.006471440104285135,-1.7820063142271982,0.6492325008171635,0.6274384044206023,-0.021794096396561206,0.01636068495200375,-1.332101709708187
TUDO_MOM,bipro35mais,nao_entrou_FIRST,limpo_400_499,TODOS,29,11,0.2947088379255985,0.3189695829752724,0.0242607450496739,0.018383229209993922,1.3197216208610785,0.8381758138793597,0.9476168529181264,0.10944103903876674,0.08938776065554352,1.2243403150068688
TUDO_MOM,bipro35mais,nao_entrou_FIRST,limpo_500_599,TODOS,21,12,0.07042945413616108,0.06954218568870316,-0.0008872684474579307,0.0030494055922233613,-0.2909643931002998,0.2851876566016533,0.2762369726884185,-0.008950683913234786,0.009116143541475432,-0.9818498219682632
TUDO_MOM,bipro35mais,nao_entrou_FIRST,limpo_600_699,TODOS,56,26,0.13301900852678675,0.1289568713141719,-0.004062137212614851,0.003197831259530946,-1.2702787867583356,0.41119376872711416,0.3881068428631108,-0.02308692586400331,0.012098806206402506,-1.9081986660622812
TUDO_MOM,bipro35mais,nao_entrou_FIRST,TOTAL,TODOS,106,49,0.16485508786982828,0.1691706471635782,0.004315559293749952,0.006651290438132261,0.648830378689913,0.5030461362250428,0.5190174373718552,0.01597130114681245,0.03129457079485035,0.5103537368034647
TUDO_MOM,bipro35mais,lado_apostado_FIRST,limpo_400_499,TODOS,34,34,0.23357623919478185,0.2072371545555221,-0.02633908463925973,0.015548352217713432,-1.6940113183989347,0.6605782109507337,0.6003798631629687,-0.060198347787765005,0.03752861532327785,-1.6040652517873693
TUDO_MOM,bipro35mais,lado_apostado_FIRST,limpo_500_599,TODOS,42,42,0.23797165448762966,0.21241841578721254,-0.025553238700417088,0.010222009783338423,-2.499825302658986,0.669139301372676,0.6169670855002791,-0.052172215872396795,0.024050292089155354,-2.169296559018593
TUDO_MOM,bipro35mais,lado_apostado_FIRST,limpo_600_699,TODOS,49,49,0.22593080549436464,0.23029339957997844,0.004362594085613777,0.012223565658226456,0.356900286511551,0.6319270499896468,0.6532795083470997,0.021352458357452916,0.03020535601347808,0.7069096735004591
TUDO_MOM,bipro35mais,lado_apostado_FIRST,TOTAL,TODOS,125,125,0.23205608872261516,0.21801610637895696,-0.014039982343658188,0.007598898072061542,-1.8476339872590517,0.6522234822357602,0.6266898307804843,-0.025533651455275867,0.01853980318172228,-1.3772342243874827
TUDO_MOM,bipro35mais,entrou_MULTI,limpo_400_499,TODOS,181,34,0.25242922564829967,0.22296774630563723,-0.029461479342662425,0.014395228423742015,-2.04661423045373,0.7114354988318059,0.6387536537656093,-0.0726818450661966,0.03692402276695396,-1.9684162130688794
TUDO_MOM,bipro35mais,entrou_MULTI,limpo_500_599,TODOS,211,42,0.22512655589292435,0.22928690494685006,0.004160349053925688,0.00797330712710004,0.5217846230688022,0.6459676800468904,0.6558328998657038,0.009865219818813453,0.02021282294841619,0.48806739385140946
TUDO_MOM,bipro35mais,entrou_MULTI,limpo_600_699,TODOS,249,49,0.24513332715192762,0.2318774069983119,-0.013255920153615692,0.011568513346387225,-1.145862027099224,0.6823390102181104,0.6575278152675349,-0.02481119495057551,0.02721385363314483,-0.9117119274999322
TUDO_MOM,bipro35mais,entrou_MULTI,TOTAL,TODOS,641,125,0.2406077872021517,0.22850885080762146,-0.012098936394530245,0.006676165943349879,-1.812258187887313,0.6785825574458039,0.6516686103039859,-0.026913947141817857,0.016289713419006743,-1.6522050725837092
TUDO_MOM,bipro35mais,nao_entrou_MULTI,limpo_400_499,TODOS,97,33,0.22578067926845702,0.2041887969562791,-0.021591882312177905,0.012012421968991875,-1.7974628570253242,0.6576533605649404,0.613344393350725,-0.0443089672142154,0.04737463412380086,-0.9352888530690462
TUDO_MOM,bipro35mais,nao_entrou_MULTI,limpo_500_599,TODOS,106,34,0.23830400411571795,0.2672070103167596,0.02890300620104162,0.015046821146384622,1.9208712537921204,0.6817777993538431,0.8127535724873133,0.13097577313347022,0.060045995213743486,2.1812574288633346
TUDO_MOM,bipro35mais,nao_entrou_MULTI,limpo_600_699,TODOS,134,48,0.1776340899382586,0.18869714334575113,0.011063053407492559,0.014969867324051409,0.7390214734714483,0.5131608894723281,0.5491754823117423,0.036014592839414133,0.048393483481323066,0.7442033564976485
TUDO_MOM,bipro35mais,nao_entrou_MULTI,TOTAL,TODOS,337,115,0.21057542545113675,0.21785066352126484,0.007275238070128063,0.008806926862433227,0.8260813543440759,0.6077874833697287,0.65055133373427,0.042763850364541375,0.031743823557648584,1.3471549918011545
TUDO_MOM,bipro35mais,lado_apostado_MULTI,limpo_400_499,TODOS,181,34,0.25329550406804086,0.21977346206739432,-0.03352204200064656,0.014352921118969846,-2.335555370421526,0.7143008820123469,0.6316848559562641,-0.08261602605608283,0.036213760432064535,-2.281343474701197
TUDO_MOM,bipro35mais,lado_apostado_MULTI,limpo_500_599,TODOS,211,42,0.22889011776224338,0.22589585179120916,-0.0029942659710342524,0.008238174093854208,-0.3634623324199978,0.6531392423928198,0.6473015434911721,-0.005837698901647738,0.021411722757012558,-0.27264031801158234
TUDO_MOM,bipro35mais,lado_apostado_MULTI,limpo_600_699,TODOS,249,49,0.248152989946599,0.23295553928042712,-0.015197450666171893,0.011232418501105196,-1.352998970317618,0.6888074350452565,0.6597771317939226,-0.0290303032513339,0.02678108246109377,-1.0839854323852551
TUDO_MOM,bipro35mais,lado_apostado_MULTI,TOTAL,TODOS,641,125,0.24326426767683604,0.2269094393806082,-0.016354828296227857,0.006601556379254231,-2.477420074396977,0.684265040741636,0.6477380505794195,-0.03652699016221655,0.016247797525095673,-2.2481194823974433
V6E_INI,sem_flag,todas,sujo,TODOS,1397,200,0.2198615183269149,0.22164245517027195,0.0017809368433570377,0.0035232752834601505,0.50547763091847,0.6346385981445861,0.6450079854501317,0.010369387305545584,0.008568666061231717,1.210151875618201
V6E_INI,sem_flag,todas,limpo_400_499,TODOS,714,100,0.2139889915704298,0.2141727565508452,0.0001837649804153984,0.004936053402370427,0.03722913133945218,0.6188260222961101,0.6230780749872314,0.004252052691121483,0.013644456858590087,0.31163224268942114
V6E_INI,sem_flag,todas,limpo_500_599,TODOS,721,100,0.21615261821606907,0.2232056320591654,0.007053013843096307,0.00536491645378581,1.3146549259158122,0.6245075648502516,0.6549152735697498,0.030407708719498158,0.017494732136534782,1.7381065615744302
V6E_INI,sem_flag,todas,limpo_600_699,TODOS,711,100,0.2188301673395765,0.22599234134241925,0.007162174002842771,0.0036207832154579356,1.9780731340848696,0.6239378116630002,0.6474963381498255,0.023558526486825267,0.014055562337175143,1.67609988997139
V6E_INI,sem_flag,todas,TOTAL,TODOS,3543,500,0.21771633299356807,0.22132816072799655,0.0036118277344284566,0.0021498074404495034,1.680070347916025,0.6272429127510116,0.6431040671416971,0.01586115439068554,0.006286058347999324,2.523227356891095
V6E_INI,sem_flag,entrou_FIRST,sujo,TODOS,195,195,0.2218562501764776,0.21439165067157848,-0.00746459950489907,0.005394687573266521,-1.383694496394942,0.6375949820037745,0.6177321804565933,-0.01986280154718121,0.0131070501681755,-1.5154288182560691
V6E_INI,sem_flag,entrou_FIRST,limpo_400_499,TODOS,95,95,0.22667671618044882,0.21829286631125347,-0.008383849869195357,0.0060045363492135205,-1.3962526632540881,0.6506728593539116,0.6259863056324918,-0.024686553721419816,0.013885064262375395,-1.7779214597020923
V6E_INI,sem_flag,entrou_FIRST,limpo_500_599,TODOS,89,89,0.21193246208649025,0.2121878669542017,0.00025540486771146364,0.006661571517366747,0.03834003238509442,0.6146911413215238,0.6149157599654047,0.00022461864388088315,0.014922799304940776,0.015052044813503212
V6E_INI,sem_flag,entrou_FIRST,limpo_600_699,TODOS,87,87,0.22876273171677275,0.23534427005055886,0.00658153833378612,0.004670498574630184,1.409172538781313,0.6469836733055971,0.6610283707285306,0.014044697422933522,0.011118360717408293,1.2631985757525739
V6E_INI,sem_flag,entrou_FIRST,TOTAL,TODOS,466,466,0.22223305494981252,0.21867782367778854,-0.0035552312720239588,0.0030613203920663488,-1.1613391663406478,0.6376395585505584,0.626960182648982,-0.010679375901576402,0.007301820671965592,-1.4625634319640992
V6E_INI,sem_flag,nao_entrou_FIRST,sujo,TODOS,113,68,0.23829326405525922,0.24039268845882464,0.002099424403565408,0.002581610329961935,0.813222808725112,0.6877931878614085,0.6961418860618549,0.008348698200446421,0.009821934093316727,0.8500055204124451
V6E_INI,sem_flag,nao_entrou_FIRST,limpo_400_499,TODOS,75,37,0.15977564452311488,0.16169558466939918,0.001919940146284307,0.0030106071799730085,0.6377252266772048,0.48691633202233436,0.4919468311133308,0.005030499090996392,0.013268296372677816,0.3791367745866181
V6E_INI,sem_flag,nao_entrou_FIRST,limpo_500_599,TODOS,105,41,0.19110799205563014,0.19705386468876407,0.005945872633133947,0.007595386036418949,0.7828269168445439,0.5672057147852603,0.6068974670594292,0.03969175227416899,0.04353495390748089,0.9117214723259074
V6E_INI,sem_flag,nao_entrou_FIRST,limpo_600_699,TODOS,133,57,0.14945186052984932,0.15047801230111488,0.00102615177126556,0.002744258477363122,0.3739267928768719,0.46085388791668375,0.4601507292655803,-0.000703158651103501,0.012889299985963975,-0.05455367257098661
V6E_INI,sem_flag,nao_entrou_FIRST,TOTAL,TODOS,426,203,0.1851026966990353,0.18778350721694986,0.0026808105179145494,0.002179706948835747,1.2298949266305996,0.5518533386746138,0.5645171983381494,0.012663859663535573,0.011652961825341672,1.086750291758058
V6E_INI,sem_flag,lado_apostado_FIRST,sujo,TODOS,195,195,0.2218591146277192,0.21620899426573864,-0.005650120361980542,0.0058066567127152795,-0.973041914051513,0.6373618314933813,0.6216437285624652,-0.015718102930916095,0.01384928891031507,-1.1349393483451065
V6E_INI,sem_flag,lado_apostado_FIRST,limpo_400_499,TODOS,95,95,0.22656413874661646,0.21894356256164085,-0.00762057618497564,0.006533798895544223,-1.1663316099570424,0.65083525385953,0.6264095052772723,-0.02442574858225765,0.015149131496218307,-1.6123530638277892
V6E_INI,sem_flag,lado_apostado_FIRST,limpo_500_599,TODOS,89,89,0.21161641094922326,0.2105525875427021,-0.0010638234065211696,0.007317984351864377,-0.1453710961065588,0.6138951768934744,0.6105688779298158,-0.003326298963658546,0.01671077265845695,-0.19905117684520587
V6E_INI,sem_flag,lado_apostado_FIRST,limpo_600_699,TODOS,87,87,0.22836462102861074,0.23522654964728187,0.006861928618671157,0.00714502739003735,0.9603782104795104,0.6461315043990454,0.6619208214315276,0.015789317032482274,0.01662013029125336,0.9500116278144755
V6E_INI,sem_flag,lado_apostado_FIRST,TOTAL,TODOS,466,466,0.2220766161744717,0.21923665758752986,-0.002839958586941813,0.003378020595151957,-0.840716776865613,0.6372639868757529,0.6280196816981075,-0.009244305177645424,0.007995709300339842,-1.1561582381756317
V6E_INI,sem_flag,entrou_MULTI,sujo,TODOS,953,195,0.22115522060233464,0.2196530788865009,-0.0015021417158337337,0.004938927054957275,-0.30414332892930895,0.6336937895240617,0.6312687377890265,-0.0024250517350353235,0.011242827982332062,-0.21569766422169373
V6E_INI,sem_flag,entrou_MULTI,limpo_400_499,TODOS,443,95,0.23418928132706554,0.23189279966444235,-0.002296481662623198,0.006160440973653086,-0.37277877873430953,0.6644402668616604,0.6600288197750908,-0.004411447086569589,0.013290167893841407,-0.3319331344650529
V6E_INI,sem_flag,entrou_MULTI,limpo_500_599,TODOS,427,89,0.21413265011852317,0.21635922665637275,0.0022265765378495675,0.006525138038659209,0.34123056472642627,0.6183632607185836,0.6237724329356745,0.0054091722170907615,0.015415592774589018,0.35088966711725883
V6E_INI,sem_flag,entrou_MULTI,limpo_600_699,TODOS,421,87,0.2324289133997766,0.2391976992150014,0.006768785815224773,0.0046679989280222845,1.4500401391678426,0.6556635807654796,0.6728627079733405,0.017199127207860994,0.011179524911053536,1.538448846860719
V6E_INI,sem_flag,entrou_MULTI,TOTAL,TODOS,2244,466,0.2245071261157889,0.22510940979588684,0.0006022836800979368,0.0028459484855147075,0.21162845468336372,0.6409682261431588,0.6433234862716652,0.0023552601285063463,0.006502814812059059,0.3621908660444498
V6E_INI,sem_flag,nao_entrou_MULTI,sujo,TODOS,444,168,0.21708472042494414,0.22591244525683452,0.008827724831890385,0.003957217921458307,2.2307906734227076,0.636666531962964,0.6744978571191258,0.03783132515616181,0.015858839454423408,2.3855040127548395
V6E_INI,sem_flag,nao_entrou_MULTI,limpo_400_499,TODOS,271,88,0.18096785370257137,0.1852060440072159,0.004238190304644543,0.005663078106160915,0.7483898729974741,0.5442610394823135,0.5626751969760814,0.018414157493767777,0.02175997553728574,0.8462398067596675
V6E_INI,sem_flag,nao_entrou_MULTI,limpo_500_599,TODOS,294,92,0.219086381405362,0.2331492208584595,0.01406283945309752,0.006540447159890901,2.15013425065758,0.6334314351367216,0.7001465421097163,0.06671510697299461,0.029490506535316437,2.2622570722242346
V6E_INI,sem_flag,nao_entrou_MULTI,limpo_600_699,TODOS,290,92,0.19908853943838936,0.20682180456877414,0.007733265130384758,0.006839498804470614,1.130677166772796,0.5778807468625046,0.6106713667853435,0.03279061992283893,0.029102472819997588,1.1267296812079506
V6E_INI,sem_flag,nao_entrou_MULTI,TOTAL,TODOS,1299,440,0.20598535549836905,0.21479611845829227,0.008810762959923214,0.0027131268278869068,3.2474570924446584,0.6035326716024522,0.6427250243952395,0.03919235279278723,0.011450243026928403,3.4228402576797374
V6E_INI,sem_flag,lado_apostado_MULTI,sujo,TODOS,953,195,0.2208962486478474,0.22094018941569207,4.394076784467566e-05,0.005385583179534703,0.008158961876524578,0.6331039042121742,0.6338540541539333,0.0007501499417591187,0.012176605720669241,0.06160583326482953
V6E_INI,sem_flag,lado_apostado_MULTI,limpo_400_499,TODOS,443,95,0.23289767249650936,0.23166329099960384,-0.001234381496905511,0.0068133180495166335,-0.18117185898771943,0.6611791087080391,0.6580876942604903,-0.0030914144475489174,0.014845504742290119,-0.20823909332920568
V6E_INI,sem_flag,lado_apostado_MULTI,limpo_500_599,TODOS,427,89,0.21491659190884327,0.21469662885690247,-0.00021996305194081487,0.006350031292588117,-0.03463967999615374,0.6199975800228661,0.6194384471802135,-0.00055913284265267,0.014877467498636228,-0.037582528256500915
V6E_INI,sem_flag,lado_apostado_MULTI,limpo_600_699,TODOS,421,87,0.23274357430889003,0.2410180771794924,0.008274502870602385,0.0047717266999080625,1.734068900207929,0.6563518104907752,0.6766247164270043,0.020272905936229144,0.011291206562780529,1.7954596635451878
V6E_INI,sem_flag,lado_apostado_MULTI,TOTAL,TODOS,2244,466,0.22435036693693003,0.2256358776472561,0.0012855107103260741,0.003014668395687485,0.4264186111364722,0.6405140128156166,0.6439193336576718,0.0034053208420552813,0.006847283529169354,0.4973243517007367
V6E_INI,cWRgrande,flag1,sujo,TODOS,651,93,0.22622394700837892,0.23079158049426143,0.0045676334858825145,0.004260599616756585,1.072063534887998,0.6553865771218944,0.672785924631172,0.017399347509277636,0.011043540950327642,1.5755225237573307
V6E_INI,cWRgrande,flag1,limpo_400_499,TODOS,361,53,0.22868083770895825,0.23399479156119246,0.005313953852234207,0.003911195914616046,1.3586519234119896,0.6488145366159883,0.6627907414030257,0.01397620478703745,0.009303693266019654,1.5022211488940036
V6E_INI,cWRgrande,flag1,limpo_500_599,TODOS,359,51,0.24900003183298455,0.2654970046523635,0.016496972819378935,0.009019940245932678,1.828944801138549,0.70224242630885,0.7692438042593231,0.06700137795047303,0.03370662685093543,1.987780570473002
V6E_INI,cWRgrande,flag1,limpo_600_699,TODOS,427,61,0.2145238010553683,0.21940029087199658,0.004876489816628269,0.005225086789840729,0.9332839841263028,0.6161600609875776,0.6336161247994788,0.017456063811901273,0.01732450215005633,1.0075939649350625
V6E_INI,cWRgrande,flag1,TOTAL,TODOS,1798,258,0.22848623269970653,0.23565894745711663,0.00717271475741011,0.002768736501852313,2.5906093817925577,0.6541068334323125,0.6807362100110455,0.026629376578732995,0.00911566323215924,2.921276916504216
V6E_INI,cWRgrande,flag0,sujo,TODOS,746,107,0.21430931849898854,0.21365843293713901,-0.0006508855618495105,0.005667601647441161,-0.11484320923355222,0.6165327880718948,0.6207674513926823,0.004234663320787452,0.014152389492788624,0.29921896390324987
V6E_INI,cWRgrande,flag0,limpo_400_499,TODOS,353,47,0.19896418574604235,0.19390149695102832,-0.005062688795014033,0.007803651039629667,-0.648758993617722,0.588157881589379,0.5824654047999744,-0.005692476789404475,0.023942041712156095,-0.2377607080399594
V6E_INI,cWRgrande,flag0,limpo_500_599,TODOS,362,49,0.18357742073410044,0.18126474045430874,-0.0023126802797917173,0.006024768550750353,-0.38386209533371785,0.5474169149507023,0.541534216891416,-0.00588269805928633,0.016089837954998125,-0.3656157430385392
V6E_INI,cWRgrande,flag0,limpo_600_699,TODOS,284,39,0.22530488002745283,0.23590362849337165,0.010598748465918796,0.00587160960585449,1.8050839850372462,0.6356318241221746,0.6683655321660159,0.03273370804384128,0.021561393821234422,1.5181628940706033
V6E_INI,cWRgrande,flag0,TOTAL,TODOS,1745,242,0.20661932458575322,0.2065621122816023,-5.7212304150918034e-05,0.003301938312189388,-0.017326884617957252,0.5995630678312528,0.6043289422826207,0.004765874451367869,0.009118798052088685,0.5226428334243276
V6E_INI,cWRgrande,entrou_FIRST,sujo,TODOS,90,90,0.2321847175826879,0.2294925950717546,-0.002692122510933312,0.007134022759725908,-0.3773638803244783,0.6656166066312306,0.6534525698952844,-0.012164036735946158,0.015857108506486087,-0.7671030775232862
V6E_INI,cWRgrande,entrou_FIRST,limpo_400_499,TODOS,52,52,0.23561861947989063,0.23712032372139163,0.0015017042415010023,0.006978360019657978,0.21519443497766164,0.6685954641915163,0.6646501097294569,-0.003945354462059298,0.01803144351862894,-0.21880413833663448
V6E_INI,cWRgrande,entrou_FIRST,limpo_500_599,TODOS,45,45,0.2315899691550903,0.2397561982478325,0.008166229092742174,0.007307328368604569,1.117539637034489,0.659388334942677,0.6791995759624896,0.019811241019812586,0.015733082087440956,1.2592091562038596
V6E_INI,cWRgrande,entrou_FIRST,limpo_600_699,TODOS,52,52,0.2207745237304096,0.22064950625814286,-0.0001250174722667241,0.00855009731501505,-0.014621760157884712,0.6293188772919701,0.6270649915659241,-0.0022538857260459683,0.020472343492027888,-0.11009417299605448
V6E_INI,cWRgrande,entrou_FIRST,TOTAL,TODOS,239,239,0.23033730812283093,0.23116064283073712,0.000823334707906202,0.0038034228454886148,0.21647204146201907,0.6571946252149478,0.6549953869299057,-0.0021992382850421,0.008861058112270422,-0.24819138495398047
V6E_INI,cWRgrande,nao_entrou_FIRST,sujo,TODOS,55,35,0.2641812590761957,0.2704837803652152,0.006302521289019431,0.0029836449467850194,2.1123563297337427,0.7594434838201741,0.7828975337866737,0.02345404996649962,0.009303753772850504,2.520923332573721
V6E_INI,cWRgrande,nao_entrou_FIRST,limpo_400_499,TODOS,31,20,0.2007609920135174,0.19790765705219526,-0.0028533349613221273,0.003124784985662727,-0.9131300151574977,0.5829325123137463,0.574744124629053,-0.008188387684693361,0.007095746955159505,-1.1539853008342367
V6E_INI,cWRgrande,nao_entrou_FIRST,limpo_500_599,TODOS,52,23,0.31751370320099076,0.3366599409495413,0.019146237748550517,0.013490321211711028,1.4192573659350345,0.873309208876765,0.9881198198606849,0.1148106109839199,0.07635816742157595,1.5035799687287772
V6E_INI,cWRgrande,nao_entrou_FIRST,limpo_600_699,TODOS,80,33,0.17633906631875046,0.17990190539883008,0.003562839080079638,0.0028847225968675534,1.2350716439592613,0.5247050473398495,0.5368028189205127,0.012097771580663313,0.015614652033456217,0.7747704883043454
V6E_INI,cWRgrande,nao_entrou_FIRST,TOTAL,TODOS,218,111,0.23564861409890533,0.2427074066513185,0.007058792552413215,0.0036246772933535305,1.9474264827262626,0.6753613859661258,0.7119398548998365,0.03657846893371048,0.01992365788689535,1.8359313907798889
V6E_INI,cWRgrande,lado_apostado_FIRST,sujo,TODOS,90,90,0.23244727874349447,0.23095424475081275,-0.001493033992681732,0.008700651302214164,-0.17160025621320796,0.666806509718302,0.6559125571267173,-0.010893952591584698,0.019535649626787346,-0.5576447571339974
V6E_INI,cWRgrande,lado_apostado_FIRST,limpo_400_499,TODOS,52,52,0.235390952448092,0.23758095180358177,0.002189999355489783,0.00880836447966451,0.24862724068080289,0.6680297599993289,0.6652637884555607,-0.002765971543768196,0.02149386078606746,-0.1286865850346033
V6E_INI,cWRgrande,lado_apostado_FIRST,limpo_500_599,TODOS,45,45,0.23105517531044484,0.24114354173632388,0.01008836642587904,0.00818387112359972,1.2327132567847205,0.6579315073207446,0.680080105397312,0.022148598076567366,0.01747998642251848,1.2670832540255623
V6E_INI,cWRgrande,lado_apostado_FIRST,limpo_600_699,TODOS,52,52,0.22009957178258688,0.21913598518855804,-0.0009635865940288552,0.012190633102114953,-0.07904319537446193,0.6279149980245732,0.6242305053988498,-0.003684492625723414,0.028054329534872784,-0.13133418929664406
V6E_INI,cWRgrande,lado_apostado_FIRST,TOTAL,TODOS,239,239,0.2301391014053549,0.23174318882551878,0.0016040874201638875,0.004768670697373299,0.33638041331884344,0.656939879168718,0.6556043437854099,-0.0013355353833081802,0.010922664770089047,-0.12227193742734378
V6E_INI,cWRgrande,entrou_MULTI,sujo,TODOS,447,90,0.21205485962210033,0.212514304324972,0.00045944470287169253,0.0059877523394188965,0.07673074583379998,0.6154365836270891,0.6154531297649863,1.6546137897217588e-05,0.013684481955090944,0.0012091168632848424
V6E_INI,cWRgrande,entrou_MULTI,limpo_400_499,TODOS,241,52,0.25070395644780763,0.25808138884746723,0.007377432399659614,0.006196320017266191,1.1906151359358823,0.6975902959107035,0.7156954552258896,0.0181051593151861,0.013985899518693404,1.294529486000306
V6E_INI,cWRgrande,entrou_MULTI,limpo_500_599,TODOS,202,45,0.22429782157751652,0.23566863514000738,0.011370813562490858,0.008661906165572244,1.3127380215321984,0.6405161583074236,0.6680583671136522,0.02754220880622867,0.022964792841269857,1.199323198628327
V6E_INI,cWRgrande,entrou_MULTI,limpo_600_699,TODOS,251,52,0.22393789016720544,0.22850363560527667,0.004565745438071231,0.00728465118317942,0.626762397163743,0.637664097863913,0.6464177375735818,0.008753639709668724,0.017607054291087488,0.4971666222497949
V6E_INI,cWRgrande,entrou_MULTI,TOTAL,TODOS,1141,239,0.22499977751588732,0.2297554650137669,0.004755687497879619,0.0034323709190285214,1.3855400858674218,0.6421186386833744,0.652750916741731,0.01063227805835666,0.008186594725385955,1.2987424460364263
V6E_INI,cWRgrande,nao_entrou_MULTI,sujo,TODOS,204,80,0.2572709178989011,0.2708403179828514,0.013569400083950347,0.006069051277576037,2.235835464776289,0.7429240628678648,0.7984121957350201,0.055488132867155315,0.02310939936601932,2.401106666093042
V6E_INI,cWRgrande,nao_entrou_MULTI,limpo_400_499,TODOS,120,44,0.18445107424176904,0.18562087534459057,0.0011698011028215135,0.008004023393830368,0.14615163465454328,0.5508565533657686,0.5565404411421074,0.005683887776338907,0.029273550821338576,0.19416461675690228
V6E_INI,cWRgrande,nao_entrou_MULTI,limpo_500_599,TODOS,157,48,0.2807824934355612,0.3038749068274968,0.023092413391935577,0.011825296477005897,1.9527978378249045,0.7816609367310676,0.8994314367652181,0.11777050003415052,0.05278261643866926,2.2312364937610454
V6E_INI,cWRgrande,nao_entrou_MULTI,limpo_600_699,TODOS,176,55,0.2010980262424642,0.20641767991714827,0.005319653674684049,0.006990837998014885,0.7609464954265305,0.585492372033258,0.6153592793091387,0.02986690727588065,0.03140355139490498,0.9510678235177682
V6E_INI,cWRgrande,nao_entrou_MULTI,TOTAL,TODOS,657,227,0.2345410962685615,0.24591141848887008,0.01137032222030857,0.004182833135446304,2.7183303402552226,0.6749265141150192,0.7293377619445124,0.054411247829493116,0.01801735922409751,3.019934672597314
V6E_INI,cWRgrande,lado_apostado_MULTI,sujo,TODOS,447,90,0.21147251205776102,0.21407481537796982,0.0026023033202088,0.0067444557522953665,0.3858433379629109,0.6140530728794774,0.6186389255646675,0.004585852685190229,0.015462691747517987,0.29657531560934935
V6E_INI,cWRgrande,lado_apostado_MULTI,limpo_400_499,TODOS,241,52,0.24953717721149207,0.2579722331351797,0.008435055923687658,0.007279673033407001,1.15871356927413,0.6948717264603487,0.7143293148318942,0.01945758837154552,0.016034796264384185,1.213460280425508
V6E_INI,cWRgrande,lado_apostado_MULTI,limpo_500_599,TODOS,202,45,0.22551504484194967,0.23628840609059598,0.010773361248646324,0.007833465498739083,1.3752995082930364,0.6431195955505206,0.6683203573115182,0.025200761760997566,0.020350217304864245,1.238353447703672
V6E_INI,cWRgrande,lado_apostado_MULTI,limpo_600_699,TODOS,251,52,0.22455776555596088,0.23044761079630646,0.005889845240345599,0.007701102392945395,0.7648054706740427,0.6392272308018788,0.6506134726394439,0.011386241837564997,0.018208606770775557,0.6253219689405168
V6E_INI,cWRgrande,lado_apostado_MULTI,TOTAL,TODOS,1141,239,0.22487704716074386,0.23088112094627883,0.006004073785534936,0.003678559213021719,1.632180818044504,0.641807189208192,0.6546798057943207,0.012872616586128682,0.008598102343063345,1.4971462390784251
V6E_INI,cPROBSgrande,flag1,sujo,TODOS,669,95,0.21225964152587753,0.21798371415347598,0.005724072627598454,0.005006184482774491,1.1434002576800966,0.6198670741705467,0.6362366553468312,0.01636958117628446,0.012036334901344172,1.3600137675179151
V6E_INI,cPROBSgrande,flag1,limpo_400_499,TODOS,299,41,0.2061783826016953,0.20991043550019303,0.003732052898497709,0.007153407973604182,0.5217167694431591,0.595301102374464,0.6042044611457271,0.008903358771263166,0.018604717933290098,0.4785538164667395
V6E_INI,cPROBSgrande,flag1,limpo_500_599,TODOS,363,50,0.22594726407957855,0.23598332778225695,0.010036063702678375,0.008286304120147945,1.2111628486185937,0.6442395717598396,0.6886105329675993,0.04437096120775965,0.029748998075783406,1.491511112230666
V6E_INI,cPROBSgrande,flag1,limpo_600_699,TODOS,373,53,0.22828238667308604,0.24232138255003727,0.014038995876951251,0.004125699891022144,3.4028155822727775,0.645604151512706,0.6900420462821866,0.04443789476948069,0.01650504813332312,2.692382016127667
V6E_INI,cPROBSgrande,flag1,TOTAL,TODOS,1704,239,0.21761574158959335,0.2257289604808429,0.008113218891249559,0.003032850981750229,2.675112935013872,0.6263822859701417,0.653550917277052,0.02716863130691024,0.009229865254098888,2.9435566564576803
V6E_INI,cPROBSgrande,flag0,sujo,TODOS,728,105,0.22684730895863742,0.22500467734092647,-0.0018426316177109665,0.004748094420657548,-0.38807813292301513,0.6482129793789713,0.6530684522620934,0.004855472883122084,0.012149395094164874,0.39964729482326866
V6E_INI,cPROBSgrande,flag0,limpo_400_499,TODOS,415,59,0.21961639417681922,0.21724368183794157,-0.0023727123388776394,0.004839844385125268,-0.49024558437661986,0.6357753019505008,0.6366761726706286,0.0009008707201278369,0.014389949196232724,0.06260416265845359
V6E_INI,cPROBSgrande,flag0,limpo_500_599,TODOS,358,50,0.20622117562262232,0.21024947689860052,0.004028301275978176,0.007782510372661892,0.5176094965615002,0.6044999712519822,0.620749409990366,0.016249438738383845,0.02702252269534596,0.6013294510501959
V6E_INI,cPROBSgrande,flag0,limpo_600_699,TODOS,338,47,0.20839916789756743,0.2079724230866751,-0.00042674481089232904,0.006520951279806406,-0.0654421099899704,0.6000279159116978,0.6005450093528708,0.0005170934411729805,0.019523070728114635,0.026486276076863692
V6E_INI,cPROBSgrande,flag0,TOTAL,TODOS,1839,261,0.217809540036729,0.21725042131589745,-0.000559118720831552,0.002897933160294751,-0.19293706579991776,0.6280403613832041,0.6334241146508625,0.005383753267658408,0.008506450821981435,0.632902414923308
V6E_INI,cPROBSgrande,entrou_FIRST,sujo,TODOS,94,94,0.2172331950492547,0.20544739770127493,-0.011785797347979772,0.009048406745715883,-1.3025273596989826,0.6297588764794043,0.5982652556583512,-0.03149362082105318,0.021073410101758755,-1.4944719752986142
V6E_INI,cPROBSgrande,entrou_FIRST,limpo_400_499,TODOS,37,37,0.21414585619701862,0.2082911444865599,-0.005854711710458746,0.005430036441933609,-1.0782085485183066,0.6145283745281634,0.5987990321405029,-0.015729342387660567,0.013288162731558584,-1.1837108489275443
V6E_INI,cPROBSgrande,entrou_FIRST,limpo_500_599,TODOS,44,44,0.22326712526959147,0.2232513970095362,-1.572826005530862e-05,0.009276701260962285,-0.0016954582898444123,0.6387560688239559,0.6400277731279425,0.0012717043039865194,0.021967606244361993,0.057889980812675185
V6E_INI,cPROBSgrande,entrou_FIRST,limpo_600_699,TODOS,44,44,0.23601366511765517,0.24999429828657424,0.013980633168919067,0.008329764827748276,1.6783947035751248,0.6623749398430604,0.692414810655764,0.03003987081270362,0.018707412200665532,1.6057737163473056
V6E_INI,cPROBSgrande,entrou_FIRST,TOTAL,TODOS,219,219,0.22169713146556386,0.2184549695111937,-0.003242161954370168,0.004735451832204956,-0.6846573609556764,0.6355463407669167,0.6256619721806699,-0.00988436858624691,0.011060902688474709,-0.8936312762742475
V6E_INI,cPROBSgrande,nao_entrou_FIRST,sujo,TODOS,57,35,0.20945412243837222,0.20951534421822698,6.12217798547705e-05,0.0047090020389210716,0.013001009417442864,0.6129224388315351,0.6081830570562446,-0.004739381775290395,0.015310033615047342,-0.30956050747219344
V6E_INI,cPROBSgrande,nao_entrou_FIRST,limpo_400_499,TODOS,42,18,0.12912552638923153,0.12761476625477053,-0.0015107601344610017,0.0022243570857061585,-0.6791895708513843,0.40472761577057254,0.39584630761203554,-0.008881308158537,0.007476518834224768,-1.1878935043782168
V6E_INI,cPROBSgrande,nao_entrou_FIRST,limpo_500_599,TODOS,55,22,0.20293217394656424,0.21019831088649218,0.007266136939927941,0.010004226631499465,0.7263067109105333,0.5888886377145708,0.6317890881276171,0.042900450413046264,0.05714368861291496,0.750746958315015
V6E_INI,cPROBSgrande,nao_entrou_FIRST,limpo_600_699,TODOS,85,33,0.16671404184931646,0.1702591702962117,0.0035451284468952524,0.0031920726928727507,1.110603920396551,0.5020413695381623,0.5113081904187753,0.009266820880613045,0.016962099894011953,0.5463250976304216
V6E_INI,cPROBSgrande,nao_entrou_FIRST,TOTAL,TODOS,239,108,0.17863648624095343,0.181318541326671,0.0026820550857175438,0.0028807840549891026,0.9310156660554306,0.5313704199196935,0.5418475949980179,0.010477175078324463,0.01486962774342661,0.7046023786947921
V6E_INI,cPROBSgrande,lado_apostado_FIRST,sujo,TODOS,94,94,0.21549994566411976,0.20411469856031825,-0.011385247103801528,0.009699328608571894,-1.1738180613593896,0.6248031297093621,0.5956185783472256,-0.029184551362136452,0.02256467683962336,-1.29337333610241
V6E_INI,cPROBSgrande,lado_apostado_FIRST,limpo_400_499,TODOS,37,37,0.21302111069834495,0.21225564360425586,-0.0007654670940890813,0.004153457587674764,-0.18429635500807265,0.612072153299926,0.6059015256048332,-0.006170627695092769,0.009628243741847987,-0.6408881890134218
V6E_INI,cPROBSgrande,lado_apostado_FIRST,limpo_500_599,TODOS,44,44,0.22263567532403022,0.22457871151792033,0.0019430361938900936,0.011021214834158383,0.17629963875379537,0.6373061582095952,0.6423882246554915,0.005082066445896281,0.02607064595933054,0.19493442754829166
V6E_INI,cPROBSgrande,lado_apostado_FIRST,limpo_600_699,TODOS,44,44,0.23470293579134663,0.2524965235330732,0.017793587741726565,0.01123111757689854,1.5843114115665988,0.6593017147998436,0.6988923084304942,0.03959059363065056,0.025493566919205332,1.5529640774130107
V6E_INI,cPROBSgrande,lado_apostado_FIRST,TOTAL,TODOS,219,219,0.22037294464540003,0.2193221498642516,-0.0010507947811484314,0.0052817109434590125,-0.1989496949752161,0.6320954807177744,0.6275015811315133,-0.004593899586261179,0.012309490436811331,-0.3731998176401516
V6E_INI,cPROBSgrande,entrou_MULTI,sujo,TODOS,448,94,0.21647426559307978,0.22265831953193252,0.006184053938852745,0.007360401899414096,0.8401788412321627,0.6240952667071553,0.638880574419704,0.014785307712548714,0.01676722477714234,0.8817981454333788
V6E_INI,cPROBSgrande,entrou_MULTI,limpo_400_499,TODOS,184,37,0.23318540941044721,0.23785243337976683,0.004667023969319632,0.008723927272095023,0.5349682343464632,0.6595142168605781,0.6709172308724654,0.011403014011887229,0.019814750336474358,0.5754810844574169
V6E_INI,cPROBSgrande,entrou_MULTI,limpo_500_599,TODOS,208,44,0.21780735569958848,0.21691382076455534,-0.0008935349350331458,0.009074161633507648,-0.09847024674253536,0.627092476233303,0.6256864927141896,-0.0014059835191133792,0.02172128962324985,-0.06472836297935343
V6E_INI,cPROBSgrande,entrou_MULTI,limpo_600_699,TODOS,215,44,0.23768072996248055,0.2504463209509452,0.012765590988464632,0.00542964966044373,2.351089257464428,0.6676036400564438,0.6975069483216689,0.029903308265225102,0.01240172444455733,2.4112217941069147
V6E_INI,cPROBSgrande,entrou_MULTI,TOTAL,TODOS,1055,219,0.22397333956840734,0.22983868115228775,0.00586534158388042,0.004038815877714053,1.4522428755034436,0.6397301545552743,0.6538142674827216,0.014084112927447288,0.00931116893410707,1.512604166793365
V6E_INI,cPROBSgrande,nao_entrou_MULTI,sujo,TODOS,221,82,0.20371596920865306,0.20850759103334687,0.004791621824693832,0.003030416698887112,1.5811758912407998,0.6112958965397743,0.6308770365927721,0.01958114005299765,0.012718633882807265,1.539563150682948
V6E_INI,cPROBSgrande,nao_entrou_MULTI,limpo_400_499,TODOS,115,39,0.16296713970769228,0.16520323889287492,0.0022360991851826297,0.008073536730617194,0.27696649681454877,0.4925601191966813,0.49746402958294594,0.004903910386264668,0.026410434917782683,0.1856807887310771
V6E_INI,cPROBSgrande,nao_entrou_MULTI,limpo_500_599,TODOS,155,45,0.2368704959701459,0.2615733759092371,0.024702879939091257,0.012367636062748008,1.9973808910417143,0.6672498676922242,0.7730505353721747,0.10580066767995054,0.05420859994019471,1.951732156828888
V6E_INI,cPROBSgrande,nao_entrou_MULTI,limpo_600_699,TODOS,158,47,0.21549350181726434,0.23126529548551064,0.015771793668246336,0.008047621578785866,1.959808064263604,0.6156681386209109,0.6798841099626379,0.06421597134172724,0.03713281079636947,1.7293592907328665
V6E_INI,cPROBSgrande,nao_entrou_MULTI,TOTAL,TODOS,649,213,0.2072809713774997,0.2190482897437484,0.011767318366248699,0.004055411411362551,2.9016336870973776,0.6046842869604117,0.653122821025925,0.048438534065513336,0.017392210411178853,2.785070610368159
V6E_INI,cPROBSgrande,lado_apostado_MULTI,sujo,TODOS,448,94,0.21622343191209584,0.22405949296335845,0.007836061051262637,0.008027034740915283,0.9762086877886278,0.6232827314623561,0.6419847944422766,0.018702062979920584,0.018410703776189724,1.0158255331937756
V6E_INI,cPROBSgrande,lado_apostado_MULTI,limpo_400_499,TODOS,184,37,0.23036889669305388,0.2380937848486248,0.007724888155570946,0.008766227916610173,0.8812100516955411,0.6523506666666224,0.6698288987167043,0.01747823205008187,0.020058239421933757,0.8713741860598871
V6E_INI,cPROBSgrande,lado_apostado_MULTI,limpo_500_599,TODOS,208,44,0.21807795056692011,0.2184514255055519,0.0003734749386317807,0.009964890931661677,0.03747907941923681,0.627426148986249,0.6288532711513372,0.0014271221650879937,0.023477219976483072,0.06078752793207755
V6E_INI,cPROBSgrande,lado_apostado_MULTI,limpo_600_699,TODOS,215,44,0.23835687959386345,0.25363648431625496,0.015279604722391512,0.006330622586757677,2.413602218896007,0.6691745667263638,0.7044583724355081,0.03528380570914447,0.013808552944973808,2.555213848239432
V6E_INI,cPROBSgrande,lado_apostado_MULTI,TOTAL,TODOS,1055,219,0.22356674627368803,0.23142905203116698,0.007862305757478958,0.004398005442405923,1.7876980509550926,0.6385216655896702,0.6569836357792663,0.018461970189596066,0.010110374637969294,1.8260421448936754
V6E_INI,bisolo,flag1,limpo_400_499,TODOS,338,47,0.23955918135840903,0.24346159997054537,0.003902418612136335,0.007709669353677863,0.5061719813281881,0.6726061252962193,0.6862845714154162,0.013678446119196871,0.019466405214325848,0.7026693407743582
V6E_INI,bisolo,flag1,limpo_500_599,TODOS,351,48,0.24304720632160448,0.254238971568039,0.011191765246434521,0.007893811960910971,1.41778969423829,0.6862193704376938,0.7334523478223599,0.04723297738466611,0.028553622781823728,1.654185100978956
V6E_INI,bisolo,flag1,limpo_600_699,TODOS,327,46,0.1959098658838957,0.19796320186817612,0.002053335984280407,0.005160689805803541,0.397880140358619,0.5699455646902081,0.5762371513626832,0.00629158667247511,0.016002116599518886,0.3931721552800253
V6E_INI,bisolo,flag1,TOTAL,TODOS,1016,141,0.22671564848627887,0.23254120750129884,0.005825559015019972,0.004057235385136925,1.4358444758618236,0.6442677844758373,0.6671609327949374,0.022893148319100106,0.013047572019752797,1.7545906843389738
V6E_INI,bisolo,flag0,limpo_400_499,TODOS,376,53,0.19100302309081016,0.18784395581717855,-0.003159067273631613,0.006185578315718655,-0.5107149424660683,0.5704811424715437,0.5662594691555123,-0.0042216733160313925,0.019333488635483134,-0.21836065883542982
V6E_INI,bisolo,flag0,limpo_500_599,TODOS,370,52,0.1906391035537909,0.19376589647101775,0.003126792917226811,0.007404694407211664,0.4222717029593455,0.5659647438740565,0.5804111842111926,0.014446440337136126,0.02177590139827514,0.6634141142042654
V6E_INI,bisolo,flag0,limpo_600_699,TODOS,384,54,0.2383482365479296,0.2498609054259544,0.011512668878024782,0.006601652166464537,1.7439072201512702,0.6699155844757686,0.7081779893982514,0.03826240492248283,0.024159825592790254,1.5837202456420485
V6E_INI,bisolo,flag0,TOTAL,TODOS,1130,159,0.2069728564880108,0.21085778474787803,0.003884928259867212,0.003947575149464682,0.9841302857512503,0.602792432956988,0.6191203951234889,0.016327962166500856,0.01264684396015563,1.2910701055490785
V6E_INI,bisolo,entrou_FIRST,limpo_400_499,TODOS,44,44,0.26262255677475005,0.2620631427676795,-0.0005594140070705558,0.008248303733825004,-0.06782170311896812,0.7306337818956078,0.7222075299263702,-0.008426251969237636,0.020998197705136074,-0.4012845334424396
V6E_INI,bisolo,entrou_FIRST,limpo_500_599,TODOS,42,42,0.24550603783099628,0.24399972052890437,-0.0015063173020919015,0.008858453413666919,-0.170042921913202,0.6893226979261546,0.6808453952177455,-0.008477302708409115,0.019385696711967517,-0.43729677784424215
V6E_INI,bisolo,entrou_FIRST,limpo_600_699,TODOS,39,39,0.2064279956646847,0.214560766136156,0.008132770471471252,0.004965865452540326,1.6377347612813133,0.5987708965727553,0.6158045430708083,0.017033646498053157,0.010646569731168325,1.5999187464283795
V6E_INI,bisolo,entrou_FIRST,TOTAL,TODOS,125,125,0.2393387033433084,0.2411730913864157,0.001834388043107316,0.004340014951453527,0.4226685999072321,0.6756120374611415,0.675112120765337,-0.0004999166958045253,0.010249595016687103,-0.04877428766606132
V6E_INI,bisolo,nao_entrou_FIRST,limpo_400_499,TODOS,35,16,0.1810659022485413,0.17812962972597923,-0.002936272522562085,0.0016616628742891944,-1.7670687405940433,0.5217027662371976,0.5070180686103125,-0.01468469762688504,0.0050482964781096385,-2.9088421590452636
V6E_INI,bisolo,nao_entrou_FIRST,limpo_500_599,TODOS,55,23,0.17967681314286182,0.18358275622753695,0.0039059430846751244,0.01079668823316905,0.36177233243389206,0.5421952583089322,0.5734264200843104,0.031231161775378193,0.061874376345592265,0.504751136414533
V6E_INI,bisolo,nao_entrou_FIRST,limpo_600_699,TODOS,60,25,0.08892131579086494,0.08424690307300968,-0.00467441271785527,0.002533910952319315,-1.8447422998731395,0.31017414012225936,0.2871597572013751,-0.02301438292088425,0.010646233006894603,-2.1617395473102943
V6E_INI,bisolo,nao_entrou_FIRST,TOTAL,TODOS,150,64,0.14369873499338828,0.14257601878202922,-0.0011227162113590487,0.004061317677032735,-0.276441367221321,0.4446052295508583,0.4434244729205368,-0.0011807566303215363,0.02295313740314018,-0.0514420582068227
V6E_INI,bisolo,lado_apostado_FIRST,limpo_400_499,TODOS,44,44,0.26195737298948335,0.26304928996574684,0.0010919169762634317,0.009125422430756126,0.11965659502876912,0.7293857991175535,0.7244569756738245,-0.004928823443728896,0.022671475730813826,-0.21740196810523058
V6E_INI,bisolo,lado_apostado_FIRST,limpo_500_599,TODOS,42,42,0.2446646839855057,0.2361655698433195,-0.008499114142186213,0.010022761973110146,-0.8479812415967081,0.687248281741159,0.6623366187491007,-0.024911662992058364,0.0221402008088317,-1.1251778250412767
V6E_INI,bisolo,lado_apostado_FIRST,limpo_600_699,TODOS,39,39,0.20560615352822195,0.21280291338114493,0.007196759852922989,0.008795567127191605,0.81822578906528,0.5972279245369805,0.6128337619821475,0.015605837445167014,0.018373549657858142,0.8493643164097356
V6E_INI,bisolo,lado_apostado_FIRST,TOTAL,TODOS,125,125,0.2385654490122333,0.23833949051021544,-0.0002259585020178676,0.005256581400590651,-0.04298582763171479,0.6739943364099462,0.6687580930753142,-0.005236243334632075,0.012091223406306062,-0.4330614991284639
V6E_INI,bisolo,entrou_MULTI,limpo_400_499,TODOS,216,44,0.2640978606536767,0.2664231929011762,0.002325332247499597,0.011103895819131957,0.20941589198748253,0.7287122166203345,0.7357859788491298,0.007073762228795267,0.02405423010260042,0.2940756032773856
V6E_INI,bisolo,entrou_MULTI,limpo_500_599,TODOS,209,42,0.24041315222594728,0.24650452358326402,0.00609137135731674,0.007476897422753689,0.814692380128084,0.6752992016670446,0.6932156326378203,0.01791643097077546,0.018931302846574828,0.9463918630416404
V6E_INI,bisolo,entrou_MULTI,limpo_600_699,TODOS,192,39,0.21928504989674366,0.22279242072038255,0.0035073708236388994,0.007668182620967461,0.45739270919924824,0.6268194203318014,0.6361449381365331,0.009325517804731611,0.017555719932995942,0.5311954075551364
V6E_INI,bisolo,entrou_MULTI,TOTAL,TODOS,617,125,0.24213001020517327,0.24609886527369482,0.003968855068521524,0.005081632324218929,0.7810197226599931,0.6789119945577154,0.6903592654374892,0.011447270879773612,0.011625072734869273,0.984705312461199
V6E_INI,bisolo,nao_entrou_MULTI,limpo_400_499,TODOS,122,42,0.19611365080285323,0.20280828789664151,0.006694637093788263,0.007620952835819864,0.8784514532516527,0.5732707504928677,0.5986427353032675,0.02537198481039972,0.027788873665797607,0.9130267428444723
V6E_INI,bisolo,nao_entrou_MULTI,limpo_500_599,TODOS,142,44,0.24692408875817037,0.2656227717709825,0.018698683012812103,0.010537068817084978,1.7745621042631654,0.7022920132057617,0.7926739920024218,0.0903819787966601,0.049396294825322214,1.829731948849071
V6E_INI,bisolo,nao_entrou_MULTI,limpo_600_699,TODOS,135,41,0.16266515973228973,0.16265053505614918,-1.4624676140560942e-05,0.009904467186906324,-0.0014765737383526012,0.48905830333327543,0.49103496572876343,0.0019766623954880873,0.03513521878071977,0.05625871886054025
V6E_INI,bisolo,nao_entrou_MULTI,TOTAL,TODOS,399,127,0.20287940492598347,0.21157610763771909,0.008696702711735615,0.00551809495365866,1.5760335378008392,0.5906951588605018,0.6312878219166055,0.04059266305610374,0.022967745464141594,1.7673769120908736
V6E_INI,bisolo,lado_apostado_MULTI,limpo_400_499,TODOS,216,44,0.2620138818020092,0.26822617234656887,0.006212290544559741,0.011179460331633568,0.5556878740364014,0.7234211163239186,0.7394778858959543,0.016056769572035706,0.024610986431947465,0.652422836298526
V6E_INI,bisolo,lado_apostado_MULTI,limpo_500_599,TODOS,209,42,0.2420993813200424,0.2431686181270004,0.0010692368069579765,0.006464503377092375,0.16540122954331277,0.6788710691615808,0.6842341004219887,0.005363031260407886,0.01621789387367453,0.3306860497535597
V6E_INI,bisolo,lado_apostado_MULTI,limpo_600_699,TODOS,192,39,0.21970903608884154,0.22440666919676988,0.00469763310792833,0.008341215521262225,0.5631832789782018,0.6275922952845149,0.6403970765300915,0.012804781245576505,0.01812649958399506,0.7064122439217437
V6E_INI,bisolo,lado_apostado_MULTI,TOTAL,TODOS,617,125,0.24210357227581916,0.24610239043951668,0.003998818163697505,0.004973411079842304,0.8040393403040993,0.6785101057947548,0.6899325592147477,0.01142245341999295,0.011199084238285402,1.0199453077550693
V6E_INI,bipro,flag1,limpo_400_499,TODOS,315,45,0.21798094317430936,0.21954198042066952,0.0015610372463601555,0.0093753004654921,0.16650530317464532,0.625243504232385,0.6302113269524653,0.004967822720080372,0.025234874311657978,0.19686338274272058
V6E_INI,bipro,flag1,limpo_500_599,TODOS,307,42,0.23049147657668992,0.24387852298830906,0.013387046411619127,0.006241758378213636,2.1447556282129656,0.6545137066119268,0.6993224426437676,0.04480873603184093,0.02125783382282565,2.1078693344440125
V6E_INI,bipro,flag1,limpo_600_699,TODOS,417,58,0.22969474717230984,0.2379110251597122,0.008216277987402388,0.005553716130155759,1.479419868579411,0.652002975843292,0.6854405207141936,0.03343754487090145,0.02407512950394203,1.3888832816216596
V6E_INI,bipro,flag1,TOTAL,TODOS,1039,145,0.22637881614995617,0.23410522414005946,0.007726407990103288,0.004090390854978323,1.8889167964718214,0.644632004513682,0.6727981280264503,0.02816612351276842,0.014023062394026764,2.008557241017911
V6E_INI,bipro,flag0,limpo_400_499,TODOS,257,35,0.21799758690041535,0.21687544117727323,-0.0011221457231421204,0.006395163139589767,-0.17546788074809033,0.6292714172470717,0.6334975002989904,0.004226083051918674,0.019418950072124706,0.21762675305422838
V6E_INI,bipro,flag0,limpo_500_599,TODOS,414,58,0.20551969667812078,0.20787573467934148,0.002356038001220687,0.0055056578403559885,0.42793033449175416,0.602256633640507,0.6219853196911906,0.019728686050683588,0.01862003895093521,1.059540536014437
V6E_INI,bipro,flag0,limpo_600_699,TODOS,294,42,0.20342020206661793,0.2090872693974833,0.005667067330865355,0.007331656269201277,0.7729586771097677,0.5841310992031986,0.5936775485942423,0.00954644939104375,0.01953186731100891,0.48876276082743014
V6E_INI,bipro,flag0,TOTAL,TODOS,965,135,0.20820318514583877,0.21064165776442142,0.0024384726185826466,0.003590131085996284,0.6792154827143185,0.6039290608553447,0.6164269214670474,0.012497860611702556,0.010892422714138856,1.1473903409458917
V6E_INI,bipro,entrou_FIRST,limpo_400_499,TODOS,43,43,0.2314416869185945,0.22608310857345607,-0.005358578345138463,0.011227050511819865,-0.47729172853519625,0.6567646231737749,0.6391437909428273,-0.017620832230947705,0.02492824200063688,-0.7068622099583886
V6E_INI,bipro,entrou_FIRST,limpo_500_599,TODOS,39,39,0.23142919921556823,0.2318932191185444,0.00046401990297616105,0.009560755373795499,0.048533811904440664,0.657923495376522,0.6536242989906506,-0.0042991963858714745,0.02173530633121136,-0.19779782812160945
V6E_INI,bipro,entrou_FIRST,limpo_600_699,TODOS,51,51,0.23093240423156586,0.23959291632631538,0.008660512094749537,0.005109294313317866,1.695050541945701,0.6542164642710747,0.6704384556925513,0.016221991421476675,0.012184752287131718,1.3313353475891894
V6E_INI,bipro,entrou_FIRST,TOTAL,TODOS,133,133,0.23124273626102693,0.23296727779642049,0.0017245415353935542,0.005065755378830765,0.34043126965826725,0.6561273292780564,0.6553901647480982,-0.0007371645299581083,0.011555612917055074,-0.06379276765753532
V6E_INI,bipro,nao_entrou_FIRST,limpo_400_499,TODOS,33,19,0.1459459548758549,0.1475572076334481,0.001611252757593188,0.003725569996606497,0.4324848973608942,0.447985634786088,0.4498365718352839,0.0018509370491959511,0.009070536522436043,0.20406037113875722
V6E_INI,bipro,nao_entrou_FIRST,limpo_500_599,TODOS,30,16,0.14762731034499496,0.13947691922303146,-0.008150391121963496,0.004125284464093654,-1.9757161458571508,0.45092284685316547,0.4218170561679572,-0.02910579068520826,0.013685208962000988,-2.126806449651211
V6E_INI,bipro,nao_entrou_FIRST,limpo_600_699,TODOS,73,32,0.17661222585731967,0.18116390354515752,0.004551677687837846,0.004614199918120233,0.9864500387083667,0.530545125701276,0.5465162777239361,0.015971152022660102,0.02610914257456613,0.6117072583692651
V6E_INI,bipro,nao_entrou_FIRST,TOTAL,TODOS,136,67,0.16277741403556908,0.16381367931905316,0.001036265283484066,0.0028524292554536874,0.3632921943647801,0.4929485700715369,0.4955500502165472,0.0026014801450103377,0.014653544805934959,0.17753247964661015
V6E_INI,bipro,lado_apostado_FIRST,limpo_400_499,TODOS,43,43,0.23200787126677766,0.23334759012542972,0.0013397188586520825,0.012495367037601414,0.1072172473702103,0.6580309314041067,0.6548377698086875,-0.0031931615954193236,0.027603337921788023,-0.11568027042479088
V6E_INI,bipro,lado_apostado_FIRST,limpo_500_599,TODOS,39,39,0.23107550671368168,0.23218319729565684,0.0011076905819751694,0.011211200227063558,0.09880214067546772,0.6568690669493541,0.6534316976675613,-0.003437369281792824,0.026420066187713784,-0.13010449169091468
V6E_INI,bipro,lado_apostado_FIRST,limpo_600_699,TODOS,51,51,0.23153752010443052,0.237072397124924,0.005534877020493447,0.005875034100357167,0.9421012586389854,0.6557059293643611,0.6663754459913561,0.010669516626995007,0.015023143721445012,0.7102053221899651
V6E_INI,bipro,lado_apostado_FIRST,TOTAL,TODOS,133,133,0.23155411091451866,0.23443446107740765,0.002880350162889,0.0055743032947021915,0.5167193119230666,0.6567986921728106,0.658849684634343,0.002050992461532287,0.01295935277156736,0.15826349492021977
V6E_INI,bipro,entrou_MULTI,limpo_400_499,TODOS,202,43,0.24077145501969222,0.24122299945495684,0.00045154443526464584,0.010551945577789957,0.04279252882189515,0.6790651508246041,0.6808085175448398,0.0017433667202357294,0.023857194709127255,0.07307509292233569
V6E_INI,bipro,entrou_MULTI,limpo_500_599,TODOS,199,39,0.22738235530041415,0.23912769895941058,0.01174534365899642,0.006180432047102433,1.9004081865931979,0.6452114643451679,0.6742519737440636,0.029040509398895655,0.014731960753367957,1.9712589440788824
V6E_INI,bipro,entrou_MULTI,limpo_600_699,TODOS,238,51,0.23183511632478263,0.2338882832107268,0.002053166885944158,0.004314508527765236,0.47587503251676877,0.6558969471108328,0.662425527948966,0.0065285808381332555,0.010661516443074509,0.6123501167016518
V6E_INI,bipro,entrou_MULTI,TOTAL,TODOS,639,133,0.23327336510807278,0.23783860623940056,0.004565241131327787,0.004233267476002542,1.0784201936700504,0.6598931381590558,0.6719197792973087,0.012026641138252844,0.009868652263637746,1.2186710826326785
V6E_INI,bipro,nao_entrou_MULTI,limpo_400_499,TODOS,113,39,0.17724038217636834,0.18078476055406734,0.003544378377699031,0.01222393800707842,0.2899538901168032,0.529031357226825,0.5397632517342384,0.01073189450741327,0.04036580229174394,0.2658660028567864
V6E_INI,bipro,nao_entrou_MULTI,limpo_500_599,TODOS,108,38,0.2362203204098277,0.2526323561526683,0.0164120357428406,0.009948804735761256,1.6496489959087326,0.6716539493071582,0.7455171029311853,0.07386315362402712,0.044888226398308084,1.645490578500806
V6E_INI,bipro,nao_entrou_MULTI,limpo_600_699,TODOS,179,54,0.2268488932153907,0.2432596988125532,0.01641080559716249,0.010825256901835905,1.515973777433338,0.6468255168395228,0.7160414608154456,0.06921594397592284,0.04773561634517093,1.449985341666693
V6E_INI,bipro,nao_entrou_MULTI,TOTAL,TODOS,400,131,0.2153647741893649,0.22814114623636203,0.012776372046997154,0.006541284256600569,1.9531901604956223,0.6202523435151973,0.6742012901212543,0.05394894660605704,0.02728551383320277,1.9772010501927395
V6E_INI,bipro,lado_apostado_MULTI,limpo_400_499,TODOS,202,43,0.2380204010153494,0.24367570778598538,0.005655306770635959,0.011477081858475645,0.49274779428880733,0.6720309163223734,0.6848045063465396,0.012773590024166174,0.026285167056348303,0.4859619113998037
V6E_INI,bipro,lado_apostado_MULTI,limpo_500_599,TODOS,199,39,0.22901917952567197,0.23835295477804197,0.009333775252370008,0.006123745731882795,1.5241937959269682,0.6487916165131327,0.6723307508984878,0.02353913438535513,0.014387578190108337,1.636073429059702
V6E_INI,bipro,lado_apostado_MULTI,limpo_600_699,TODOS,238,51,0.2324013428450618,0.2353946908206129,0.002993347975551108,0.005091956113977374,0.5878581646323295,0.6570830320813605,0.665795007504351,0.008711975422990438,0.012556177076676472,0.6938398024963529
V6E_INI,bipro,lado_apostado_MULTI,TOTAL,TODOS,639,133,0.2331243463659374,0.23893375178232437,0.005809405416386947,0.004429516261155709,1.311521410889055,0.659226194708289,0.6738396580545158,0.014613463346226858,0.010349605633120386,1.4119826266096023
V6E_INI,bisolo30,flag1,limpo_400_499,TODOS,299,42,0.2170306474963215,0.2150193705096544,-0.0020112769866670755,0.005779455252648642,-0.34800459537174133,0.6332365043378508,0.6345828988757957,0.001346394537944952,0.01797854903792222,0.07488894321254717
V6E_INI,bisolo30,flag1,limpo_500_599,TODOS,317,44,0.18298264691373398,0.18634247234442608,0.003359825430692105,0.007821899915288442,0.4295408362519565,0.5437531021367327,0.5515973944044738,0.007844292267741042,0.02172526993894652,0.36106765484550846
V6E_INI,bisolo30,flag1,limpo_600_699,TODOS,312,45,0.24308621721493678,0.2560457189026977,0.01295950168776093,0.006977997441429746,1.8571949612388527,0.6755332253966446,0.7230100156423196,0.047476790245674985,0.026085941679147913,1.820014428830303
V6E_INI,bisolo30,flag1,TOTAL,TODOS,928,131,0.21416008884064014,0.21901683169527095,0.004856742854630767,0.004171110514952727,1.1643764501612135,0.6168898863126236,0.6359652862828501,0.019075399970226344,0.013681564848816784,1.3942410960304756
V6E_INI,bisolo30,flag0,limpo_400_499,TODOS,415,58,0.21179753344551028,0.21356278649377541,0.0017652530482651818,0.005511049074283996,0.3203116184361915,0.6084435304154341,0.614789057294025,0.006345526878590839,0.01531208759034451,0.41441291666801844
V6E_INI,bisolo30,flag0,limpo_500_599,TODOS,404,56,0.24217955114389142,0.2521304380729584,0.00995088692906693,0.005470499358838845,1.8190088831632878,0.6878718338606117,0.7359840054890382,0.04811217162842638,0.01866221565668904,2.578052494596572
V6E_INI,bisolo30,flag0,limpo_600_699,TODOS,399,55,0.19986303059493382,0.20249195588175037,0.0026289252868165413,0.004967497651804809,0.5292252701642225,0.58359252573594,0.5884480489827625,0.004855523246822483,0.013821328948581537,0.3513065396884862
V6E_INI,bisolo30,flag0,TOTAL,TODOS,1218,169,0.21796540578768264,0.22272868946897406,0.0047632836812913715,0.0031620167890483142,1.506406828005805,0.6266483610597147,0.6463594158774335,0.019711054817718905,0.010379286057977227,1.899076170327683
V6E_INI,bisolo30,entrou_FIRST,limpo_400_499,TODOS,41,41,0.2271037666227675,0.2117077929253336,-0.015395973697433856,0.005406935395919336,-2.847449168535163,0.6607308116310524,0.6141160841486609,-0.04661472748239153,0.012953077527808075,-3.5987376268162965
V6E_INI,bisolo30,entrou_FIRST,limpo_500_599,TODOS,38,38,0.19323309745350448,0.19363064584560474,0.00039754839210026795,0.011550153751855214,0.034419316023080015,0.5694614521306761,0.5728742869220893,0.0034128347914132292,0.02690604326376469,0.12684268578462493
V6E_INI,bisolo30,entrou_FIRST,limpo_600_699,TODOS,39,39,0.24914852170717994,0.24978114714426916,0.0006326254370892248,0.007136417583298609,0.08864748029456138,0.6923432389660449,0.689708318466975,-0.0026349204990698074,0.01582943515437423,-0.1664570133661204
V6E_INI,bisolo30,entrou_FIRST,TOTAL,TODOS,118,118,0.22348224136734451,0.21846990500591656,-0.005012336361427951,0.005003764845989303,-1.0017130132415233,0.6417871591314795,0.6258187014690383,-0.01596845766244129,0.011974319182799151,-1.33355871166184
V6E_INI,bisolo30,nao_entrou_FIRST,limpo_400_499,TODOS,28,17,0.20574755992011368,0.2107092143793923,0.004961654459278621,0.007896485137896847,0.6283370857581465,0.6133832713524405,0.6366375987368907,0.023254327384450383,0.035081739141870814,0.6628613048631856
V6E_INI,bisolo30,nao_entrou_FIRST,limpo_500_599,TODOS,56,20,0.08747336443987405,0.08184616855487181,-0.005627195885002237,0.0021032292922780996,-2.6755028116345674,0.31064870062251576,0.2843182423003218,-0.026330458322193932,0.00961964222299477,-2.737155677084712
V6E_INI,bisolo30,nao_entrou_FIRST,limpo_600_699,TODOS,50,22,0.1093865600809696,0.10981676226265652,0.00043020218168692893,0.0031604234879749906,0.13612168854072673,0.35405245039406025,0.3436869170643903,-0.010365533329669985,0.009853975870840937,-1.051913812813649
V6E_INI,bisolo30,nao_entrou_FIRST,TOTAL,TODOS,134,59,0.12036394097346723,0.1192095638420047,-0.0011543771314625178,0.002297384673821347,-0.5024744635134997,0.3901020996450167,0.3800897028856006,-0.010012396759416033,0.009726930687805406,-1.0293480112866964
V6E_INI,bisolo30,lado_apostado_FIRST,limpo_400_499,TODOS,41,41,0.22703145238088535,0.20839785552993764,-0.018633596850947676,0.0071525694950922425,-2.6051612450229493,0.6617831435920424,0.6056717015641743,-0.056111442027868046,0.01767941657859178,-3.1738288296127415
V6E_INI,bisolo30,lado_apostado_FIRST,limpo_500_599,TODOS,38,38,0.1929021556460906,0.19217954513649102,-0.0007226105095995865,0.013791510014213073,-0.052395314860728674,0.5688186494957262,0.5697511329165534,0.0009324834208272722,0.03245523396062818,0.028731372633408796
V6E_INI,bisolo30,lado_apostado_FIRST,limpo_600_699,TODOS,39,39,0.24880673462023112,0.24790645676192385,-0.0009002778583072307,0.00844332723637004,-0.10662595835789004,0.6918495698509632,0.6864673376712751,-0.005382232179688174,0.01810744743464576,-0.29723859197239016
V6E_INI,bisolo30,lado_apostado_FIRST,TOTAL,TODOS,118,118,0.22323757722336232,0.2162329373358401,-0.007004639887522212,0.005912975073240521,-1.184621920566193,0.6417826338330415,0.6208077032554229,-0.020974930577618577,0.014142382936900127,-1.4831256282059124
V6E_INI,bisolo30,entrou_MULTI,limpo_400_499,TODOS,194,41,0.21970536397628404,0.2120000658564101,-0.007705298119873961,0.006653939232785442,-1.1580054837153064,0.6351482351150204,0.6145450349776329,-0.020603200137387565,0.015324110597027258,-1.3444956564973112
V6E_INI,bisolo30,entrou_MULTI,limpo_500_599,TODOS,171,38,0.20117666530219225,0.20366331186543904,0.0024866465632468154,0.012062241460791647,0.20615128384966158,0.588434848818865,0.5914643761790905,0.003029527360225638,0.027164854622473044,0.11152378329753178
V6E_INI,bisolo30,entrou_MULTI,limpo_600_699,TODOS,192,39,0.24978081233009863,0.25676141466767927,0.006980602337580663,0.009976701884332735,0.6996903804996817,0.6927926596568384,0.7132398535737948,0.02044719391695626,0.023137624659574228,0.8837205295615909
V6E_INI,bisolo30,entrou_MULTI,TOTAL,TODOS,557,118,0.22438414065610937,0.2248700731083089,0.0004859324521995406,0.005567363246736893,0.08728233288610228,0.6406773921264863,0.6414797073580859,0.0008023152315996379,0.01292428032541352,0.06207813598889633
V6E_INI,bisolo30,nao_entrou_MULTI,limpo_400_499,TODOS,105,36,0.21208879038096204,0.22059789529755341,0.008509104916591358,0.006701521160267136,1.2697273817534538,0.6297043541400326,0.6716052378876395,0.041900883747606935,0.036404154315156284,1.1509918177157648
V6E_INI,bisolo30,nao_entrou_MULTI,limpo_500_599,TODOS,146,42,0.16167321441766302,0.1660557356451575,0.004382521227494465,0.007928930436806444,0.5527253975076648,0.49142037143368733,0.5049038746547513,0.013483503221063878,0.03237749598984839,0.4164467575037762
V6E_INI,bisolo30,nao_entrou_MULTI,limpo_600_699,TODOS,120,42,0.2323748650306778,0.2549006056787272,0.022525740648049353,0.01433337739143235,1.5715584703374876,0.6479181305803343,0.7386422749519592,0.09072414437162496,0.06262369296946353,1.448719167933193
V6E_INI,bisolo30,nao_entrou_MULTI,TOTAL,TODOS,371,120,0.19881023207186296,0.21022908111019775,0.01141884903833479,0.006388488212971105,1.7874102068702429,0.5811765689586573,0.6276862228356629,0.04650965387700552,0.027883030467805825,1.6680272228912234
V6E_INI,bisolo30,lado_apostado_MULTI,limpo_400_499,TODOS,194,41,0.21926675537928778,0.2135618713463882,-0.005704884032899567,0.007989916702632587,-0.7140104515757808,0.6342962921848235,0.6166168739144897,-0.01767941827033376,0.01763966830056311,-1.0022534420201872
V6E_INI,bisolo30,lado_apostado_MULTI,limpo_500_599,TODOS,171,38,0.2012651515739304,0.20216541985906014,0.0009002682851297204,0.012737000837240428,0.07068133987221835,0.5888514824710313,0.5875135204045423,-0.001337962066488909,0.02916058078238964,-0.04588255894055846
V6E_INI,bisolo30,lado_apostado_MULTI,limpo_600_699,TODOS,192,39,0.2496507400353375,0.2573472540971943,0.007696514061856788,0.010711108419556714,0.7185543979560719,0.6921230457764763,0.7142889032266817,0.02216585745020547,0.024041825191731193,0.9219706604400846
V6E_INI,bisolo30,lado_apostado_MULTI,TOTAL,TODOS,557,118,0.22421370475674818,0.22515612679310576,0.0009424220363575751,0.005975888296694362,0.15770409177140873,0.6402777539954857,0.641350008883502,0.0010722548880163336,0.013687017070095928,0.07834102072971393
V6E_INI,bipro30,flag1,limpo_400_499,TODOS,350,48,0.25230003645873494,0.25558171875688235,0.003281682298147417,0.0072700918310562935,0.4513948894192457,0.7046083345525008,0.7229076129773743,0.018299278424873482,0.020825062429412327,0.8787142169153094
V6E_INI,bipro30,flag1,limpo_500_599,TODOS,317,44,0.2193913342646783,0.22840220889520926,0.009010874630530952,0.006640580684134604,1.3569407645417748,0.6337559387865659,0.6782584278101039,0.04450248902353795,0.027757932842915146,1.6032349842252982
V6E_INI,bipro30,flag1,limpo_600_699,TODOS,321,46,0.2302119696774492,0.23630974406055397,0.006097774383104809,0.007499397701649789,0.8131018817368977,0.6515760959992104,0.6749559682385,0.02337987223928967,0.027529764283974495,0.8492579884855556
V6E_INI,bipro30,flag1,TOTAL,TODOS,988,138,0.23456488662846298,0.24059972634425908,0.006034839715796105,0.004030243837922306,1.4973882371611587,0.664645219134072,0.6930024817433628,0.02835726260929072,0.014430075908590387,1.965149926370749
V6E_INI,bipro30,flag0,limpo_400_499,TODOS,222,32,0.16389353230971607,0.15963563355928512,-0.004257898750430954,0.007718125986342498,-0.5516752069045593,0.504781716091547,0.48787279740894646,-0.01690891868260046,0.01877367844726423,-0.9006715828279508
V6E_INI,bipro30,flag0,limpo_500_599,TODOS,404,56,0.21361134844525442,0.21912812003682405,0.005516771591569616,0.0066837581488335875,0.8253996432429819,0.617250796192302,0.6365989867029372,0.019348190510635244,0.017712208521649217,1.0923646527188524
V6E_INI,bipro30,flag0,limpo_600_699,TODOS,390,54,0.2094620684922505,0.2175003252590314,0.008038256766780936,0.003813374428696574,2.10791175036238,0.6011893776324273,0.6248949503076088,0.023705572675181495,0.0124386470705536,1.905799926689812
V6E_INI,bipro30,flag0,TOTAL,TODOS,1016,142,0.20115507446517464,0.20550393503549258,0.004348860570317932,0.0034317386133304734,1.2672470314099475,0.5865105510931694,0.5996090376700199,0.013098486576850513,0.009555769275308006,1.3707411930399833
V6E_INI,bipro30,entrou_FIRST,limpo_400_499,TODOS,46,46,0.2638377893065126,0.2416214943568796,-0.022216294949632957,0.010754532498159455,-2.065761106160131,0.7303764735833288,0.6760914162216859,-0.054285057361642935,0.023532038568728816,-2.3068574022218837
V6E_INI,bipro30,entrou_FIRST,limpo_500_599,TODOS,39,39,0.21238283865487545,0.2123925350694278,9.69641455232686e-06,0.007694040803479145,0.001260249951877337,0.6138344974517267,0.6150757641916983,0.0012412667399715656,0.016112995466330174,0.0770351324535109
V6E_INI,bipro30,entrou_FIRST,limpo_600_699,TODOS,40,40,0.2323191894202025,0.2325019513257338,0.00018276190553132634,0.006354305949361419,0.028761898937159792,0.653569545154591,0.6556402857046622,0.0020707405500712053,0.01564670940325931,0.13234351688284418
V6E_INI,bipro30,entrou_FIRST,TOTAL,TODOS,125,125,0.23769789273958258,0.229583805289228,-0.008114087450354577,0.0053479548387296355,-1.5172318568572682,0.6694371599330728,0.6505101710228821,-0.018926988910190685,0.012174570274256103,-1.5546330165108988
V6E_INI,bipro30,nao_entrou_FIRST,limpo_400_499,TODOS,32,17,0.21921086079663318,0.2291559831876755,0.00994512239104232,0.003737072147079945,2.6612069555074527,0.6270815891142795,0.6633769413237636,0.03629535220948406,0.019086885278192533,1.9015859151703935
V6E_INI,bipro30,nao_entrou_FIRST,limpo_500_599,TODOS,52,21,0.29877712494436837,0.3158508422661886,0.017073717321820208,0.012948643852625634,1.318571853249182,0.8333901126224389,0.9390690927085046,0.1056789800860657,0.07443715311435514,1.4197074399623377
V6E_INI,bipro30,nao_entrou_FIRST,limpo_600_699,TODOS,50,24,0.19932984487905014,0.2062840286623167,0.006954183783266594,0.005152989079829324,1.349543667866055,0.584287104010559,0.6145229505094449,0.030235846498885922,0.03036449182411963,0.9957632972756844
V6E_INI,bipro30,nao_entrou_FIRST,TOTAL,TODOS,134,62,0.24266903198919348,0.25426445293256167,0.01159542094336817,0.00538066960993371,2.1550144840636345,0.6911735217056099,0.7521328542438428,0.06095933253823286,0.0309633038600826,1.9687605952419265
V6E_INI,bipro30,lado_apostado_FIRST,limpo_400_499,TODOS,46,46,0.264665302864294,0.23914123622718672,-0.025524066637107302,0.011162595235098575,-2.286571007864902,0.7327889737143372,0.6686956646183467,-0.06409330909599051,0.02392747129992222,-2.6786495025990837
V6E_INI,bipro30,lado_apostado_FIRST,limpo_500_599,TODOS,39,39,0.21204974682610603,0.21557440060394215,0.003524653777836141,0.00930886626726432,0.37863405452831395,0.6129614600173408,0.6202553282397657,0.007293868222424876,0.019376266848540158,0.376433101352256
V6E_INI,bipro30,lado_apostado_FIRST,limpo_600_699,TODOS,40,40,0.23077267918209818,0.23797413087538902,0.007201451693290804,0.013432401920337561,0.5361253881472472,0.6499935004127999,0.6703394036090233,0.020345903196223397,0.030892109385756667,0.6586116519969407
V6E_INI,bipro30,lado_apostado_FIRST,TOTAL,TODOS,125,125,0.23740360980207673,0.23141490980015916,-0.005988700001917554,0.0071151723233844845,-0.8416802474671338,0.6689082379843824,0.654108276145246,-0.01479996183913646,0.01624999127192187,-0.9107673715929377
V6E_INI,bipro30,entrou_MULTI,limpo_400_499,TODOS,218,46,0.26966826637461,0.2690434335923716,-0.0006248327822383885,0.00937858288382625,-0.06662336836793736,0.7407252440169023,0.7445534056022308,0.00382816158532856,0.02046827793119049,0.18702900157003605
V6E_INI,bipro30,entrou_MULTI,limpo_500_599,TODOS,163,39,0.19798962552894223,0.19745255996372854,-0.0005370655652136923,0.0031843007766345433,-0.16866043847193096,0.5828601115803749,0.5822349580583653,-0.0006251535220095361,0.009057986585970124,-0.06901683018363415
V6E_INI,bipro30,entrou_MULTI,limpo_600_699,TODOS,198,40,0.23094980500668202,0.2368433975003706,0.005893592493688593,0.008327690372310542,0.7077103290589078,0.6522514422879278,0.6647199944041307,0.012468552116202935,0.02025549507884094,0.6155639280931569
V6E_INI,bipro30,entrou_MULTI,TOTAL,TODOS,579,125,0.23624879520242761,0.23787776943402097,0.0016289742315933348,0.004465505586259458,0.36479054837726654,0.6660277840350527,0.6715569939150565,0.005529209880003892,0.010322311159071893,0.535656191214937
V6E_INI,bipro30,nao_entrou_MULTI,limpo_400_499,TODOS,132,42,0.2236161415976686,0.2333494927406956,0.009733351143027006,0.01056425904769854,0.9213472614671873,0.6449607113461409,0.6871592584908688,0.04219854714472797,0.03866425545636683,1.0914097956017708
V6E_INI,bipro30,nao_entrou_MULTI,limpo_500_599,TODOS,154,42,0.2420437922122431,0.2611606035434648,0.01911681133122171,0.012270023718862374,1.5580093216799538,0.6876261974528591,0.7798936587810998,0.0922674613282408,0.05332484997024869,1.7302901251427656
V6E_INI,bipro30,nao_entrou_MULTI,limpo_600_699,TODOS,123,41,0.2290242347572207,0.23545069218182477,0.006426457424604086,0.012267945512481834,0.5238413732817435,0.6504889531929824,0.6914333895328506,0.040944436339868315,0.05564844583950663,0.73576962882224
V6E_INI,bipro30,nao_entrou_MULTI,TOTAL,TODOS,409,125,0.23218106495529545,0.24445305898735903,0.012271994032063596,0.006751268099698873,1.8177316988212873,0.6626879940053001,0.7233617420186423,0.060673748013342244,0.028696064705380435,2.1143577921318975
V6E_INI,bipro30,lado_apostado_MULTI,limpo_400_499,TODOS,218,46,0.268154174600916,0.2654456888858767,-0.0027084857150392857,0.009837663288558073,-0.2753179932666992,0.7367735514900782,0.7342667700616253,-0.00250678142845283,0.021245716908928604,-0.11798996659883688
V6E_INI,bipro30,lado_apostado_MULTI,limpo_500_599,TODOS,163,39,0.20005206025757355,0.1984661133771936,-0.001585946880379928,0.003188478757562646,-0.49739923046947504,0.5869759450275562,0.584816757353289,-0.002159187674267223,0.008379567494081409,-0.25767292593469576
V6E_INI,bipro30,lado_apostado_MULTI,limpo_600_699,TODOS,198,40,0.23141276645185677,0.2405011517585835,0.009088385306726718,0.008917766616596906,1.0191324462127402,0.6533253125059494,0.6735229977693659,0.020197685263416594,0.021632074873062086,0.9336915382337316
V6E_INI,bipro30,lado_apostado_MULTI,TOTAL,TODOS,579,125,0.236417657413561,0.23805935182349433,0.0016416944099333294,0.004795178374191888,0.3423635747877674,0.6660658465293725,0.6714211414168478,0.005355294887475322,0.010898670239228393,0.4913714031093089
V6E_INI,bisolo35mais,flag1,limpo_400_499,TODOS,427,59,0.19961330394216611,0.19876723879868657,-0.0008460651434795385,0.007821671434013912,-0.10816935364994694,0.5865653015310958,0.5858297860807365,-0.000735515450359219,0.022265406810208437,-0.03303400008042941
V6E_INI,bisolo35mais,flag1,limpo_500_599,TODOS,370,49,0.20489744839786111,0.2149364585092658,0.010039010111404635,0.006705853444875961,1.4970518210587478,0.5943687942963372,0.6241948150971636,0.029826020800826407,0.018320499091729864,1.6280135520047214
V6E_INI,bisolo35mais,flag1,limpo_600_699,TODOS,371,52,0.24196967666617106,0.2507760082664916,0.008806331600320587,0.005194471859881208,1.6953276171029212,0.6742053509730638,0.7070046430394119,0.03279929206634815,0.014965209568147203,2.1917028236049574
V6E_INI,bisolo35mais,flag1,TOTAL,TODOS,1168,160,0.21474117014868407,0.22040924630336978,0.005668076154685693,0.003969744834073714,1.4278187620611293,0.6168750195671484,0.6364727078853141,0.01959768831816571,0.011206265707892744,1.7488152457747597
V6E_INI,bisolo35mais,flag0,limpo_400_499,TODOS,287,41,0.235377209749066,0.2370931610113739,0.0017159512623078665,0.005605696879295152,0.3061084641671932,0.6668236800196679,0.6784962609212849,0.01167258090161716,0.01752823205149821,0.665930304170035
V6E_INI,bisolo35mais,flag0,limpo_500_599,TODOS,351,51,0.22801704224096064,0.2319224246901137,0.0039053824491530544,0.007695421932061559,0.5074942587464889,0.6562777788244634,0.6872986628428464,0.031020884018382905,0.03012981012922639,1.0295744940089138
V6E_INI,bisolo35mais,flag0,limpo_600_699,TODOS,340,48,0.19358087922143946,0.19894898713997558,0.005368107918536095,0.005725891077309176,0.937514850711897,0.5690870555334897,0.582562276049718,0.013475220516228237,0.023927161278160254,0.5631767329009427
V6E_INI,bisolo35mais,flag0,TOTAL,TODOS,978,140,0.21820525558266726,0.2219766502086768,0.003771394626009562,0.0036792655074144626,1.0250400843346152,0.6290608337570734,0.6483041220850224,0.019243288327949006,0.014095184457545285,1.365238488783869
V6E_INI,bisolo35mais,entrou_FIRST,limpo_400_499,TODOS,57,57,0.21321495091438267,0.2111589979540849,-0.0020559529602977447,0.00862462532958144,-0.23838171302886285,0.6171734069505217,0.611094000371896,-0.006079406578625812,0.01920501039335705,-0.31655315222993363
V6E_INI,bisolo35mais,entrou_FIRST,limpo_500_599,TODOS,45,45,0.20728950316465092,0.20889847979419668,0.0016089766295458105,0.0078122821210074075,0.20595475235325092,0.6031504982161219,0.6049042845429072,0.0017537863267853382,0.01814292163457247,0.09666504447902088
V6E_INI,bisolo35mais,entrou_FIRST,limpo_600_699,TODOS,45,45,0.24103098586253408,0.2381812815425452,-0.002849704319988876,0.009546240348554693,-0.298515878077627,0.6708100200928385,0.6664008349282251,-0.004409185164613372,0.02155678560128111,-0.20453815546374113
V6E_INI,bisolo35mais,entrou_FIRST,TOTAL,TODOS,147,147,0.21991615107716417,0.2187391302281376,-0.0011770208490265944,0.004870535224674947,-0.24166150017016813,0.6293000511570269,0.6261298530435307,-0.003170198113496142,0.010993401635192902,-0.288372809317497
V6E_INI,bisolo35mais,nao_entrou_FIRST,limpo_400_499,TODOS,36,16,0.2043555154196128,0.21019306421896802,0.0058375487993552145,0.0044627676549380945,1.3080557292504151,0.5906899304029207,0.6121427971637184,0.021452866760797638,0.024496374872277262,0.8757567955524723
V6E_INI,bisolo35mais,nao_entrou_FIRST,limpo_500_599,TODOS,45,21,0.10033984302615233,0.09762313237741098,-0.0027167106487413465,0.001739986833599336,-1.5613397735438952,0.3404009026999452,0.3258685400282512,-0.014532362671694,0.0067291263507731035,-2.159621013807296
V6E_INI,bisolo35mais,nao_entrou_FIRST,limpo_600_699,TODOS,64,29,0.19341117864184745,0.1987323683228307,0.005321189680983237,0.005758839522764672,0.9240038136066465,0.568741179025053,0.5881181177432311,0.019376938718178208,0.029718217303279337,0.6520222434755535
V6E_INI,bisolo35mais,nao_entrou_FIRST,TOTAL,TODOS,145,66,0.16724418568524932,0.17019905407950006,0.0029548683942507196,0.0029338042987049596,1.0071797889024356,0.503326300507628,0.512695065756772,0.00936876524914407,0.014932069494185398,0.627425773285632
V6E_INI,bisolo35mais,lado_apostado_FIRST,limpo_400_499,TODOS,57,57,0.2138206717890494,0.21313638489241682,-0.0006842868966325748,0.00927855097693745,-0.0737493277057401,0.6191127635352701,0.6141793477140327,-0.00493341582123739,0.020682239796806726,-0.23853392426090592
V6E_INI,bisolo35mais,lado_apostado_FIRST,limpo_500_599,TODOS,45,45,0.20684001019215187,0.20735630978879446,0.0005162995966425608,0.008981918781752845,0.05748210479162266,0.6020947631758801,0.6023296928493262,0.00023492967344621832,0.021281746242324658,0.011039022398406173
V6E_INI,bisolo35mais,lado_apostado_FIRST,limpo_600_699,TODOS,45,45,0.24061792074996535,0.23514075237277152,-0.005477168377193835,0.012332093314972741,-0.44413938796131647,0.6699153376632444,0.6615947029764963,-0.008320634686748202,0.02727306337441865,-0.3050861787148091
V6E_INI,bisolo35mais,lado_apostado_FIRST,TOTAL,TODOS,147,147,0.21988697404334076,0.21810300500774302,-0.0017839690355977147,0.0057066325398455525,-0.31261326590444827,0.6294549799950409,0.6250668070194686,-0.004388172975572249,0.01282226148135922,-0.3422308133359859
V6E_INI,bisolo35mais,entrou_MULTI,limpo_400_499,TODOS,271,57,0.21333012748406954,0.21312048928748287,-0.000209638196586657,0.00915498074322093,-0.02289881349470775,0.6173608301895942,0.6165832809328381,-0.0007775492567561929,0.019701965807857078,-0.03946556726060853
V6E_INI,bisolo35mais,entrou_MULTI,limpo_500_599,TODOS,233,45,0.2201870594325202,0.22837795441196232,0.00819089497944212,0.009978059096786623,0.8208906060778846,0.6309028498185446,0.6488245660744623,0.017921716255917635,0.02220075588397449,0.8072570298768224
V6E_INI,bisolo35mais,entrou_MULTI,limpo_600_699,TODOS,216,45,0.24690978930094973,0.25077881715558376,0.0038690278546340356,0.007863260225600178,0.4920386383802686,0.6849742145532788,0.6986494986354458,0.013675284082167049,0.018214089317858808,0.7508080060175456
V6E_INI,bisolo35mais,entrou_MULTI,TOTAL,TODOS,720,147,0.22562300539578498,0.22935547288958497,0.003732467493799974,0.005193614385721166,0.7186647326111982,0.6420271935175127,0.6516367843519516,0.009609590834438837,0.011506520997734828,0.8351430320537876
V6E_INI,bisolo35mais,nao_entrou_MULTI,limpo_400_499,TODOS,156,51,0.17578471945591082,0.17383306647520066,-0.0019516529807101217,0.008165176101995554,-0.2390215417684796,0.5330679408487041,0.5324054456645859,-0.0006624951841183211,0.03341673931470065,-0.019825249192606805
V6E_INI,bisolo35mais,nao_entrou_MULTI,limpo_500_599,TODOS,137,45,0.17889394933891542,0.19207610416380375,0.01318215482488833,0.008452305551898843,1.5595927932263296,0.5322342327147725,0.5823062605153343,0.05007202780056176,0.03738801224965516,1.3392535411139324
V6E_INI,bisolo35mais,nao_entrou_MULTI,limpo_600_699,TODOS,155,49,0.2350853906718988,0.25077209394362776,0.01568670327172894,0.006450827754171237,2.4317349446488628,0.65919841849999,0.7186479410475195,0.05944952254752957,0.024558681234887515,2.4207131473768593
V6E_INI,bisolo35mais,nao_entrou_MULTI,TOTAL,TODOS,448,145,0.19725250635870048,0.20603138214695252,0.008778875788252028,0.004585544934140982,1.9144672910934173,0.5764518828612057,0.6121018707067896,0.035649987845583896,0.018566206741770324,1.9201546304759396
V6E_INI,bisolo35mais,lado_apostado_MULTI,limpo_400_499,TODOS,271,57,0.2116180179823209,0.21323686586496104,0.0016188478826401303,0.009944716159492502,0.1627847247399712,0.613677439185912,0.616341804123157,0.0026643649372449845,0.021464305111255036,0.12413003465217687
V6E_INI,bisolo35mais,lado_apostado_MULTI,limpo_500_599,TODOS,233,45,0.2218421037573114,0.22772486644902504,0.005882762691713632,0.009512497739412066,0.6184246086430318,0.6343139299074659,0.6470210586085032,0.012707128701037247,0.0211954346175605,0.5995219692503659
V6E_INI,bisolo35mais,lado_apostado_MULTI,limpo_600_699,TODOS,216,45,0.24717416780694226,0.25021308478470516,0.0030389169777628715,0.007916152462569473,0.38388813153005913,0.6856328834419373,0.6967385737552668,0.011105690313329428,0.01742377955848019,0.6373869846123177
V6E_INI,bisolo35mais,lado_apostado_MULTI,TOTAL,TODOS,720,147,0.2255934906874473,0.22901820950767163,0.00342471882022435,0.00524180885950412,0.6533467572009735,0.6419422701545557,0.6503889826448533,0.008446712490297537,0.01148918224179284,0.7351883112770141
V6E_INI,bipro35mais,flag1,limpo_400_499,TODOS,278,38,0.2151371171674849,0.2164153790866166,0.0012782619191316897,0.009973951640404832,0.12816002776205626,0.6220129217964099,0.6298878326855957,0.007874910889185884,0.029307419761400413,0.2687002456476091
V6E_INI,bipro35mais,flag1,limpo_500_599,TODOS,317,44,0.23081828193511325,0.24196681399798697,0.01114853206287373,0.006463551685417634,1.7248306512386746,0.6597410617496037,0.7083047967044754,0.04856373495487174,0.023718635247593885,2.0474928025126675
V6E_INI,bipro35mais,flag1,limpo_600_699,TODOS,383,54,0.2120235439204688,0.21676995183005304,0.004746407909584281,0.00489837968537481,0.9689750926731396,0.6053638805809854,0.6196186439461872,0.014254763365201675,0.01779335379375036,0.8011285298114199
V6E_INI,bipro35mais,flag1,TOTAL,TODOS,978,136,0.2190005432183346,0.22483624435005276,0.005835701131718162,0.0038643279257259745,1.510146458551867,0.6277217536774476,0.651283618275362,0.023561864597914376,0.013077449968892374,1.8017170514099856
V6E_INI,bipro35mais,flag0,limpo_400_499,TODOS,294,42,0.22068455224746053,0.2201674722074514,-0.0005170800400091346,0.004934842645752925,-0.10478146460336468,0.6318192714499891,0.633389823402284,0.001570551952295038,0.012594276540940433,0.12470362606296738
V6E_INI,bipro35mais,flag0,limpo_500_599,TODOS,404,56,0.20464515435731415,0.20848460563687224,0.0038394512795580805,0.005972972627807477,0.6428040975247936,0.5968614794118986,0.6130229992288883,0.016161519816989673,0.017143932598915685,0.9426961826723381
V6E_INI,bipro35mais,flag0,limpo_600_699,TODOS,328,46,0.22677814529542478,0.2367611681205785,0.009983022825153749,0.005829986886576655,1.7123576809648264,0.6456262738715725,0.6800486457107814,0.03442237183920892,0.019719168400906338,1.7456299951080487
V6E_INI,bipro35mais,flag0,TOTAL,TODOS,1026,144,0.21631689315595287,0.2208720084306402,0.004555115274687337,0.003409246473860805,1.3361061776002636,0.6224681494333134,0.6402864089297063,0.01781825949639288,0.010193316283678708,1.7480336134495353
V6E_INI,bipro35mais,entrou_FIRST,limpo_400_499,TODOS,34,34,0.23440283200240616,0.22202822135478026,-0.012374610647625909,0.009539365708366051,-1.2972152474218848,0.6682177109648776,0.6378719014699883,-0.030345809494889343,0.02153133464337073,-1.4093789352826995
V6E_INI,bipro35mais,entrou_FIRST,limpo_500_599,TODOS,41,41,0.21422725430517864,0.20374495324549777,-0.01048230105968089,0.007169389492061541,-1.4620911684722446,0.6210121654519615,0.5941336894485167,-0.026878476003444656,0.016451074442305577,-1.6338431935074087
V6E_INI,bipro35mais,entrou_FIRST,limpo_600_699,TODOS,47,47,0.2325827484924662,0.24359835895670848,0.011015610464242273,0.007561359551717445,1.4568293425142371,0.654279318618131,0.6799802688341884,0.025700950216057335,0.018873032052192356,1.3617817288172211
V6E_INI,bipro35mais,entrou_FIRST,TOTAL,TODOS,122,122,0.22692133519459054,0.22419365147617407,-0.00272768371841648,0.0048089369069307,-0.5672113756546292,0.646983843699905,0.639395070103079,-0.007588773596826014,0.011412687202129831,-0.6649418723584923
V6E_INI,bipro35mais,nao_entrou_FIRST,limpo_400_499,TODOS,38,15,0.16361501324392416,0.16715314738978168,0.0035381341458575297,0.004216996044856778,0.8390176581201171,0.49092851380497926,0.5050767742860102,0.014148260481030935,0.022521094980397085,0.6282225839083725
V6E_INI,bipro35mais,nao_entrou_FIRST,limpo_500_599,TODOS,34,19,0.28327819706737944,0.2979881409282165,0.014709943860837071,0.015025625562962542,0.9789904453027493,0.7932345625097703,0.8768118455029207,0.08357728299315037,0.08065181997257988,1.0362727464992743
V6E_INI,bipro35mais,nao_entrou_FIRST,limpo_600_699,TODOS,73,30,0.114561891078436,0.10934330231673128,-0.00521858876170472,0.0024092169461809435,-2.1660933316848667,0.369232929850922,0.34187604764652574,-0.02735688220439624,0.007609209014356401,-3.5952333748201193
V6E_INI,bipro35mais,nao_entrou_FIRST,TOTAL,TODOS,145,64,0.16697825691231621,0.16872743076891344,0.0017491738565972544,0.004503654815099056,0.3883898585506452,0.5005466381313015,0.5100791148149246,0.009532476683623193,0.023726103990304653,0.40177168099400173
V6E_INI,bipro35mais,lado_apostado_FIRST,limpo_400_499,TODOS,34,34,0.2346834936708635,0.22431922753932743,-0.010364266131536102,0.009437310065650116,-1.0982224870686317,0.6698052943400352,0.6400774536755562,-0.029727840664478963,0.021587839284384208,-1.377064201417458
V6E_INI,bipro35mais,lado_apostado_FIRST,limpo_500_599,TODOS,41,41,0.21370327192295938,0.1988432803845346,-0.014859991538424776,0.00771587522453534,-1.9258983726398538,0.6195541827187174,0.5824285091291858,-0.03712567358953169,0.017700893972137668,-2.0973897503690977
V6E_INI,bipro35mais,lado_apostado_FIRST,limpo_600_699,TODOS,47,47,0.23278369593497508,0.24390181884459525,0.011118122909620144,0.010954446277159267,1.014941570602446,0.6546495306755624,0.6809478254706526,0.02629829479509014,0.026302628134861075,0.999835250692489
V6E_INI,bipro35mais,lado_apostado_FIRST,TOTAL,TODOS,122,122,0.22690087411962723,0.22330175178523792,-0.003599122334389316,0.005853919758566175,-0.6148226287390833,0.6470789298424594,0.6364487712818541,-0.010630158560605306,0.013905226532848099,-0.7644721598381622
V6E_INI,bipro35mais,entrou_MULTI,limpo_400_499,TODOS,166,34,0.23308760877959991,0.23342660086653821,0.000338992086938285,0.011447212336011505,0.029613505628078383,0.6615786391450733,0.6634680667135602,0.001889427568486879,0.02503783286711018,0.07546290361930007
V6E_INI,bipro35mais,entrou_MULTI,limpo_500_599,TODOS,193,41,0.21481265675536682,0.2190678719311023,0.004255215175735474,0.006173272322344541,0.6892965276022992,0.6192567866698243,0.629833423513355,0.01057663684353075,0.01659560590947828,0.6373154979228626
V6E_INI,bipro35mais,entrou_MULTI,limpo_600_699,TODOS,226,47,0.23101717090365623,0.23588465112425755,0.004867480220601326,0.0048743695492043295,0.9985866216064541,0.6525803610090434,0.6667971997022355,0.014216838693192105,0.011619933885767333,1.2234870553442294
V6E_INI,bipro35mais,entrou_MULTI,TOTAL,TODOS,585,122,0.2262585751032918,0.22963905330022275,0.003380478196930942,0.004067031603469744,0.831190540552211,0.6441397872023966,0.6536576358038183,0.009517848601421663,0.009583782504982787,0.993120262951831
V6E_INI,bipro35mais,nao_entrou_MULTI,limpo_400_499,TODOS,112,33,0.18853192424238582,0.19120231823423275,0.0026703939918469146,0.008728434003843282,0.30594193536562153,0.5633708764403551,0.5801171286798626,0.016746252239507618,0.03855890517021141,0.4343031049658769
V6E_INI,bipro35mais,nao_entrou_MULTI,limpo_500_599,TODOS,124,40,0.2557302630616541,0.2776079093117672,0.02187764625011312,0.009095926956711782,2.4052134932734757,0.7227528769947442,0.8304416920745258,0.10768881507978151,0.04317410162097778,2.494291972191421
V6E_INI,bipro35mais,nao_entrou_MULTI,limpo_600_699,TODOS,157,51,0.18468239934594416,0.18925452482056124,0.0045721254746170755,0.00930507255295192,0.49135839066258813,0.5373962081176663,0.5517055636858882,0.01430935556822182,0.034290708272488354,0.41729542167848144
V6E_INI,bipro35mais,nao_entrou_MULTI,TOTAL,TODOS,393,124,0.20819660262622278,0.21768702492041048,0.00949042229418769,0.005388759651102907,1.761151528115622,0.6032826961403096,0.6477497753894917,0.04446707924918215,0.023201973321183955,1.9165214369323769
V6E_INI,bipro35mais,lado_apostado_MULTI,limpo_400_499,TODOS,166,34,0.23090778671800513,0.23250276052451896,0.0015949738065138522,0.011052519000693544,0.1443086238000376,0.6568765391794255,0.658652095719873,0.0017755565404475142,0.023944739861662616,0.07415225852130963
V6E_INI,bipro35mais,lado_apostado_MULTI,limpo_500_599,TODOS,193,41,0.21646388525088245,0.21659894128752177,0.00013505603663931822,0.005529920517379845,0.024422780800348588,0.6227619543016196,0.6239027559580588,0.0011408016564391505,0.014620495283931442,0.07802756570722615
V6E_INI,bipro35mais,lado_apostado_MULTI,limpo_600_699,TODOS,226,47,0.23192568722929421,0.23710566106751735,0.005179973838223117,0.004919706284838852,1.0529030674425293,0.6543903693204735,0.6689862912905962,0.014595921970122567,0.01176531069130198,1.2405895902870836
V6E_INI,bipro35mais,lado_apostado_MULTI,TOTAL,TODOS,585,122,0.22653577395287122,0.22903407404584744,0.0024983000929762605,0.003964271077052544,0.6302041521423302,0.6446611729067081,0.651180139523212,0.006518966616503836,0.00919828154350554,0.708715708001628
V6E_MOM,sem_flag,todas,sujo,TODOS,1397,200,0.22000121700491132,0.22164245517027195,0.001641238165360576,0.0034933325709605146,0.4698201880358923,0.6351671682179592,0.6450079854501317,0.009840817232172554,0.00842162640589514,1.168517428567477
V6E_MOM,sem_flag,todas,limpo_400_499,TODOS,714,100,0.21417938314510987,0.2141727565508452,-6.626594264672258e-06,0.004966209547517319,-0.0013343364192082853,0.619063236382777,0.6230780749872314,0.004014838604454429,0.013882243718576983,0.2892067511451222
V6E_MOM,sem_flag,todas,limpo_500_599,TODOS,721,100,0.2159395492995097,0.2232056320591654,0.007266082759655675,0.005116771760336601,1.4200521539732864,0.6241480445795352,0.6549152735697498,0.03076722899021456,0.016968681868973417,1.8131773126391895
V6E_MOM,sem_flag,todas,limpo_600_699,TODOS,711,100,0.21900710205413385,0.22599234134241925,0.0069852392882854015,0.003503246494778089,1.993933141358321,0.6244439130770301,0.6474963381498255,0.023052425072795476,0.013543441911162595,1.7021097904067883
V6E_MOM,sem_flag,todas,TOTAL,TODOS,3543,500,0.2178019317885705,0.22132816072799655,0.003526228939426026,0.002115296104770309,1.6670143397294837,0.6275275323503825,0.6431040671416971,0.015576534791314649,0.006181214760738738,2.519979550015351
V6E_MOM,sem_flag,entrou_FIRST,sujo,TODOS,194,194,0.21879933026802187,0.21161551475289894,-0.00718381551512293,0.004810130348089351,-1.4934762668077048,0.6305920977106255,0.6103214269756828,-0.02027067073494274,0.011284276419177118,-1.7963642489733458
V6E_MOM,sem_flag,entrou_FIRST,limpo_400_499,TODOS,96,96,0.2293377738735983,0.2172088347909402,-0.012128939082658101,0.005416327589782238,-2.2393289330466333,0.6569155868819112,0.6230833698917138,-0.033832216990197436,0.01169986684660687,-2.8916753868877807
V6E_MOM,sem_flag,entrou_FIRST,limpo_500_599,TODOS,90,90,0.2180150563740512,0.2178439938616498,-0.00017106251240137942,0.007816313828200493,-0.021885317831559253,0.6293102939344101,0.6292795616180343,-3.0732316375772785e-05,0.019323355264689444,-0.0015904233998083924
V6E_MOM,sem_flag,entrou_FIRST,limpo_600_699,TODOS,89,89,0.22542953630683674,0.23148961796773831,0.006060081660901563,0.00520400052653436,1.1645044288527995,0.6387830554566126,0.6515970215231585,0.01281396606654585,0.01197465737603162,1.0700904137928975
V6E_MOM,sem_flag,entrou_FIRST,TOTAL,TODOS,469,469,0.22206413682054318,0.217727064922537,-0.004337071898006207,0.002941700589775624,-1.474341716856036,0.6372886603118555,0.6244043833775504,-0.012884276934305085,0.007005778910624825,-1.8390927116990583
V6E_MOM,sem_flag,nao_entrou_FIRST,sujo,TODOS,106,64,0.2528085436653311,0.25493004585327766,0.002121502187946573,0.001868814236611609,1.1352129849958328,0.7339817170739051,0.7522441550027767,0.01826243792887163,0.009293476152405175,1.9650814861288757
V6E_MOM,sem_flag,nao_entrou_FIRST,limpo_400_499,TODOS,65,34,0.16033853861036682,0.1653710379705742,0.005032499360207386,0.005559144077685378,0.9052651433173022,0.48831507320683837,0.5043776310362539,0.016062557829415527,0.020434248810137928,0.7860605975124714
V6E_MOM,sem_flag,nao_entrou_FIRST,limpo_500_599,TODOS,93,37,0.15282772999603988,0.15356772548951886,0.0007399954934789775,0.007114012194279498,0.10401943000238612,0.47482676871004614,0.4833087815197294,0.008482012809683288,0.03849945181477609,0.22031515800513013
V6E_MOM,sem_flag,nao_entrou_FIRST,limpo_600_699,TODOS,113,51,0.17311049037536771,0.17565066024644876,0.00254016987108104,0.003763155404983223,0.675010622127726,0.5164317374110361,0.521778746628861,0.005347009217824915,0.0185926154211736,0.28758779207231094
V6E_MOM,sem_flag,nao_entrou_FIRST,TOTAL,TODOS,377,186,0.18831346137996607,0.19072155280347142,0.002408091423505356,0.002268568016757707,1.0615028536579032,0.562488640811034,0.5740879084828832,0.01159926767184924,0.011480294118913817,1.0103632843987345
V6E_MOM,sem_flag,lado_apostado_FIRST,sujo,TODOS,194,194,0.21898847965522558,0.21475685676777426,-0.0042316228874513225,0.005593392401478295,-0.7565396066853692,0.6314106787750436,0.6170446829469765,-0.014365995828067194,0.013131304080369714,-1.0940265902107353
V6E_MOM,sem_flag,lado_apostado_FIRST,limpo_400_499,TODOS,96,96,0.23005580537396828,0.2204305440301494,-0.009625261343818876,0.00762566497728238,-1.2622192782522565,0.658707263903253,0.6290595951392105,-0.02964766876404239,0.016606728801645307,-1.7852804798682
V6E_MOM,sem_flag,lado_apostado_FIRST,limpo_500_599,TODOS,90,90,0.21772296314522774,0.21656234772173516,-0.0011606154234925943,0.008220413190637925,-0.1411869934730772,0.6280408393407731,0.6256903749030193,-0.0023504644377538826,0.019833239967246584,-0.11851136988386844
V6E_MOM,sem_flag,lado_apostado_FIRST,limpo_600_699,TODOS,89,89,0.2262862397018822,0.23008592259880328,0.003799682896921068,0.007391816827301235,0.5140391037406616,0.6406200105876866,0.6498143048585381,0.009194294270851392,0.016737163136031605,0.5493340894227172
V6E_MOM,sem_flag,lado_apostado_FIRST,TOTAL,TODOS,469,469,0.22239587289030435,0.2191736052155484,-0.0032222676747559213,0.0034371963075373016,-0.9374697824764704,0.6380989882730158,0.6273816556476743,-0.010717332625341537,0.008063766866882836,-1.329072727704549
V6E_MOM,sem_flag,entrou_MULTI,sujo,TODOS,961,194,0.22106148381114715,0.21993482048710739,-0.0011266633240397488,0.004908364596468631,-0.22953945288627037,0.6338732507348775,0.6317758214092644,-0.0020974293256131697,0.011056881104758937,-0.18969448126835928
V6E_MOM,sem_flag,entrou_MULTI,limpo_400_499,TODOS,456,96,0.23672255129649625,0.234506320974647,-0.00221623032184924,0.005814259945024214,-0.38117152359964024,0.6701167005563778,0.665881713596993,-0.0042349869593849045,0.012669509434208807,-0.3342660567385554
V6E_MOM,sem_flag,entrou_MULTI,limpo_500_599,TODOS,441,90,0.21834268178055072,0.2205146492010766,0.002171967420525897,0.006094700526607691,0.35636983491538565,0.6284495621969113,0.6337902479156089,0.005340685718697574,0.014493704699529307,0.36848313315442505
V6E_MOM,sem_flag,entrou_MULTI,limpo_600_699,TODOS,429,89,0.23447334042647194,0.24069258091684437,0.006219240490372402,0.004749742977875668,1.309384638146035,0.6600427428616656,0.6759574264773074,0.015914683615641648,0.011439609960508211,1.391191104467921
V6E_MOM,sem_flag,entrou_MULTI,TOTAL,TODOS,2287,469,0.22617566901700656,0.22684579027702242,0.0006701212600158414,0.002767188037789146,0.2421668679050944,0.6449628347295225,0.6472522348334413,0.002289400103918726,0.006316336873850337,0.3624569350309438
V6E_MOM,sem_flag,nao_entrou_MULTI,sujo,TODOS,436,166,0.21766425278291,0.2254063013411919,0.007742048558281934,0.003876429001809088,1.9972114940500143,0.6380191285419077,0.6741733745402089,0.03615424599830117,0.015567569120704096,2.3224079313845998
V6E_MOM,sem_flag,nao_entrou_MULTI,limpo_400_499,TODOS,258,87,0.1743356440868456,0.17823436361575365,0.003898719528908052,0.006151172577556897,0.6338172892649572,0.5288292066805989,0.5474251323281182,0.0185959256475193,0.023633714013972483,0.7868389046480467
V6E_MOM,sem_flag,nao_entrou_MULTI,limpo_500_599,TODOS,280,89,0.21215461564187016,0.22744393006065522,0.015289314418785071,0.007010636951571676,2.1808737956909097,0.6173731543321678,0.6881871889750216,0.07081403464285381,0.030991882544299725,2.2849220127764873
V6E_MOM,sem_flag,nao_entrou_MULTI,limpo_600_699,TODOS,282,93,0.19547867559408752,0.20362921092600655,0.008150535331919007,0.006475678511185162,1.2586380435410647,0.5702882464897653,0.6041991505878053,0.03391090409804013,0.028296099718994803,1.1984303290844067
V6E_MOM,sem_flag,nao_entrou_MULTI,TOTAL,TODOS,1256,435,0.20255452968551851,0.21128133049023998,0.008726800804721482,0.0027600051225976662,3.1618784810471574,0.5957802898813591,0.6355508350469369,0.039770545165577764,0.011643514707276495,3.4156821342548374
V6E_MOM,sem_flag,lado_apostado_MULTI,sujo,TODOS,961,194,0.22131278331336332,0.22110049860064573,-0.00021228471271757745,0.005327244841440794,-0.0398488748003862,0.6348042849642116,0.6341960239866454,-0.0006082609775660353,0.012096957783071858,-0.05028214436006535
V6E_MOM,sem_flag,lado_apostado_MULTI,limpo_400_499,TODOS,456,96,0.23560030547094113,0.23448389079597778,-0.0011164146749633645,0.0064982741910606726,-0.17180171875467434,0.6670409222534853,0.6643464228427333,-0.00269449941075206,0.014196468977768729,-0.18980067613795867
V6E_MOM,sem_flag,lado_apostado_MULTI,limpo_500_599,TODOS,441,90,0.21867188255224587,0.21849526079270404,-0.00017662175954183897,0.005975007427200586,-0.02956009037541731,0.6288588142123073,0.6285038850477327,-0.00035492916457456744,0.01407691769402351,-0.02521355685167187
V6E_MOM,sem_flag,lado_apostado_MULTI,limpo_600_699,TODOS,429,89,0.23538403810306824,0.24233387005592938,0.0069498319528611486,0.005174265056870896,1.343153448166031,0.6619960001604613,0.6792311170848276,0.017235116924366436,0.012299009145006078,1.4013419065847779
V6E_MOM,sem_flag,lado_apostado_MULTI,TOTAL,TODOS,2287,469,0.22629181312227722,0.2272496168000711,0.0009578036777938767,0.002948309155431065,0.3248654151582142,0.6451860951179108,0.6475578095334035,0.002371714415492749,0.006731260435101019,0.3523432852375078
V6E_MOM,cWRgrande,flag1,sujo,TODOS,651,93,0.22637115742622235,0.23079158049426143,0.004420423068039067,0.004244758485571591,1.0413838815717265,0.6557791283781301,0.672785924631172,0.017006796253041905,0.010877061708906786,1.5635469125927388
V6E_MOM,cWRgrande,flag1,limpo_400_499,TODOS,361,53,0.22873370646515095,0.23399479156119246,0.005261085096041508,0.003809320788328814,1.381108441211011,0.6490167069701823,0.6627907414030257,0.01377403443284345,0.009313091621163519,1.4789969854417269
V6E_MOM,cWRgrande,flag1,limpo_500_599,TODOS,359,51,0.2484349452140558,0.2654970046523635,0.017062059438307697,0.008627781673108997,1.9775719976186454,0.7010475505400598,0.7692438042593231,0.06819625371926316,0.03273051509207474,2.0835679954140405
V6E_MOM,cWRgrande,flag1,limpo_600_699,TODOS,427,61,0.21447828230525975,0.21940029087199658,0.004922008566736826,0.005286148770064206,0.9311142725703202,0.6163367376683961,0.6336161247994788,0.01727938713108273,0.016908412617041978,1.0219402330924223
V6E_MOM,cWRgrande,flag1,TOTAL,TODOS,1798,258,0.2284265091182326,0.23565894745711663,0.0072324383388840405,0.0027267050905927246,2.652446120351017,0.6540929373852532,0.6807362100110455,0.02664327262579231,0.008940154811733474,2.980180230304786
V6E_MOM,cWRgrande,flag0,sujo,TODOS,746,107,0.21444246202599251,0.21365843293713901,-0.0007840290888534961,0.005558715165056603,-0.14104501950056522,0.6171800555312684,0.6207674513926823,0.00358739586141391,0.01371106579100182,0.26164237821455244
V6E_MOM,cWRgrande,flag0,limpo_400_499,TODOS,353,47,0.19929521680365145,0.19390149695102832,-0.005393719852623117,0.00794872435991373,-0.6785642083431934,0.5884309336007564,0.5824654047999744,-0.005965528800781934,0.024566498116643905,-0.2428318750379918
V6E_MOM,cWRgrande,flag0,limpo_500_599,TODOS,362,49,0.18371345224613395,0.18126474045430874,-0.0024487117918251997,0.005862631942269213,-0.4176813103633778,0.5478858273424403,0.541534216891416,-0.006351610451024247,0.015533289298871157,-0.40890311953990544
V6E_MOM,cWRgrande,flag0,limpo_600_699,TODOS,284,39,0.22581627822585648,0.23590362849337165,0.010087350267515127,0.006148579743181487,1.6405984290439704,0.636633222582265,0.6683655321660159,0.0317323095837509,0.022116053313650057,1.4348088754228892
V6E_MOM,cWRgrande,flag0,TOTAL,TODOS,1745,242,0.20685465956007054,0.2065621122816023,-0.0002925472784682494,0.003278014427367962,-0.08924526872907829,0.6001552697413868,0.6043289422826207,0.004173672541233945,0.009048251324462209,0.4612684143675696
V6E_MOM,cWRgrande,entrou_FIRST,sujo,TODOS,90,90,0.23193445236717888,0.23292254729841697,0.0009880949312380712,0.00751426730382285,0.13149584534148556,0.6666038991044734,0.6609088509838231,-0.005695048120650285,0.01638859439204918,-0.34750070594298194
V6E_MOM,cWRgrande,entrou_FIRST,limpo_400_499,TODOS,52,52,0.2389814169925909,0.2363971035577187,-0.0025843134348722168,0.00507277359101129,-0.5094478175512298,0.6773709463235137,0.6627637599618559,-0.01460718636165784,0.014471454818469294,-1.009379260405479
V6E_MOM,cWRgrande,entrou_FIRST,limpo_500_599,TODOS,46,46,0.24160294396388712,0.24860455665120207,0.0070016126873149506,0.011224507458474933,0.6237790578533104,0.6832473979385653,0.7024369385796057,0.019189540641040358,0.028972444746199068,0.6623376387164517
V6E_MOM,cWRgrande,entrou_FIRST,limpo_600_699,TODOS,54,54,0.21398456665692736,0.21193350598853808,-0.002051060668389295,0.008552018868355061,-0.2398335059781979,0.6130050351366525,0.6055655911691539,-0.0074394439674986,0.020403879645031472,-0.3646092849459721
V6E_MOM,cWRgrande,entrou_FIRST,TOTAL,TODOS,242,242,0.231281142225098,0.23196651888923658,0.0006853766641385825,0.00406598321373233,0.16856357444462924,0.6601210426891676,0.6568518727452759,-0.003269169943891741,0.00978526178331606,-0.33409120944170334
V6E_MOM,cWRgrande,nao_entrou_FIRST,sujo,TODOS,49,32,0.2691200240301769,0.2747065966157194,0.0055865725855425525,0.003325042545474444,1.6801507075890407,0.7729796743330708,0.7988646844920859,0.025885010159015183,0.014184543647821084,1.8248743704201884
V6E_MOM,cWRgrande,nao_entrou_FIRST,limpo_400_499,TODOS,25,17,0.18612128388063734,0.18293090796010883,-0.003190375920528494,0.0057972909230412754,-0.5503218594478978,0.5509168240169671,0.5411185553017327,-0.009798268715234391,0.012815485042429837,-0.7645647966342305
V6E_MOM,cWRgrande,nao_entrou_FIRST,limpo_500_599,TODOS,44,21,0.25018999416749,0.25701408497216655,0.006824090804676567,0.013244180415780286,0.515252026961649,0.7094543014403535,0.7600992771121434,0.050644975671790056,0.0737041612094229,0.6871386206796044
V6E_MOM,cWRgrande,nao_entrou_FIRST,limpo_600_699,TODOS,63,29,0.20903189151074894,0.21600097054184147,0.006969079031092525,0.005267135857076285,1.3231249810520296,0.6053036272506179,0.6314420766346953,0.026138449384077337,0.029151686891827143,0.8966359127370229
V6E_MOM,cWRgrande,nao_entrou_FIRST,TOTAL,TODOS,181,99,0.23213968056928921,0.23729600450875313,0.005156323939463927,0.003792976074872206,1.3594401434861818,0.6685029968116526,0.6955665880860533,0.027063591274400663,0.020424580102634562,1.3250500690053224
V6E_MOM,cWRgrande,lado_apostado_FIRST,sujo,TODOS,90,90,0.23185445494566398,0.23460418128940735,0.002749726343743358,0.00892081215683193,0.30823722049090596,0.6669252955911952,0.6632365170930268,-0.0036887784981683163,0.01981983183723317,-0.18611552955957197
V6E_MOM,cWRgrande,lado_apostado_FIRST,limpo_400_499,TODOS,52,52,0.23991760629520392,0.23711069634048723,-0.0028069099547167148,0.008363142515543782,-0.33562861681476513,0.6795893601363425,0.6642087728942199,-0.015380587242122644,0.020619145427051216,-0.7459371823404541
V6E_MOM,cWRgrande,lado_apostado_FIRST,limpo_500_599,TODOS,46,46,0.2380533684955541,0.25109548372820983,0.013042115232655761,0.011070117864086057,1.1781369803629016,0.6744239493624307,0.7054911192004696,0.031067169838039047,0.026984703981546555,1.1512881467695284
V6E_MOM,cWRgrande,lado_apostado_FIRST,limpo_600_699,TODOS,54,54,0.21576561774124617,0.2080684138545904,-0.007697203886655761,0.011817764717554262,-0.6513248546251926,0.6170873856698275,0.5977241905831151,-0.019363195086712418,0.026970564418225235,-0.7179380745042113
V6E_MOM,cWRgrande,lado_apostado_FIRST,TOTAL,TODOS,242,242,0.23117526769125266,0.23235627737767575,0.0011810096864230868,0.004991639260794972,0.23659756338942614,0.6599510075501648,0.6568588450561226,-0.0030921624940421504,0.011562759046971816,-0.26742427836476973
V6E_MOM,cWRgrande,entrou_MULTI,sujo,TODOS,458,90,0.2111288501948201,0.2119697483384849,0.0008408981436648024,0.005769048900865426,0.14576027316021842,0.6138545623067228,0.61416741879226,0.00031285648553728554,0.01299145707840037,0.024081708745160045
V6E_MOM,cWRgrande,entrou_MULTI,limpo_400_499,TODOS,247,52,0.2520367654521302,0.259720157695825,0.007683392243694792,0.005806775057144727,1.3231771797740042,0.7008767756509668,0.7190806834848296,0.018203907833862644,0.013261297580949098,1.3727093991174737
V6E_MOM,cWRgrande,entrou_MULTI,limpo_500_599,TODOS,209,46,0.23160499546689306,0.24365986261984396,0.012054867152950892,0.00797416409347647,1.5117405425369634,0.658300959851373,0.6875288021707122,0.02922784231933922,0.02158928879610604,1.3538121887836763
V6E_MOM,cWRgrande,entrou_MULTI,limpo_600_699,TODOS,261,54,0.22568271556600242,0.23019524467496943,0.004512529108967009,0.007500496493977573,0.6016307203916816,0.6413766739164943,0.6497970648962159,0.008420390979721559,0.01817547689782852,0.46328308341265967
V6E_MOM,cWRgrande,entrou_MULTI,TOTAL,TODOS,1175,242,0.22660317214571155,0.231692675606476,0.005089503460764442,0.003324019454159396,1.531129264119038,0.6461669494667318,0.6571848172078291,0.01101786774109734,0.00793207666836791,1.3890268843511264
V6E_MOM,cWRgrande,nao_entrou_MULTI,sujo,TODOS,193,78,0.26254202121887643,0.27545686094682953,0.012914839727953124,0.006171931481493346,2.092511844416698,0.7552685131486202,0.8118909799380203,0.05662246678940001,0.023643336165229723,2.394859439196653
V6E_MOM,cWRgrande,nao_entrou_MULTI,limpo_400_499,TODOS,114,43,0.1782437453266959,0.1782564982694886,1.275294279272414e-05,0.008146253710983044,0.001565497865053013,0.5366532248284824,0.5408292002257843,0.004175975397301866,0.029907582977850924,0.13962931743412788
V6E_MOM,cWRgrande,nao_entrou_MULTI,limpo_500_599,TODOS,150,46,0.2718846751951025,0.29592342255100734,0.024038747355904846,0.012477324016342089,1.9265947830175976,0.7606078002329635,0.8831000405027873,0.12249224026982385,0.0549439101069381,2.2294052249178384
V6E_MOM,cWRgrande,nao_entrou_MULTI,limpo_600_699,TODOS,166,55,0.1968616733832487,0.20242750206129828,0.0055658286780496105,0.0064991410555456175,0.8563945035937286,0.5769667174228921,0.608175008141356,0.03120829071846385,0.030986559445988503,1.0071557241733093
V6E_MOM,cWRgrande,nao_entrou_MULTI,TOTAL,TODOS,623,222,0.23186538703590873,0.24313947622838913,0.011274089192480394,0.004282278271740226,2.632731568819521,0.6690416304900085,0.7251549685082834,0.05611333801827478,0.018494915351740415,3.033987285213197
V6E_MOM,cWRgrande,lado_apostado_MULTI,sujo,TODOS,458,90,0.21039118643596205,0.21297978519165262,0.0025885987556905662,0.006525292379637416,0.39670233992402404,0.6122709512950497,0.6162534186631187,0.003982467368068909,0.014935820669365711,0.26663867063141666
V6E_MOM,cWRgrande,lado_apostado_MULTI,limpo_400_499,TODOS,247,52,0.2508473849230937,0.2593277342844794,0.008480349361385697,0.006757038544192305,1.2550393646451201,0.6982050928362551,0.7172152399816475,0.01901014714539238,0.015100271202442422,1.2589275312033832
V6E_MOM,cWRgrande,lado_apostado_MULTI,limpo_500_599,TODOS,209,46,0.2320471145631603,0.24354955671457454,0.01150244215141424,0.0074709407973574705,1.5396243208730476,0.6585794676114015,0.6857388738438304,0.027159406232428837,0.019608348979979196,1.3850939852284112
V6E_MOM,cWRgrande,lado_apostado_MULTI,limpo_600_699,TODOS,261,54,0.2276625904527997,0.23187305601896424,0.00421046556616452,0.008184217379504083,0.5144615997992529,0.6459484302220151,0.653440872992836,0.0074924427708209455,0.019337517993100253,0.3874562792129939
V6E_MOM,cWRgrande,lado_apostado_MULTI,TOTAL,TODOS,1175,242,0.22658404299196253,0.2323569506045439,0.005772907612581329,0.003613597528922403,1.5975513505243197,0.646053108631844,0.6580967851129073,0.012043676481063295,0.008480172828616128,1.4202159230083393
V6E_MOM,cPROBSgrande,flag1,sujo,TODOS,669,95,0.21159933489273522,0.21798371415347598,0.006384379260740776,0.005092222960585364,1.2537509276708645,0.6185999346151855,0.6362366553468312,0.01763672073164565,0.012200477347109828,1.445576286064218
V6E_MOM,cPROBSgrande,flag1,limpo_400_499,TODOS,299,41,0.20670397823116163,0.20991043550019303,0.003206457269031379,0.007061398591300841,0.4540824636328439,0.5965305928218625,0.6042044611457271,0.007673868323864537,0.01825401546172808,0.42039343836175663
V6E_MOM,cPROBSgrande,flag1,limpo_500_599,TODOS,363,50,0.22541118775229715,0.23598332778225695,0.010572140029959761,0.008254220651351025,1.280816260736784,0.643420718855707,0.6886105329675993,0.045189814111892296,0.029409082775288864,1.5365937950932382
V6E_MOM,cPROBSgrande,flag1,limpo_600_699,TODOS,373,53,0.22908771762881397,0.24232138255003727,0.013233664921223303,0.003967078010444842,3.3358721170545795,0.6477700597944508,0.6900420462821866,0.042271986487735835,0.015496476156308111,2.7278450959657876
V6E_MOM,cPROBSgrande,flag1,TOTAL,TODOS,1704,239,0.2175108124201811,0.2257289604808429,0.008218148060661765,0.003016402169393594,2.7244868552504427,0.6264002093657558,0.653550917277052,0.02715070791129625,0.009074281256587883,2.992050515470299
V6E_MOM,cPROBSgrande,flag0,sujo,TODOS,728,105,0.2277221773525018,0.22500467734092647,-0.002717500011575351,0.004762831818286027,-0.570563923996225,0.6503917276688597,0.6530684522620934,0.0026767245932336776,0.012130635407167823,0.2206582345762398
V6E_MOM,cPROBSgrande,flag0,limpo_400_499,TODOS,415,59,0.2195652772879304,0.21724368183794157,-0.002321595449988815,0.004912972387833176,-0.47254396457390524,0.6352975988519661,0.6366761726706286,0.0013785738186625673,0.014966699179503117,0.09210940917089608
V6E_MOM,cPROBSgrande,flag0,limpo_500_599,TODOS,358,50,0.20633562539347108,0.21024947689860052,0.003913851505129463,0.007100959520775619,0.5511722033731524,0.6046061988749253,0.620749409990366,0.016143211115440766,0.025438391610354955,0.6346003066038778
V6E_MOM,cPROBSgrande,flag0,limpo_600_699,TODOS,338,47,0.2078826357542649,0.2079724230866751,8.978733241014234e-05,0.006311396453605912,0.014226222844683419,0.5987023369657936,0.6005450093528708,0.001842672387077262,0.019160025815481856,0.0961727507479833
V6E_MOM,cPROBSgrande,flag0,TOTAL,TODOS,1839,261,0.21807168024084644,0.21725042131589745,-0.0008212589249490144,0.002827579006579871,-0.29044596916228244,0.6285720991615863,0.6334241146508625,0.004852015489276232,0.00833934400501544,0.5818222016453738
V6E_MOM,cPROBSgrande,entrou_FIRST,sujo,TODOS,93,93,0.2084971424646624,0.20094512010567725,-0.007552022358985135,0.008055440368061455,-0.9375058362951463,0.6077331449883284,0.5872145773551589,-0.02051856763316948,0.018549734544955388,-1.1061380734825403
V6E_MOM,cPROBSgrande,entrou_FIRST,limpo_400_499,TODOS,38,38,0.21563721173009,0.2051536916246775,-0.010483520105412487,0.005425521883185979,-1.9322602195931697,0.6177646752983041,0.5906297448444606,-0.027134930453843537,0.01179617798283019,-2.300315449066597
V6E_MOM,cPROBSgrande,entrou_FIRST,limpo_500_599,TODOS,45,45,0.2328360205301382,0.22806680796353518,-0.004769212566603003,0.008665879943921359,-0.5503437155217394,0.6631837954771562,0.650667660773079,-0.0125161347040772,0.02073351414137887,-0.6036668274722493
V6E_MOM,cPROBSgrande,entrou_FIRST,limpo_600_699,TODOS,46,46,0.23005779133622753,0.24079892144649656,0.010741130110269047,0.009001103191278786,1.193312628687135,0.64768763782043,0.6692578438292867,0.021570206008856528,0.020344828915698908,1.0602303955582575
V6E_MOM,cPROBSgrande,entrou_FIRST,TOTAL,TODOS,222,222,0.2191203946859446,0.21542114052461103,-0.003699254161333563,0.004346975838401496,-0.8509948752542139,0.6289691093759545,0.6176612231939415,-0.011307886182013014,0.010013289286970296,-1.1292878751368245
V6E_MOM,cPROBSgrande,nao_entrou_FIRST,sujo,TODOS,56,34,0.253334741565951,0.25629117099328463,0.0029564294273336463,0.0026490356687407916,1.1160398714974544,0.7380117343058294,0.7590924661468866,0.021080731841057247,0.012586489500871833,1.6748698546641652
V6E_MOM,cPROBSgrande,nao_entrou_FIRST,limpo_400_499,TODOS,33,16,0.12287827187987276,0.12428513697382058,0.0014068650939478482,0.0032228826567385193,0.43652383402986267,0.3902619296608996,0.3920738440707983,0.00181191440989874,0.0069567467458896345,0.2604542721020141
V6E_MOM,cPROBSgrande,nao_entrou_FIRST,limpo_500_599,TODOS,50,22,0.13205855534397154,0.1289494659341584,-0.0031090894098131385,0.003251492020956002,-0.9562039180090024,0.41722913475617196,0.39755153927441933,-0.01967759548175264,0.01052392961814454,-1.8697954277293969
V6E_MOM,cPROBSgrande,nao_entrou_FIRST,limpo_600_699,TODOS,74,30,0.19248302243952098,0.19793175751541314,0.005448735075892191,0.004989133432684933,1.0921205354413464,0.565100394308314,0.5828051315875771,0.01770473727926296,0.02671558710703342,0.6627118920625117
V6E_MOM,cPROBSgrande,nao_entrou_FIRST,TOTAL,TODOS,213,102,0.1835136146828741,0.1856720114958146,0.0021583968129405082,0.002095565646863815,1.029982914718384,0.5487614399838496,0.5561162988721299,0.007354858888280241,0.010458571103213242,0.7032374514354612
V6E_MOM,cPROBSgrande,lado_apostado_FIRST,sujo,TODOS,93,93,0.20660743505728266,0.20194712307899992,-0.0046603119782827294,0.009193715960496627,-0.5069018880186275,0.6036658258946284,0.5890183546901828,-0.014647471204445603,0.021616003413122857,-0.6776216178589828
V6E_MOM,cPROBSgrande,lado_apostado_FIRST,limpo_400_499,TODOS,38,38,0.21544347470003286,0.21139398541237264,-0.004049489287660204,0.008523107058002138,-0.47511890442092203,0.6178257193133327,0.6025404739573755,-0.01528524535595713,0.017968300466885644,-0.8506784146963035
V6E_MOM,cPROBSgrande,lado_apostado_FIRST,limpo_500_599,TODOS,45,45,0.2295634419582999,0.2308127750552305,0.0012493330969306383,0.0102038837755316,0.12243701755271617,0.6548769854157569,0.6565282858717161,0.0016513004559592865,0.024984720061838554,0.06609241375817809
V6E_MOM,cPROBSgrande,lado_apostado_FIRST,limpo_600_699,TODOS,46,46,0.2300658334467878,0.24067887013548064,0.010613036688692828,0.010880230353633958,0.975442278678237,0.6480996987568711,0.6701580083655886,0.022058309608717443,0.02469779780845379,0.8931286011729808
V6E_MOM,cPROBSgrande,lado_apostado_FIRST,TOTAL,TODOS,222,222,0.21763390416938858,0.21744079637718305,-0.0001931077922055532,0.005054597783087989,-0.03820438351230758,0.6256772505794245,0.6218301182234756,-0.003847132355948836,0.011815458467459412,-0.3256016147442864
V6E_MOM,cPROBSgrande,entrou_MULTI,sujo,TODOS,450,93,0.2142419935600313,0.222184424652425,0.007942431092393724,0.007437250723830845,1.0679256875049477,0.619024131633212,0.6374991594759724,0.01847502784276031,0.016821853114115812,1.0982754228936444
V6E_MOM,cPROBSgrande,entrou_MULTI,limpo_400_499,TODOS,191,38,0.23768143355446728,0.24252553007313452,0.004844096518667257,0.007773166652502634,0.6231818684998424,0.6694783647660917,0.6813367157398066,0.011858350973714935,0.01778766878256617,0.6666613325596322
V6E_MOM,cPROBSgrande,entrou_MULTI,limpo_500_599,TODOS,214,45,0.22118015393086798,0.22089262374729499,-0.0002875301835730108,0.009234807716070716,-0.031135481367158442,0.6356700415471378,0.6350814601987955,-0.0005885813483422535,0.022114817006889192,-0.026614796231815938
V6E_MOM,cPROBSgrande,entrou_MULTI,limpo_600_699,TODOS,219,46,0.24566307861369166,0.2577714919974463,0.012108413383754669,0.005564636316329705,2.175957725794572,0.6851746489220863,0.7135833073668998,0.028408658444813394,0.012868424678790649,2.207625187536412
V6E_MOM,cPROBSgrande,entrou_MULTI,TOTAL,TODOS,1074,222,0.22620001682357688,0.2328010666358676,0.006601049812290755,0.004002188851393309,1.6493599021427203,0.6448024803634016,0.6603278503411396,0.015525369977737976,0.009220124490373903,1.6838568713412652
V6E_MOM,cPROBSgrande,nao_entrou_MULTI,sujo,TODOS,219,84,0.20616921434349664,0.20935211723782726,0.003182902894330607,0.0028581007945648117,1.1136426330322096,0.6177282969069119,0.6336424687801027,0.015914171873190858,0.012022477418261646,1.3237015400018874
V6E_MOM,cPROBSgrande,nao_entrou_MULTI,limpo_400_499,TODOS,108,38,0.15191977483531557,0.15223003676471314,0.00031026192939755695,0.008539341075066998,0.036333240079079836,0.4675211072538276,0.46779464052101233,0.0002735332671846748,0.027280745134349978,0.010026605425826918
V6E_MOM,cPROBSgrande,nao_entrou_MULTI,limpo_500_599,TODOS,149,43,0.23148797458307466,0.257657224852605,0.02616925026953032,0.013497561126230087,1.9388132437255705,0.6545525641176787,0.7654912146623911,0.11093865054471239,0.05818572009080921,1.9066301898742992
V6E_MOM,cPROBSgrande,nao_entrou_MULTI,limpo_600_699,TODOS,154,48,0.20551626272174767,0.22035012301118934,0.014833860289441688,0.007584475964941525,1.9558187484553593,0.5945778194116444,0.656564538635744,0.06198671922409958,0.035913863616687955,1.7259830322264869
V6E_MOM,cPROBSgrande,nao_entrou_MULTI,TOTAL,TODOS,630,213,0.20269778777058273,0.2136727033213246,0.010974915550741869,0.004196452569331477,2.6152840689654804,0.5950287188078642,0.6419978599582741,0.04696914115040988,0.01782601590456476,2.6348647618104253
V6E_MOM,cPROBSgrande,lado_apostado_MULTI,sujo,TODOS,450,93,0.21390602254647395,0.22341350376944355,0.009507481222969592,0.007963795209826664,1.193837984587819,0.618443251652652,0.6402932738349085,0.021850022182256457,0.018208472220319648,1.199992065115328
V6E_MOM,cPROBSgrande,lado_apostado_MULTI,limpo_400_499,TODOS,191,38,0.23452490698314532,0.24074572969050653,0.006220822707361241,0.008352365927577312,0.7447976730547357,0.6612550008703806,0.6755191345629276,0.014264133692546997,0.019142103002034876,0.7451706686057779
V6E_MOM,cPROBSgrande,lado_apostado_MULTI,limpo_500_599,TODOS,214,45,0.22119362488186667,0.22201861377356663,0.0008249888916999341,0.010024994162761642,0.0822932041960082,0.6350762056084079,0.6374356641063404,0.0023594584979325967,0.023755030478799715,0.09932458306203
V6E_MOM,cPROBSgrande,lado_apostado_MULTI,limpo_600_699,TODOS,219,46,0.2464149781677804,0.2597973847561103,0.013382406588329909,0.006494278648942408,2.060645579245238,0.6870016692702146,0.717778174548244,0.030776505278029248,0.014404542151975352,2.136583374419071
V6E_MOM,cPROBSgrande,lado_apostado_MULTI,TOTAL,TODOS,1074,222,0.22565389508673875,0.2336369848009942,0.007983089714255445,0.004335906296432761,1.8411582650721252,0.643350877076641,0.6617884360074956,0.018437558930854622,0.00997846231865912,1.8477354868973652
V6E_MOM,bisolo,flag1,limpo_400_499,TODOS,338,47,0.23923336679210044,0.24346159997054537,0.004228233178444922,0.00757966073099889,0.5578393715107222,0.6720747570818754,0.6862845714154162,0.014209814333540795,0.01917412903269655,0.7410930796027089
V6E_MOM,bisolo,flag1,limpo_500_599,TODOS,351,48,0.2429056827083018,0.254238971568039,0.0113332888597372,0.0076485253815652505,1.4817612931053479,0.6862432319874516,0.7334523478223599,0.04720911583490823,0.028023868451697024,1.6846038196432305
V6E_MOM,bisolo,flag1,limpo_600_699,TODOS,327,46,0.19546528424444326,0.19796320186817612,0.002497917623732843,0.004946892042437045,0.5049468640723085,0.568703611712106,0.5762371513626832,0.007533539650577093,0.015546860929864384,0.48456982310208446
V6E_MOM,bisolo,flag1,TOTAL,TODOS,1016,141,0.22641527613609924,0.23254120750129884,0.006125931365199587,0.003947069385029573,1.5520201870364863,0.6436995308574095,0.6671609327949374,0.023461401937527843,0.012793002764375875,1.8339245577949692
V6E_MOM,bisolo,flag0,limpo_400_499,TODOS,376,53,0.19165745103691093,0.18784395581717855,-0.0038134952197323387,0.0062925354338100176,-0.6060347629100812,0.5714092629883749,0.5662594691555123,-0.0051497938328625694,0.01985436614471864,-0.2593784055016251
V6E_MOM,bisolo,flag0,limpo_500_599,TODOS,370,52,0.19035816328197994,0.19376589647101775,0.003407733189037794,0.007333860112871452,0.46465751140480266,0.5652415289574306,0.5804111842111926,0.015169655253761915,0.021556626068184,0.7037119447997112
V6E_MOM,bisolo,flag0,limpo_600_699,TODOS,384,54,0.23905443128269846,0.2498609054259544,0.01080647414325594,0.006451149322756265,1.6751238581839019,0.6719102634580981,0.7081779893982514,0.03626772594015332,0.023582588766644156,1.5379026577205706
V6E_MOM,bisolo,flag0,TOTAL,TODOS,1130,159,0.2073386049705905,0.21085778474787803,0.003519179777287527,0.003917967817987102,0.8982155905240548,0.6035422918281309,0.6191203951234889,0.015578103295357925,0.012535194941192493,1.2427491848703516
V6E_MOM,bisolo,entrou_FIRST,limpo_400_499,TODOS,45,45,0.26141062971480256,0.25747835982458683,-0.003932269890215744,0.006465225293545031,-0.6082185402172723,0.7281985100467002,0.7109953983175651,-0.017203111729135058,0.015413970975136514,-1.1160726691963099
V6E_MOM,bisolo,entrou_FIRST,limpo_500_599,TODOS,42,42,0.2458674144262627,0.24764405060946246,0.0017766361831997768,0.011457161004391446,0.15506775042428095,0.6905993852943783,0.6929370540426252,0.0023376687482468974,0.02947369469826777,0.07931373287870444
V6E_MOM,bisolo,entrou_FIRST,limpo_600_699,TODOS,41,41,0.1973567391608676,0.2083060788804364,0.01094933971956881,0.006432497036355948,1.702191179830171,0.5759974547812321,0.6004779147968123,0.024480460015580244,0.014357899984161522,1.7050167533263998
V6E_MOM,bisolo,entrou_FIRST,TOTAL,TODOS,128,128,0.2357932503801931,0.23850098087345095,0.0027077304932578384,0.004883319179956773,0.5544856671199213,0.6671093967226243,0.6696698726621093,0.0025604759394850162,0.012178703869817393,0.21024207229725572
V6E_MOM,bisolo,nao_entrou_FIRST,limpo_400_499,TODOS,25,14,0.1919970351820778,0.19308360691904142,0.001086571736963613,0.005250728745281743,0.20693732045099383,0.5451877547241126,0.5426993320781572,-0.002488422645955408,0.01625655345378079,-0.15307196897732803
V6E_MOM,bisolo,nao_entrou_FIRST,limpo_500_599,TODOS,56,22,0.16418426086234378,0.1685299294807059,0.004345668618362122,0.010807657710085452,0.4020916219715995,0.5078960075259522,0.536931716635909,0.02903570910995683,0.06123257924288576,0.47418726222169244
V6E_MOM,bisolo,nao_entrou_FIRST,limpo_600_699,TODOS,47,22,0.1253566777488433,0.12070364897628422,-0.004653028772559059,0.002814430561309124,-1.6532753859788663,0.39480497250364105,0.3748763231502392,-0.019928649353401804,0.011878627556048202,-1.6776895528856615
V6E_MOM,bisolo,nao_entrou_FIRST,TOTAL,TODOS,128,58,0.15535944017217837,0.15576435723266346,0.00040491706048510464,0.004845994254206646,0.08355706574220752,0.47365393747833806,0.47855348923145374,0.004899551753115721,0.026576596552329024,0.18435587654982677
V6E_MOM,bisolo,lado_apostado_FIRST,limpo_400_499,TODOS,45,45,0.2613089371398305,0.2607150105253459,-0.0005939266144845715,0.008350766184609686,-0.07112240977111389,0.7285614409029184,0.7182999841761691,-0.010261456726749293,0.018404664090406385,-0.557546536918225
V6E_MOM,bisolo,lado_apostado_FIRST,limpo_500_599,TODOS,42,42,0.2453116191525908,0.240036536255696,-0.005275082896894826,0.012563324063039444,-0.4198795534068733,0.6899168882617023,0.6737926273323884,-0.01612426092931392,0.03034519211556535,-0.531361306526153
V6E_MOM,bisolo,lado_apostado_FIRST,limpo_600_699,TODOS,41,41,0.19937868827897864,0.20468065407480704,0.005301965795828404,0.010466829180517065,0.5065493765482934,0.5800288460097026,0.5943703185738022,0.014341472564099532,0.023428348840334855,0.6121418398640573
V6E_MOM,bisolo,lado_apostado_FIRST,TOTAL,TODOS,128,128,0.23622278433702584,0.23598138135505378,-0.00024140298197206165,0.005883361971765977,-0.04103146859407004,0.6683043502657862,0.6639997866985453,-0.004304563567240796,0.013764078612920167,-0.3127389553849363
V6E_MOM,bisolo,entrou_MULTI,limpo_400_499,TODOS,220,45,0.2691963691860414,0.2721771791629441,0.0029808099769026977,0.010871556137568976,0.2741842970025123,0.7398859183826697,0.7484617133634263,0.008575794980756554,0.023668824066972755,0.36232450570804375
V6E_MOM,bisolo,entrou_MULTI,limpo_500_599,TODOS,213,42,0.2425869440011093,0.24901861819628757,0.006431674195178258,0.007173834529023869,0.8965462151596916,0.6812711744048272,0.700180845776931,0.018909671372103802,0.018539945326208274,1.0199421324815279
V6E_MOM,bisolo,entrou_MULTI,limpo_600_699,TODOS,192,41,0.22126428214355112,0.22530874579616786,0.004044463652616707,0.007235663472876664,0.5589623768128011,0.6305477906259912,0.6413006714968091,0.010752880870817943,0.016446615498402362,0.6538050866369732
V6E_MOM,bisolo,entrou_MULTI,TOTAL,TODOS,625,128,0.24540313994356353,0.2498867588552339,0.004483618911670352,0.004917661970384326,0.9117379231578105,0.6863213407881693,0.699087721628524,0.012766380840354554,0.011322600559380235,1.1275131338779072
V6E_MOM,bisolo,nao_entrou_MULTI,limpo_400_499,TODOS,118,41,0.18337014198983762,0.1899240794423443,0.006553937452506691,0.007177382028749372,0.9131376073134407,0.5456471682159875,0.5703610864276005,0.024713918211613114,0.026934917098323397,0.91754201883738
V6E_MOM,bisolo,nao_entrou_MULTI,limpo_500_599,TODOS,138,42,0.2433976489737511,0.26229647351139446,0.01889882453764339,0.01055743749876718,1.7900958011686317,0.6939174947780241,0.7848061879359567,0.09088869315793245,0.04910975313508339,1.8507259221590897
V6E_MOM,bisolo,nao_entrou_MULTI,limpo_600_699,TODOS,135,42,0.15877337612126766,0.1590717616150323,0.00029838549376468243,0.009746775827469254,0.030613763879101967,0.4807474461456917,0.48370236717192633,0.0029549210262345515,0.03450443689992529,0.08563887116328942
V6E_MOM,bisolo,nao_entrou_MULTI,TOTAL,TODOS,391,125,0.1960638314310732,0.20481494254935662,0.008751111118283401,0.005483778277997879,1.5958178238888283,0.5755700392801081,0.616127063176033,0.04055702389592504,0.022805468046531746,1.7783903322296843
V6E_MOM,bisolo,lado_apostado_MULTI,limpo_400_499,TODOS,220,45,0.2672190618624104,0.2728623738025262,0.005643311940115847,0.010994064522629694,0.5133053320271046,0.7349519391978222,0.7494043059640546,0.014452366766232384,0.024198448085591243,0.5972435387225481
V6E_MOM,bisolo,lado_apostado_MULTI,limpo_500_599,TODOS,213,42,0.244473065070535,0.24564433311189904,0.001171268041364041,0.0066039400679218235,0.1773589749933367,0.6850372399160948,0.6906190879250564,0.005581848008961533,0.01654321906323835,0.33741002809817605
V6E_MOM,bisolo,lado_apostado_MULTI,limpo_600_699,TODOS,192,41,0.22282670866311316,0.22611256427602847,0.003285855612915295,0.007960759637144004,0.41275654117025024,0.6335144916753132,0.6437725702872339,0.010258078611920773,0.017148008800952245,0.5982081494704582
V6E_MOM,bisolo,lado_apostado_MULTI,TOTAL,TODOS,625,128,0.24582989525291513,0.24922492404862037,0.003395028795705222,0.004884540404121229,0.6950559346055848,0.6867794258036948,0.6969202344564447,0.010140808652749952,0.011016603438334839,0.9205022863455942
V6E_MOM,bipro,flag1,limpo_400_499,TODOS,315,45,0.21813120848604284,0.21954198042066952,0.0014107719346266954,0.0093012547643365,0.151675442762408,0.6253406665322265,0.6302113269524653,0.004870660420238758,0.024923622475028242,0.1954234552027429
V6E_MOM,bipro,flag1,limpo_500_599,TODOS,307,42,0.23015465068072255,0.24387852298830906,0.013723872307586505,0.006327844458107844,2.168806834371878,0.6537189957359412,0.6993224426437676,0.045603446907826486,0.021972048400696918,2.075520956270059
V6E_MOM,bipro,flag1,limpo_600_699,TODOS,417,58,0.22998291914686098,0.2379110251597122,0.00792810601285125,0.0053615267196592455,1.4787030686205598,0.6530071249255949,0.6854405207141936,0.03243339578859861,0.023359927140337532,1.3884202460800128
V6E_MOM,bipro,flag1,TOTAL,TODOS,1039,145,0.22644050598298976,0.23410522414005946,0.007664718157069718,0.004047217485503739,1.8938241358471806,0.6448296561526067,0.6727981280264503,0.027968471873843655,0.013865932104973127,2.0170639566172794
V6E_MOM,bipro,flag0,limpo_400_499,TODOS,257,35,0.21833160037078866,0.21687544117727323,-0.0014561591935154448,0.006568309639827654,-0.2216946632183517,0.6294421267990338,0.6334975002989904,0.004055373499956738,0.02025540374103061,0.20021193118663538
V6E_MOM,bipro,flag0,limpo_500_599,TODOS,414,58,0.2053983992414606,0.20787573467934148,0.0024773354378808798,0.005157300305733446,0.4803550871619382,0.6022198271761133,0.6219853196911906,0.019765492515077216,0.017863470430355622,1.1064755077764432
V6E_MOM,bipro,flag0,limpo_600_699,TODOS,294,42,0.2034393614838372,0.2090872693974833,0.005647907913646086,0.00718031155506544,0.7865825696186817,0.5839307860673308,0.5936775485942423,0.00974676252691144,0.0189622682671724,0.5140082604877549
V6E_MOM,bipro,flag0,TOTAL,TODOS,965,135,0.20824593871244093,0.21064165776442142,0.0023957190519804813,0.003499499092988929,0.6845891335649106,0.6038977058466921,0.6164269214670474,0.012529215620355246,0.010685361677218896,1.1725588706152485
V6E_MOM,bipro,entrou_FIRST,limpo_400_499,TODOS,43,43,0.23872790288056944,0.2289149743182368,-0.009812928562332637,0.010500951504321421,-0.9344799429170162,0.6735358047835689,0.645687475426927,-0.027848329356641867,0.023388321684205966,-1.1906937886632423
V6E_MOM,bipro,entrou_FIRST,limpo_500_599,TODOS,39,39,0.23039587109065784,0.23870074843522296,0.008304877344565129,0.010028551343511327,0.828123331086952,0.6550002812817494,0.672746168217454,0.017745886935704645,0.023675827522221048,0.7495360793217963
V6E_MOM,bipro,entrou_FIRST,limpo_600_699,TODOS,52,52,0.2275371192501402,0.23816247662636073,0.01062535737622052,0.0060458392960873,1.7574660615105924,0.6455289572313784,0.6668495887599188,0.021320631528540523,0.013937858354861636,1.5296920793504634
V6E_MOM,bipro,entrou_FIRST,TOTAL,TODOS,134,134,0.23196021639856293,0.2353516557405122,0.0033914393419492805,0.005243319323217721,0.6468115201246263,0.6572728085948759,0.6617749299951817,0.004502121400305881,0.012107183318931604,0.3718553921014859
V6E_MOM,bipro,nao_entrou_FIRST,limpo_400_499,TODOS,27,16,0.12830693852764025,0.13424120647930482,0.0059342679516645735,0.005281470912960593,1.123601369668066,0.40405250208959226,0.41548046898997015,0.011427966900377902,0.012845206613190803,0.8896678149686178
V6E_MOM,bipro,nao_entrou_FIRST,limpo_500_599,TODOS,28,14,0.11784466089045097,0.108500983246125,-0.009343677644325952,0.0047743907215138225,-1.95704084339443,0.3800114884487586,0.344347631536096,-0.03566385691266258,0.013791862324953155,-2.585862305784271
V6E_MOM,bipro,nao_entrou_FIRST,limpo_600_699,TODOS,65,29,0.20786515430347313,0.21270656654981188,0.004841412246338735,0.005488152058856524,0.8821570893841925,0.6055270270400958,0.6235369107021275,0.018009883662031774,0.0305616576405912,0.589296689133495
V6E_MOM,bipro,nao_entrou_FIRST,TOTAL,TODOS,120,59,0.16895977395753892,0.1707372244297542,0.0017774504722152878,0.003362615738477685,0.5285916115470186,0.5075749665882537,0.5115800461781514,0.004005079589897635,0.01684234980987657,0.2377981478302395
V6E_MOM,bipro,lado_apostado_FIRST,limpo_400_499,TODOS,43,43,0.2410778766735588,0.2361864727350999,-0.004891403938458913,0.013308095324011887,-0.36755101457932293,0.6788361957313644,0.661252995498092,-0.017583200233272357,0.02971927760577331,-0.5916429216925724
V6E_MOM,bipro,lado_apostado_FIRST,limpo_500_599,TODOS,39,39,0.2306089740132972,0.23871557514883313,0.00810660113553592,0.010716872835705838,0.7564334540321156,0.655478899164538,0.6709681473217931,0.01548924815725503,0.024722691609022858,0.626519490766209
V6E_MOM,bipro,lado_apostado_FIRST,limpo_600_699,TODOS,52,52,0.22798914299328918,0.2360250730399513,0.008035930046662126,0.007675952947560404,1.0468967308112709,0.6468543496002602,0.6638729081431334,0.017018558542873166,0.018936444407859316,0.8987198534382644
V6E_MOM,bipro,lado_apostado_FIRST,TOTAL,TODOS,134,134,0.2329517471577064,0.23685992206336756,0.003908174905661181,0.006085075222129287,0.6422558083503254,0.6596273109185014,0.6650972222045584,0.005469911286057012,0.014133544157360095,0.3870162519150256
V6E_MOM,bipro,entrou_MULTI,limpo_400_499,TODOS,208,43,0.2459896916946998,0.24656724340124453,0.0005775517065447152,0.01038250515196021,0.05562739416851374,0.6908823303286943,0.693438976072282,0.002556645743587784,0.02366272677297998,0.1080452717100706
V6E_MOM,bipro,entrou_MULTI,limpo_500_599,TODOS,201,39,0.23076918430159504,0.24332667813473552,0.012557493833140455,0.0063314938900511765,1.9833382217855942,0.6536443971102116,0.6846979589713736,0.031053561861162135,0.015000711233099982,2.0701393006379964
V6E_MOM,bipro,entrou_MULTI,limpo_600_699,TODOS,243,52,0.23475033558138456,0.23708085015940444,0.002330514578019901,0.004298513831618716,0.5421675186612779,0.6622103390121162,0.6695361783226513,0.00732583931053492,0.010893476681527006,0.672497819080842
V6E_MOM,bipro,entrou_MULTI,TOTAL,TODOS,652,134,0.23710857893158682,0.24203266184244782,0.004924082910860995,0.004223327442265096,1.1659249674991015,0.6687165044593024,0.6818357179581058,0.013119213498803427,0.009922895918211746,1.3221153992682113
V6E_MOM,bipro,nao_entrou_MULTI,limpo_400_499,TODOS,107,38,0.1639764000056629,0.16700688976684147,0.003030489761178582,0.012251982759299907,0.24734688423212797,0.49793257242320516,0.5073015043644103,0.009368931941205135,0.040343601828588205,0.2322284455664576
V6E_MOM,bipro,nao_entrou_MULTI,limpo_500_599,TODOS,106,37,0.22898935579586055,0.24492494577668908,0.015935589980828533,0.009960931544087101,1.5998092056247533,0.6538604516205794,0.7270537748904771,0.07319332326989755,0.044861629282652096,1.631535110076826
V6E_MOM,bipro,nao_entrou_MULTI,limpo_600_699,TODOS,174,55,0.22332497550554353,0.23907040748772823,0.015745431982184685,0.0103830047246344,1.5164619876197833,0.640154360425453,0.707651757502382,0.06749739707692894,0.046900299606625624,1.4391677162632357
V6E_MOM,bipro,nao_entrou_MULTI,TOTAL,TODOS,387,130,0.20846742184220082,0.22074943762337412,0.012282015781173302,0.006414794870781047,1.914638897826187,0.6045861804524372,0.6575720075214391,0.052985827069001866,0.027101756300986747,1.9550698663419355
V6E_MOM,bipro,lado_apostado_MULTI,limpo_400_499,TODOS,208,43,0.24398990950462127,0.2485519479929145,0.004562038488293233,0.011440917331637913,0.39874761402896347,0.6850604852076454,0.6960997084788813,0.011039223271235857,0.026170106007288346,0.4218256994511771
V6E_MOM,bipro,lado_apostado_MULTI,limpo_500_599,TODOS,201,39,0.23183640733436328,0.2417888102654017,0.009952402931038447,0.006247105257328243,1.593122337640087,0.6560706669572081,0.6809187885028083,0.02484812154560013,0.014605489323834127,1.7012864817237894
V6E_MOM,bipro,lado_apostado_MULTI,limpo_600_699,TODOS,243,52,0.23577012684804421,0.23875541146626653,0.0029852846182223257,0.005108519650507027,0.5843737173304271,0.6642137169425543,0.6729905694898557,0.008776852547301494,0.013181431455745404,0.6658497278363434
V6E_MOM,bipro,lado_apostado_MULTI,TOTAL,TODOS,652,134,0.2371796930601886,0.24281582980394895,0.005636136743760346,0.00446717413895629,1.2616783157410496,0.668353862267837,0.6828069390164213,0.014453076748584277,0.01051756727746559,1.3741843876340787
V6E_MOM,bisolo30,flag1,limpo_400_499,TODOS,299,42,0.2172710182413887,0.2150193705096544,-0.0022516477317343067,0.005742433662845793,-0.39210687731627214,0.6332895874850285,0.6345828988757957,0.0012933113907671904,0.018409552080356217,0.07025219218381794
V6E_MOM,bisolo30,flag1,limpo_500_599,TODOS,317,44,0.18216297633803535,0.18634247234442608,0.004179496006390738,0.007544843184305234,0.5539539927198112,0.5420717919114925,0.5515973944044738,0.009525602492981268,0.02085493888054083,0.4567552342178929
V6E_MOM,bisolo30,flag1,limpo_600_699,TODOS,312,45,0.24365732541909,0.2560457189026977,0.012388393483607695,0.006828906264656699,1.8141109283816594,0.677055385818989,0.7230100156423196,0.045954629823330505,0.025473935141701636,1.8039862929579862
V6E_MOM,bisolo30,flag1,TOTAL,TODOS,928,131,0.2141495511681988,0.21901683169527095,0.0048672805270720985,0.004053461712046344,1.2007713092755248,0.6168444235662621,0.6359652862828501,0.0191208627165879,0.013352833039331423,1.4319704784944485
V6E_MOM,bisolo30,flag0,limpo_400_499,TODOS,415,58,0.2119519159311644,0.21356278649377541,0.0016108705626110406,0.005472794882207294,0.29434148315117237,0.6088134075163356,0.614789057294025,0.0059756497776893335,0.015177316552889557,0.39372241837781596
V6E_MOM,bisolo30,flag0,limpo_500_599,TODOS,404,56,0.24244245432126063,0.2521304380729584,0.009687983751697717,0.005139584446076092,1.8849741362055414,0.6885494606581727,0.7359840054890382,0.047434544830865434,0.017961212711099274,2.6409433257005457
V6E_MOM,bisolo30,flag0,limpo_600_699,TODOS,399,55,0.1997317394228899,0.20249195588175037,0.0027602164588604503,0.004894526665632738,0.563939405671544,0.5833041148427162,0.5884480489827625,0.005143934140046275,0.013749045886900518,0.374130262009467
V6E_MOM,bisolo30,flag0,TOTAL,TODOS,1218,169,0.21806220089241019,0.22272868946897406,0.004666488576563857,0.003075155135557611,1.5174807028776756,0.6269046699896755,0.6463594158774335,0.019454745887757943,0.010172136053810617,1.912552661981938
V6E_MOM,bisolo30,entrou_FIRST,limpo_400_499,TODOS,41,41,0.2300196488965371,0.2143006535938295,-0.015718995302707612,0.007144621832853859,-2.200115789253578,0.6675750667727257,0.6196878505210525,-0.047887216251673186,0.015747399584011373,-3.040960254815275
V6E_MOM,bisolo30,entrou_FIRST,limpo_500_599,TODOS,38,38,0.19263170501493299,0.18659556621326281,-0.00603613880167017,0.011109418739275612,-0.5433352494249177,0.5689994422930562,0.5548670339570417,-0.014132408336014531,0.02636270811211103,-0.5360757428984354
V6E_MOM,bisolo30,entrou_FIRST,limpo_600_699,TODOS,39,39,0.2492838573935876,0.2532651890657602,0.003981331672172558,0.009086771134256317,0.4381459171083657,0.6934194354160348,0.6980257032867472,0.004606267870712391,0.020075559382793758,0.22944655154467594
V6E_MOM,bisolo30,entrou_FIRST,TOTAL,TODOS,118,118,0.22434644774301177,0.21825678548318342,-0.006089662259828379,0.005364013288895851,-1.1352809793433414,0.6443721570003664,0.6247046744907956,-0.019667482509570927,0.012557298512034819,-1.5662192382160671
V6E_MOM,bisolo30,nao_entrou_FIRST,limpo_400_499,TODOS,28,16,0.20492546270941117,0.21216883029138828,0.007243367581977141,0.010366751450922645,0.6987114156510889,0.6086663575399555,0.6395861054394455,0.030919747899490015,0.04369049794005596,0.7076995996226088
V6E_MOM,bisolo30,nao_entrou_FIRST,limpo_500_599,TODOS,55,19,0.07270476704341035,0.06698032558832895,-0.005724441455081403,0.0017770949155303901,-3.2212356273457075,0.27781987716059886,0.24693158060763426,-0.030888296552964583,0.005084167563460724,-6.075389169891824
V6E_MOM,bisolo30,nao_entrou_FIRST,limpo_600_699,TODOS,49,21,0.12680970788165977,0.1267259883066818,-8.371957497797009e-05,0.0032852899559088658,-0.025483161639170845,0.3916808856717844,0.3797677822446396,-0.01191310342714482,0.01014258759874156,-1.174562537534597
V6E_MOM,bisolo30,nao_entrou_FIRST,TOTAL,TODOS,132,56,0.12083599113221521,0.11995620138291191,-0.0008797897493033167,0.0026247823175247066,-0.33518579557218287,0.39026602009749334,0.3795323425432704,-0.010733677554222937,0.010687454313101828,-1.0043250001138666
V6E_MOM,bisolo30,lado_apostado_FIRST,limpo_400_499,TODOS,41,41,0.23113801192234631,0.21665499076344283,-0.01448302115890344,0.012660116361921629,-1.1439879970190985,0.6709066160669312,0.6230205548630183,-0.0478860612039131,0.028347728818717704,-1.6892380165671137
V6E_MOM,bisolo30,lado_apostado_FIRST,limpo_500_599,TODOS,38,38,0.19281386006769816,0.18739725498821472,-0.005416605079483442,0.013249062125741083,-0.4088293215079528,0.569139949078091,0.5573887500975111,-0.01175119898057977,0.03214157095597101,-0.36560748684863903
V6E_MOM,bisolo30,lado_apostado_FIRST,limpo_600_699,TODOS,39,39,0.2527481379010577,0.25184261517648665,-0.0009055227245710568,0.009929702730850115,-0.09119333671064812,0.7008136923254649,0.6959406898452027,-0.0048730024802622245,0.021789461464040347,-0.2236403358708178
V6E_MOM,bisolo30,lado_apostado_FIRST,TOTAL,TODOS,118,118,0.22593866567398285,0.21886281612488387,-0.007075849549099009,0.006777469582787112,-1.0440252756087167,0.6480188417322439,0.6259856115004413,-0.022033230231802498,0.01576409678254068,-1.397684278125285
V6E_MOM,bisolo30,entrou_MULTI,limpo_400_499,TODOS,199,41,0.22070988058561775,0.21320307609967362,-0.007506804485944122,0.006353571069905851,-1.1815094855081807,0.637347740746356,0.6169999927046266,-0.020347748041729497,0.014666719845777002,-1.3873414271009095
V6E_MOM,bisolo30,entrou_MULTI,limpo_500_599,TODOS,176,38,0.20339205205928346,0.2077324598525439,0.0043404077932604705,0.011849418090438624,0.36629712616544224,0.5939336492470004,0.6007996583320745,0.006866009085074029,0.026748886006643532,0.2566839263275764
V6E_MOM,bisolo30,entrou_MULTI,limpo_600_699,TODOS,195,39,0.25365959625876205,0.26015757392726063,0.0064979776684985745,0.009822876897020442,0.6615147208522583,0.7017148617027403,0.7211474312054659,0.0194325695027255,0.022910458863771452,0.8481964337019205
V6E_MOM,bisolo30,entrou_MULTI,TOTAL,TODOS,570,118,0.22663489240250947,0.22757728419947124,0.0009423917969617273,0.005452854470980287,0.17282540767905527,0.6459630187860198,0.6476271710521607,0.0016641522661409325,0.01265804586377016,0.13146991913689196
V6E_MOM,bisolo30,nao_entrou_MULTI,limpo_400_499,TODOS,100,35,0.21042768217637295,0.21863379638551617,0.008206114209143226,0.007790891211637746,1.0532959562938364,0.6252138624949868,0.6695728821564224,0.0443590196614356,0.04104550171444678,1.0807279192258616
V6E_MOM,bisolo30,nao_entrou_MULTI,limpo_500_599,TODOS,141,40,0.15566427189165477,0.159642913469045,0.00397864157739022,0.008386727645048664,0.4743973747304314,0.4773364238898655,0.490181802551582,0.012845378661716547,0.03342058645640437,0.38435527391096974
V6E_MOM,bisolo30,nao_entrou_MULTI,limpo_600_699,TODOS,117,42,0.22698687401963663,0.24919262719509283,0.022205753175456224,0.014240679354547602,1.5593183880209385,0.6359562593460704,0.7261143230370759,0.09015806369100553,0.06308166446917055,1.42922772329617
V6E_MOM,bisolo30,nao_entrou_MULTI,TOTAL,TODOS,358,117,0.1942706559068662,0.20538706094835987,0.011116405041493636,0.006529228432081263,1.7025602882682664,0.5704824144174858,0.6173974809238916,0.0469150665064057,0.028598141837108907,1.6404935248460366
V6E_MOM,bisolo30,lado_apostado_MULTI,limpo_400_499,TODOS,199,41,0.22121602416653258,0.2151202160908483,-0.0060958080756842725,0.007991040276888586,-0.7628303530535768,0.6385909107995265,0.6199889196441783,-0.018601991155348233,0.01760314791784908,-1.0567423078054325
V6E_MOM,bisolo30,lado_apostado_MULTI,limpo_500_599,TODOS,176,38,0.20334520022536626,0.20570618116243072,0.002360980937064432,0.012314269319656219,0.1917272455050012,0.5939081162301078,0.5958819130220118,0.001973796791903998,0.02819704247959592,0.070000135416056
V6E_MOM,bisolo30,lado_apostado_MULTI,limpo_600_699,TODOS,195,39,0.25477060925744244,0.2608774978473499,0.006106888589907442,0.010296131699481667,0.5931245605779186,0.703459470914363,0.7221379590600081,0.018678488145645135,0.023323481901401544,0.8008447548529499
V6E_MOM,bisolo30,lado_apostado_MULTI,TOTAL,TODOS,570,118,0.22717721553334339,0.2278672332752629,0.0006900177419195105,0.005804053026901636,0.11888549927460967,0.6469859939191325,0.647491076697837,0.0005050827787045715,0.01328752748023714,0.038011795607256
V6E_MOM,bipro30,flag1,limpo_400_499,TODOS,350,48,0.2526612090417714,0.25558171875688235,0.0029205097151109387,0.007383242023935524,0.395559255086454,0.705036083048212,0.7229076129773743,0.017871529929162324,0.02141823539992299,0.8344072046769353
V6E_MOM,bipro30,flag1,limpo_500_599,TODOS,317,44,0.21910860342860866,0.22840220889520926,0.00929360546660058,0.006631694121075727,1.401392358713472,0.6333176663141497,0.6782584278101039,0.04494076149595425,0.02750634657580514,1.6338324456176452
V6E_MOM,bipro30,flag1,limpo_600_699,TODOS,321,46,0.23106844655417086,0.23630974406055397,0.005241297506383135,0.007208004931038225,0.727149545058398,0.6538085434875166,0.6749559682385,0.021147424750983478,0.02624044704439545,0.8059094692710367
V6E_MOM,bipro30,flag1,TOTAL,TODOS,988,138,0.23488038643256862,0.24059972634425908,0.005719339911690484,0.004008810158025565,1.4266926310392798,0.6653814491376037,0.6930024817433628,0.027621032605759117,0.014268287100953143,1.9358338117484326
V6E_MOM,bipro30,flag0,limpo_400_499,TODOS,222,32,0.16392400362061343,0.15963563355928512,-0.004288370061328329,0.007736484817613221,-0.5543047213852521,0.5044428264780579,0.48787279740894646,-0.01657002906911136,0.018737525862365337,-0.8843232127242885
V6E_MOM,bipro30,flag0,limpo_500_599,TODOS,404,56,0.21345293999524145,0.21912812003682405,0.005675180041582567,0.006395702882512857,0.8873426651978559,0.616953069109553,0.6365989867029372,0.01964591759338416,0.0173170818273453,1.134481998136742
V6E_MOM,bipro30,flag0,limpo_600_699,TODOS,390,54,0.20907968773487262,0.2175003252590314,0.008420637524158807,0.003717707069569315,2.265008341588976,0.6002745634314758,0.6248949503076088,0.024620386876133035,0.012204655034263726,2.0172947786736293
V6E_MOM,bipro30,flag0,TOTAL,TODOS,1016,142,0.20095196336462012,0.20550393503549258,0.004551971670872444,0.003345231903385317,1.3607342636741946,0.585966955843173,0.5996090376700199,0.013642081826846814,0.009420718117702209,1.44809362263078
V6E_MOM,bipro30,entrou_FIRST,limpo_400_499,TODOS,46,46,0.27378048792518445,0.24386082999979833,-0.02991965792538611,0.010946578508915594,-2.733242894208234,0.7528247455156938,0.6811841156719946,-0.0716406298436992,0.023848506492266056,-3.0039881057932027
V6E_MOM,bipro30,entrou_FIRST,limpo_500_599,TODOS,40,40,0.22230977158126097,0.220892138440355,-0.0014176331409059939,0.009522781639136077,-0.14886754675544614,0.6397200155179584,0.6336170187458928,-0.006102996772065671,0.02103950086433937,-0.2900732679647295
V6E_MOM,bipro30,entrou_FIRST,limpo_600_699,TODOS,41,41,0.22912458405075306,0.2285270734658486,-0.0005975105849044914,0.005665962790197729,-0.1054561434710092,0.6451636241572246,0.6445322103358033,-0.0006314138214212732,0.013423064231884586,-0.047039469566229085
V6E_MOM,bipro30,entrou_FIRST,TOTAL,TODOS,127,127,0.24315276577865985,0.2316763285803521,-0.011476437198307756,0.005768699533231463,-1.989432303103327,0.6824444685424131,0.6543698479883102,-0.02807462055410286,0.01293520314093993,-2.1704043027547564
V6E_MOM,bipro30,nao_entrou_FIRST,limpo_400_499,TODOS,27,15,0.2106205345687373,0.22871600242162862,0.018095467852891317,0.008068913891771381,2.242615065126044,0.6048796430573117,0.6648628516395919,0.05998320858228041,0.03458533213334766,1.7343539842557636
V6E_MOM,bipro30,nao_entrou_FIRST,limpo_500_599,TODOS,44,20,0.2404588652428359,0.2459978520815503,0.005538986838714403,0.01361612329640574,0.4067961723126093,0.6931040116586706,0.7367788388305093,0.04367482717183854,0.07481892089516852,0.5837404048239738
V6E_MOM,bipro30,nao_entrou_FIRST,limpo_600_699,TODOS,44,21,0.2286511226299943,0.23799605826170253,0.009344935631708247,0.0072010148476941436,1.2977248109272561,0.6576839305033765,0.6962986418902106,0.03861471138683406,0.04012967248229027,0.9622483563471698
V6E_MOM,bipro30,nao_entrou_FIRST,TOTAL,TODOS,115,56,0.22893559912835162,0.23887881843901823,0.009943219310666626,0.005986104888031788,1.6610499643176022,0.6588384331971956,0.7044061403998318,0.04556770720263622,0.032163629615495626,1.4167464228192346
V6E_MOM,bipro30,lado_apostado_FIRST,limpo_400_499,TODOS,46,46,0.2748845292487985,0.24374688268213773,-0.03113764656666075,0.01368109820531114,-2.275961044894247,0.7556320025732499,0.6783448332753023,-0.07728716929794759,0.029476071436017003,-2.622030872252192
V6E_MOM,bipro30,lado_apostado_FIRST,limpo_500_599,TODOS,40,40,0.21901092153000468,0.22414762055226442,0.005136699022259756,0.011191513523027847,0.45898162135893394,0.6312566218331771,0.6397698013787235,0.008513179545546456,0.024160206495776687,0.35236369138792745
V6E_MOM,bipro30,lado_apostado_FIRST,limpo_600_699,TODOS,41,41,0.23063826559931971,0.2334235262267404,0.0027852606274206826,0.012158772199389007,0.2290741681598941,0.6485922639701942,0.6574917095584856,0.008899445588291437,0.026756616115873887,0.33260729046419535
V6E_MOM,bipro30,lado_apostado_FIRST,TOTAL,TODOS,127,127,0.2430023157182443,0.23424114961232492,-0.008761166105919342,0.007859682426423514,-1.1146972142875804,0.6819025182242089,0.6594631061237067,-0.02243941210050222,0.01754339804609761,-1.2790801440826733
V6E_MOM,bipro30,entrou_MULTI,limpo_400_499,TODOS,224,46,0.2770453638241162,0.2756127202210115,-0.0014326436031046354,0.008760831265665034,-0.1635282725646564,0.7576071665563463,0.7596385601185072,0.0020313935621609773,0.019156325983744345,0.10604296272076259
V6E_MOM,bipro30,entrou_MULTI,limpo_500_599,TODOS,173,40,0.2057433660876731,0.20365705270700213,-0.0020863133806709585,0.002920273593727087,-0.714423944781228,0.6014199913435867,0.596855060307451,-0.0045649310361357545,0.008169033247073892,-0.5588092125553401
V6E_MOM,bipro30,entrou_MULTI,limpo_600_699,TODOS,199,41,0.23667799099360928,0.24120183066502238,0.004523839671413081,0.008061159297727353,0.5611897128355307,0.6645728847507073,0.6739952287835047,0.009422344032797379,0.019570263765454055,0.48146229124565754
V6E_MOM,bipro30,entrou_MULTI,TOTAL,TODOS,596,127,0.24287027523070084,0.2432367177016064,0.00036644247090551854,0.004175744602761114,0.0877550007879354,0.6812074964370014,0.6837919688383424,0.002584472401341027,0.00965967329422796,0.2675527756083999
V6E_MOM,bipro30,nao_entrou_MULTI,limpo_400_499,TODOS,126,42,0.20931160053982517,0.21997104948731938,0.010659448947494184,0.0110659622223659,0.9632645343709836,0.6115763790337511,0.657608151393138,0.04603177235938693,0.041060953847877404,1.1210594992489802
V6E_MOM,bipro30,nao_entrou_MULTI,limpo_500_599,TODOS,144,41,0.2351654510673716,0.25813076459354145,0.02296531352616986,0.01306143730797315,1.758253168060688,0.6716391786051732,0.77605552904593,0.10441635044075684,0.0565305639299322,1.847077813873881
V6E_MOM,bipro30,nao_entrou_MULTI,limpo_600_699,TODOS,122,42,0.22191845193574253,0.22833002902539648,0.00641157708965396,0.011162018288198326,0.5744101939371451,0.6362503147057547,0.6765230760380416,0.04027276133228703,0.052644542204286875,0.7649940458406644
V6E_MOM,bipro30,nao_entrou_MULTI,TOTAL,TODOS,392,125,0.2227324942803063,0.23659042315808823,0.013857928877781913,0.006910248610359804,2.0054168321825916,0.6413193976313766,0.7070062207520162,0.06568682312063967,0.029487042451987716,2.2276504409553537
V6E_MOM,bipro30,lado_apostado_MULTI,limpo_400_499,TODOS,224,46,0.2754495978578947,0.2729147081870406,-0.002534889670854056,0.009376071957614581,-0.2703573183219225,0.7530173116016187,0.751047383844932,-0.001969927756686681,0.020511772795634396,-0.09603888344092562
V6E_MOM,bipro30,lado_apostado_MULTI,limpo_500_599,TODOS,173,40,0.20699423519647075,0.20504746295092538,-0.0019467722455453766,0.003089235387938686,-0.6301793165862877,0.6033893958621924,0.6002978501626389,-0.0030915456995535317,0.008234891579442257,-0.37542032821310317
V6E_MOM,bipro30,lado_apostado_MULTI,limpo_600_699,TODOS,199,41,0.23851944550600584,0.24516066987012877,0.00664122436412292,0.008890440917691795,0.7470073110667682,0.668793792291288,0.6834899247735196,0.014696132482231734,0.021404444944192313,0.6865925521801138
V6E_MOM,bipro30,lado_apostado_MULTI,TOTAL,TODOS,596,127,0.24324846017592786,0.24394811917544099,0.0006996589995130909,0.004597622768201695,0.152178426719153,0.6814634361558526,0.6847326125659928,0.003269176410140164,0.010523095331607111,0.31066680545227826
V6E_MOM,bisolo35mais,flag1,limpo_400_499,TODOS,427,59,0.19962424123061442,0.19876723879868657,-0.000857002431927879,0.008054463398567175,-0.10640093442852232,0.5861607805800816,0.5858297860807365,-0.0003309944993450197,0.023036941399893547,-0.014367988076166622
V6E_MOM,bisolo35mais,flag1,limpo_500_599,TODOS,370,49,0.20550856464060513,0.2149364585092658,0.009427893868660631,0.00626401752058882,1.5050874039979387,0.5960889647656867,0.6241948150971636,0.028105850331476827,0.01747487516587556,1.608357717276352
V6E_MOM,bisolo35mais,flag1,limpo_600_699,TODOS,371,52,0.24276168774683163,0.2507760082664916,0.008014320519660006,0.0049986260926327495,1.603304662349511,0.6760012186895655,0.7070046430394119,0.03100342434984638,0.014434476031596815,2.1478732086970407
V6E_MOM,bisolo35mais,flag1,TOTAL,TODOS,1168,160,0.21519033054500925,0.22040924630336978,0.005218915758360523,0.003912985336654534,1.3337427333225107,0.6178424849356402,0.6364727078853141,0.018630222949673893,0.011139453558661394,1.6724539360539918
V6E_MOM,bisolo35mais,flag0,limpo_400_499,TODOS,287,41,0.23583459428618841,0.2370931610113739,0.0012585667251854653,0.0054017054771679845,0.23299432568198977,0.6680156706258119,0.6784962609212849,0.010480590295473121,0.017174521586374565,0.6102405963836521
V6E_MOM,bisolo35mais,flag0,limpo_500_599,TODOS,351,51,0.22693517415362566,0.2319224246901137,0.004987250536488056,0.0076715054744233326,0.650100629285277,0.6537259919616547,0.6872986628428464,0.03357267088119166,0.029920062156324076,1.1220789150030408
V6E_MOM,bisolo35mais,flag0,limpo_600_699,TODOS,340,48,0.19308665707769007,0.19894898713997558,0.005862330062285466,0.005659183353038197,1.035896824077666,0.5681857943057045,0.582562276049718,0.014376481744013457,0.023152200143126585,0.6209553154835499
V6E_MOM,bisolo35mais,flag0,TOTAL,TODOS,978,140,0.21777938455467621,0.2219766502086768,0.0041972656540006075,0.003631700908715161,1.155729989748945,0.6281814833456936,0.6483041220850224,0.02012263873932887,0.013860222107275106,1.4518265712904181
V6E_MOM,bisolo35mais,entrou_FIRST,limpo_400_499,TODOS,58,58,0.21499483440061024,0.20804766572598973,-0.0069471686746205045,0.008850082329068166,-0.7849835082101411,0.6203922530897601,0.6034381370935226,-0.016954115996237515,0.01950284768658414,-0.8693148953780796
V6E_MOM,bisolo35mais,entrou_FIRST,limpo_500_599,TODOS,45,45,0.20898443121928176,0.2108413497288073,0.001856918509525527,0.008017411565086357,0.23161072553789072,0.6072216122637256,0.6094417931096363,0.002220180845910684,0.01836841226120445,0.12086950218336957
V6E_MOM,bisolo35mais,entrou_FIRST,limpo_600_699,TODOS,46,46,0.236780523305419,0.23582618088792845,-0.0009543424174905191,0.010951834626893598,-0.0871399587377819,0.6594344257998536,0.6600034618646434,0.0005690360647897954,0.024800962402620013,0.02294411223048673
V6E_MOM,bisolo35mais,entrou_FIRST,TOTAL,TODOS,149,149,0.2199053951151164,0.2174673132264996,-0.002438081888616808,0.005273858314405752,-0.4622956748680736,0.628467830992396,0.6227144421955136,-0.005753388796882312,0.011840814961127962,-0.4858946631435444
V6E_MOM,bisolo35mais,nao_entrou_FIRST,limpo_400_499,TODOS,28,15,0.21224252354784606,0.2271754131175337,0.014932889569687623,0.010582309256972695,1.411118235828189,0.611859371209855,0.6654385346530185,0.0535791634431634,0.041553593430300635,1.2893990391717554
V6E_MOM,bisolo35mais,nao_entrou_FIRST,limpo_500_599,TODOS,44,20,0.0963166196500668,0.09607593643501726,-0.0002406832150495598,0.002197104811623808,-0.10954562284704057,0.3328085672032766,0.32281114087737656,-0.00999742632590009,0.007338284986064591,-1.362365504322224
V6E_MOM,bisolo35mais,nao_entrou_FIRST,limpo_600_699,TODOS,61,28,0.21695642804318693,0.22188655957164216,0.004930131528455242,0.006194928983488356,0.7958334214315871,0.6270223537952877,0.6463494103354203,0.019327056540132576,0.03246103985791736,0.5953924034697441
V6E_MOM,bisolo35mais,nao_entrou_FIRST,TOTAL,TODOS,133,63,0.17605311304193258,0.1813784428894878,0.005325329847555208,0.003724213784206173,1.4299205566928315,0.5264962626491178,0.5433329563860881,0.016836693736970366,0.017704419416054593,0.9509881878251618
V6E_MOM,bisolo35mais,lado_apostado_FIRST,limpo_400_499,TODOS,58,58,0.21481255697299959,0.21144663705802155,-0.003365919914978077,0.010837927775795158,-0.3105685869669053,0.6205072549616216,0.6093636630488105,-0.011143591912811097,0.024643394091747033,-0.45219387683870377
V6E_MOM,bisolo35mais,lado_apostado_FIRST,limpo_500_599,TODOS,45,45,0.20891530661623306,0.20951581441010805,0.0006005077938750244,0.009754969143858046,0.06155916897524151,0.6067106241571236,0.6073566837107524,0.0006460595536287411,0.022695370946153228,0.02846657827984281
V6E_MOM,bisolo35mais,lado_apostado_FIRST,limpo_600_699,TODOS,46,46,0.23828212580106684,0.23104412690767961,-0.007237998893387252,0.013524341908592665,-0.5351830752510481,0.6625643658949627,0.6520941294795134,-0.010470236415449266,0.030447970979700378,-0.3438730423918809
V6E_MOM,bisolo35mais,lado_apostado_FIRST,TOTAL,TODOS,149,149,0.22027714690613112,0.21691373446693538,-0.003363412439195745,0.006452358864075043,-0.5212686569437882,0.6293245617853215,0.6219494844286744,-0.007375077356647091,0.014635549984571826,-0.5039152860276234
V6E_MOM,bisolo35mais,entrou_MULTI,limpo_400_499,TODOS,276,58,0.2150531814749782,0.21415058429994635,-0.0009025971750318654,0.009008034581423296,-0.10019912411229358,0.6209089942366884,0.6184807874375612,-0.0024282067991272835,0.019469740715010425,-0.12471695615623833
V6E_MOM,bisolo35mais,entrou_MULTI,limpo_500_599,TODOS,238,45,0.2210123178544742,0.22808765188063163,0.007075334026157421,0.009088628690193822,0.7784820204825128,0.6327633027338601,0.6482519198689004,0.015488617135040331,0.0202058181601625,0.7665424390276591
V6E_MOM,bisolo35mais,entrou_MULTI,limpo_600_699,TODOS,218,46,0.2544603537113854,0.25692716636408497,0.0024668126526994874,0.007468383360448199,0.3303007536762878,0.701193595522139,0.7121328319187841,0.01093923639664504,0.017287896330944786,0.6327685096690541
V6E_MOM,bisolo35mais,entrou_MULTI,TOTAL,TODOS,732,149,0.2287267306633072,0.23142150912806833,0.0026947784647611468,0.004947767130487586,0.5446453710717759,0.6486731588576653,0.6560513819943444,0.00737822313667908,0.010971710214279905,0.6724770334415296
V6E_MOM,bisolo35mais,nao_entrou_MULTI,limpo_400_499,TODOS,151,51,0.17142299945945946,0.17064933576327135,-0.0007736636961881408,0.009288455545758151,-0.08329303966378536,0.5226474893931711,0.526149810090779,0.0035023206976079954,0.03716215214475058,0.09424429144916256
V6E_MOM,bisolo35mais,nao_entrou_MULTI,limpo_500_599,TODOS,132,45,0.17755482778529574,0.19122445833968188,0.013669630554386117,0.008604862840127703,1.5885936601614965,0.5299640220654953,0.5808191261905471,0.05085510412505172,0.038095949861456625,1.3349215417910893
V6E_MOM,bisolo35mais,nao_entrou_MULTI,limpo_600_699,TODOS,153,49,0.22609300029406862,0.24201161306861357,0.01591861277454493,0.006712992865101213,2.3713138229746833,0.6401061981045916,0.699697811825666,0.05959161372107444,0.02542523320210954,2.3437981176955383
V6E_MOM,bisolo35mais,nao_entrou_MULTI,TOTAL,TODOS,436,145,0.1924640808051145,0.20192076834997674,0.00945668754486223,0.004833377693276572,1.9565380868159492,0.5660808947729741,0.6036020898857494,0.03752119511277528,0.019397488073551492,1.9343326811441888
V6E_MOM,bisolo35mais,lado_apostado_MULTI,limpo_400_499,TODOS,276,58,0.21352493411429585,0.21475733793887794,0.0012324038245820914,0.009556192818951845,0.1289638926223828,0.6176693720024307,0.6192811120475101,0.001611740045079493,0.020841202690930965,0.07733431073921855
V6E_MOM,bisolo35mais,lado_apostado_MULTI,limpo_500_599,TODOS,238,45,0.222793663049168,0.22732502891421272,0.004531365865044715,0.0087461910206809,0.5180959179064378,0.6365144634498098,0.6463039633249665,0.009789499875156824,0.01954994518089872,0.5007430857003967
V6E_MOM,bisolo35mais,lado_apostado_MULTI,limpo_600_699,TODOS,218,46,0.25471038422742115,0.2559797486347999,0.0012693644073787295,0.007872599727934184,0.16123827595027723,0.7016741904843162,0.7090798243366071,0.00740563385229094,0.01725275296048227,0.42924360357177044
V6E_MOM,bisolo35mais,lado_apostado_MULTI,TOTAL,TODOS,732,149,0.2288041494300894,0.2311201739823761,0.002316024552286697,0.0050052921673290835,0.46271515724976564,0.6488144296438614,0.6548105627074251,0.005996133063563782,0.011023224325325192,0.5439545532778488
V6E_MOM,bipro35mais,flag1,limpo_400_499,TODOS,278,38,0.21529700503047697,0.2164153790866166,0.0011183740561396358,0.009962374750796803,0.11225978585579577,0.6214958058420452,0.6298878326855957,0.008392026843550476,0.02962338744567213,0.28329058784857236
V6E_MOM,bipro35mais,flag1,limpo_500_599,TODOS,317,44,0.23047642007977376,0.24196681399798697,0.011490393918213193,0.006473155585238069,1.7750838469597205,0.6587002894921755,0.7083047967044754,0.04960450721229983,0.024134362704509624,2.055347713947756
V6E_MOM,bipro35mais,flag1,limpo_600_699,TODOS,383,54,0.21181563026875017,0.21676995183005304,0.0049543215613028655,0.0047118936304579185,1.051450212983986,0.6047192686106471,0.6196186439461872,0.014899375335540036,0.01739288971351185,0.8566359921183943
V6E_MOM,bipro35mais,flag1,TOTAL,TODOS,978,136,0.2188537617144092,0.22483624435005276,0.005982482635643557,0.0038303407566584566,1.5618669501516107,0.6269849751237075,0.651283618275362,0.024298643151654305,0.013121219969089742,1.8518585321254981
V6E_MOM,bipro35mais,flag0,limpo_400_499,TODOS,294,42,0.22098634207457002,0.2201674722074514,-0.0008188698671186366,0.005266688452220207,-0.155480977192307,0.6325615732003892,0.633389823402284,0.0008282502018947546,0.013295546924556388,0.06229530884246716
V6E_MOM,bipro35mais,flag0,limpo_500_599,TODOS,404,56,0.20453314326648073,0.20848460563687224,0.0039514623703914824,0.005502796951867079,0.7180825323839662,0.5970365058733298,0.6130229992288883,0.015986493355558545,0.01600380638492553,0.9989181930254234
V6E_MOM,bipro35mais,flag0,limpo_600_699,TODOS,328,46,0.22740446087670074,0.2367611681205785,0.009356707243877814,0.005944943793692688,1.5738933064102052,0.6474760436582029,0.6800486457107814,0.0325726020525785,0.01964446118079247,1.6581061579040217
V6E_MOM,bipro35mais,flag0,TOTAL,TODOS,1026,144,0.21655949085491194,0.2208720084306402,0.004312517575728268,0.003331271150675509,1.294556156094884,0.6233411239898929,0.6402864089297063,0.016945284939813312,0.009919079968666773,1.7083524876643306
V6E_MOM,bipro35mais,entrou_FIRST,limpo_400_499,TODOS,35,35,0.2362395860064364,0.21362280081924756,-0.022616785187188813,0.007451090642955531,-3.0353657297903567,0.6710490528289375,0.6178267697225162,-0.05322228310642133,0.01811984124456932,-2.937237826096988
V6E_MOM,bipro35mais,entrou_FIRST,limpo_500_599,TODOS,42,42,0.22490463459687593,0.21682558287398607,-0.008079051722889856,0.007228895904124771,-1.1176052097084412,0.6459787998597174,0.6304585208758571,-0.015520278983860289,0.017351077387187976,-0.8944850303832114
V6E_MOM,bipro35mais,entrou_FIRST,limpo_600_699,TODOS,49,49,0.22372552059097758,0.2347180496554484,0.010992529064470808,0.008296111053367984,1.3250219281970865,0.6324985880023659,0.6589647707721773,0.02646618276981155,0.02047045587877349,1.2928965982264826
V6E_MOM,bipro35mais,entrou_FIRST,TOTAL,TODOS,126,126,0.22759468787501558,0.22289410271823848,-0.004700585156777085,0.005063213087278919,-0.9283798796829391,0.6477004544066418,0.6380354649596092,-0.00966498944703264,0.012215179812309214,-0.7912277670520452
V6E_MOM,bipro35mais,nao_entrou_FIRST,limpo_400_499,TODOS,29,13,0.165347436713116,0.17544574818792522,0.010098311474809222,0.010157748371143653,0.9941486150116416,0.49415808727344296,0.5344443692472641,0.04028628197382123,0.04088992707495988,0.9852373152920514
V6E_MOM,bipro35mais,nao_entrou_FIRST,limpo_500_599,TODOS,30,19,0.1860262209819247,0.18496484494410412,-0.001061376037820561,0.0056365199376923105,-0.1883034300513992,0.5529115554080681,0.5428423931735061,-0.010069162234562057,0.014705097454351557,-0.6847395786270273
V6E_MOM,bipro35mais,nao_entrou_FIRST,limpo_600_699,TODOS,57,27,0.14036966149416455,0.13608523083924848,-0.00428443065491607,0.0028920061741195004,-1.4814735505260486,0.42916499504199207,0.4064980553572721,-0.022666939684719934,0.00901714390957602,-2.5137604447732182
V6E_MOM,bipro35mais,nao_entrou_FIRST,TOTAL,TODOS,116,59,0.15842183620090936,0.15856663968629411,0.00014480348538478143,0.003329503369406721,0.043491016322528525,0.47741668888418476,0.47374610050638233,-0.003670588377802435,0.012674723319994422,-0.28959909302415054
V6E_MOM,bipro35mais,lado_apostado_FIRST,limpo_400_499,TODOS,35,35,0.23438062897674322,0.215927959641559,-0.01845266933518419,0.007904058755930393,-2.3345814985673283,0.6670376002947733,0.6204482172932414,-0.04658938300153198,0.019982524927412856,-2.3315063121787345
V6E_MOM,bipro35mais,lado_apostado_FIRST,limpo_500_599,TODOS,42,42,0.22311622215724058,0.21118139886579484,-0.011934823291445743,0.00809093830900574,-1.4750851923022956,0.6413073585334012,0.6160646080503543,-0.025242750483046784,0.018204484153721716,-1.386622673287129
V6E_MOM,bipro35mais,lado_apostado_FIRST,limpo_600_699,TODOS,49,49,0.22618112304127105,0.23526629344712535,0.009085170405854338,0.01238138564850003,0.7337765468079884,0.6374555308394626,0.660898688458623,0.023443157619160326,0.029636181421734905,0.7910316543671625
V6E_MOM,bipro35mais,lado_apostado_FIRST,TOTAL,TODOS,126,126,0.22743712995089205,0.22186623586291343,-0.005570894087978612,0.006244654817371772,-0.8921060092034471,0.6469567149194729,0.6347177529988164,-0.012238961920656573,0.014985048750339567,-0.8167448851562283
V6E_MOM,bipro35mais,entrou_MULTI,limpo_400_499,TODOS,171,35,0.23725214740530312,0.23682344512247896,-0.00042870228282416024,0.010487877798050844,-0.04087597997221458,0.6704475276070279,0.6710041850007338,0.0005566573937059541,0.022920622633676318,0.024286312051928317
V6E_MOM,bipro35mais,entrou_MULTI,limpo_500_599,TODOS,196,42,0.21956857381535042,0.22493957366310993,0.005370999847759501,0.006291557228321996,0.8536836990978123,0.6311704086037948,0.6446913269329988,0.013520918329203954,0.016706804346731302,0.8093060796422944
V6E_MOM,bipro35mais,entrou_MULTI,limpo_600_699,TODOS,229,49,0.22921647386277383,0.2338743961238321,0.0046579222610582515,0.0044958441786501074,1.0360506449885032,0.6478281393525056,0.6616885600298226,0.013860420677316819,0.011421351183951906,1.2135534976625217
V6E_MOM,bipro35mais,entrou_MULTI,TOTAL,TODOS,596,126,0.22834921172599115,0.23178221856756878,0.0034330068415776346,0.003828893872717407,0.8966053789161811,0.6488398845954183,0.6587716375181587,0.009931752922740343,0.009163517918466322,1.0838362527480712
V6E_MOM,bipro35mais,nao_entrou_MULTI,limpo_400_499,TODOS,107,33,0.1802098148800538,0.18380061934706082,0.0035908044670070133,0.010516204426568136,0.34145441847204927,0.5432645495634283,0.5641785219763564,0.020913972412928167,0.04432695323562946,0.47181163798367654
V6E_MOM,bipro35mais,nao_entrou_MULTI,limpo_500_599,TODOS,121,38,0.2481453280783439,0.2695481289205978,0.021402800842253884,0.009131712374432705,2.343788324102083,0.7032941461378172,0.8113481031111649,0.1080539569733477,0.043759712454183725,2.4692565584492776
V6E_MOM,bipro35mais,nao_entrou_MULTI,limpo_600_699,TODOS,154,52,0.1859403498594553,0.19133542102956347,0.005395071170108168,0.009018487163203031,0.5982235237990892,0.5406158179620392,0.5570601323672748,0.016444314405235607,0.033290715025513964,0.4939609855971163
V6E_MOM,bipro35mais,nao_entrou_MULTI,TOTAL,TODOS,382,123,0.20403887112042274,0.2139990699164414,0.00996019879601866,0.005530714915185824,1.8008881218358754,0.5928867394034469,0.6396007400850299,0.0467140006815829,0.02379827200291398,1.962915655214925
V6E_MOM,bipro35mais,lado_apostado_MULTI,limpo_400_499,TODOS,171,35,0.23475700083813836,0.23651260189597387,0.0017556010578354808,0.009976877710992066,0.17596698172427636,0.664668358404845,0.6678270263706307,0.0031586679657857313,0.021752024222488446,0.14521259876679088
V6E_MOM,bipro35mais,lado_apostado_MULTI,limpo_500_599,TODOS,196,42,0.2206951407369524,0.2221020006628167,0.0014068599258643438,0.005790372947271459,0.24296533896444178,0.6335512642739588,0.6376360211923209,0.004084756918362101,0.015028372671722025,0.2718030093869138
V6E_MOM,bipro35mais,lado_apostado_MULTI,limpo_600_699,TODOS,229,49,0.2309496136523442,0.23530846815779194,0.004358854505447751,0.005075675168160173,0.8587733377405523,0.6511815529312946,0.6643225233026222,0.013140970371327429,0.012978956958955925,1.0124827759953168
V6E_MOM,bipro35mais,lado_apostado_MULTI,TOTAL,TODOS,596,126,0.22866972525864285,0.23131088299036567,0.0026411577317228415,0.0038034884405668957,0.6944040380280968,0.6492532092385753,0.6565519119117,0.007298702673124687,0.00905556307007548,0.8059910374036908
V6WR_INI,sem_flag,todas,sujo,TODOS,1397,200,0.22588432276602932,0.22164245517027195,-0.004241867595757421,0.004434752862493998,-0.9565059716477405,0.6555585876086395,0.6450079854501317,-0.010550602158507826,0.01074439835465605,-0.9819630481157428
V6WR_INI,sem_flag,todas,limpo_400_499,TODOS,714,100,0.23121007722601447,0.2141727565508452,-0.017037320675169262,0.005085268653618428,-3.3503285343727787,0.6632823508722623,0.6230780749872314,-0.040204275885030824,0.013428962092137965,-2.99384834130767
V6WR_INI,sem_flag,todas,limpo_500_599,TODOS,721,100,0.21137573522690808,0.2232056320591654,0.011829896832257313,0.005884128796481647,2.0104755081722336,0.6147509279504136,0.6549152735697498,0.04016434561933609,0.01665179935660674,2.412012345284509
V6WR_INI,sem_flag,todas,limpo_600_699,TODOS,711,100,0.22271697516831135,0.22599234134241925,0.003275366174107872,0.00681363891766782,0.4807073303539495,0.6336903774996797,0.6474963381498255,0.013805960650145796,0.02102254261660302,0.6567217344700366
V6WR_INI,sem_flag,todas,TOTAL,TODOS,3543,500,0.22336948023900294,0.22132816072799655,-0.0020413195110064223,0.0029764746512548593,-0.6858178718726253,0.6444223039420224,0.6431040671416971,-0.0013182368003252765,0.008161293520663202,-0.16152302291146542
V6WR_INI,sem_flag,entrou_FIRST,sujo,TODOS,195,195,0.22249406278413994,0.21345315979626192,-0.009040902987878035,0.005392235979521066,-1.6766519533295796,0.6398378590494611,0.615368046211087,-0.024469812838374197,0.013401336087887274,-1.825923376437899
V6WR_INI,sem_flag,entrou_FIRST,limpo_400_499,TODOS,92,92,0.22696875945159997,0.2148014515245519,-0.012167307927048092,0.006102191943781553,-1.9939241569494064,0.6492718254748592,0.616862571990897,-0.03240925348396214,0.013754605482996684,-2.356247405570895
V6WR_INI,sem_flag,entrou_FIRST,limpo_500_599,TODOS,93,93,0.2106464071381951,0.21101802753119714,0.00037162039300203583,0.007079706727740966,0.052490930386408056,0.6126040914558233,0.6120500889022543,-0.0005540025535690332,0.016365518186877582,-0.033851818637386684
V6WR_INI,sem_flag,entrou_FIRST,limpo_600_699,TODOS,87,87,0.23224462178586985,0.2331429554267764,0.0008983336409065796,0.005069179318123365,0.17721480826193126,0.6536248314866638,0.6567876186986332,0.0031627872119694453,0.011874846200460223,0.266343425302373
V6WR_INI,sem_flag,entrou_FIRST,TOTAL,TODOS,467,467,0.22283268966097927,0.21690195585237845,-0.005930733808600813,0.0031090673491281496,-1.9075604168767588,0.6388413946532405,0.6227180015610605,-0.016123393092180006,0.007530868610194204,-2.140973893815447
V6WR_INI,sem_flag,nao_entrou_FIRST,sujo,TODOS,104,68,0.24480211792006193,0.24562318075910913,0.0008210628390472002,0.003683605046569831,0.22289654527750555,0.7027872857579626,0.7093228948178224,0.006535609059859868,0.01562952241579613,0.41815795044732723
V6WR_INI,sem_flag,nao_entrou_FIRST,limpo_400_499,TODOS,83,37,0.18347855343994762,0.1864814643886695,0.0030029109487218803,0.004528299137583032,0.6631432371150012,0.563819842150766,0.5753635261277168,0.011543683976950905,0.021541527621103944,0.5358804714314557
V6WR_INI,sem_flag,nao_entrou_FIRST,limpo_500_599,TODOS,93,41,0.17159417766070226,0.17253040246726173,0.0009362248065594954,0.004768997529603646,0.19631480216709307,0.5239869150337494,0.5365736746038962,0.012586759570146783,0.028126492632026077,0.4475054794359585
V6WR_INI,sem_flag,nao_entrou_FIRST,limpo_600_699,TODOS,129,57,0.14765897157484242,0.1458159459436313,-0.0018430256312111147,0.0022079421156989934,-0.8347255202510809,0.46174544567099535,0.4494629332309478,-0.012282512440047477,0.008340754746702915,-1.4725900488685069
V6WR_INI,sem_flag,nao_entrou_FIRST,TOTAL,TODOS,409,203,0.18507189744450384,0.18552165476623644,0.0004497573217325775,0.0018029998866625195,0.24944944537135283,0.5579043281345691,0.5608968798401189,0.0029925517055498225,0.009006248158735759,0.3322750664656234
V6WR_INI,sem_flag,lado_apostado_FIRST,sujo,TODOS,195,195,0.22209035073620728,0.21488469558904702,-0.007205655147160252,0.005479881723390002,-1.3149289548356602,0.6385091469150803,0.6187052530665131,-0.01980389384856721,0.013340983134582618,-1.484440363111724
V6WR_INI,sem_flag,lado_apostado_FIRST,limpo_400_499,TODOS,92,92,0.22719406052682234,0.21522665865494253,-0.011967401871879786,0.00658488112569112,-1.8174059096053523,0.6499278255515984,0.6179179202262809,-0.03200990532531755,0.01495807860353607,-2.139974402711753
V6WR_INI,sem_flag,lado_apostado_FIRST,limpo_500_599,TODOS,93,93,0.2113802361174855,0.20952518855915345,-0.0018550475583320332,0.0076523539908081445,-0.2424152830044558,0.6150050141433411,0.6084723607513152,-0.006532653392025941,0.01778323019924243,-0.36734908781106784
V6WR_INI,sem_flag,lado_apostado_FIRST,limpo_600_699,TODOS,87,87,0.2321421110444654,0.23016423619537496,-0.0019778748490904574,0.0074241401455374485,-0.2664113029007584,0.6530690194259049,0.6517186119456396,-0.00135040748026522,0.017476148790489685,-0.07727145702719675
V6WR_INI,sem_flag,lado_apostado_FIRST,TOTAL,TODOS,467,467,0.22283554086043408,0.2167312619295884,-0.0061042789308456925,0.003310010656505087,-1.8441870931288682,0.6387903952988697,0.6226625734431068,-0.01612782185576297,0.007912291130798296,-2.0383251310086443
V6WR_INI,sem_flag,entrou_MULTI,sujo,TODOS,967,195,0.2242405933327469,0.2182562549190878,-0.0059843384136591135,0.0055904747351260406,-1.0704526354547943,0.6479035909574643,0.6285847864891956,-0.019318804468268756,0.013246332008907397,-1.4584267142993224
V6WR_INI,sem_flag,entrou_MULTI,limpo_400_499,TODOS,449,92,0.2551417272328202,0.23199628985656212,-0.02314543737625807,0.007165337468691772,-3.230195015571807,0.7152903341974021,0.6593000089265142,-0.055990325270887834,0.017252643069949728,-3.2453187053066985
V6WR_INI,sem_flag,entrou_MULTI,limpo_500_599,TODOS,441,93,0.21081616364406286,0.22093318611520346,0.010117022471140593,0.007972450106777548,1.2689979034851406,0.6108462935165558,0.634177086216556,0.023330792700000217,0.016970738300611684,1.37476592277422
V6WR_INI,sem_flag,entrou_MULTI,limpo_600_699,TODOS,431,87,0.2416406165424766,0.24275532366640407,0.0011147071239274793,0.008802247178041858,0.12663892542216207,0.6767342047532859,0.6802394285322371,0.0035052237789510517,0.020744154217575455,0.16897405130073975
V6WR_INI,sem_flag,entrou_MULTI,TOTAL,TODOS,2288,467,0.23099489649350596,0.2260835717785748,-0.004911324714931159,0.003809864218076023,-1.2891075465706157,0.659415992220266,0.6454206648872169,-0.01399532733304918,0.008962824099620837,-1.5614863325992572
V6WR_INI,sem_flag,nao_entrou_MULTI,sujo,TODOS,430,172,0.22958080267762032,0.2292574682932837,-0.0003233343843366344,0.005962772005300567,-0.054225515255188095,0.6727734289148872,0.6819410863692603,0.009167657454373144,0.01945768733843006,0.471158637453614
V6WR_INI,sem_flag,nao_entrou_MULTI,limpo_400_499,TODOS,265,84,0.19066173438429457,0.18397363785549842,-0.006688096528796156,0.004566406715958038,-1.4646300570256992,0.5751631640307991,0.5617058171052015,-0.013457346925597611,0.017510332459839417,-0.7685374881637755
V6WR_INI,sem_flag,nao_entrou_MULTI,limpo_500_599,TODOS,280,90,0.21225706046988932,0.22678473442090546,0.014527673951016142,0.0064671334716412815,2.246385359869369,0.6209007271837397,0.6875779186510298,0.06667719146729012,0.02866337198331934,2.3262158934438326
V6WR_INI,sem_flag,nao_entrou_MULTI,limpo_600_699,TODOS,280,91,0.1935880843387928,0.20018932212228546,0.006601237783492688,0.008763633130599248,0.7532535519365473,0.5674336291200215,0.5970953668826134,0.029661737762591997,0.03489198804281675,0.8501016831197296
V6WR_INI,sem_flag,nao_entrou_MULTI,TOTAL,TODOS,1255,437,0.20946752614314407,0.21265853484455183,0.003191008701407759,0.003422066552517614,0.9324800241129543,0.6170871973439175,0.638880660255841,0.021793462911923564,0.012931384019996923,1.6853155762927183
V6WR_INI,sem_flag,lado_apostado_MULTI,sujo,TODOS,967,195,0.22465649388487996,0.21934562947626235,-0.005310864408617625,0.006436024541117253,-0.8251777746788537,0.6491640462236659,0.6304711662296465,-0.01869287999401935,0.015359456133781913,-1.217027467066743
V6WR_INI,sem_flag,lado_apostado_MULTI,limpo_400_499,TODOS,449,92,0.25470309896309484,0.23146227652852988,-0.023240822434564965,0.008402722379275501,-2.765868177661825,0.7139866019256598,0.6569646507001563,-0.05702195122550352,0.02026662508728841,-2.8135888920779766
V6WR_INI,sem_flag,lado_apostado_MULTI,limpo_500_599,TODOS,441,93,0.21160788725992752,0.2195610219474643,0.007953134687536768,0.007477956350058889,1.0635438768607064,0.6121938400270246,0.6303341621862261,0.018140322159201392,0.016018263928829702,1.1324774170159855
V6WR_INI,sem_flag,lado_apostado_MULTI,limpo_600_699,TODOS,431,87,0.24085661654926382,0.24345764564690606,0.0026010290976422185,0.008908083170255467,0.2919852731423955,0.6750942586861167,0.681916818421446,0.006822559735329418,0.02079216940756841,0.32813121139951784
V6WR_INI,sem_flag,lado_apostado_MULTI,TOTAL,TODOS,2288,467,0.23108951094207572,0.22630701128387407,-0.0047824996582016615,0.004041599704443321,-1.1833184896920388,0.6596436739110754,0.6453349039214193,-0.01430876998965603,0.00958422834240962,-1.4929496124732968
V6WR_INI,cWRgrande,flag1,sujo,TODOS,651,93,0.22544417020612006,0.23079158049426143,0.005347410288141359,0.006746838890305065,0.7925801067853231,0.657645509937775,0.672785924631172,0.015140414693397008,0.016270198126148838,0.9305611754698866
V6WR_INI,cWRgrande,flag1,limpo_400_499,TODOS,361,53,0.25356480058816094,0.23399479156119246,-0.019570009026968514,0.0065450560135531565,-2.990044544530096,0.7131328218479122,0.6627907414030257,-0.050342080444886465,0.017052105690778488,-2.952250083232282
V6WR_INI,cWRgrande,flag1,limpo_500_599,TODOS,359,51,0.24619689342043627,0.2654970046523635,0.019300111231927222,0.009898572171462864,1.9497873933342194,0.6992292275963462,0.7692438042593231,0.07001457666297692,0.03372985425918308,2.0757450098947636
V6WR_INI,cWRgrande,flag1,limpo_600_699,TODOS,427,61,0.21999384241445394,0.21940029087199658,-0.0005935515424573816,0.007979269820055323,-0.07438669901417952,0.6295370603117536,0.6336161247994788,0.004079064487725117,0.02234641632263028,0.1825377469404003
V6WR_INI,cWRgrande,flag1,TOTAL,TODOS,1798,258,0.23393943451914279,0.23565894745711663,0.001719512937973839,0.004236883436262464,0.4058438151158331,0.6704136780404867,0.6807362100110455,0.01032253197055883,0.01203680091494619,0.8575810170409367
V6WR_INI,cWRgrande,flag0,sujo,TODOS,746,107,0.2262684237264864,0.21365843293713901,-0.012609990789347374,0.006238675476495415,-2.0212608969413894,0.6537374261659221,0.6207674513926823,-0.03296997477323979,0.016242012669113716,-2.029919286784972
V6WR_INI,cWRgrande,flag0,limpo_400_499,TODOS,353,47,0.20834873123809694,0.19390149695102832,-0.014447234287068617,0.00958590599917796,-1.5071328978510263,0.6123021241804504,0.5824654047999744,-0.029836719380475902,0.024019596256446007,-1.2421823856622396
V6WR_INI,cWRgrande,flag0,limpo_500_599,TODOS,362,49,0.17684315016758043,0.18126474045430874,0.004421590286728312,0.012125704657705533,0.36464604833654096,0.5309727247103867,0.541534216891416,0.010561492181029319,0.02850834305373322,0.37047022203720364
V6WR_INI,cWRgrande,flag0,limpo_600_699,TODOS,284,39,0.22681126279470967,0.23590362849337165,0.009092365698661967,0.009030810096166821,1.0068161772686675,0.6399349776378643,0.6683655321660159,0.02843055452815153,0.02677827626284925,1.0617021890835656
V6WR_INI,cWRgrande,flag0,TOTAL,TODOS,1745,242,0.21247849009820555,0.2065621122816023,-0.005916377816603275,0.004474007303979473,-1.3223889490168834,0.6176415070199373,0.6043289422826207,-0.013312564737316464,0.011479283568191402,-1.1597034482365263
V6WR_INI,cWRgrande,entrou_FIRST,sujo,TODOS,90,90,0.2313559870909384,0.22874517848039233,-0.0026108086105461133,0.0071855407793705315,-0.3633419794988382,0.6630718385563995,0.6518999957069863,-0.01117184284941317,0.0160480254361398,-0.6961506195182384
V6WR_INI,cWRgrande,entrou_FIRST,limpo_400_499,TODOS,50,50,0.24575856722796896,0.24148299988903388,-0.0042755673389350945,0.00608797717859009,-0.7022968735775172,0.6917048970473542,0.6749370505811622,-0.016767846466191946,0.015747845746734865,-1.0647708096625577
V6WR_INI,cWRgrande,entrou_FIRST,limpo_500_599,TODOS,47,47,0.23835645753249607,0.24386476430419754,0.00550830677170143,0.008436675087924726,0.6529001904536278,0.6767453239907317,0.6888538919213436,0.012108567930611786,0.01954620081196814,0.6194844740977852
V6WR_INI,cWRgrande,entrou_FIRST,limpo_600_699,TODOS,52,52,0.2256034480810794,0.2176616334111835,-0.007941814669895915,0.008297759177938898,-0.9571035383878908,0.6394188565276734,0.6214263956806423,-0.017992460847031058,0.018914373292170675,-0.9512586311532073
V6WR_INI,cWRgrande,entrou_FIRST,TOTAL,TODOS,239,239,0.23449414227542406,0.23197181973793232,-0.0025223225374917378,0.0038561913678424563,-0.6540968268654624,0.6666046907508246,0.6573563081103909,-0.009248382640433657,0.00893374870191667,-1.0352185794580817
V6WR_INI,cWRgrande,nao_entrou_FIRST,sujo,TODOS,52,35,0.2709476414578996,0.2801338598587462,0.009186218400846557,0.003452619865123088,2.660651551490469,0.771748034761552,0.8063976438018668,0.034649609040314805,0.016707180889793005,2.0739351102305625
V6WR_INI,cWRgrande,nao_entrou_FIRST,limpo_400_499,TODOS,36,20,0.15148187730134666,0.14820174832358107,-0.0032801289777655888,0.0029694091979176928,-1.1046402698778561,0.46743732826606954,0.4525609169537392,-0.014876411312330346,0.008067784041637199,-1.84392780415965
V6WR_INI,cWRgrande,nao_entrou_FIRST,limpo_500_599,TODOS,46,23,0.2748751706915625,0.2802184342494028,0.0053432635578403,0.009719623869774548,0.5497397460468025,0.7780655336371858,0.8251495902238445,0.047084056586658644,0.05770215232998965,0.8159844076074014
V6WR_INI,cWRgrande,nao_entrou_FIRST,limpo_600_699,TODOS,78,33,0.1756185465825536,0.17560697888952886,-1.1567693024745661e-05,0.001963762797505934,-0.005890575500990825,0.5317971155480407,0.5272450868739821,-0.004552028674058641,0.006734195471939604,-0.6759573126480024
V6WR_INI,cWRgrande,nao_entrou_FIRST,TOTAL,TODOS,212,111,0.216439289735426,0.2192906414205637,0.0028513516851376578,0.00246704002428843,1.1557784458564166,0.6331595810624384,0.647673907615562,0.01451432655312359,0.013708311363844958,1.0587975548472337
V6WR_INI,cWRgrande,lado_apostado_FIRST,sujo,TODOS,90,90,0.23116066701037213,0.2297152057195851,-0.0014454612907870248,0.008687569062419473,-0.1663827107907291,0.6631099235438227,0.6532998711430904,-0.00981005240073233,0.01952076834902671,-0.5025443786500059
V6WR_INI,cWRgrande,lado_apostado_FIRST,limpo_400_499,TODOS,50,50,0.24645173776076948,0.24279267010595496,-0.0036590676548145396,0.008406615409537271,-0.43526050337253946,0.6932896371343683,0.6773671692205828,-0.015922467913785508,0.02055480404331639,-0.774634867850412
V6WR_INI,cWRgrande,lado_apostado_FIRST,limpo_500_599,TODOS,47,47,0.23910340699019098,0.24535209888295634,0.006248691892765365,0.009239204440313366,0.6763235875050545,0.679224296047558,0.6905228502075764,0.011298554160018376,0.02113775063207241,0.53452017467152
V6WR_INI,cWRgrande,lado_apostado_FIRST,limpo_600_699,TODOS,52,52,0.2257375164737496,0.21291009586944418,-0.012827420604305417,0.010963167156866837,-1.1700469782831775,0.6393406077455388,0.6120900503129477,-0.0272505574325911,0.02483482307698988,-1.0972720581947477
V6WR_INI,cWRgrande,lado_apostado_FIRST,TOTAL,TODOS,239,239,0.23474166487090342,0.2318697726057341,-0.0028718922651693258,0.004748661336187645,-0.6047793392389947,0.6674210397182665,0.6566887173219107,-0.010732322396355895,0.010830849924110876,-0.9909030659232341
V6WR_INI,cWRgrande,entrou_MULTI,sujo,TODOS,456,90,0.2123002627819161,0.21644080181787995,0.004140539035963834,0.008021800910037773,0.5161607826470399,0.6210469420576266,0.6267646619113382,0.005717719853711644,0.017170103486720344,0.33300439092483214
V6WR_INI,cWRgrande,entrou_MULTI,limpo_400_499,TODOS,245,50,0.2809640244911374,0.25807958999786834,-0.02288443449326905,0.009042306446247882,-2.5308182850587837,0.7741367021291006,0.7147186549576073,-0.05941804717149324,0.02344982121707246,-2.533837960701994
V6WR_INI,cWRgrande,entrou_MULTI,limpo_500_599,TODOS,215,47,0.22712192240180978,0.24437000517317298,0.017248082771363162,0.01161881529663334,1.4844958225956957,0.6464703614165421,0.6872196165039363,0.04074925508739413,0.028746261928977678,1.417549703960529
V6WR_INI,cWRgrande,entrou_MULTI,limpo_600_699,TODOS,258,52,0.23752230076964606,0.23378389870693678,-0.00373840206270931,0.012663095712900311,-0.29522023267192693,0.6695119222289789,0.6578426477370263,-0.011669274491952738,0.0283787508877312,-0.41119760831325525
V6WR_INI,cWRgrande,entrou_MULTI,TOTAL,TODOS,1174,239,0.23488677405778552,0.23405647543190194,-0.0008302986258835869,0.0052429748445744365,-0.15836403005877492,0.6683016194544639,0.6630207640210247,-0.005280855433439013,0.012147162775039718,-0.4347398261831349
V6WR_INI,cWRgrande,nao_entrou_MULTI,sujo,TODOS,195,79,0.2561806921827201,0.2643503244759535,0.008169632293233418,0.008153782632217652,1.0019438414942705,0.7432298532882761,0.7804048774529374,0.03717502416466124,0.02877039450463531,1.2921277168678318
V6WR_INI,cWRgrande,nao_entrou_MULTI,limpo_400_499,TODOS,116,40,0.19569575010342624,0.1831260362423511,-0.01256971386107514,0.009682675312115972,-1.2981653784617362,0.584288419529885,0.5531154067403319,-0.03117301278955317,0.032517608536100404,-0.9586502265363552
V6WR_INI,cWRgrande,nao_entrou_MULTI,limpo_500_599,TODOS,144,47,0.2746768848718577,0.29704078859698824,0.022363903725130512,0.01237723739267705,1.8068574606448156,0.7780011458509146,0.8917104734774353,0.11370932762652067,0.05484414564735287,2.0733175124592176
V6WR_INI,cWRgrande,nao_entrou_MULTI,limpo_600_699,TODOS,169,56,0.19323442078345063,0.19744188364469142,0.00420746286124083,0.009269014117235122,0.4539277649191762,0.568510348035753,0.5966312554628679,0.028120907427114976,0.03927600965594216,0.715981783115294
V6WR_INI,cWRgrande,nao_entrou_MULTI,TOTAL,TODOS,624,222,0.23215710019483737,0.23867385476096606,0.006516754566128676,0.005115173136601688,1.2740046899875106,0.6743873267263693,0.7140662317935523,0.039678905067182975,0.02046287411983685,1.9390680329073604
V6WR_INI,cWRgrande,lado_apostado_MULTI,sujo,TODOS,456,90,0.21272180146782532,0.21798876825733954,0.005266966789514226,0.009356167027452983,0.5629406544431952,0.6221058956632225,0.6295104271605291,0.007404531497306588,0.02020489155334892,0.3664722217268868
V6WR_INI,cWRgrande,lado_apostado_MULTI,limpo_400_499,TODOS,245,50,0.278223772591748,0.25829680977074576,-0.01992696282100228,0.011131353812558375,-1.790165253620877,0.7675580094697932,0.7140736269987528,-0.05348438247104039,0.028577971582636003,-1.8715247972161027
V6WR_INI,cWRgrande,lado_apostado_MULTI,limpo_500_599,TODOS,215,47,0.2268694679661416,0.244885358330075,0.018015890363933414,0.011369631918017046,1.584562323023341,0.6450283823680754,0.6867129986056391,0.04168461623756372,0.027630175104920864,1.5086627601625222
V6WR_INI,cWRgrande,lado_apostado_MULTI,limpo_600_699,TODOS,258,52,0.23606760871461163,0.23544631491440993,-0.0006212938002017356,0.014383510431835075,-0.04319486561685413,0.6664598988811441,0.6620224672385935,-0.00443743164255054,0.03185210787018386,-0.139313594586446
V6WR_INI,cWRgrande,lado_apostado_MULTI,TOTAL,TODOS,1174,239,0.23411272948500586,0.23516277513463663,0.0010500456496308054,0.00581633144156712,0.18053401189047213,0.6664052443466781,0.6647784366675171,-0.0016268076791609298,0.013375984579968438,-0.12162152770400161
V6WR_INI,cPROBSgrande,flag1,sujo,TODOS,669,95,0.22184417949047064,0.21798371415347598,-0.003860465336994652,0.005931806317727056,-0.650807718629947,0.6492891484758461,0.6362366553468312,-0.01305249312901498,0.01248767820830177,-1.0452297786099038
V6WR_INI,cPROBSgrande,flag1,limpo_400_499,TODOS,299,41,0.21783860880105818,0.20991043550019303,-0.00792817330086519,0.009009407119554082,-0.8799883494728333,0.6249256031132739,0.6042044611457271,-0.020721141967546885,0.021567879436027594,-0.9607408103799813
V6WR_INI,cPROBSgrande,flag1,limpo_500_599,TODOS,363,50,0.2163107660702653,0.23598332778225695,0.019672561711991596,0.011024392760231306,1.784457624093106,0.624485527572998,0.6886105329675993,0.06412500539460121,0.031730054386380234,2.020954789857724
V6WR_INI,cPROBSgrande,flag1,limpo_600_699,TODOS,373,53,0.22725876105643222,0.24232138255003727,0.015062621493605072,0.007894698209686647,1.9079413922527801,0.644843841765272,0.6900420462821866,0.04519820451691464,0.026537893125350796,1.7031572289262953
V6WR_INI,cPROBSgrande,flag1,TOTAL,TODOS,1704,239,0.2211477852512892,0.2257289604808429,0.004581175229553713,0.0041285751055038615,1.1096262299907016,0.6387571567773795,0.653550917277052,0.014793760499672454,0.011367527905247142,1.3014052503749558
V6WR_INI,cPROBSgrande,flag0,sujo,TODOS,728,105,0.2295970368475524,0.22500467734092647,-0.004592359506625954,0.0061789043077029775,-0.7432320162169941,0.6613199265919346,0.6530684522620934,-0.008251474329841227,0.01628330835046556,-0.5067443391873929
V6WR_INI,cPROBSgrande,flag0,limpo_400_499,TODOS,415,59,0.24084397857315162,0.21724368183794157,-0.02360029673521003,0.0049683173811616655,-4.7501588414409905,0.6909176944383767,0.6366761726706286,-0.05424152176774816,0.01340590553216168,-4.046091600274152
V6WR_INI,cPROBSgrande,flag0,limpo_500_599,TODOS,358,50,0.2063717793717721,0.21024947689860052,0.003877697526828416,0.004996153570330383,0.776136576316647,0.6048803702325418,0.620749409990366,0.01586903975782426,0.019601616314235598,0.8095781237335735
V6WR_INI,cPROBSgrande,flag0,limpo_600_699,TODOS,338,47,0.217704886007752,0.2079724230866751,-0.009732462921076913,0.008892218792513652,-1.094492066397496,0.6213819687095439,0.6005450093528708,-0.020836959356673086,0.022908130233493466,-0.9095879560789222
V6WR_INI,cPROBSgrande,flag0,TOTAL,TODOS,1839,261,0.22542808179368715,0.21725042131589745,-0.008177660477789712,0.003495038439969783,-2.339791283629033,0.6496715757030617,0.6334241146508625,-0.016247461052199194,0.009678801740918985,-1.67866451727283
V6WR_INI,cPROBSgrande,entrou_FIRST,sujo,TODOS,94,94,0.21727422961226378,0.20564373950126505,-0.011630490110998716,0.00891181160901331,-1.3050646289735033,0.6314148435623943,0.5991675290607532,-0.03224731450164101,0.02145560907567069,-1.5029782835765515
V6WR_INI,cPROBSgrande,entrou_FIRST,limpo_400_499,TODOS,38,38,0.2135797740861963,0.19844438583046536,-0.01513538825573096,0.004805743700911433,-3.1494372562690884,0.61286653460862,0.5763118587332575,-0.03655467587536244,0.010951194775651952,-3.337962352439873
V6WR_INI,cPROBSgrande,entrou_FIRST,limpo_500_599,TODOS,45,45,0.23249755952927273,0.23278927371694047,0.0002917141876677218,0.010367506880746788,0.028137351730092044,0.6636619810709982,0.6624553208295926,-0.0012066602414057043,0.025148802284975638,-0.04798082340989199
V6WR_INI,cPROBSgrande,entrou_FIRST,limpo_600_699,TODOS,44,44,0.2384875053747656,0.2450621936476358,0.006574688272870227,0.008798453301100153,0.7472550058370069,0.6667803885242325,0.6821729518939357,0.015392563369703198,0.020373478339067,0.7555196571509005
V6WR_INI,cPROBSgrande,entrou_FIRST,TOTAL,TODOS,221,221,0.22396221454359827,0.21778123082549727,-0.006180983718100988,0.0047647569327072675,-1.2972295975209465,0.6418328047658541,0.6246502157657892,-0.017182589000064905,0.011467761440577911,-1.4983385457658245
V6WR_INI,cPROBSgrande,nao_entrou_FIRST,sujo,TODOS,47,35,0.22411252427936415,0.2242941570506542,0.00018163277129004318,0.006127080674032814,0.02964425979566765,0.6490058108156093,0.6402721573458191,-0.008733653469790185,0.022549779896922396,-0.38730548633790246
V6WR_INI,cPROBSgrande,nao_entrou_FIRST,limpo_400_499,TODOS,33,18,0.13166830233869292,0.13222488764662393,0.0005565853079310032,0.0015499191523996654,0.3591060263170946,0.4077411000337081,0.40850910918035965,0.000768009146651572,0.003514948789814091,0.21849796186993461
V6WR_INI,cPROBSgrande,nao_entrou_FIRST,limpo_500_599,TODOS,54,22,0.1307401039890834,0.12754665751755556,-0.0031934464715277994,0.0019723807951993384,-1.619082116039897,0.4134848090049387,0.39680449766749,-0.016680311337448687,0.008553494335495728,-1.9501166053536596
V6WR_INI,cPROBSgrande,nao_entrou_FIRST,limpo_600_699,TODOS,82,33,0.16397603745112863,0.1624403637089854,-0.001535673742143217,0.0035550886783892307,-0.4319649609525389,0.5051789356682184,0.4938883383853725,-0.011290597282845899,0.013375874774195913,-0.8441015988447477
V6WR_INI,cPROBSgrande,nao_entrou_FIRST,TOTAL,TODOS,216,108,0.16381640418847235,0.16255961112872286,-0.0012567930597494896,0.0018898659132960617,-0.6650170527482303,0.49866473065049355,0.4884253639807888,-0.010239366669704765,0.00720205913854411,-1.4217276577063271
V6WR_INI,cPROBSgrande,lado_apostado_FIRST,sujo,TODOS,94,94,0.21554276493168797,0.2043896665248395,-0.011153098406848463,0.009473549222559222,-1.1772882733632455,0.6259734336707317,0.5966669792878846,-0.029306454382847128,0.022365157368752588,-1.310362091339118
V6WR_INI,cPROBSgrande,lado_apostado_FIRST,limpo_400_499,TODOS,38,38,0.21318838284629094,0.20047841149243012,-0.012709971353860828,0.004490595935398053,-2.830352927920289,0.6121961624855793,0.5800108866016869,-0.032185275883892465,0.009002317268754913,-3.5752212372697154
V6WR_INI,cPROBSgrande,lado_apostado_FIRST,limpo_500_599,TODOS,45,45,0.23328862526281624,0.2341219930387849,0.0008333677759686618,0.012269043637452468,0.06792442839022304,0.6665107959992607,0.6652088860922054,-0.0013019099070552887,0.029523905638075356,-0.04409680490836846
V6WR_INI,cPROBSgrande,lado_apostado_FIRST,limpo_600_699,TODOS,44,44,0.23817678790766045,0.24382797908476556,0.0056511911771051256,0.010287739649970061,0.549313198951489,0.6655177804146437,0.6812267634994668,0.015708983084822995,0.02425963782488297,0.6475357628262026
V6WR_INI,cPROBSgrande,lado_apostado_FIRST,TOTAL,TODOS,221,221,0.22325767084389825,0.21762320840055321,-0.005634462443345029,0.0051846384171066896,-1.086760925266099,0.6397317877724519,0.624594964760412,-0.015136823012039908,0.012319240378858879,-1.2287139910035605
V6WR_INI,cPROBSgrande,entrou_MULTI,sujo,TODOS,468,94,0.22585904074370217,0.22099344040213728,-0.0048656003415649025,0.00884943524781795,-0.5498204354639058,0.6547252617469821,0.636752161987432,-0.017973099759550196,0.021333991985484985,-0.8424630407557366
V6WR_INI,cPROBSgrande,entrou_MULTI,limpo_400_499,TODOS,191,38,0.25117475182535776,0.24346470696213396,-0.007710044863223846,0.01248352011516139,-0.6176178507422678,0.704784397198249,0.6831095210405185,-0.021674876157730585,0.028498606639160585,-0.7605591540726993
V6WR_INI,cPROBSgrande,entrou_MULTI,limpo_500_599,TODOS,211,45,0.21329808441011203,0.22967041559206086,0.016372331181948845,0.016284404532095113,1.0053994390571934,0.6186698346631848,0.6548917026065143,0.03622186794332949,0.03522122689885452,1.028410170019021
V6WR_INI,cPROBSgrande,entrou_MULTI,limpo_600_699,TODOS,221,44,0.2415787224584561,0.25531477268191793,0.013736050223461862,0.008573932965474911,1.6020711007157986,0.6770624826156967,0.7083471908720536,0.031284708256357,0.020990884819443237,1.490394927391479
V6WR_INI,cPROBSgrande,entrou_MULTI,TOTAL,TODOS,1091,221,0.23104601479426984,0.233557939129786,0.0025119243355161765,0.005575926705824789,0.4504945039704595,0.6610406838995913,0.6628788347951929,0.0018381508956016356,0.013018514833423667,0.1411951300990476
V6WR_INI,cPROBSgrande,nao_entrou_MULTI,sujo,TODOS,201,80,0.21249614433369265,0.21097599333569741,-0.0015201509979952603,0.0038424079516336898,-0.3956245711361628,0.6366319295161862,0.6350363712284174,-0.001595558287768805,0.017235912363428852,-0.09257173360629634
V6WR_INI,cPROBSgrande,nao_entrou_MULTI,limpo_400_499,TODOS,108,37,0.15888302252660247,0.15056908504435304,-0.008313937482249425,0.006416935826881868,-1.2956242210527689,0.4836938469074385,0.46465940151697577,-0.019034445390462746,0.021983349122246795,-0.8658573943676395
V6WR_INI,cPROBSgrande,nao_entrou_MULTI,limpo_500_599,TODOS,152,45,0.22049284390113605,0.24474664667785806,0.024253802776721994,0.013340020743869644,1.8181233179766783,0.6325586275991204,0.7354175935346317,0.10285896593551132,0.05614549318381142,1.8320075237164168
V6WR_INI,cPROBSgrande,nao_entrou_MULTI,limpo_600_699,TODOS,152,46,0.2064382908600685,0.2234296771609213,0.016991386300852774,0.01233491149011059,1.37750370681423,0.5979996336866942,0.6634273294771827,0.06542769579048859,0.050311504467989786,1.3004519837429296
V6WR_INI,cPROBSgrande,nao_entrou_MULTI,TOTAL,TODOS,613,208,0.20353119727185706,0.21179516650694907,0.008263969235091971,0.005004603445428356,1.651273537494965,0.5990975677230026,0.6369493544511273,0.03785178672812477,0.020424385509344903,1.853264408410534
V6WR_INI,cPROBSgrande,lado_apostado_MULTI,sujo,TODOS,468,94,0.2278886636839405,0.2220260341587133,-0.005862629525227226,0.009110297606381271,-0.6435167958860938,0.6602395608941551,0.6383672138958577,-0.021872346998297435,0.021935338417391384,-0.9971283133227611
V6WR_INI,cPROBSgrande,lado_apostado_MULTI,limpo_400_499,TODOS,191,38,0.2501233258133771,0.242912836567889,-0.007210489245488069,0.01303365551381598,-0.5532207934945635,0.7000033062671648,0.6805773944084769,-0.019425911858687854,0.028130485063165622,-0.6905644113518812
V6WR_INI,cPROBSgrande,lado_apostado_MULTI,limpo_500_599,TODOS,211,45,0.21152454218148134,0.22918273082083493,0.01765818863935357,0.016938540033568435,1.0424858697596693,0.614331404317435,0.6528739108845566,0.0385425065671217,0.036716545218324424,1.049731295195115
V6WR_INI,cPROBSgrande,lado_apostado_MULTI,limpo_600_699,TODOS,221,44,0.23855493142190565,0.2565345666928498,0.017979635270944122,0.008006312577941077,2.245682403217863,0.6703187424719516,0.7109565434981504,0.04063780102619873,0.018981957893127677,2.1408645649199047
V6WR_INI,cPROBSgrande,lado_apostado_MULTI,TOTAL,TODOS,1091,221,0.23077705598439313,0.23405704052526177,0.0032799845408686447,0.00574857140809629,0.570573853575014,0.6603639911941093,0.6632666633776473,0.0029026721835380565,0.01334543158036427,0.21750305833562458
V6WR_INI,bisolo,flag1,limpo_400_499,TODOS,338,47,0.260971472592369,0.24346159997054537,-0.017509872621823654,0.009098637562719544,-1.9244499521079976,0.7323814674740715,0.6862845714154162,-0.046096896058655426,0.024248699966812566,-1.9010048423934025
V6WR_INI,bisolo,flag1,limpo_500_599,TODOS,351,48,0.24017374339271882,0.254238971568039,0.01406522817532015,0.007307366366693881,1.9248012853752359,0.67918505056069,0.7334523478223599,0.054267297261669824,0.024942249594628773,2.1757178339421355
V6WR_INI,bisolo,flag1,limpo_600_699,TODOS,327,46,0.2014118021303825,0.19796320186817612,-0.0034486002622063816,0.01099788129849275,-0.3135695111274759,0.5820778588780247,0.5762371513626832,-0.005840707515341393,0.02702197026573136,-0.21614661913637156
V6WR_INI,bisolo,flag1,TOTAL,TODOS,1016,141,0.2346171269327757,0.23254120750129884,-0.0020759194314768793,0.0059576169110060456,-0.3484479553631327,0.6656282958721973,0.6671609327949374,0.0015326369227400957,0.01699631936837592,0.09017463660937
V6WR_INI,bisolo,flag0,limpo_400_499,TODOS,376,53,0.20445648245519576,0.18784395581717855,-0.01661252663801718,0.006225899471591004,-2.6682934271298016,0.6011666556291465,0.5662594691555123,-0.03490718647363423,0.017213315224094913,-2.027917691577026
V6WR_INI,bisolo,flag0,limpo_500_599,TODOS,370,52,0.18405654369663896,0.19376589647101775,0.009709352774378783,0.010891173089835044,0.8914882441305355,0.5536255846093137,0.5804111842111926,0.026785599601878964,0.026896178827172185,0.9958886641108473
V6WR_INI,bisolo,flag0,limpo_600_699,TODOS,384,54,0.24085966158342267,0.2498609054259544,0.009001243842531726,0.008638007047818367,1.0420509954093056,0.677641662888433,0.7081779893982514,0.030536326509818485,0.028726133448606958,1.0630155486971502
V6WR_INI,bisolo,flag0,TOTAL,TODOS,1130,159,0.21014749435304805,0.21085778474787803,0.0007102903948299754,0.005565717902110017,0.1276188278534019,0.6115880773196136,0.6191203951234889,0.007532317803875261,0.015286470390364857,0.49274408097652944
V6WR_INI,bisolo,entrou_FIRST,limpo_400_499,TODOS,45,45,0.25985332776326914,0.25255316882961926,-0.007300158933649869,0.007299661593018494,-1.0000681320120168,0.72341436131647,0.7004759502094547,-0.02293841110701519,0.01775167565946136,-1.2921828647082894
V6WR_INI,bisolo,entrou_FIRST,limpo_500_599,TODOS,44,44,0.23642760180063493,0.23413856879359363,-0.002289033007041287,0.009540338491270941,-0.23993205368296608,0.6678265592230267,0.6575339872434314,-0.010292571979595273,0.021812581403951266,-0.47186400311752247
V6WR_INI,bisolo,entrou_FIRST,limpo_600_699,TODOS,39,39,0.2096470457534336,0.21377231173531938,0.004125265981885786,0.004263090994756239,0.9676701686546256,0.6044064175555527,0.6148903615565161,0.010483944000963268,0.008592807420063181,1.2200836686371568
V6WR_INI,bisolo,entrou_FIRST,TOTAL,TODOS,128,128,0.23650350791374186,0.23440710767131595,-0.0020964002424258997,0.004341492542834992,-0.4828754677664266,0.6680458214821944,0.6596377913971919,-0.008408030085002408,0.010147377779877021,-0.8285914122243616
V6WR_INI,bisolo,nao_entrou_FIRST,limpo_400_499,TODOS,26,16,0.20234115284967297,0.20146685192490388,-0.0008743009247690842,0.003255589340183421,-0.26855381112650584,0.5680165796365996,0.5615726186387429,-0.006443960997856679,0.011778566111825641,-0.5470921448907914
V6WR_INI,bisolo,nao_entrou_FIRST,limpo_500_599,TODOS,54,23,0.18671748060228552,0.1902242503970289,0.003506769794743384,0.007165770976387592,0.489377878011839,0.5663424362604262,0.5966362387324998,0.030293802472073545,0.043326084792854935,0.6992047081316105
V6WR_INI,bisolo,nao_entrou_FIRST,limpo_600_699,TODOS,60,25,0.0857804170928164,0.07959878880440335,-0.006181628288413048,0.003085069948985221,-2.0037238670865096,0.3025781171862431,0.2765547041435814,-0.02602341304266169,0.013522212595017253,-1.9244937069138341
V6WR_INI,bisolo,nao_entrou_FIRST,TOTAL,TODOS,140,64,0.14636027822988498,0.1449012499982233,-0.0014590282316616883,0.003386974906475514,-0.4307762153395914,0.45361149756992275,0.45294662303412275,-0.0006648745358000216,0.019382103697845293,-0.034303527943354034
V6WR_INI,bisolo,lado_apostado_FIRST,limpo_400_499,TODOS,45,45,0.25975131627116255,0.2544765317942676,-0.005274784476894946,0.008333834093066601,-0.6329361033576784,0.7234598781578073,0.7049859463338484,-0.0184739318239589,0.020033778363524136,-0.9221391735866821
V6WR_INI,bisolo,lado_apostado_FIRST,limpo_500_599,TODOS,44,44,0.2367303129590299,0.22674083899766898,-0.009989473961360927,0.010754177444239059,-0.9288924246560784,0.6690161343860264,0.6406220053663702,-0.028394129019656232,0.024616420709743157,-1.153462940630433
V6WR_INI,bisolo,lado_apostado_FIRST,limpo_600_699,TODOS,39,39,0.2104126033812599,0.2057043839457946,-0.004708219435465312,0.007657918831437244,-0.6148170983658323,0.6059402550287954,0.5987775577148096,-0.007162697313986011,0.016153757895057883,-0.44340749443678257
V6WR_INI,bisolo,lado_apostado_FIRST,TOTAL,TODOS,128,128,0.23680495729897472,0.23008212359785518,-0.006722833701119536,0.005045972665556578,-1.3323167101179685,0.6689380810641368,0.6505004732189144,-0.01843760784522249,0.01161745787740362,-1.5870604429807584
V6WR_INI,bisolo,entrou_MULTI,limpo_400_499,TODOS,217,45,0.2877413698785445,0.2669350966096048,-0.020806273268939673,0.013034822636895857,-1.5962068567044596,0.7921948565806319,0.7354017809553335,-0.05679307562529851,0.03197142886456014,-1.7763696413410162
V6WR_INI,bisolo,entrou_MULTI,limpo_500_599,TODOS,200,44,0.2402046123023724,0.2509379838839268,0.010733371581554423,0.00842618576620673,1.2738114111607504,0.6732233374708452,0.7038273898532027,0.030604052382357593,0.019808167644913104,1.5450218783975689
V6WR_INI,bisolo,entrou_MULTI,limpo_600_699,TODOS,203,39,0.2259657468642902,0.2230684293793865,-0.0028973174849036996,0.015654659918955878,-0.1850769994303998,0.6411453062308736,0.6369107867214784,-0.004234519509395284,0.03549886194110198,-0.11928606377356538
V6WR_INI,bisolo,entrou_MULTI,TOTAL,TODOS,620,128,0.2521803973186606,0.24741194178239526,-0.0047684555362652835,0.007907816528555763,-0.603005332640939,0.7043604008661831,0.6929686357135613,-0.011391765152621776,0.019134480265286715,-0.5953527346801484
V6WR_INI,bisolo,nao_entrou_MULTI,limpo_400_499,TODOS,121,39,0.21296264853369068,0.20136450269223213,-0.01159814584145856,0.007821212442526147,-1.4829089385676517,0.625112827506108,0.5981983361248207,-0.02691449138128725,0.029207899700177113,-0.9214798618718909
V6WR_INI,bisolo,nao_entrou_MULTI,limpo_500_599,TODOS,151,45,0.24013285741966783,0.2586111406860684,0.01847828326640058,0.009206651367658783,2.0070579984500423,0.6870813592889614,0.7726907027483958,0.08560934345943436,0.04232511429618485,2.022660656279695
V6WR_INI,bisolo,nao_entrou_MULTI,limpo_600_699,TODOS,124,39,0.16121461841277554,0.15686351489417846,-0.004351103518597067,0.009981449240643939,-0.4359190147338125,0.485378731356828,0.47690853863820387,-0.008470192718624134,0.03299765665713944,-0.25669073433405476
V6WR_INI,bisolo,nao_entrou_MULTI,TOTAL,TODOS,396,123,0.2071190773387136,0.20925874473796602,0.002139667399252439,0.0057532237630073275,0.37190755781311574,0.6049871213866639,0.6267549332758797,0.021767811889215755,0.0225842319011611,0.9638499987283884
V6WR_INI,bisolo,lado_apostado_MULTI,limpo_400_499,TODOS,217,45,0.2863291118840117,0.26830954789550737,-0.01801956398850436,0.014199840512954493,-1.268997632196301,0.7891321991791138,0.7381684414922106,-0.05096375768690325,0.035731749568571225,-1.4262877777395409
V6WR_INI,bisolo,lado_apostado_MULTI,limpo_500_599,TODOS,200,44,0.2436506760123909,0.24800897978925282,0.0043583037768619385,0.00956208564492773,0.45579007956008305,0.6798947116543096,0.6957831798128382,0.015888468158528696,0.022023614723667605,0.7214287190310411
V6WR_INI,bisolo,lado_apostado_MULTI,limpo_600_699,TODOS,203,39,0.2252988804574491,0.2250730729172659,-0.0002258075401832408,0.015256542484741828,-0.01480070208627364,0.6398600720539074,0.641940971184345,0.0020808991304376977,0.034707208753809775,0.05995581912674783
V6WR_INI,bisolo,lado_apostado_MULTI,TOTAL,TODOS,620,128,0.25257939550672726,0.24760451879577525,-0.004974876710952026,0.008010555773151963,-0.6210401440092003,0.7050197164188271,0.6929890401883861,-0.012030676230440992,0.01957701934614327,-0.6145305379601144
V6WR_INI,bipro,flag1,limpo_400_499,TODOS,315,45,0.23922394122932472,0.21954198042066952,-0.019681960808655228,0.008958734757151525,-2.1969576443753547,0.676195869582593,0.6302113269524653,-0.045984542630127766,0.023106989896917087,-1.9900706597990498
V6WR_INI,bipro,flag1,limpo_500_599,TODOS,307,42,0.22508731703986387,0.24387852298830906,0.0187912059484452,0.007592481747664822,2.47497545242367,0.6428380575375153,0.6993224426437676,0.05648438510625227,0.021719291088811668,2.6006550985151287
V6WR_INI,bipro,flag1,limpo_600_699,TODOS,417,58,0.23486975431004609,0.2379110251597122,0.0030412708496661443,0.0102563825646748,0.29652470844261786,0.6660537495053273,0.6854405207141936,0.01938677120886635,0.03485238559982148,0.5562537793385843
V6WR_INI,bipro,flag1,TOTAL,TODOS,1039,145,0.2332993603135368,0.23410522414005946,0.0008058638265226763,0.006010622765967161,0.1340732662654476,0.6622689086874451,0.6727981280264503,0.010529219339005262,0.01833378734021769,0.5743068327136078
V6WR_INI,bipro,flag0,limpo_400_499,TODOS,257,35,0.22780453878854895,0.21687544117727323,-0.010929097611275711,0.008656485497623738,-1.2625328852310582,0.6610944100119579,0.6334975002989904,-0.02759690971296749,0.023773650189261825,-1.1608192050134805
V6WR_INI,bipro,flag0,limpo_500_599,TODOS,414,58,0.20120796803710755,0.20787573467934148,0.006667766642233929,0.006713444158126471,0.9931961129315047,0.5939230323387222,0.6219853196911906,0.0280622873524683,0.019674676385009963,1.4263150662975486
V6WR_INI,bipro,flag0,limpo_600_699,TODOS,294,42,0.20547987005911622,0.2090872693974833,0.0036073993383670573,0.011970258715645141,0.3013635230500225,0.5877872274100369,0.5936775485942423,0.0058903211842054205,0.028392978875699047,0.2074569635680891
V6WR_INI,bipro,flag0,TOTAL,TODOS,965,135,0.20959269122632102,0.21064165776442142,0.001048966538100418,0.005232844889135496,0.20045817529930934,0.6099428431293835,0.6164269214670474,0.006484078337663861,0.013937542072967182,0.4652239472152106
V6WR_INI,bipro,entrou_FIRST,limpo_400_499,TODOS,41,41,0.24484482379020278,0.23332959455228217,-0.011515229237920626,0.009952785933621592,-1.1569855229198622,0.6876542335534199,0.6570532148130173,-0.030601018740402625,0.022264566299060828,-1.3744268956046743
V6WR_INI,bipro,entrou_FIRST,limpo_500_599,TODOS,40,40,0.227135582658549,0.22762888281187416,0.0004933001533251782,0.011048456647614491,0.04464878390337788,0.6482497336902783,0.6444772306791459,-0.0037725030111324088,0.024502136984326024,-0.15396628520792585
V6WR_INI,bipro,entrou_FIRST,limpo_600_699,TODOS,51,51,0.23368916968771863,0.2392927953633174,0.005603625675598803,0.005525430644897526,1.014151843670952,0.6585997351858218,0.6703840637288858,0.011784328543063863,0.014105744594765058,0.8354276134729731
V6WR_INI,bipro,entrou_FIRST,TOTAL,TODOS,132,132,0.23516824799859032,0.23390607009581607,-0.0012621779027742394,0.0051594130671610205,-0.24463594721807297,0.664487874377108,0.6583928657929751,-0.006095008584132932,0.01191931017996592,-0.5113558160754534
V6WR_INI,bipro,nao_entrou_FIRST,limpo_400_499,TODOS,39,19,0.11559424038058583,0.115977651161147,0.0003834107805611828,0.0035083040505655295,0.10928664535201217,0.3759647074687337,0.3700453425458453,-0.005919364922888439,0.010754150359658635,-0.5504260889910354
V6WR_INI,bipro,nao_entrou_FIRST,limpo_500_599,TODOS,28,16,0.15347828883233164,0.14884810933176026,-0.004630179500571354,0.0034850018624161187,-1.3286017291713281,0.46239486619954934,0.4472739018163549,-0.015120964383194407,0.009455632513901923,-1.5991489052650008
V6WR_INI,bipro,nao_entrou_FIRST,limpo_600_699,TODOS,72,32,0.17834174639658945,0.17692453457246024,-0.0014172118241292367,0.003212179632026865,-0.44119943044249516,0.5459953823273866,0.5368709082891155,-0.009124474038271152,0.015093596636086195,-0.6045261615416503
V6WR_INI,bipro,nao_entrou_FIRST,TOTAL,TODOS,139,67,0.15572786476764441,0.15416864709202271,-0.001559217675621704,0.001912035633785394,-0.815475218176143,0.4814485422477686,0.47201541731627494,-0.009433124931493637,0.008238031918389992,-1.145070209115821
V6WR_INI,bipro,lado_apostado_FIRST,limpo_400_499,TODOS,41,41,0.24549114741274325,0.23884241144102292,-0.006648735971720364,0.011428351930556364,-0.5817755711515514,0.6892230017138841,0.6690367366617976,-0.020186265052086347,0.02520904791606125,-0.8007547575497774
V6WR_INI,bipro,lado_apostado_FIRST,limpo_500_599,TODOS,40,40,0.2274894369155202,0.2276574106655561,0.00016797375003588106,0.012366042563834442,0.013583468532377107,0.6492453202361745,0.6435563881498804,-0.005688932086294108,0.028598140270272514,-0.1989266446184858
V6WR_INI,bipro,lado_apostado_FIRST,limpo_600_699,TODOS,51,51,0.23390119910369989,0.23618575406018724,0.002284554956487356,0.006601155037004027,0.3460841237148423,0.6591067218995379,0.6650878236349292,0.005981101735391369,0.017797047074831714,0.3360727040976221
V6WR_INI,bipro,lado_apostado_FIRST,TOTAL,TODOS,132,132,0.2355581490517574,0.23442658146040707,-0.0011315675913503374,0.005673090809027205,-0.19946227364274702,0.6654727173984292,0.659789702534169,-0.005683014864260187,0.01341817917956457,-0.42353100135338967
V6WR_INI,bipro,entrou_MULTI,limpo_400_499,TODOS,203,41,0.2742715938728527,0.2478139533316768,-0.026457640541175935,0.012156241544321704,-2.176465517299181,0.7575937405715681,0.6957105132314083,-0.061883227340159885,0.028197713848125888,-2.194618601829412
V6WR_INI,bipro,entrou_MULTI,limpo_500_599,TODOS,199,40,0.22159616995547937,0.24203115255666852,0.020434982601189124,0.009255070356592983,2.2079770130144896,0.6319821861936458,0.6809534514069535,0.0489712652133077,0.018922723498729126,2.5879607243955487
V6WR_INI,bipro,entrou_MULTI,limpo_600_699,TODOS,249,51,0.23984928594362778,0.23634700451264862,-0.0035022814309791663,0.010059479511062085,-0.3481573203790336,0.6746344224634487,0.6682125562387256,-0.006421866224723177,0.02519455047993087,-0.2548910816979497
V6WR_INI,bipro,entrou_MULTI,TOTAL,TODOS,651,132,0.24500344635528853,0.24166027036675414,-0.003343175988534396,0.0069006112486873815,-0.4844753411040692,0.6874653695575462,0.6806818702294967,-0.00678349932804961,0.01623150250541614,-0.41792183599676536
V6WR_INI,bipro,nao_entrou_MULTI,limpo_400_499,TODOS,112,37,0.17570007081293024,0.16829902951946882,-0.007401041293461439,0.010866870636656306,-0.6810646358939919,0.5286622284150757,0.5114940518218811,-0.017168176593194553,0.0348157870780202,-0.4931147055421049
V6WR_INI,bipro,nao_entrou_MULTI,limpo_500_599,TODOS,108,38,0.23152007879720193,0.2472824740614245,0.015762395264222594,0.009066933254228488,1.7384483620050457,0.6628410056618677,0.7331690098301197,0.070328004168252,0.04094239006671283,1.7177307932843517
V6WR_INI,bipro,nao_entrou_MULTI,limpo_600_699,TODOS,168,53,0.22748937706741604,0.24022912719018147,0.012739750122765443,0.01514257586760945,0.8413198807222922,0.6533359663709685,0.7109748252046193,0.05763885883365082,0.06049738282957128,0.9527496254842416
V6WR_INI,bipro,nao_entrou_MULTI,TOTAL,TODOS,388,128,0.21366183450637086,0.22142910276485783,0.007767268258486992,0.007843574238854996,0.9902715295292287,0.6199934034646724,0.6595705090208238,0.03957710555615145,0.030754704436546248,1.2868634662969292
V6WR_INI,bipro,lado_apostado_MULTI,limpo_400_499,TODOS,203,41,0.2737920241149459,0.2492625426350221,-0.0245294814799238,0.015483408871813858,-1.5842429585759696,0.7561837131439136,0.6973831748999806,-0.05880053824393306,0.0341276690348315,-1.722957937265503
V6WR_INI,bipro,lado_apostado_MULTI,limpo_500_599,TODOS,199,40,0.2233729935937624,0.2404369224500299,0.017063928856267514,0.009570453237594137,1.782980223887194,0.6357806436110718,0.677114671832641,0.04133402822156923,0.019696477664363436,2.098549239408136
V6WR_INI,bipro,lado_apostado_MULTI,limpo_600_699,TODOS,249,51,0.2402023899593518,0.23765751991673953,-0.0025448700426122955,0.010806125661468451,-0.23550254016447109,0.6759864578130095,0.6711418530905452,-0.004844604722464364,0.026192062522925604,-0.1849646135436619
V6WR_INI,bipro,lado_apostado_MULTI,TOTAL,TODOS,651,132,0.24553210709734458,0.24212590811326204,-0.0034061989840825768,0.007362142448116484,-0.4626640965027798,0.6887039475303489,0.681150423377784,-0.00755352415256492,0.016838174161168944,-0.4485952027972454
V6WR_INI,bisolo30,flag1,limpo_400_499,TODOS,299,42,0.2451994434735417,0.2150193705096544,-0.030180072963887302,0.005674977664502277,-5.318095461884825,0.706577800382306,0.6345828988757957,-0.07199490150651032,0.01765165746862734,-4.078648230879642
V6WR_INI,bisolo30,flag1,limpo_500_599,TODOS,317,44,0.1723701505260467,0.18634247234442608,0.013972321818379372,0.012777414315426942,1.0935171603154283,0.5182845984423469,0.5515973944044738,0.033312795962126836,0.030204937824044244,1.102892386542462
V6WR_INI,bisolo30,flag1,limpo_600_699,TODOS,312,45,0.2432827743488616,0.2560457189026977,0.012762944553836109,0.012425016996981649,1.0271973516765853,0.6781819266232768,0.7230100156423196,0.044828089019042755,0.03592949480236837,1.2476682253847837
V6WR_INI,bisolo30,flag1,TOTAL,TODOS,928,131,0.2196769363277916,0.21901683169527095,-0.0006601046325206629,0.0073279751241522514,-0.09008008642728958,0.6327109279385731,0.6359652862828501,0.0032543583442769006,0.019585681694387354,0.1661600752558691
V6WR_INI,bisolo30,flag0,limpo_400_499,TODOS,415,58,0.22113099166454303,0.21356278649377541,-0.007568205170767596,0.005539997121150899,-1.3661027262763903,0.6320887619481584,0.614789057294025,-0.01729970465413355,0.013527342973869046,-1.2788693749801143
V6WR_INI,bisolo30,flag0,limpo_500_599,TODOS,404,56,0.24198160243030672,0.2521304380729584,0.010148835642651637,0.004916544885598786,2.0642210899729454,0.6904435676881789,0.7359840054890382,0.04554043780085921,0.016465500382852213,2.7658095254904445
V6WR_INI,bisolo30,flag0,limpo_600_699,TODOS,399,55,0.20663544798953526,0.20249195588175037,-0.004143492107784886,0.006822117892901219,-0.6073615514760325,0.5988999932225813,0.5884480489827625,-0.010451944239818744,0.016641817947640466,-0.6280530331904428
V6WR_INI,bisolo30,flag0,TOTAL,TODOS,1218,169,0.22329841762763042,0.22272868946897406,-0.0005697281586563721,0.0036347410740839112,-0.15674518405687662,0.6405723603040394,0.6463594158774335,0.005787055573394102,0.01083162036604263,0.5342742247075655
V6WR_INI,bisolo30,entrou_FIRST,limpo_400_499,TODOS,39,39,0.2190396714710309,0.2034575980729175,-0.015582073398113417,0.006179464162683936,-2.5215897346260574,0.6373873145777292,0.5925410835223072,-0.044846231055422056,0.014682783614030468,-3.0543412090176294
V6WR_INI,bisolo30,entrou_FIRST,limpo_500_599,TODOS,40,40,0.18250135872122297,0.1856115714489706,0.003110212727747647,0.011830288925861488,0.26290251634924966,0.5441040544481608,0.5539855408811658,0.009881486433005095,0.026961817154419348,0.3664992747488241
V6WR_INI,bisolo30,entrou_FIRST,limpo_600_699,TODOS,39,39,0.2514479422081075,0.24899269274343255,-0.002455249464674947,0.006449025749824537,-0.38071633761762363,0.6969139291179911,0.6887941369526828,-0.008119792165308344,0.013891232916302298,-0.5845263853994717
V6WR_INI,bisolo30,entrou_FIRST,TOTAL,TODOS,118,118,0.21736501086724844,0.21245783220166506,-0.004907178665583393,0.005263054934709758,-0.93238218609892,0.6254399210344027,0.6112838579133155,-0.014156063121087133,0.012400840138500912,-1.1415406507125898
V6WR_INI,bisolo30,nao_entrou_FIRST,limpo_400_499,TODOS,37,17,0.2685222722053464,0.27393464265162887,0.005412370446282487,0.008633190354906057,0.6269258783581383,0.8053510104140577,0.8353336411342123,0.029982630720154557,0.04302541402412436,0.6968586218215888
V6WR_INI,bisolo30,nao_entrou_FIRST,limpo_500_599,TODOS,50,20,0.09545202755255511,0.09298630732830691,-0.002465720224248194,0.002481631545557768,-0.9935883627293278,0.3306105946329375,0.31660324211219737,-0.014007352520740195,0.011217528728795827,-1.2487021749079887
V6WR_INI,bisolo30,nao_entrou_FIRST,limpo_600_699,TODOS,50,22,0.10484755520891392,0.10423902514032894,-0.0006085300685849715,0.0031249282620158863,-0.19473409229318106,0.3426079602472813,0.3309608533950379,-0.011647106852243455,0.009393151420816767,-1.2399573189495863
V6WR_INI,bisolo30,nao_entrou_FIRST,TOTAL,TODOS,137,59,0.1456226511654837,0.14596239709154787,0.00033974592606418803,0.002815772594904919,0.12065815495148689,0.46320376006811004,0.46193831749874165,-0.0012654425693683514,0.013714186238754878,-0.09227252330818879
V6WR_INI,bisolo30,lado_apostado_FIRST,limpo_400_499,TODOS,39,39,0.21869172929334063,0.20095371735917744,-0.017738011934163172,0.008197561299893462,-2.163815711191291,0.6370346477176854,0.5875330061291952,-0.049501641588490096,0.019571576877981927,-2.52926179107109
V6WR_INI,bisolo30,lado_apostado_FIRST,limpo_500_599,TODOS,40,40,0.18312018657231133,0.18415477591409396,0.0010345893417826573,0.014098285334041945,0.07338405467539527,0.5459428194640563,0.5510223936799209,0.005079574215864533,0.032548388574570895,0.15606223344135248
V6WR_INI,bisolo30,lado_apostado_FIRST,limpo_600_699,TODOS,39,39,0.25184743417371863,0.24453826448204735,-0.007309169691671334,0.005875656236445239,-1.2439750382832757,0.6978434430972192,0.6798969728902592,-0.01794647020696013,0.012933697866396674,-1.387574566248934
V6WR_INI,bisolo30,lado_apostado_FIRST,TOTAL,TODOS,118,118,0.2175918206619302,0.20966422312179256,-0.007927597540137624,0.00594842879254242,-1.3327212641557546,0.6262538840707079,0.6056836010928437,-0.02057028297786422,0.014070917856260072,-1.4619005801894165
V6WR_INI,bisolo30,entrou_MULTI,limpo_400_499,TODOS,194,39,0.24932876465645093,0.20512689004345575,-0.04420187461299518,0.00679735399073803,-6.502806043825873,0.7061233497706023,0.5968258689796876,-0.1092974807909146,0.01795929683357558,-6.085844106467401
V6WR_INI,bisolo30,entrou_MULTI,limpo_500_599,TODOS,175,40,0.188339136364006,0.2070349171344968,0.018695780770490795,0.021174282433320313,0.8829475487240458,0.5589845143046968,0.5990279366900491,0.04004342238535236,0.04498733172046843,0.8901044105964018
V6WR_INI,bisolo30,entrou_MULTI,limpo_600_699,TODOS,192,39,0.2596409483484701,0.26635369551396615,0.006712747165496005,0.019121622884259233,0.35105530561539755,0.717984639191472,0.7349082882602921,0.01692364906882012,0.04382856405997035,0.3861328663577387
V6WR_INI,bisolo30,entrou_MULTI,TOTAL,TODOS,561,118,0.2338327830480549,0.2266767142703188,-0.007156068777736082,0.01121484119060538,-0.6380891763077918,0.6642839047835675,0.6447709426894725,-0.019512962094095018,0.0256378242651538,-0.761100547857974
V6WR_INI,bisolo30,nao_entrou_MULTI,limpo_400_499,TODOS,105,33,0.23757003100226184,0.23329690584720242,-0.004273125155059414,0.007963407341191293,-0.5365950744421134,0.7074174519886921,0.7043435064933669,-0.0030739454953252567,0.03226209721182031,-0.09528039901259157
V6WR_INI,bisolo30,nao_entrou_MULTI,limpo_500_599,TODOS,142,42,0.1526900623454631,0.1608412199622967,0.008151157616833611,0.009297790121735622,0.8766768780657346,0.46812625142888753,0.49314426130605343,0.025018009877165792,0.036690721063091826,0.6818620390192351
V6WR_INI,bisolo30,nao_entrou_MULTI,limpo_600_699,TODOS,120,41,0.21710969594948795,0.2395529563246682,0.02244326037518028,0.016296615680038103,1.3771730778845859,0.6144975865141645,0.7039727794535634,0.089475192939399,0.0699302942958369,1.2794911538750044
V6WR_INI,bisolo30,nao_entrou_MULTI,TOTAL,TODOS,367,116,0.19803816245839728,0.20730785587891712,0.009269693420519802,0.007205012285768244,1.286561778503811,0.5844481486196579,0.6225048687239529,0.03805672010429501,0.02984243182726159,1.2752553251886638
V6WR_INI,bisolo30,lado_apostado_MULTI,limpo_400_499,TODOS,194,39,0.24781972173744954,0.20540612498895114,-0.042413596748498365,0.00895663250616841,-4.735440101990143,0.7028085041955543,0.5971535566512336,-0.10565494754432074,0.023880146951523,-4.42438431215694
V6WR_INI,bisolo30,lado_apostado_MULTI,limpo_500_599,TODOS,175,40,0.18949755141382285,0.20438579777708835,0.014888246363265509,0.020744590508041148,0.7176929502413862,0.561533459881805,0.5929146565742632,0.03138119669245826,0.04441422124921109,0.7065574000808506
V6WR_INI,bisolo30,lado_apostado_MULTI,limpo_600_699,TODOS,192,39,0.2563537260124891,0.2661694705795184,0.009815744567029256,0.020215208043791434,0.48556238183479405,0.7108034372092003,0.7345090661989407,0.02370562898974048,0.04558680414751926,0.5200107669980303
V6WR_INI,bisolo30,lado_apostado_MULTI,TOTAL,TODOS,561,118,0.23254726008713386,0.22588385242444656,-0.006663407662687347,0.011296035468501945,-0.5898890527803056,0.6614749825978964,0.6428406338699323,-0.018634348727964097,0.02591937563583758,-0.7189350927959547
V6WR_INI,bipro30,flag1,limpo_400_499,TODOS,350,48,0.2735987612371427,0.25558171875688235,-0.01801704248026041,0.011656924113157895,-1.5456086275729848,0.7618096244211328,0.7229076129773743,-0.038902011443758475,0.02999358285916682,-1.2970111515660094
V6WR_INI,bipro30,flag1,limpo_500_599,TODOS,317,44,0.22262811020665121,0.22840220889520926,0.005774098688558027,0.008440605628983678,0.6840858277669915,0.6422987057280395,0.6782584278101039,0.03595972208206436,0.028237067341606067,1.2734935128719724
V6WR_INI,bipro30,flag1,limpo_600_699,TODOS,321,46,0.2322059753161197,0.23630974406055397,0.004103768744434298,0.01202430413898401,0.3412894997498828,0.6555164169608634,0.6749559682385,0.01943955127763668,0.03877984520117483,0.5012797543876674
V6WR_INI,bipro30,flag1,TOTAL,TODOS,988,138,0.24379635166496239,0.24059972634425908,-0.003196625320703278,0.00620280102516091,-0.5153519043632957,0.6889299879631803,0.6930024817433628,0.004072493780182501,0.018903350500778352,0.2154376696350636
V6WR_INI,bipro30,flag0,limpo_400_499,TODOS,222,32,0.17180964649952435,0.15963563355928512,-0.012174012940239242,0.00837054054307043,-1.4543879069216772,0.5237369087576286,0.48787279740894646,-0.035864111348682094,0.019485812000610787,-1.8405243439461454
V6WR_INI,bipro30,flag0,limpo_500_599,TODOS,404,56,0.20254652020567396,0.21912812003682405,0.016581599831150068,0.010242877123774148,1.6188420138970014,0.5931354686546033,0.6365989867029372,0.04346351804833397,0.023177874394340724,1.8752158765234457
V6WR_INI,bipro30,flag0,limpo_600_699,TODOS,390,54,0.21490679812357685,0.2175003252590314,0.0025935271354545824,0.007172099029025651,0.3616134028488059,0.6157258680970132,0.6248949503076088,0.009169082210595609,0.019146324106102237,0.4788951738090173
V6WR_INI,bipro30,flag0,TOTAL,TODOS,1016,142,0.2005749871596276,0.20550393503549258,0.004928947875864963,0.005435803871071945,0.9067560185708045,0.5866431216914256,0.5996090376700199,0.012965915978594277,0.01338113880013164,0.9689695452876343
V6WR_INI,bipro30,entrou_FIRST,limpo_400_499,TODOS,44,44,0.26133265687885565,0.23299683483097172,-0.02833582204788392,0.01086434732376841,-2.6081476598131577,0.7201721350458186,0.6540538923186714,-0.06611824272714714,0.02422204425558969,-2.7296722782549256
V6WR_INI,bipro30,entrou_FIRST,limpo_500_599,TODOS,41,41,0.22119401216754073,0.21817737554503022,-0.0030166366225105154,0.009121089298988657,-0.3307320566245305,0.6370470086443251,0.628182066775253,-0.008864941869072024,0.021955424718730108,-0.40377000138418495
V6WR_INI,bipro30,entrou_FIRST,limpo_600_699,TODOS,40,40,0.23463636869533966,0.23173320828491817,-0.00290316041042151,0.00678599084090579,-0.42781672986077857,0.6578779837132197,0.6547489587282271,-0.0031290249849926398,0.015565704867509278,-0.20102044922642337
V6WR_INI,bipro30,entrou_FIRST,TOTAL,TODOS,125,125,0.23962436919481922,0.22773169169044577,-0.011892677504373473,0.005810363506991964,-2.046804384968736,0.6729729651596971,0.6457903547914879,-0.027182610368209063,0.013609114543252684,-1.99738273065576
V6WR_INI,bipro30,nao_entrou_FIRST,limpo_400_499,TODOS,39,17,0.274117224011616,0.28558055146983524,0.01146332745821922,0.006444630571043786,1.7787408187095812,0.8016152749796218,0.848028306713284,0.04641303173366227,0.03350190170127819,1.3853849894106605
V6WR_INI,bipro30,nao_entrou_FIRST,limpo_500_599,TODOS,51,21,0.23087620520334673,0.23353747180768208,0.0026612666043353585,0.008348982626116244,0.31875340068509866,0.6765824276593703,0.7083158624528758,0.03173343479350547,0.048086043280098856,0.6599302547863994
V6WR_INI,bipro30,nao_entrou_FIRST,limpo_600_699,TODOS,50,24,0.1987824597134567,0.20070629153998915,0.0019238318265324338,0.0024872763852454524,0.7734692605713716,0.5967523575975384,0.6017968868400925,0.005044529242554146,0.011924574265691544,0.42303642294952803
V6WR_INI,bipro30,nao_entrou_FIRST,TOTAL,TODOS,140,62,0.23145986562497528,0.2363097653322487,0.0048498997072733896,0.003609023220829758,1.3438261298186769,0.682902267247929,0.709193266349424,0.026290999101495106,0.020079047864565713,1.30937479101745
V6WR_INI,bipro30,lado_apostado_FIRST,limpo_400_499,TODOS,44,44,0.26184503271092757,0.23193718167841057,-0.02990785103251699,0.011586833472313039,-2.581192791281792,0.7213172198606794,0.6510851807355196,-0.07023203912515978,0.02557243134981331,-2.7463966239437183
V6WR_INI,bipro30,lado_apostado_FIRST,limpo_500_599,TODOS,41,41,0.2227119338256015,0.22140551342461223,-0.0013064204009892518,0.010090366063676161,-0.12947205212823484,0.6419507853523008,0.6342626051407202,-0.007688180211580605,0.023209939810631235,-0.3312451593717214
V6WR_INI,bipro30,lado_apostado_FIRST,limpo_600_699,TODOS,40,40,0.2339070987585669,0.23469014340250935,0.0007830446439424241,0.012611035883497523,0.06209201616554721,0.6558472732238333,0.6639332979475328,0.008086024723699504,0.028624625934906205,0.28248490450451713
V6WR_INI,bipro30,lado_apostado_FIRST,TOTAL,TODOS,125,125,0.24006923741178524,0.22936374224287634,-0.01070549516890888,0.0071378499559684346,-1.49982070720852,0.6743346464181404,0.6496787734482696,-0.02465587296987084,0.016437123398212836,-1.5000114297707108
V6WR_INI,bipro30,entrou_MULTI,limpo_400_499,TODOS,222,44,0.2975206942608012,0.2699282823223803,-0.02759241193842091,0.015679335642442605,-1.7597947111821906,0.8082972371829414,0.7449436570427815,-0.06335358014015985,0.03644461435442719,-1.738352326191204
V6WR_INI,bipro30,entrou_MULTI,limpo_500_599,TODOS,173,41,0.21603849242691006,0.21164578602263723,-0.0043927064042728415,0.01030131115700244,-0.42642206776628105,0.6215061445026255,0.6144790471276089,-0.00702709737501663,0.02394987012523931,-0.2934085795985674
V6WR_INI,bipro30,entrou_MULTI,limpo_600_699,TODOS,206,40,0.24208163187527987,0.2402338711072298,-0.0018477607680500822,0.011838094878774078,-0.15608599077569071,0.6765298331017358,0.6714152557731035,-0.005114577328632406,0.027189124674005288,-0.18811114333233028
V6WR_INI,bipro30,entrou_MULTI,TOTAL,TODOS,601,125,0.2550633435641613,0.24297333960994014,-0.012090003954221232,0.007404051662396135,-1.6328902748780396,0.7093638856448,0.6821862058333331,-0.027177679811466952,0.017207800845892702,-1.57938135470425
V6WR_INI,bipro30,nao_entrou_MULTI,limpo_400_499,TODOS,128,39,0.23210915864923515,0.23069939757297186,-0.001409761076263288,0.00818581512380304,-0.1722199994676069,0.6811826710373707,0.6846888490514335,0.003506178014062648,0.030181176271643524,0.11617101939651202
V6WR_INI,bipro30,nao_entrou_MULTI,limpo_500_599,TODOS,144,40,0.2305448037892569,0.24853318915184092,0.017988385362584,0.012248929603656205,1.4685679438646309,0.6672786577557939,0.754882267102268,0.08760360934647418,0.052452981374950323,1.6701359398478453
V6WR_INI,bipro30,nao_entrou_MULTI,limpo_600_699,TODOS,115,40,0.2145156687840588,0.22928043822042163,0.014764769436362835,0.017689989308235152,0.8346398168533347,0.6178749932650397,0.681298461872167,0.06342346860712739,0.07277183996609808,0.8715386148910652
V6WR_INI,bipro30,nao_entrou_MULTI,TOTAL,TODOS,387,119,0.22629903349592212,0.2369135724097002,0.010614538913778091,0.007488782415058594,1.417391816917282,0.6571967256720862,0.709799850792272,0.05260312512018592,0.031023750393248162,1.6955759524043286
V6WR_INI,bipro30,lado_apostado_MULTI,limpo_400_499,TODOS,222,44,0.2974502159851541,0.2673263576759706,-0.030123858309183467,0.01680775337035028,-1.7922596581125152,0.8073974454860209,0.737211436350351,-0.0701860091356698,0.039357992732396166,-1.7832720691037331
V6WR_INI,bipro30,lado_apostado_MULTI,limpo_500_599,TODOS,173,41,0.21576571103010306,0.21244709842462148,-0.003318612605481586,0.010888733644792068,-0.30477489061079505,0.620442341161909,0.615859695048431,-0.004582646113478041,0.02523100650806881,-0.18162755861572638
V6WR_INI,bipro30,lado_apostado_MULTI,limpo_600_699,TODOS,206,40,0.23915126255719316,0.24181544462800475,0.002664182070811577,0.01187663106922673,0.22432136312751844,0.6697498092997246,0.6759228241291514,0.00617301482942673,0.027380747410914983,0.22545092494319335
V6WR_INI,bipro30,lado_apostado_MULTI,TOTAL,TODOS,601,125,0.2539543694570613,0.2427849933858469,-0.01116937607121441,0.007834325559517623,-1.4256972072912084,0.7064013621208821,0.681272492319071,-0.025128869801811133,0.018381498128129933,-1.3670740886650272
V6WR_INI,bisolo35mais,flag1,limpo_400_499,TODOS,427,59,0.2115071300843369,0.19876723879868657,-0.012739891285650312,0.008288249412650512,-1.5371027887029045,0.6142079236894138,0.5858297860807365,-0.02837813760867726,0.021008010720565518,-1.3508245966809629
V6WR_INI,bisolo35mais,flag1,limpo_500_599,TODOS,370,49,0.1994481129026733,0.2149364585092658,0.015488345606592461,0.01004049494068282,1.5425878602692817,0.5809806733064793,0.6241948150971636,0.043214141790684196,0.023966700892810958,1.803090962913744
V6WR_INI,bisolo35mais,flag1,limpo_600_699,TODOS,371,52,0.2495957324358297,0.2507760082664916,0.0011802758306619387,0.009374185927970366,0.12590702165830456,0.6958040091743746,0.7070046430394119,0.011200633865037321,0.02215649900312076,0.5055236327481026
V6WR_INI,bisolo35mais,flag1,TOTAL,TODOS,1168,160,0.21978541357336795,0.22040924630336978,0.0006238327300018041,0.005606484763914793,0.111269852014403,0.629600102690471,0.6364727078853141,0.00687260519484316,0.01378266690559536,0.4986411731428468
V6WR_INI,bisolo35mais,flag0,limpo_400_499,TODOS,287,41,0.26052421809533965,0.2370931610113739,-0.023431057083965756,0.009360733238682114,-2.50312197629345,0.736295523022354,0.6784962609212849,-0.057799262101069046,0.023562575740967994,-2.4530111960796415
V6WR_INI,bisolo35mais,flag0,limpo_500_599,TODOS,351,51,0.2239490123208308,0.2319224246901137,0.007973412369282938,0.0086663790231864,0.9200396553105432,0.6503492020764983,0.6872986628428464,0.03694946076634807,0.030192442365027338,1.2237983373331718
V6WR_INI,bisolo35mais,flag0,limpo_600_699,TODOS,340,48,0.19338750767934285,0.19894898713997558,0.005561479460632697,0.01033486277637248,0.5381280410754294,0.5659134441134686,0.582562276049718,0.016648831936249456,0.035180669557905435,0.4732380635577842
V6WR_INI,bisolo35mais,flag0,TOTAL,TODOS,978,140,0.22405757313798635,0.2219766502086768,-0.002080922929309554,0.005945515330439517,-0.3499987492515175,0.64621672396201,0.6483041220850224,0.0020873981230124447,0.01860129676031451,0.11221788189874302
V6WR_INI,bisolo35mais,entrou_FIRST,limpo_400_499,TODOS,56,56,0.2050120364774206,0.19934341609925715,-0.005668620378163464,0.008288887620469396,-0.6838819197119785,0.5948792963793444,0.5817393055286627,-0.013139990850681748,0.01853827475904002,-0.7088033283288215
V6WR_INI,bisolo35mais,entrou_FIRST,limpo_500_599,TODOS,46,46,0.20135201140418416,0.20379757586175803,0.0024455644575738407,0.008876023772385352,0.27552477553996196,0.5879070549397855,0.5916923336395752,0.0037852786997897704,0.020341307105036528,0.18608827251089147
V6WR_INI,bisolo35mais,entrou_FIRST,limpo_600_699,TODOS,45,45,0.24868429816785753,0.23530841302834105,-0.013375885139516508,0.009149706810125302,-1.461892213279928,0.6866618925369565,0.6604833723620664,-0.026178520174890155,0.02038711915899335,-1.2840715733660708
V6WR_INI,bisolo35mais,entrou_FIRST,TOTAL,TODOS,147,147,0.21723578221007903,0.21174692773792256,-0.005488854472156464,0.004998242272715553,-1.0981569465167922,0.6207942196505882,0.608959185124616,-0.011835034525972147,0.01116491178546664,-1.0600204241091995
V6WR_INI,bisolo35mais,nao_entrou_FIRST,limpo_400_499,TODOS,37,16,0.2834189289033338,0.2948745330816246,0.011455604178290812,0.007628897250456652,1.5016068249713417,0.8267007405455884,0.8754779890888561,0.048777248543267725,0.03895810499774751,1.2520436644977455
V6WR_INI,bisolo35mais,nao_entrou_FIRST,limpo_500_599,TODOS,44,21,0.08949402044415168,0.08723164895937462,-0.002262371484777056,0.00145328531212178,-1.5567290647656926,0.3180036562165149,0.3051058685167745,-0.012897787699740386,0.005841248816071598,-2.208053124573883
V6WR_INI,bisolo35mais,nao_entrou_FIRST,limpo_600_699,TODOS,64,29,0.19251689784922038,0.19338220890234945,0.0008653110531290643,0.0031215112909836274,0.277209009503981,0.5775176635090374,0.5761401115644847,-0.0013775519445527367,0.013304815970396516,-0.10353784280953736
V6WR_INI,bisolo35mais,nao_entrou_FIRST,TOTAL,TODOS,145,66,0.18445047400907674,0.18706904584815834,0.0026185718390815843,0.002727847065726874,0.9599408529832035,0.5623532326778747,0.5702780065596743,0.007924773881799681,0.0130932403277417,0.605256887021987
V6WR_INI,bisolo35mais,lado_apostado_FIRST,limpo_400_499,TODOS,56,56,0.20557006712243095,0.2023740603883941,-0.0031960067340368707,0.008817494491441105,-0.36246200518062643,0.5962419858959607,0.5887964595730711,-0.007445526322889609,0.02000741262330297,-0.37213839005937627
V6WR_INI,bisolo35mais,lado_apostado_FIRST,limpo_500_599,TODOS,46,46,0.20195676674914792,0.20234960438895036,0.0003928376398024535,0.009527183117910225,0.041233346199041246,0.5898326248444887,0.589719397775003,-0.00011322706948564989,0.022207875217676337,-0.005098509802303235
V6WR_INI,bisolo35mais,lado_apostado_FIRST,limpo_600_699,TODOS,45,45,0.24852204848509704,0.22945865504316548,-0.019063393441931527,0.010948948097293007,-1.7411164316912524,0.6860980362521251,0.6495173885067236,-0.03658064774540152,0.02475930063467929,-1.477450768305005
V6WR_INI,bisolo35mais,lado_apostado_FIRST,TOTAL,TODOS,147,147,0.2175879402118796,0.21065760993594718,-0.006930330275932453,0.005625957447095026,-1.2318490392263708,0.621743289689564,0.6076733096363583,-0.014069980053205623,0.012679137064675909,-1.109695398151709
V6WR_INI,bisolo35mais,entrou_MULTI,limpo_400_499,TODOS,274,56,0.2284577458538174,0.21390765642988877,-0.01455008942392866,0.009423058459497325,-1.54409414803788,0.6487546131232939,0.6172630497778445,-0.031491563345449294,0.020444316496842245,-1.540357847146094
V6WR_INI,bisolo35mais,entrou_MULTI,limpo_500_599,TODOS,239,46,0.2169314870121521,0.23342140590158586,0.016489918889433818,0.014494450335408447,1.1376712126261626,0.6230395551430454,0.6604800595764216,0.03744050443337618,0.029955319591074774,1.2498783169227687
V6WR_INI,bisolo35mais,entrou_MULTI,limpo_600_699,TODOS,218,45,0.2678857908940207,0.26368301584467846,-0.004202775049342226,0.01502168580465448,-0.2797805189108664,0.7334126418216556,0.7268211797032994,-0.0065914621183562365,0.03473011974263609,-0.1897909413270549
V6WR_INI,bisolo35mais,entrou_MULTI,TOTAL,TODOS,731,147,0.23644753785875078,0.23513175284050403,-0.001315785018246752,0.0076497565620431435,-0.1720035150890245,0.6655939447224231,0.6640654268853808,-0.0015285178370422147,0.01675234656527627,-0.09124201383288462
V6WR_INI,bisolo35mais,nao_entrou_MULTI,limpo_400_499,TODOS,153,50,0.18115112537297962,0.17165302683169706,-0.009498098541282545,0.01018143371822853,-0.9328841894120901,0.5523399962065176,0.5295375360610791,-0.022802460145438443,0.033026118281931964,-0.6904371852235898
V6WR_INI,bisolo35mais,nao_entrou_MULTI,limpo_500_599,TODOS,131,46,0.1675509647182044,0.18121201250342983,0.013661047785225401,0.009809430504090657,1.392644331343045,0.5042472934672482,0.5579950179174485,0.05374772445020034,0.04125200773699841,1.3029117223304183
V6WR_INI,bisolo35mais,nao_entrou_MULTI,limpo_600_699,TODOS,153,48,0.22353538770455098,0.2323856314557417,0.008850243751190746,0.005148206076567752,1.7190927518369852,0.6422178528534122,0.6787693162895593,0.0365514634361471,0.018164291209442948,2.0122702843007345
V6WR_INI,bisolo35mais,nao_entrou_MULTI,TOTAL,TODOS,437,144,0.19191353061543925,0.1957818955513214,0.0038683649358821105,0.005200615151388867,0.7438283401626117,0.5693907239139102,0.5903164662627767,0.02092574234886652,0.01859821853342348,1.1251476753679484
V6WR_INI,bisolo35mais,lado_apostado_MULTI,limpo_400_499,TODOS,274,56,0.22615435268512715,0.21421892787168387,-0.011935424813443299,0.011195460491904516,-1.0660950321850409,0.6432707454881855,0.6177418233873381,-0.025528922100847472,0.02427675190931745,-1.0515789837210239
V6WR_INI,bisolo35mais,lado_apostado_MULTI,limpo_500_599,TODOS,239,46,0.21908854590429705,0.2319735945654896,0.012885048661192553,0.014438071061627651,0.8924356034953591,0.6272540971329176,0.6564505762530581,0.02919647912014052,0.030158927732171954,0.968087439295637
V6WR_INI,bisolo35mais,lado_apostado_MULTI,limpo_600_699,TODOS,218,45,0.26709806441095885,0.26075927264720805,-0.006338791763750775,0.016364706793664457,-0.3873452695287408,0.7320747020384347,0.7201499768913803,-0.011924725147054406,0.037365323203932425,-0.31913881975466
V6WR_INI,bisolo35mais,lado_apostado_MULTI,TOTAL,TODOS,731,147,0.2360544913111366,0.23390314196318024,-0.0021513493479563784,0.007972767724041123,-0.2698372036437471,0.6645173714403679,0.6609379511558583,-0.0035794202845095533,0.017448440975154914,-0.20514269954584144
V6WR_INI,bipro35mais,flag1,limpo_400_499,TODOS,278,38,0.22743448732704744,0.2164153790866166,-0.011019108240430847,0.0075513483048535255,-1.4592239419480182,0.6563517791483475,0.6298878326855957,-0.02646394646275185,0.020996474067606963,-1.2603995498263214
V6WR_INI,bipro35mais,flag1,limpo_500_599,TODOS,317,44,0.22145708456298557,0.24196681399798697,0.020509729435001407,0.006806989348948101,3.0130397424774613,0.641846250028223,0.7083047967044754,0.06645854667625241,0.022737545297713702,2.922854943490093
V6WR_INI,bipro35mais,flag1,limpo_600_699,TODOS,383,54,0.21948826814191902,0.21676995183005304,-0.002718316311865969,0.008916583113633518,-0.304860760812025,0.6218754565644857,0.6196186439461872,-0.002256812618298627,0.02561286263221871,-0.08811247109332312
V6WR_INI,bipro35mais,flag1,TOTAL,TODOS,978,136,0.22238516358051186,0.22483624435005276,0.0024510807695409045,0.005025892325295684,0.48769066484063645,0.6381486254871016,0.651283618275362,0.013134992788260356,0.015008766674204055,0.8751547061382331
V6WR_INI,bipro35mais,flag0,limpo_400_499,TODOS,294,42,0.2403895254386911,0.2201674722074514,-0.020222053231239722,0.008617270238513532,-2.34668899448696,0.6817590737698959,0.633389823402284,-0.048369250367611825,0.024823305583294823,-1.9485418734949855
V6WR_INI,bipro35mais,flag0,limpo_500_599,TODOS,404,56,0.2034653695349859,0.20848460563687224,0.005019236101886326,0.008514611998918122,0.5894850056026131,0.5934904895873802,0.6130229992288883,0.01953250964150819,0.020202136939472464,0.9668536402871369
V6WR_INI,bipro35mais,flag0,limpo_600_699,TODOS,328,46,0.22648708123876338,0.2367611681205785,0.01027408688181513,0.006643419644135466,1.5465057804807898,0.6474864589575434,0.6800486457107814,0.03256218675323791,0.021929595291708463,1.4848512396190736
V6WR_INI,bipro35mais,flag0,TOTAL,TODOS,1026,144,0.22140574309690436,0.2208720084306402,-0.000533734666264172,0.005271383734756378,-0.10125133989867634,0.6360456959256581,0.6402864089297063,0.004240713004048212,0.014330047227940016,0.2959315441598741
V6WR_INI,bipro35mais,entrou_FIRST,limpo_400_499,TODOS,33,33,0.22138198167432052,0.200973489632098,-0.02040849204222254,0.008082843407996379,-2.5249149355080127,0.6327038375044981,0.5859448444147849,-0.046758993089713125,0.018840314948954374,-2.481858356211196
V6WR_INI,bipro35mais,entrou_FIRST,limpo_500_599,TODOS,42,42,0.22681013917139908,0.2144285459978128,-0.01238159317358625,0.008290048492554578,-1.49354894421985,0.6534033890867346,0.6192559211212235,-0.034147467965511095,0.019998003900740878,-1.7075438196232182
V6WR_INI,bipro35mais,entrou_FIRST,limpo_600_699,TODOS,47,47,0.23741419922397985,0.23817948921236184,0.0007652899883819782,0.008552227143141302,0.08948429170239286,0.6637736689297118,0.6684575977383271,0.004683928808615426,0.021190788932867546,0.22103607484620416
V6WR_INI,bipro35mais,entrou_FIRST,TOTAL,TODOS,122,122,0.22942703773752782,0.219939017071708,-0.009488020665819781,0.0049940218476297905,-1.8998756824267569,0.6517994378605553,0.6292002921842678,-0.022599145676287492,0.012126555998250745,-1.8636079097434934
V6WR_INI,bipro35mais,nao_entrou_FIRST,limpo_400_499,TODOS,38,15,0.24363526863440232,0.2526156809663615,0.008980412331959162,0.00741974721712444,1.2103393915136054,0.7268646572969616,0.7678431297636995,0.04097847246673789,0.03727762533902043,1.099277974228782
V6WR_INI,bipro35mais,nao_entrou_FIRST,limpo_500_599,TODOS,33,19,0.17012036533884886,0.16540027875000887,-0.004720086588839982,0.004030419659349617,-1.1711154142200804,0.5185468563821582,0.4997165386098431,-0.018830317772315176,0.010794980949669459,-1.7443585922114813
V6WR_INI,bipro35mais,nao_entrou_FIRST,limpo_600_699,TODOS,69,30,0.10554990532465681,0.09959435974634898,-0.005955545578307846,0.0027123774285926854,-2.195692058017853,0.34742452113741285,0.3187274976061255,-0.028697023531287377,0.00950768620288128,-3.0182972932563565
V6WR_INI,bipro35mais,nao_entrou_FIRST,TOTAL,TODOS,140,64,0.15825039808350444,0.15664011355692936,-0.00161028452657509,0.003159393573937301,-0.5096815223841582,0.4907513942598375,0.4832920145712004,-0.007459379688637069,0.014561271663603843,-0.5122752916753776
V6WR_INI,bipro35mais,lado_apostado_FIRST,limpo_400_499,TODOS,33,33,0.2220477759248457,0.2060169082932492,-0.01603086763159649,0.008146330228776052,-1.9678637105784322,0.6343265306046557,0.5969231193805006,-0.03740341122415513,0.019343821725958076,-1.9336102117795229
V6WR_INI,bipro35mais,lado_apostado_FIRST,limpo_500_599,TODOS,42,42,0.22756164230172585,0.20968097323149384,-0.01788066907023197,0.00879937100457174,-2.0320394561090804,0.6560471314014781,0.608306830085815,-0.047740301315662995,0.02081666552219164,-2.293369284565262
V6WR_INI,bipro35mais,lado_apostado_FIRST,limpo_600_699,TODOS,47,47,0.2379825103662543,0.2354388022617059,-0.002543708104548429,0.012609918170547092,-0.20172280820106767,0.6645938919961233,0.6631170873635425,-0.0014768046325808182,0.030333725799333144,-0.04868523709716148
V6WR_INI,bipro35mais,lado_apostado_FIRST,TOTAL,TODOS,122,122,0.23008478335578972,0.21861297176803396,-0.011471811587755763,0.006083747318809301,-1.8856489243542423,0.6534644914150288,0.6263430566331742,-0.027121434781854616,0.014699777129752416,-1.845023536238567
V6WR_INI,bipro35mais,entrou_MULTI,limpo_400_499,TODOS,172,33,0.2504376775011179,0.23769465640446147,-0.012743021096656435,0.008793172293822777,-1.4491949743334878,0.7030927277682926,0.6710906337657272,-0.032002094002565325,0.02066272281342326,-1.5487839764164864
V6WR_INI,bipro35mais,entrou_MULTI,limpo_500_599,TODOS,199,42,0.2140418684988953,0.23224767576310523,0.018205807264209933,0.008944387742026107,2.0354447715485446,0.6185240079361924,0.6592925726539859,0.04076856471779347,0.022114379924836766,1.8435318944668262
V6WR_INI,bipro35mais,entrou_MULTI,limpo_600_699,TODOS,237,47,0.24488173219327752,0.24002107102775963,-0.004860661165517884,0.011047668424546221,-0.43997167354500266,0.6822953449010579,0.6750048768002173,-0.0072904681008406835,0.026472109247883357,-0.2754018590877344
V6WR_INI,bipro35mais,entrou_MULTI,TOTAL,TODOS,608,122,0.23635951133434083,0.23681868784869137,0.0004591765143505449,0.005886464311571918,0.07800548683322038,0.6673062886463805,0.6687548795518088,0.0014485909054283274,0.014154273344084214,0.10234300767080824
V6WR_INI,bipro35mais,nao_entrou_MULTI,limpo_400_499,TODOS,106,32,0.19010855610119726,0.1818867404199249,-0.008221815681272346,0.008098338593028998,-1.0152472123541039,0.5805079757273048,0.5630304573480239,-0.017477518379280927,0.02997665205079984,-0.5830377037990335
V6WR_INI,bipro35mais,nao_entrou_MULTI,limpo_500_599,TODOS,118,39,0.23396240656937511,0.2583575640720672,0.02439515750269212,0.009249991803695843,2.637316661507204,0.6811778277935967,0.7909610050608095,0.10978317726721284,0.04296919019142273,2.5549277698309325
V6WR_INI,bipro35mais,nao_entrou_MULTI,limpo_600_699,TODOS,146,50,0.17826737101745355,0.1790266966940499,0.0007593256765963849,0.009876021082200235,0.07688578935548587,0.5237965967304611,0.5297108549982067,0.005914258267745679,0.03365469915160162,0.17573350577594513
V6WR_INI,bipro35mais,nao_entrou_MULTI,TOTAL,TODOS,370,121,0.19942191105530105,0.205146175033371,0.005724263978069929,0.005780737310769219,0.9902307734008112,0.5902354925118541,0.6225740862319032,0.03233859372004921,0.022814538570503983,1.4174555238149107
V6WR_INI,bipro35mais,lado_apostado_MULTI,limpo_400_499,TODOS,172,33,0.24933572825125794,0.23700075863548173,-0.01233496961577622,0.008954034228459008,-1.3775879453946505,0.6987188999773156,0.6675164993101411,-0.031202400667174505,0.019682084192719877,-1.5853199468944366
V6WR_INI,bipro35mais,lado_apostado_MULTI,limpo_500_599,TODOS,199,42,0.215791847489895,0.23052944042458617,0.014737592934691152,0.008525102680130937,1.7287290825293375,0.6219666853368174,0.6548750007834391,0.032908315446621726,0.02069567762823268,1.5901057234158296
V6WR_INI,bipro35mais,lado_apostado_MULTI,limpo_600_699,TODOS,237,47,0.2458054120164501,0.23942583844652787,-0.006379573569922215,0.010811337918432437,-0.5900817843317587,0.6844509743480549,0.6735680047151715,-0.01088296963288339,0.02585548146395274,-0.4209153733244626
V6WR_INI,bipro35mais,lado_apostado_MULTI,TOTAL,TODOS,608,122,0.23698060124605946,0.2358279816474056,-0.0011526195986538417,0.005634195114079003,-0.2045757335903436,0.6680360231885099,0.6657377963071452,-0.0022982268813645647,0.013344108577967783,-0.17222783132618733
V6WR_MOM,sem_flag,todas,sujo,TODOS,1397,200,0.22579092295949602,0.22164245517027195,-0.004148467789224079,0.004299559775786532,-0.9648587310232677,0.6568808308363663,0.6450079854501317,-0.01187284538623453,0.010517654762087195,-1.1288491260458906
V6WR_MOM,sem_flag,todas,limpo_400_499,TODOS,714,100,0.23289335065857314,0.2141727565508452,-0.018720594107727948,0.005540607097966308,-3.378798347675543,0.6680092918821167,0.6230780749872314,-0.0449312168948852,0.014907653754966116,-3.0139697120291298
V6WR_MOM,sem_flag,todas,limpo_500_599,TODOS,721,100,0.21121272707294592,0.2232056320591654,0.011992904986219488,0.005791182428892913,2.070890553608781,0.6145186924449373,0.6549152735697498,0.04039658112481248,0.01648302705471591,2.450798690720752
V6WR_MOM,sem_flag,todas,limpo_600_699,TODOS,711,100,0.22302713193721693,0.22599234134241925,0.002965209405202296,0.00631438445389776,0.469595956161954,0.6348353183475226,0.6474963381498255,0.012661019802302859,0.019510051101165937,0.6489485720284057
V6WR_MOM,sem_flag,todas,TOTAL,TODOS,3543,500,0.22370094235720925,0.22132816072799655,-0.0023727816292127323,0.002962078325968784,-0.8010529662265716,0.6460787591532948,0.6431040671416971,-0.0029746920115976696,0.008159024339667312,-0.36458918220594055
V6WR_MOM,sem_flag,entrou_FIRST,sujo,TODOS,195,195,0.22183713973032282,0.21527621893454293,-0.006560920795779922,0.005845431795200419,-1.1224013940538966,0.6380110774989849,0.6200120022072307,-0.0179990752917542,0.014415002492127455,-1.2486349066941984
V6WR_MOM,sem_flag,entrou_FIRST,limpo_400_499,TODOS,94,94,0.2260678163719163,0.21361011206724698,-0.012457704304669337,0.005771306307233864,-2.158558849849057,0.6475521740093864,0.6132574379443841,-0.034294736065002156,0.012320406489019638,-2.783571799807643
V6WR_MOM,sem_flag,entrou_FIRST,limpo_500_599,TODOS,91,91,0.20864394854875676,0.208196622238003,-0.0004473263107537607,0.00843573574179997,-0.05302753955854865,0.6065630989385175,0.6055472325425676,-0.0010158663959498751,0.020730009479067033,-0.04900462766192593
V6WR_MOM,sem_flag,entrou_FIRST,limpo_600_699,TODOS,89,89,0.22753522423166242,0.22749722694409497,-3.799728756743223e-05,0.004872072112228006,-0.007798999417940883,0.6424850199439867,0.6431489661883449,0.0006639462443581974,0.011247818680850348,0.05902888935154868
V6WR_MOM,sem_flag,entrou_FIRST,TOTAL,TODOS,469,469,0.22120650588683988,0.21588775916469044,-0.005318746722149459,0.0033066184840779733,-1.6085153904994738,0.6346705186516083,0.6202422084207215,-0.014428310230886632,0.008025795082233991,-1.7977421654865493
V6WR_MOM,sem_flag,nao_entrou_FIRST,sujo,TODOS,100,65,0.23686733812260205,0.23546356195092585,-0.0014037761716762037,0.00344960661631554,-0.40693804477205886,0.6800280339573159,0.6825260694877552,0.0024980355304393665,0.014298021032543016,0.1747119776054121
V6WR_MOM,sem_flag,nao_entrou_FIRST,limpo_400_499,TODOS,74,34,0.19588884233127324,0.20285803755342505,0.0069691952221518135,0.006756771562342157,1.0314386327626595,0.5934946812273623,0.6211464738190804,0.027651792591718235,0.029743468695311928,0.9296761206629751
V6WR_MOM,sem_flag,nao_entrou_FIRST,limpo_500_599,TODOS,92,37,0.1868862422069302,0.19307624797487782,0.006190005767947609,0.0059476997939527255,1.0407394425389873,0.5660191713555979,0.604561267882502,0.03854209652690407,0.0356172340929249,1.0821193028731046
V6WR_MOM,sem_flag,nao_entrou_FIRST,limpo_600_699,TODOS,110,52,0.16236964417980881,0.16108777954332335,-0.001281864636485478,0.0028894686742523,-0.4436333392045452,0.5002729939020049,0.48900615813704984,-0.011266835764954998,0.01025196434338982,-1.0989928746893798
V6WR_MOM,sem_flag,nao_entrou_FIRST,TOTAL,TODOS,376,188,0.1947784661904015,0.1969162806848414,0.002137814494439871,0.002400282569386419,0.8906511765347517,0.5825138375013084,0.5947546809884392,0.01224084348713088,0.01188700521736292,1.0297668137009919
V6WR_MOM,sem_flag,lado_apostado_FIRST,sujo,TODOS,195,195,0.22147907373565826,0.21827074619111736,-0.0032083275445408746,0.006437491942041483,-0.4983816016278285,0.6380493745213281,0.6268168818377859,-0.011232492683542228,0.015828819318838304,-0.7096229009433531
V6WR_MOM,sem_flag,lado_apostado_FIRST,limpo_400_499,TODOS,94,94,0.22648651259333757,0.21623383608595992,-0.010252676507377677,0.007640568485558564,-1.3418735172332081,0.6486781799233118,0.6190300056300848,-0.02964817429322708,0.01635050771509717,-1.8132876856081703
V6WR_MOM,sem_flag,lado_apostado_FIRST,limpo_500_599,TODOS,91,91,0.21053635459620762,0.20726783480238845,-0.003268519793819177,0.008670190659837854,-0.3769836122473809,0.6110614230344031,0.603143892823408,-0.007917530210995281,0.020788284654472678,-0.3808650084696524
V6WR_MOM,sem_flag,lado_apostado_FIRST,limpo_600_699,TODOS,89,89,0.2285961971853451,0.22404503778689228,-0.0045511593984527985,0.007143030311332531,-0.637146869058124,0.6446695917265265,0.6365614720307995,-0.008108119695726963,0.016487861126605524,-0.49176297844014166
V6WR_MOM,sem_flag,lado_apostado_FIRST,TOTAL,TODOS,469,469,0.221710066908268,0.2168233633889102,-0.004886703519357817,0.0037328393328051107,-1.3091116663962106,0.6361994884951853,0.6225121060666684,-0.013687382428516739,0.008896284164700589,-1.5385504976141235
V6WR_MOM,sem_flag,entrou_MULTI,sujo,TODOS,965,195,0.2271881933649989,0.22136767841828872,-0.005820514946710202,0.005415149495675658,-1.0748576657686468,0.6580232364208644,0.6364347038412554,-0.021588532579608934,0.013220177978166627,-1.6329986340019629
V6WR_MOM,sem_flag,entrou_MULTI,limpo_400_499,TODOS,445,94,0.2558820229405616,0.22985506662350663,-0.026026956317054956,0.00785688174472362,-3.312631800081968,0.7207699557088741,0.6552597426464231,-0.06551021306245106,0.019437796820121433,-3.370248885132744
V6WR_MOM,sem_flag,entrou_MULTI,limpo_500_599,TODOS,446,91,0.21255324243834672,0.2230023497184805,0.010449107280133816,0.007391541475779889,1.4136573966841361,0.6146197700380869,0.639180637983545,0.02456086794545809,0.015889941785080096,1.5456864649132689
V6WR_MOM,sem_flag,entrou_MULTI,limpo_600_699,TODOS,436,89,0.24085454172164314,0.24124680023150413,0.0003922585098609987,0.00800101305958728,0.049026105436857356,0.674797395645963,0.676279157970409,0.0014817623244461017,0.019016367639384506,0.077920365894549
V6WR_MOM,sem_flag,entrou_MULTI,TOTAL,TODOS,2292,469,0.23251109647640178,0.22711516893389494,-0.00539592754250686,0.0037926199651705773,-1.4227440640138518,0.6649507571445069,0.6482034695027178,-0.016747287641789062,0.00917638691582855,-1.825041576320338
V6WR_MOM,sem_flag,nao_entrou_MULTI,sujo,TODOS,432,170,0.22266970550275922,0.22225625046116038,-0.00041345504159882336,0.005249389098972046,-0.07876250622758896,0.654328929472846,0.6641589501551446,0.009830020682298567,0.01748209658281954,0.562290720436757
V6WR_MOM,sem_flag,nao_entrou_MULTI,limpo_400_499,TODOS,269,90,0.19486376268279298,0.18822990159792943,-0.006633861084863569,0.004353643859257581,-1.5237491396447915,0.5807286398267003,0.5698407437294611,-0.010887896097239077,0.01724414922092594,-0.6313965367468817
V6WR_MOM,sem_flag,nao_entrou_MULTI,limpo_500_599,TODOS,275,86,0.20903865488033221,0.22353531905533067,0.014496664174998434,0.00678580586255079,2.1363216791983386,0.6143547629665929,0.68043399164774,0.06607922868114723,0.02927234567554282,2.25739438217815
V6WR_MOM,sem_flag,nao_entrou_MULTI,limpo_600_699,TODOS,275,92,0.1947625840608176,0.20180709015827009,0.007044506097452497,0.008383881056509198,0.8402440409126729,0.5714772612489046,0.6018624856342821,0.030385224385377566,0.03353278950667071,0.9061347067273661
V6WR_MOM,sem_flag,nao_entrou_MULTI,TOTAL,TODOS,1251,438,0.2075595568726455,0.21072558454260953,0.0031660276699640405,0.0032417425032831037,0.9766437854819183,0.6115027244643595,0.6337612772044793,0.022258552740119897,0.01233195678149383,1.8049489739959672
V6WR_MOM,sem_flag,lado_apostado_MULTI,sujo,TODOS,965,195,0.22822455314148904,0.22245214228247193,-0.005772410859017113,0.006206000270731737,-0.9301338393813025,0.6607636339226151,0.6382496333180184,-0.02251400060459676,0.015498287219527857,-1.452676691668812
V6WR_MOM,sem_flag,lado_apostado_MULTI,limpo_400_499,TODOS,445,94,0.25605039223031123,0.23065244996383402,-0.025397942266477205,0.008686227485710168,-2.923932433068292,0.7208620542662072,0.6565966364307267,-0.06426541783548052,0.021036430493446136,-3.05495829511106
V6WR_MOM,sem_flag,lado_apostado_MULTI,limpo_500_599,TODOS,446,91,0.21319399164203565,0.22204406789126285,0.008850076249227169,0.006853705629665338,1.2912833914139543,0.6157192573080023,0.6360416971927655,0.020322439884763135,0.014916607309684572,1.3624036258947998
V6WR_MOM,sem_flag,lado_apostado_MULTI,limpo_600_699,TODOS,436,89,0.2425079380453654,0.24241248503616442,-9.545300920102214e-05,0.008347379755072597,-0.011435086458480168,0.6787234822645958,0.6790084156196051,0.0002849333550093639,0.01971798521516358,0.01445042948861954
V6WR_MOM,sem_flag,lado_apostado_MULTI,TOTAL,TODOS,2292,469,0.233419327916297,0.2277618478585351,-0.005657480057761868,0.003971956610343598,-1.4243559567163704,0.6670832233466486,0.6491355434213274,-0.017947679925321234,0.00970911393384874,-1.8485394287887078
V6WR_MOM,cWRgrande,flag1,sujo,TODOS,651,93,0.22502930989721712,0.23079158049426143,0.00576227059704431,0.00643117940478074,0.8959897142289043,0.657809808345326,0.672785924631172,0.014976116285846023,0.01572148185333727,0.9525893567511878
V6WR_MOM,cWRgrande,flag1,limpo_400_499,TODOS,361,53,0.2550170062154593,0.23399479156119246,-0.021022214654266833,0.006798578350982088,-3.0921486182813607,0.7184998627020728,0.6627907414030257,-0.05570912129904693,0.017710610661336054,-3.145522329202642
V6WR_MOM,cWRgrande,flag1,limpo_500_599,TODOS,359,51,0.24597568358909028,0.2654970046523635,0.01952132106327321,0.010138885629563589,1.925391189575286,0.6990427818425541,0.7692438042593231,0.07020102241676904,0.03419322577368122,2.0530681393272725
V6WR_MOM,cWRgrande,flag1,limpo_600_699,TODOS,427,61,0.21955683115377683,0.21940029087199658,-0.0001565402817802517,0.0078109013401741634,-0.020041257079398887,0.6292055795058699,0.6336161247994788,0.004410545293608986,0.021263971156267672,0.2074187018594104
V6WR_MOM,cWRgrande,flag1,TOTAL,TODOS,1798,258,0.23393284610568144,0.23565894745711663,0.0017261013514351699,0.004229112379914013,0.4081474305656227,0.6714348035588091,0.6807362100110455,0.009301406452236339,0.01204056467606263,0.772505833611616
V6WR_MOM,cWRgrande,flag0,sujo,TODOS,746,107,0.2264555477631737,0.21365843293713901,-0.012797114826034696,0.0060646371676017765,-2.1101204362890575,0.6560701547528102,0.6207674513926823,-0.03530270336012789,0.015547726711928878,-2.2706022567943744
V6WR_MOM,cWRgrande,flag0,limpo_400_499,TODOS,353,47,0.2102683091400579,0.19390149695102832,-0.016366812189029543,0.010007200719287217,-1.6355035387154002,0.6163744588339464,0.5824654047999744,-0.033909054033971923,0.02563351390372026,-1.3228406437500015
V6WR_MOM,cWRgrande,flag0,limpo_500_599,TODOS,362,49,0.1767378613566591,0.18126474045430874,0.004526879097649639,0.011727762054864381,0.38599684035813153,0.5306950789263063,0.541534216891416,0.010839137965109708,0.027741033957008776,0.3907258100728145
V6WR_MOM,cWRgrande,flag0,limpo_600_699,TODOS,284,39,0.2282448024813329,0.23590362849337165,0.007658826012038731,0.00936941307280036,0.8174285787732525,0.6432997496340923,0.6683655321660159,0.02506578253192358,0.02710895718886372,0.9246310124470789
V6WR_MOM,cWRgrande,flag0,TOTAL,TODOS,1745,242,0.21315827018543101,0.2065621122816023,-0.006596157903828736,0.004439773236939284,-1.485697028160842,0.6199525884707074,0.6043289422826207,-0.015623646188086808,0.011394870837542545,-1.3711121794037162
V6WR_MOM,cWRgrande,entrou_FIRST,sujo,TODOS,90,90,0.23145199020872237,0.23410842138179452,0.0026564311730721407,0.00841586235259111,0.3156457486800824,0.663516281474777,0.6652198351674535,0.0017035536926764652,0.01960184508844535,0.08690782347222276
V6WR_MOM,cWRgrande,entrou_FIRST,limpo_400_499,TODOS,51,51,0.24279283140837776,0.24018156821942735,-0.0026112631889504256,0.005217589559347609,-0.5004730938009868,0.6855426100092149,0.6711902574342474,-0.01435235257496744,0.014153082622023793,-1.0140796148984224
V6WR_MOM,cWRgrande,entrou_FIRST,limpo_500_599,TODOS,46,46,0.2274872129328275,0.23346763603655987,0.005980423103732341,0.012313174138162668,0.485693050112643,0.6475194660479471,0.6651062122994535,0.017586746251506573,0.03165357680780461,0.5556005995243586
V6WR_MOM,cWRgrande,entrou_FIRST,limpo_600_699,TODOS,54,54,0.21795530586854356,0.2082751409773694,-0.009680164891174136,0.00846126574373145,-1.1440563604027814,0.6209054125292688,0.5981891118182003,-0.022716300711068532,0.01947655187397666,-1.166340985717324
V6WR_MOM,cWRgrande,entrou_FIRST,TOTAL,TODOS,241,241,0.23007100345404025,0.22948293267224898,-0.0005880707817912646,0.0044802415570107555,-0.1312587221711387,0.6555764570870787,0.6514422659675315,-0.004134191119547119,0.010826685471870361,-0.3818519647853886
V6WR_MOM,cWRgrande,nao_entrou_FIRST,sujo,TODOS,51,33,0.2778262019804023,0.28320789786034384,0.005381695879941548,0.0037733899526924968,1.426223090486963,0.7848851194025276,0.8120476294797013,0.027162510077173737,0.01929581941230925,1.407688862378456
V6WR_MOM,cWRgrande,nao_entrou_FIRST,limpo_400_499,TODOS,29,17,0.16262269014360908,0.15993819571601525,-0.0026844944275938283,0.004638196762449149,-0.5787797640081812,0.4944530538016814,0.48325461517168394,-0.01119843862999753,0.01126264704093583,-0.9942989946586336
V6WR_MOM,cWRgrande,nao_entrou_FIRST,limpo_500_599,TODOS,44,21,0.3233176750308701,0.3376615352296084,0.01434386019873831,0.012033158419938367,1.1920278698376663,0.9076140389987213,1.0059909225189767,0.09837688352025543,0.06954798070004799,1.4145181862941931
V6WR_MOM,cWRgrande,nao_entrou_FIRST,limpo_600_699,TODOS,64,30,0.19884577502143175,0.20034359016700182,0.0014978151455700647,0.002993815502212258,0.5003030896403821,0.5958185619720248,0.5951346774618237,-0.000683884510201126,0.010229414826657308,-0.0668547049650347
V6WR_MOM,cWRgrande,nao_entrou_FIRST,TOTAL,TODOS,188,101,0.24381543413773984,0.24872823291187693,0.004912798774137062,0.0034883249279106156,1.4083546904788071,0.7044451347443137,0.7328778345310387,0.028432699786725,0.019249064229892487,1.477095169258719
V6WR_MOM,cWRgrande,lado_apostado_FIRST,sujo,TODOS,90,90,0.2309169127368117,0.2359393746418026,0.005022461904990868,0.010252209356364922,0.4898906889638136,0.6624632951313741,0.6675736135399938,0.005110318408619586,0.023724381320134425,0.2154036532991719
V6WR_MOM,cWRgrande,lado_apostado_FIRST,limpo_400_499,TODOS,51,51,0.24532095539321655,0.24103820095748457,-0.0042827544357319745,0.008312598087026916,-0.5152124992565044,0.6916163206852016,0.673055757555135,-0.01856056313006662,0.020257549230115534,-0.9162294470682505
V6WR_MOM,cWRgrande,lado_apostado_FIRST,limpo_500_599,TODOS,46,46,0.22613255220205658,0.2358668912789644,0.009734339076907829,0.012229064301591024,0.7960003183270018,0.6449207644062246,0.6681424947938485,0.0232217303876239,0.029811237947293023,0.7789589425531563
V6WR_MOM,cWRgrande,lado_apostado_FIRST,limpo_600_699,TODOS,54,54,0.21989375422188745,0.20368601101961814,-0.016207743202269302,0.011705961887077407,-1.384571670283803,0.6252780996889693,0.5884420931262737,-0.03683600656269571,0.026394920425939553,-1.3955717982197513
V6WR_MOM,cWRgrande,lado_apostado_FIRST,TOTAL,TODOS,241,241,0.23058195435951712,0.2297776496285713,-0.0008043047309457873,0.005530981204420726,-0.14541809151384094,0.6569522882268035,0.6511116043288263,-0.005840683897977191,0.012864171605250383,-0.45402720650845285
V6WR_MOM,cWRgrande,entrou_MULTI,sujo,TODOS,456,90,0.21398430335493052,0.2188582138421241,0.004873910487193562,0.007738426391251219,0.6298322476393684,0.6279129818522334,0.6333957942748374,0.0054828124226038635,0.016749643963440468,0.3273390428221176
V6WR_MOM,cWRgrande,entrou_MULTI,limpo_400_499,TODOS,242,51,0.2765767731827119,0.2515134548220377,-0.02506331836067422,0.009262123976972085,-2.706001174567279,0.7689719694817022,0.7008975045316364,-0.06807446495006589,0.024901191548158213,-2.7337834343554106
V6WR_MOM,cWRgrande,entrou_MULTI,limpo_500_599,TODOS,214,46,0.22787074896964932,0.2455953004498145,0.01772455148016519,0.012219445406156541,1.4505201251797404,0.6478289716556004,0.6904710289024047,0.042642057246804345,0.03044029617511843,1.4008423900178575
V6WR_MOM,cWRgrande,entrou_MULTI,limpo_600_699,TODOS,264,54,0.23629993005204414,0.2326429187100901,-0.0036570113419540167,0.012268239479354463,-0.2980877042796725,0.6664220980784922,0.6546843554602026,-0.011737742618289623,0.027835767169086506,-0.42167843073946876
V6WR_MOM,cWRgrande,entrou_MULTI,TOTAL,TODOS,1176,241,0.23440131229022892,0.23353803266553214,-0.0008632796246967747,0.0052476550176170774,-0.16450769377915087,0.6692094984406555,0.6624516567283928,-0.0067578417122626825,0.01243399398940669,-0.5434972638735485
V6WR_MOM,cWRgrande,nao_entrou_MULTI,sujo,TODOS,195,78,0.25085763288841034,0.25869729943464415,0.007839666546233748,0.007252346642936017,1.0809834295317085,0.727722387221481,0.7648982294644471,0.03717584224296614,0.02669069197281213,1.3928392070477031
V6WR_MOM,cWRgrande,nao_entrou_MULTI,limpo_400_499,TODOS,119,45,0.21117277423163464,0.19836860240888535,-0.012804171822749276,0.007330597978778222,-1.7466749451841206,0.6158591077384563,0.5852963155448428,-0.03056279219361344,0.02376326838858242,-1.2861358839130899
V6WR_MOM,cWRgrande,nao_entrou_MULTI,limpo_500_599,TODOS,145,46,0.2726960698550238,0.2948691749926772,0.02217310513765332,0.012809259545332347,1.7310216144174493,0.7746273017046786,0.8855015554757405,0.11087425377106176,0.05464058514927281,2.0291556810411895
V6WR_MOM,cWRgrande,nao_entrou_MULTI,limpo_600_699,TODOS,163,56,0.1924391740424727,0.19795210836121932,0.005512934318746581,0.009109871799345082,0.6051604720873143,0.5689285187502114,0.5994933463060366,0.030564827555825128,0.038898312638332336,0.7857622987405635
V6WR_MOM,cWRgrande,nao_entrou_MULTI,TOTAL,TODOS,622,225,0.23304712868923802,0.23966890854217027,0.006621779852932221,0.004883567283735862,1.3559309144741936,0.6756421328497234,0.7153063621981829,0.03966422934845957,0.019622313208089805,2.021383968741614
V6WR_MOM,cWRgrande,lado_apostado_MULTI,sujo,TODOS,456,90,0.21487168402147327,0.21956649602403677,0.004694812002563501,0.009298853379036175,0.5048807429470533,0.6293508052420885,0.6339252555419405,0.004574450299851852,0.02035208254394752,0.22476571082954075
V6WR_MOM,cWRgrande,lado_apostado_MULTI,limpo_400_499,TODOS,242,51,0.27440867135047814,0.2525032660577678,-0.02190540529271035,0.011202580847068586,-1.9553891725264723,0.7638560290954851,0.7027212341129279,-0.06113479498255723,0.02915237106888915,-2.097077964536446
V6WR_MOM,cWRgrande,lado_apostado_MULTI,limpo_500_599,TODOS,214,46,0.22816993299426477,0.24775662172823665,0.019586688733971853,0.012103729091498492,1.6182358829998351,0.6481849232025109,0.693405097726747,0.0452201745242361,0.029219671753505982,1.5475935152765796
V6WR_MOM,cWRgrande,lado_apostado_MULTI,limpo_600_699,TODOS,264,54,0.23850391720168354,0.2354356586982578,-0.0030682585034257238,0.014135561723954903,-0.21705953844240117,0.6720227075105933,0.6613124495311316,-0.010710257979461742,0.03196634168699979,-0.33504797278124054
V6WR_MOM,cWRgrande,lado_apostado_MULTI,TOTAL,TODOS,1176,241,0.23484845763828627,0.23503660163190757,0.00018814399362129146,0.005865502039642248,0.03207636658374888,0.6700363049146546,0.6650541095001666,-0.004982195414487906,0.013710270367329585,-0.36339147814036227
V6WR_MOM,cPROBSgrande,flag1,sujo,TODOS,669,95,0.22011676438428493,0.21798371415347598,-0.0021330502308089653,0.005899802218699672,-0.36154605726411854,0.647697954405248,0.6362366553468312,-0.011461299058416863,0.01310237326437497,-0.87474985082129
V6WR_MOM,cPROBSgrande,flag1,limpo_400_499,TODOS,299,41,0.21998724414691398,0.20991043550019303,-0.010076808646720935,0.009538174007125496,-1.0564714629019194,0.6318328884377423,0.6042044611457271,-0.027628427292015204,0.022925613362519814,-1.205133614317331
V6WR_MOM,cPROBSgrande,flag1,limpo_500_599,TODOS,363,50,0.21533420639793927,0.23598332778225695,0.02064912138431765,0.01117780751894186,1.8473319878988566,0.6227554462384975,0.6886105329675993,0.06585508672910166,0.031845327119141446,2.0679670358769147
V6WR_MOM,cPROBSgrande,flag1,limpo_600_699,TODOS,373,53,0.22775334039149303,0.24232138255003727,0.014568042158544237,0.007655635678063128,1.9029173763177225,0.6463833350551397,0.6900420462821866,0.043658711227046974,0.025307050166431404,1.725160022204333
V6WR_MOM,cPROBSgrande,flag1,TOTAL,TODOS,1704,239,0.22074683935533612,0.2257289604808429,0.004982121125506778,0.0041498274018916086,1.200561045800552,0.6393128967723812,0.653550917277052,0.014238020504670774,0.01148306764579945,1.2399143629428235
V6WR_MOM,cPROBSgrande,flag0,sujo,TODOS,728,105,0.23100522527655123,0.22500467734092647,-0.006000547935624778,0.006151082092814186,-0.9755272072591481,0.6653194906336438,0.6530684522620934,-0.012251038371550496,0.016005847364446036,-0.7654101712080462
V6WR_MOM,cPROBSgrande,flag0,limpo_400_499,TODOS,415,59,0.24219196715733485,0.21724368183794157,-0.024948285319393245,0.005155682614345455,-4.838987809291395,0.6940737367733647,0.6366761726706286,-0.057397564102736116,0.014748136101206491,-3.8918520760084814
V6WR_MOM,cPROBSgrande,flag0,limpo_500_599,TODOS,358,50,0.20703368518754758,0.21024947689860052,0.003215791711052917,0.0046439687114987116,0.6924662741784731,0.6061669001905731,0.620749409990366,0.014582509799793001,0.018889412788602247,0.7719938127770704
V6WR_MOM,cPROBSgrande,flag0,limpo_600_699,TODOS,338,47,0.21781152319921404,0.2079724230866751,-0.009839100112538957,0.008062334692326287,-1.2203785240897764,0.622091501093259,0.6005450093528708,-0.021546491740388134,0.020717954442117086,-1.039991269436655
V6WR_MOM,cPROBSgrande,flag0,TOTAL,TODOS,1839,261,0.22643818624801504,0.21725042131589745,-0.009187764932117594,0.003432608776200583,-2.6766129003163486,0.6523479432191331,0.6334241146508625,-0.018923828568270552,0.009544303243499766,-1.9827354690515304
V6WR_MOM,cPROBSgrande,entrou_FIRST,sujo,TODOS,94,94,0.2164750117490492,0.20927876851525962,-0.0071962432337896,0.009673637826442089,-0.7439024866239322,0.629612806140151,0.6085453491046048,-0.021067457035546206,0.02278695137763311,-0.9245403953521093
V6WR_MOM,cPROBSgrande,entrou_FIRST,limpo_400_499,TODOS,38,38,0.21511650084194053,0.2051536916246775,-0.009962809217263032,0.005630431391860685,-1.7694575288964898,0.6170979188149566,0.5906297448444606,-0.026468173970495917,0.012607821685524436,-2.099345519843854
V6WR_MOM,cPROBSgrande,entrou_FIRST,limpo_500_599,TODOS,44,44,0.2219399159799017,0.21602759352152062,-0.005912322458381063,0.010695763346490077,-0.5527723704097522,0.6361145786058346,0.6197199202878834,-0.01639465831795123,0.025230319091797945,-0.6497998799896639
V6WR_MOM,cPROBSgrande,entrou_FIRST,limpo_600_699,TODOS,46,46,0.23044720950136655,0.2328519390411387,0.002404729539772165,0.008838628241963756,0.2720704473523467,0.6476124051325545,0.6522532466548386,0.004640841522284321,0.02021462395616751,0.22957842462700842
V6WR_MOM,cPROBSgrande,entrou_FIRST,TOTAL,TODOS,222,222,0.22022074809271577,0.2147948100586101,-0.005425938034105697,0.004991657313180919,-1.0870013091199233,0.6324889044454809,0.6167500853996027,-0.015738819045878212,0.011707633295468974,-1.3443211491744762
V6WR_MOM,cPROBSgrande,nao_entrou_FIRST,sujo,TODOS,49,35,0.22766816574914747,0.2284812777488245,0.0008131119996770659,0.00475467911880387,0.17101301252094162,0.6478961787703909,0.6463062314648604,-0.00158994730553046,0.01374670850140387,-0.115660218252834
V6WR_MOM,cPROBSgrande,nao_entrou_FIRST,limpo_400_499,TODOS,33,16,0.12284200670684585,0.12428513697382058,0.0014431302669747465,0.0027041485846753684,0.5336726965201113,0.3884466937668549,0.3920738440707983,0.003627150303943423,0.0057443647030810995,0.6314275801461442
V6WR_MOM,cPROBSgrande,nao_entrou_FIRST,limpo_500_599,TODOS,59,22,0.16550614374881648,0.16978838144914488,0.004282237700328422,0.0062248748029985436,0.6879235062311059,0.5109247540482094,0.5327773833984846,0.021852629350275203,0.038514195944922516,0.5673915504175577
V6WR_MOM,cPROBSgrande,nao_entrou_FIRST,limpo_600_699,TODOS,68,30,0.18329314776253175,0.18301110649178925,-0.00028204127074250656,0.004353399638095197,-0.06478644144554391,0.5590130414964664,0.5509168577792155,-0.00809618371725089,0.016071235227986997,-0.5037686028732826
V6WR_MOM,cPROBSgrande,nao_entrou_FIRST,TOTAL,TODOS,209,103,0.17913073144529412,0.180666324769233,0.0015355933239388964,0.0025959259462200036,0.5915397263835336,0.5393449806921504,0.5430796849072332,0.003734704215082856,0.012603752190550554,0.29631685537921687
V6WR_MOM,cPROBSgrande,lado_apostado_FIRST,sujo,TODOS,94,94,0.21575056521982136,0.21216874735188654,-0.0035818178679348175,0.010758365650576713,-0.3329332711184445,0.6289347634695298,0.615984778709295,-0.0129499847602349,0.025966560535162896,-0.4987177544249089
V6WR_MOM,cPROBSgrande,lado_apostado_FIRST,limpo_400_499,TODOS,38,38,0.21295471113845252,0.20843202886252257,-0.004522682275929934,0.008685026805328134,-0.5207447688192898,0.6128746666002346,0.5965877525918591,-0.01628691400837547,0.018201118865118094,-0.8948303743891733
V6WR_MOM,cPROBSgrande,lado_apostado_FIRST,limpo_500_599,TODOS,44,44,0.22198158129762388,0.2197398798604378,-0.0022417014371860803,0.012122097570958971,-0.1849268597339578,0.6364763204257958,0.6284229202692747,-0.008053400156521178,0.029140786914194236,-0.27636179421765833
V6WR_MOM,cPROBSgrande,lado_apostado_FIRST,limpo_600_699,TODOS,46,46,0.2322224327085424,0.2312622535366283,-0.0009601791719141152,0.009285490473249338,-0.10340640321373491,0.6517307581559327,0.6498811461616507,-0.0018496119942819863,0.021540745722617535,-0.08586573640948349
V6WR_MOM,cPROBSgrande,lado_apostado_FIRST,TOTAL,TODOS,222,222,0.2199200614216793,0.2169860257855737,-0.002934035636105618,0.005612115706438618,-0.5228038389763568,0.632403955274111,0.6221533559119297,-0.010250599362181314,0.013361645508817167,-0.7671659419056645
V6WR_MOM,cPROBSgrande,entrou_MULTI,sujo,TODOS,464,94,0.2250557678574217,0.22259602132919573,-0.002459746528225993,0.008837899837609913,-0.2783179910863526,0.6582710274015389,0.6414637592617027,-0.01680726813983615,0.02204828195206234,-0.7622937776457471
V6WR_MOM,cPROBSgrande,entrou_MULTI,limpo_400_499,TODOS,189,38,0.25431924248038884,0.24322075629023424,-0.01109848619015459,0.01385676579943103,-0.8009434777782203,0.7171967087779028,0.6834491598939195,-0.03374754888398327,0.031599109909773715,-1.06799049024938
V6WR_MOM,cPROBSgrande,entrou_MULTI,limpo_500_599,TODOS,211,44,0.21483480881635716,0.23222460422959018,0.017389795413233003,0.01658061751020383,1.0488026397407213,0.6215723636109658,0.660681368455637,0.03910900484467124,0.03618723413393585,1.0807403710358565
V6WR_MOM,cPROBSgrande,entrou_MULTI,limpo_600_699,TODOS,223,46,0.2479671184834562,0.2606815390121,0.012714420528643805,0.008597311891098641,1.4788832474261955,0.6907390806991347,0.7193745526551898,0.028635471956055137,0.02095955403296017,1.366225250357146
V6WR_MOM,cPROBSgrande,entrou_MULTI,TOTAL,TODOS,1087,222,0.23286018877341239,0.23586444482773036,0.003004256054317989,0.005675910418941592,0.5292994132346092,0.6680538347664752,0.6684778008313041,0.00042396606482899337,0.013526379023263506,0.03134364814854221
V6WR_MOM,cPROBSgrande,nao_entrou_MULTI,sujo,TODOS,205,81,0.20893775164508754,0.2075441505947737,-0.0013936010503138427,0.0033765648064405713,-0.41272747013640665,0.6237667062575457,0.6244055518517071,0.0006388455941614305,0.016266431887178658,0.039273861569172654
V6WR_MOM,cPROBSgrande,nao_entrou_MULTI,limpo_400_499,TODOS,110,38,0.16099862882848898,0.15267724796094037,-0.008321380867548564,0.007263348314330607,-1.1456673296433348,0.4851623243987393,0.4680476605692874,-0.017114663829451884,0.024592425981851542,-0.6959323103008211
V6WR_MOM,cPROBSgrande,nao_entrou_MULTI,limpo_500_599,TODOS,152,44,0.21602744909342494,0.2412010295560246,0.025173580462599626,0.014301875019188576,1.7601594496403214,0.6243977517280319,0.7273806231782837,0.10298287145025178,0.058364914083993046,1.7644653995729174
V6WR_MOM,cPROBSgrande,nao_entrou_MULTI,limpo_600_699,TODOS,150,47,0.1977021902947745,0.21502594994310403,0.01732375964832954,0.012009193786299029,1.4425414358867086,0.580441126531067,0.6464343868076553,0.0659932602765882,0.04934839692747576,1.3372928886337352
V6WR_MOM,cPROBSgrande,nao_entrou_MULTI,TOTAL,TODOS,617,210,0.199406141109876,0.20787276682595365,0.008466625716077624,0.0050142211929984646,1.6885225821110315,0.5886785376158494,0.6272534741271782,0.038574936511328824,0.02015333939676987,1.9140716956075043
V6WR_MOM,cPROBSgrande,lado_apostado_MULTI,sujo,TODOS,464,94,0.22805467676829783,0.22374812636402652,-0.004306550404271257,0.008856169892550732,-0.4862768506613298,0.6671320123190292,0.6434377524141373,-0.023694259904892025,0.022865768382168184,-1.0362328310545619
V6WR_MOM,cPROBSgrande,lado_apostado_MULTI,limpo_400_499,TODOS,189,38,0.2567696426174997,0.24360750002448944,-0.013162142593010198,0.014348766853710535,-0.9173013072971159,0.7224361324313555,0.683771870040621,-0.03866426239073446,0.03085368716846918,-1.2531488434305273
V6WR_MOM,cPROBSgrande,lado_apostado_MULTI,limpo_500_599,TODOS,211,44,0.21397678850858626,0.23293409936217024,0.018957310853584007,0.016792180569433497,1.1289368152752988,0.6185341119890209,0.6611373726328492,0.04260326064382847,0.036732263461231936,1.1598321646797758
V6WR_MOM,cPROBSgrande,lado_apostado_MULTI,limpo_600_699,TODOS,223,46,0.2483870607022342,0.2619432533542666,0.013556192652032362,0.00934942733426137,1.4499489826885035,0.6920949972972411,0.7222233889340666,0.030128391636825506,0.02247227886263518,1.3406914279138908
V6WR_MOM,cPROBSgrande,lado_apostado_MULTI,TOTAL,TODOS,1087,222,0.23448596999733903,0.23682004471109125,0.0023340747137522095,0.005791878131070191,0.4029909920292008,0.6724356621642354,0.6700494957825807,-0.002386166381654848,0.013986625291899459,-0.1706034394899267
V6WR_MOM,bisolo,flag1,limpo_400_499,TODOS,338,47,0.26311143107630997,0.24346159997054537,-0.019649831105764605,0.00951311295838404,-2.0655521690664815,0.7398981054608766,0.6862845714154162,-0.05361353404546045,0.025117357021567574,-2.1345213192384853
V6WR_MOM,bisolo,flag1,limpo_500_599,TODOS,351,48,0.23952352731433701,0.254238971568039,0.014715444253701988,0.0078060768523613815,1.8851267457417467,0.6778355063813677,0.7334523478223599,0.05561684144099223,0.025748019775220406,2.1600434490312623
V6WR_MOM,bisolo,flag1,limpo_600_699,TODOS,327,46,0.201845114727059,0.19796320186817612,-0.0038819128588828936,0.010647776628741076,-0.3645749713047714,0.5833441354151306,0.5762371513626832,-0.007106984052447461,0.02631405854010024,-0.27008315884138745
V6WR_MOM,bisolo,flag1,TOTAL,TODOS,1016,141,0.2352438723492848,0.23254120750129884,-0.00270266484798597,0.006165518804114574,-0.4383515700547925,0.6680702309708505,0.6671609327949374,-0.0009092981759130708,0.01760161919504,-0.05165991638822092
V6WR_MOM,bisolo,flag0,limpo_400_499,TODOS,376,53,0.20572922517667142,0.18784395581717855,-0.017885269359492865,0.0068592415558498,-2.6074704052723856,0.6033858371224867,0.5662594691555123,-0.037126367966974466,0.019447590443917216,-1.909047193997588
V6WR_MOM,bisolo,flag0,limpo_500_599,TODOS,370,52,0.1843557246817884,0.19376589647101775,0.009410171789229335,0.01048106165331833,0.8978262031547206,0.5544532824674047,0.5804111842111926,0.0259579017437879,0.025983941076160873,0.9989978682488292
V6WR_MOM,bisolo,flag0,limpo_600_699,TODOS,384,54,0.24106494346774207,0.2498609054259544,0.008795961958212339,0.007922824691724192,1.1102052993044496,0.6786832788133877,0.7081779893982514,0.02949471058486368,0.026634808740493832,1.107374596612809
V6WR_MOM,bisolo,flag0,TOTAL,TODOS,1130,159,0.2107387124692948,0.21085778474787803,0.00011907227858325187,0.005470834891297884,0.021764919056989403,0.6129514764029519,0.6191203951234889,0.006168918720536969,0.014985270091780844,0.41166550103895105
V6WR_MOM,bisolo,entrou_FIRST,limpo_400_499,TODOS,45,45,0.26157260611993427,0.25747835982458683,-0.004094246295347501,0.007256219674834018,-0.5642395736098156,0.7281693680068416,0.7109953983175651,-0.017173969689276574,0.01665652221120619,-1.0310657573957578
V6WR_MOM,bisolo,entrou_FIRST,limpo_500_599,TODOS,43,43,0.24399801585269557,0.24400288711250626,4.871259810678746e-06,0.011976499918593292,0.00040673484271612666,0.6868908634049344,0.6842331658034492,-0.0026576976014853148,0.031046842222783335,-0.08560283143820008
V6WR_MOM,bisolo,entrou_FIRST,limpo_600_699,TODOS,41,41,0.1987792064644851,0.20393294941297793,0.005153742948492864,0.004992114789509574,1.0323766912016799,0.5782729997490446,0.5915212620270183,0.013248262277973695,0.010699688943837191,1.2381913481330158
V6WR_MOM,bisolo,entrou_FIRST,TOTAL,TODOS,129,129,0.23575681722563444,0.23596822685175403,0.00021140962611960516,0.004918602528103094,0.04298164466668896,0.6667683850886115,0.6641022542398953,-0.0026661308487162245,0.012289907801163744,-0.2169366029307206
V6WR_MOM,bisolo,nao_entrou_FIRST,limpo_400_499,TODOS,25,14,0.19362403794890695,0.19308360691904142,-0.0005404310298655474,0.005418300131814541,-0.09974180401936535,0.5486607682581792,0.5426993320781572,-0.005961436180022068,0.016566750781681776,-0.3598434151984564
V6WR_MOM,bisolo,nao_entrou_FIRST,limpo_500_599,TODOS,55,22,0.16306228549248306,0.16833686633051395,0.005274580838030879,0.00769523597363989,0.6854345800569352,0.5060523305633717,0.5391362531572872,0.03308392259391559,0.04551751374826141,0.7268394046495844
V6WR_MOM,bisolo,nao_entrou_FIRST,limpo_600_699,TODOS,44,22,0.10549017665220584,0.09872521550252876,-0.0067649611496770675,0.003931700167511761,-1.7206197984212974,0.3503689572576713,0.32454552350215754,-0.025823433755513783,0.017307039759856462,-1.4920768724072055
V6WR_MOM,bisolo,nao_entrou_FIRST,TOTAL,TODOS,124,58,0.14879511631859918,0.14862522018762556,-0.00016989613097363932,0.00416210770282613,-0.04081973440001984,0.45940025408691504,0.46370951822338435,0.004309264136469347,0.0225836749521897,0.1908132376857259
V6WR_MOM,bisolo,lado_apostado_FIRST,limpo_400_499,TODOS,45,45,0.26118407710082675,0.2607150105253459,-0.0004690665754808558,0.008669634527508017,-0.05410453854687268,0.7279993341645559,0.7182999841761691,-0.009699349988386808,0.018768173819249334,-0.516797749306797
V6WR_MOM,bisolo,lado_apostado_FIRST,limpo_500_599,TODOS,43,43,0.24649394439644104,0.2369408921297268,-0.009553052266714263,0.013019231879593985,-0.7337646610079567,0.6940832878572759,0.6668810434057013,-0.027202244451574563,0.031536626207809636,-0.8625603852589114
V6WR_MOM,bisolo,lado_apostado_FIRST,limpo_600_699,TODOS,41,41,0.20063420514772026,0.1971073850770688,-0.003526820070651495,0.008546525065717467,-0.4126612914058568,0.5818509383746413,0.5778579193602407,-0.003993019014400537,0.0195599159269171,-0.20414295385112574
V6WR_MOM,bisolo,lado_apostado_FIRST,TOTAL,TODOS,129,129,0.2370428332530287,0.23257392731301268,-0.004468905940015993,0.005675180156141968,-0.7874474143661352,0.670243720066885,0.6565237120011057,-0.013720008065779337,0.013303766929752176,-1.0312874645373027
V6WR_MOM,bisolo,entrou_MULTI,limpo_400_499,TODOS,216,45,0.2926459669727619,0.2682831099610646,-0.024362857011697315,0.01391755821860495,-1.7505123117882215,0.8103868134757657,0.7395912578577551,-0.07079555561801062,0.035561096902770484,-1.9908147325032346
V6WR_MOM,bisolo,entrou_MULTI,limpo_500_599,TODOS,206,43,0.24617241470663795,0.25757740123551914,0.011404986528881203,0.009827751743612058,1.1604878538262153,0.6877003912889855,0.7200432951027543,0.03234290381376863,0.022977642932138095,1.4075814438099585
V6WR_MOM,bisolo,entrou_MULTI,limpo_600_699,TODOS,205,41,0.22687565580945912,0.2220933280791301,-0.004782327730328988,0.015313047873365262,-0.3123041062679054,0.6433489537761684,0.6342401537010237,-0.009108800075144741,0.035012488374774456,-0.2601586033430113
V6WR_MOM,bisolo,entrou_MULTI,TOTAL,TODOS,627,129,0.2558732946357625,0.2496638415667122,-0.006209453069050294,0.008306468499090969,-0.7475442866881197,0.715464701499858,0.6987238628343737,-0.016740838665484252,0.02074368636721059,-0.8070329626631064
V6WR_MOM,bisolo,nao_entrou_MULTI,limpo_400_499,TODOS,122,42,0.2108207773580017,0.19951531998733102,-0.011305457370670636,0.008522938145070196,-1.3264741780638047,0.6150984256968106,0.5919055200093079,-0.02319290568750279,0.02851938867238601,-0.813232918627018
V6WR_MOM,bisolo,nao_entrou_MULTI,limpo_500_599,TODOS,145,42,0.23007752177768878,0.24949609907492928,0.01941857729724048,0.009352219998042224,2.076360190554278,0.6638205664436483,0.7525024503067651,0.0886818838631168,0.04409371674851157,2.011213624129573
V6WR_MOM,bisolo,nao_entrou_MULTI,limpo_600_699,TODOS,122,41,0.15978559897384573,0.15741667831698292,-0.0023689206568628138,0.009486754414118006,-0.24970823038672021,0.4825163668576493,0.47877309005645546,-0.003743276801193823,0.03131856054894498,-0.11952263244486572
V6WR_MOM,bisolo,nao_entrou_MULTI,TOTAL,TODOS,389,125,0.2019928497949878,0.20494251454753482,0.002949664752547015,0.005743080288204064,0.5136032589698329,0.5916786293726816,0.6162870069987251,0.024608377626043572,0.022154228273966306,1.1107756642085866
V6WR_MOM,bisolo,lado_apostado_MULTI,limpo_400_499,TODOS,216,45,0.2931813768854635,0.2715951981212795,-0.021586178764183946,0.014376016884509544,-1.5015409996800644,0.8119857720543515,0.7474870690654835,-0.06449870298886812,0.036808865455971805,-1.75226001100243
V6WR_MOM,bisolo,lado_apostado_MULTI,limpo_500_599,TODOS,206,43,0.2472363449816255,0.2538402854471503,0.006603940465524791,0.010735109423493433,0.6151721612704091,0.6894194795966924,0.7096210932945085,0.02020161369781604,0.024297628366239228,0.8314232728114952
V6WR_MOM,bisolo,lado_apostado_MULTI,limpo_600_699,TODOS,205,41,0.22940010613557743,0.22442863045684322,-0.004971475678734183,0.014297311228642116,-0.34772102245174025,0.6489166639212167,0.6399905991528484,-0.00892606476836829,0.032892005038347646,-0.27137490578521134
V6WR_MOM,bisolo,lado_apostado_MULTI,TOTAL,TODOS,627,129,0.25723267341510103,0.25034055955336876,-0.006892113861732269,0.008112424216336563,-0.8495751304342704,0.7184007267376523,0.6998998803239985,-0.01850084641365376,0.020220745991718532,-0.9149438117283525
V6WR_MOM,bipro,flag1,limpo_400_499,TODOS,315,45,0.24010105592827063,0.21954198042066952,-0.02055907550760113,0.00950184799918886,-2.1636923164163635,0.679722679649491,0.6302113269524653,-0.04951135269702566,0.023989881651021318,-2.0638431409234492
V6WR_MOM,bipro,flag1,limpo_500_599,TODOS,307,42,0.22557647880352596,0.24387852298830906,0.01830204418478311,0.007784516440353103,2.351082989549565,0.6439774745100145,0.6993224426437676,0.05534496813375315,0.02264219173854574,2.4443290990922346
V6WR_MOM,bipro,flag1,limpo_600_699,TODOS,417,58,0.2350417200314007,0.2379110251597122,0.0028693051283115137,0.009940827372076688,0.2886384624655344,0.6674282862753617,0.6854405207141936,0.018012234438831848,0.03327425131159254,0.5413265131094475
V6WR_MOM,bipro,flag1,TOTAL,TODOS,1039,145,0.23377883432452531,0.23410522414005946,0.00032638981553412754,0.006043713254887977,0.05400484797490236,0.6642264909922906,0.6727981280264503,0.008571637034159783,0.018166275013860412,0.4718434036487854
V6WR_MOM,bipro,flag0,limpo_400_499,TODOS,257,35,0.22956797444809823,0.21687544117727323,-0.012692533270824981,0.009434699590893115,-1.3453033823224751,0.6637689012962533,0.6334975002989904,-0.03027140099726296,0.02621251354718606,-1.154845411630226
V6WR_MOM,bipro,flag0,limpo_500_599,TODOS,414,58,0.2005613459587235,0.20787573467934148,0.007314388720617965,0.006413254021727866,1.140511306091586,0.5926736535705925,0.6219853196911906,0.02931166612059802,0.01886907685448113,1.5534234317158409
V6WR_MOM,bipro,flag0,limpo_600_699,TODOS,294,42,0.20598603249750733,0.2090872693974833,0.0031012368999759564,0.011515920566183974,0.2692999558439653,0.588606516898853,0.5936775485942423,0.00507103169538929,0.027200023655406396,0.1864348266616801
V6WR_MOM,bipro,flag0,TOTAL,TODOS,965,135,0.20993912975579265,0.21064165776442142,0.0007025280086287549,0.005213358768044205,0.1347553544434673,0.6103687214296634,0.6164269214670474,0.006058200037383888,0.013893842062133916,0.43603490023071606
V6WR_MOM,bipro,entrou_FIRST,limpo_400_499,TODOS,43,43,0.23998249486575676,0.2289149743182368,-0.01106752054752,0.010818587850460628,-1.0230097218324823,0.6767500868187182,0.645687475426927,-0.031062611391791183,0.024420348106403846,-1.2719970762269974
V6WR_MOM,bipro,entrou_FIRST,limpo_500_599,TODOS,40,40,0.22597344778880002,0.2342662238956358,0.008292776106835754,0.011596524691263885,0.7151087353854406,0.6455198210698972,0.6631210531752794,0.017601232105382066,0.026821423287116102,0.6562378109828708
V6WR_MOM,bipro,entrou_FIRST,limpo_600_699,TODOS,52,52,0.22863914623218162,0.2355291636381519,0.006890017405970285,0.005597489267100793,1.2309121245602592,0.6467087863709603,0.6614537697324683,0.014744983361508054,0.013615268139865926,1.082974144176734
V6WR_MOM,bipro,entrou_FIRST,TOTAL,TODOS,135,135,0.2314623762581703,0.23304821748661864,0.001585841228448333,0.005482213780148356,0.2892702276935683,0.65592521086882,0.6569259229367214,0.001000712067901336,0.01278647795959988,0.07826330839995056
V6WR_MOM,bipro,nao_entrou_FIRST,limpo_400_499,TODOS,27,16,0.12699793414079036,0.13424120647930482,0.0072432723385144554,0.005392084877251294,1.3433157124571888,0.39954211285345553,0.41548046898997015,0.015938356136514634,0.012605535098199276,1.2643934598850515
V6WR_MOM,bipro,nao_entrou_FIRST,limpo_500_599,TODOS,26,14,0.12231696503655984,0.11621026982653247,-0.006106695210027351,0.004332051767269502,-1.4096542557884548,0.387743149211549,0.36580350957038116,-0.021939639641167876,0.01033423216743711,-2.1230062655548902
V6WR_MOM,bipro,nao_entrou_FIRST,limpo_600_699,TODOS,62,29,0.2036990807039915,0.20169744197290088,-0.0020016387310906477,0.0033381139349295953,-0.5996316393355413,0.6129089443067218,0.6001781723082263,-0.012730771998495517,0.014342777653303199,-0.8876085446087613
V6WR_MOM,bipro,nao_entrou_FIRST,TOTAL,TODOS,115,59,0.16729155057738582,0.16653235645870373,-0.0007591941186820955,0.002381533591677195,-0.3187837120313021,0.5119070736831334,0.5038253095188621,-0.008081764164271234,0.008708092872202691,-0.9280751001254505
V6WR_MOM,bipro,lado_apostado_FIRST,limpo_400_499,TODOS,43,43,0.2411274251082226,0.23356892973755797,-0.007558495370664632,0.012967816419682076,-0.5828656981288404,0.6790020249835934,0.6559924510355426,-0.023009573948050806,0.028932089986554475,-0.7952959485036849
V6WR_MOM,bipro,lado_apostado_FIRST,limpo_500_599,TODOS,40,40,0.22852265412838296,0.23402647907240298,0.005503824944020029,0.011845479472554377,0.4646350497480687,0.6517955620497096,0.6606544265627564,0.008858864513046794,0.02720672983565295,0.3256129849695398
V6WR_MOM,bipro,lado_apostado_FIRST,limpo_600_699,TODOS,52,52,0.2282629841779827,0.23195880883114176,0.003695824653159073,0.007134346481424977,0.5180326835515408,0.6463616720477344,0.6550072590030258,0.00864558695529122,0.018711781039075358,0.46203976720531575
V6WR_MOM,bipro,lado_apostado_FIRST,TOTAL,TODOS,135,135,0.23243748608921472,0.2330843051913369,0.0006468191021221758,0.006092014042466729,0.10617491975778032,0.6583682703908526,0.656994295742192,-0.0013739746486605166,0.014291979546881715,-0.09613606317819677
V6WR_MOM,bipro,entrou_MULTI,limpo_400_499,TODOS,205,43,0.2667335262062597,0.23956941892152284,-0.027164107284736796,0.013388881649397942,-2.0288555830171435,0.7445831146900478,0.6779756329316996,-0.06660748175834809,0.03087372846439152,-2.1574161940035976
V6WR_MOM,bipro,entrou_MULTI,limpo_500_599,TODOS,206,40,0.22845196175404142,0.2482257906880224,0.01977382893398097,0.009200251547839997,2.1492704662649578,0.6478036756278628,0.6956735175602118,0.047869841932349035,0.01922700437339494,2.4897191992418835
V6WR_MOM,bipro,entrou_MULTI,limpo_600_699,TODOS,251,52,0.23914837727614302,0.23551291322856666,-0.0036354640475763705,0.010294159640251706,-0.35315792397090495,0.6733319577634154,0.6659409086699535,-0.007391049093461858,0.02555494934822129,-0.2892218252029641
V6WR_MOM,bipro,entrou_MULTI,TOTAL,TODOS,662,135,0.24436211433523813,0.24072505284141243,-0.003637061493825729,0.007152222573129851,-0.5085218554984274,0.6874522916758561,0.6789198148709371,-0.008532476804919007,0.01689870480020724,-0.5049189808212028
V6WR_MOM,bipro,nao_entrou_MULTI,limpo_400_499,TODOS,110,40,0.19046781586474573,0.18221811775998834,-0.008249698104757385,0.010515516263232529,-0.7845262085326642,0.5588464143466352,0.5411960294457104,-0.017650384900924774,0.03460270831573198,-0.5100868041852117
V6WR_MOM,bipro,nao_entrou_MULTI,limpo_500_599,TODOS,101,36,0.21971163238960334,0.23501181857107198,0.015300186181468653,0.008982331167116421,1.7033647387085193,0.6361735395567796,0.7067648046953767,0.07059126513859718,0.042070738459287035,1.677918375664126
V6WR_MOM,bipro,nao_entrou_MULTI,limpo_600_699,TODOS,166,53,0.2288322563661578,0.24153708597126367,0.012704829605105841,0.014045885796352506,0.9045232026879418,0.6585016504711361,0.7149248738654241,0.056423223394288,0.05700040106283948,0.9898741472377505
V6WR_MOM,bipro,nao_entrou_MULTI,TOTAL,TODOS,377,129,0.2151949314940429,0.22248101565121153,0.007286084157168678,0.007515956400589235,0.9694154368161934,0.62344272427473,0.6620486407822854,0.03860591650755543,0.029855334983984433,1.2930994252204893
V6WR_MOM,bipro,lado_apostado_MULTI,limpo_400_499,TODOS,205,43,0.2660218361012129,0.24111284714131265,-0.02490898895990025,0.016010785639032382,-1.5557630663154411,0.7426934644596664,0.6809061588780638,-0.06178730558160269,0.034936323008338654,-1.76856922140476
V6WR_MOM,bipro,lado_apostado_MULTI,limpo_500_599,TODOS,206,40,0.22960564049527127,0.2476787591400297,0.018073118644758402,0.008734003217104285,2.0692823434464516,0.6503735040666192,0.6936577618056554,0.0432842577390362,0.018255026367552385,2.3710871114364602
V6WR_MOM,bipro,lado_apostado_MULTI,limpo_600_699,TODOS,251,52,0.243290310389194,0.2374399299409803,-0.005850380448213696,0.011447109092637728,-0.5110792952935516,0.6832642754685444,0.6702225766620737,-0.013041698806470816,0.02797386154943964,-0.4662101720715802
V6WR_MOM,bipro,lado_apostado_MULTI,TOTAL,TODOS,662,135,0.2460711574780396,0.24176341459516806,-0.004307742882871536,0.0076257483699809885,-0.5648944436495058,0.6914326815627793,0.6808234565621579,-0.010609225000621251,0.017578255855084036,-0.6035425293660645
V6WR_MOM,bisolo30,flag1,limpo_400_499,TODOS,299,42,0.24704884242226016,0.2150193705096544,-0.03202947191260574,0.005749764656290139,-5.57057094111949,0.7113608009783963,0.6345828988757957,-0.07677790210260059,0.018573646354677866,-4.133701085746348
V6WR_MOM,bisolo30,flag1,limpo_500_599,TODOS,317,44,0.17156575932493812,0.18634247234442608,0.014776713019487978,0.01238733777606687,1.1928885194393855,0.5163587367052932,0.5515973944044738,0.0352386576991806,0.029339896636546008,1.2010491425960599
V6WR_MOM,bisolo30,flag1,limpo_600_699,TODOS,312,45,0.2451805683511084,0.2560457189026977,0.01086515055158931,0.011961361170570268,0.90835402398198,0.6835413587342566,0.7230100156423196,0.03946865690806299,0.03409851856332024,1.1574889048264814
V6WR_MOM,bisolo30,flag1,TOTAL,TODOS,928,131,0.22063608503858512,0.21901683169527095,-0.0016192533433141843,0.007219407935251198,-0.22429170893746464,0.6353960161133692,0.6359652862828501,0.0005692701694809553,0.019228069683752295,0.02960620482678967
V6WR_MOM,bisolo30,flag0,limpo_400_499,TODOS,415,58,0.222694574664977,0.21356278649377541,-0.009131788171201539,0.005896028016887671,-1.5488033884923642,0.636775313039255,0.614789057294025,-0.021986255745230016,0.014296855178164335,-1.5378385995550787
V6WR_MOM,bisolo30,flag0,limpo_500_599,TODOS,404,56,0.24232185770690254,0.2521304380729584,0.009808580366055848,0.0051742569711949364,1.8956500267884195,0.6915402418743116,0.7359840054890382,0.04444376361472661,0.016607742072493988,2.6760870575136817
V6WR_MOM,bisolo30,flag0,limpo_600_699,TODOS,399,55,0.20570414406470033,0.20249195588175037,-0.003212188182949955,0.006736876522594472,-0.4768067474855385,0.5967493920300766,0.5884480489827625,-0.008301343047314086,0.016663767665742537,-0.49816723407516245
V6WR_MOM,bisolo30,flag0,TOTAL,TODOS,1218,169,0.22363894292394867,0.22272868946897406,-0.0009102534549746373,0.0037390321327483472,-0.24344627771507338,0.6418284236851505,0.6463594158774335,0.004530992192283063,0.01102752551018577,0.4108802276719225
V6WR_MOM,bisolo30,entrou_FIRST,limpo_400_499,TODOS,40,40,0.21727450474024534,0.20142546493871358,-0.015849039801531774,0.007883561110502674,-2.010390936199796,0.6333082493503384,0.5867602479350159,-0.046548001415322435,0.01734861838117644,-2.683095586783317
V6WR_MOM,bisolo30,entrou_FIRST,limpo_500_599,TODOS,39,39,0.1883902612958497,0.18446397660169336,-0.0039262846941563595,0.012162902258631227,-0.3228082089840135,0.5596502868401101,0.5502006934042873,-0.009449593435822771,0.028232261708103373,-0.3347090478801597
V6WR_MOM,bisolo30,entrou_FIRST,limpo_600_699,TODOS,39,39,0.2524542696716845,0.24935811655533482,-0.003096153116349682,0.007684019698105069,-0.40293404207607825,0.7000924152516125,0.6899882243550065,-0.010104190896606052,0.01640561155596828,-0.6158984602393685
V6WR_MOM,bisolo30,entrou_FIRST,TOTAL,TODOS,118,118,0.21935522794359025,0.21166169687010714,-0.007693531073483106,0.005491372911316476,-1.4010214199127655,0.6310364013185654,0.6087947263560433,-0.022241674962522218,0.012686476040176118,-1.7531799131678691
V6WR_MOM,bisolo30,nao_entrou_FIRST,limpo_400_499,TODOS,33,16,0.2969555913555838,0.30721726006858424,0.01026166871300043,0.013225856784165222,0.7758793158327789,0.8738839341389313,0.9273419406098306,0.05345800647089932,0.06018682473312597,0.8882011421592207
V6WR_MOM,bisolo30,nao_entrou_FIRST,limpo_500_599,TODOS,49,19,0.07139501131359215,0.06929880618437398,-0.0020962051292181785,0.002314011509419005,-0.9058749797422084,0.26991537152694456,0.2529386015374226,-0.016976769989521915,0.0076559273618413744,-2.2174674846234077
V6WR_MOM,bisolo30,nao_entrou_FIRST,limpo_600_699,TODOS,47,21,0.10910213999068383,0.10843403440579728,-0.0006681055848865449,0.0034328316865203726,-0.19462229607993337,0.3506760442466321,0.3381797555536698,-0.012496288692962331,0.009656798084209781,-1.2940405902651642
V6WR_MOM,bisolo30,nao_entrou_FIRST,TOTAL,TODOS,129,56,0.14283481122994124,0.14442023800286882,0.0015854267729275646,0.00387519914247953,0.4091213676087717,0.45384338845733896,0.4565172405153535,0.002673852058014529,0.01786758027626656,0.14964824652648667
V6WR_MOM,bisolo30,lado_apostado_FIRST,limpo_400_499,TODOS,40,40,0.218267604853757,0.2049216324063742,-0.013345972447382837,0.013596872522793976,-0.9815472216136081,0.6363431922669509,0.5945539528081168,-0.04178923945883407,0.030244706152635015,-1.381704264142545
V6WR_MOM,bisolo30,lado_apostado_FIRST,limpo_500_599,TODOS,39,39,0.19075758867307716,0.18548063762282724,-0.005276951050249928,0.014418709170159888,-0.3659794360212768,0.5645182080158428,0.5532946017923082,-0.011223606223534731,0.03410573817153634,-0.3290826360973365
V6WR_MOM,bisolo30,lado_apostado_FIRST,limpo_600_699,TODOS,39,39,0.2557920501746,0.24374842367995397,-0.012043626494646032,0.006660567460501092,-1.8081982602935693,0.7073972126319552,0.6785503174181886,-0.02884689521376667,0.014313472633433456,-2.015366637610079
V6WR_MOM,bisolo30,lado_apostado_FIRST,TOTAL,TODOS,118,118,0.22157745855262448,0.21132880243274096,-0.010248656119883525,0.006857150310232121,-1.4945940596621687,0.6360883821690013,0.6086788979791021,-0.0274094841898993,0.015748053608085014,-1.7404998021995133
V6WR_MOM,bisolo30,entrou_MULTI,limpo_400_499,TODOS,189,40,0.2550457978695551,0.2090975662902809,-0.04594823157927422,0.007618013772639873,-6.031523826367639,0.7227865462426356,0.606540208481863,-0.11624633776077258,0.022102159056684,-5.259501456968208
V6WR_MOM,bisolo30,entrou_MULTI,limpo_500_599,TODOS,178,39,0.1900357875321394,0.210312101389893,0.020276313857753626,0.020261351937696254,1.0007384462845017,0.5635772930549509,0.6071918708736471,0.04361457781869617,0.0432331274917402,1.0088231027706438
V6WR_MOM,bisolo30,entrou_MULTI,limpo_600_699,TODOS,192,39,0.2598550633914212,0.2639563780244522,0.00410131463303096,0.01908846607653423,0.21485826134939018,0.71894112178526,0.7291329830760788,0.010191861290818722,0.04404231164110644,0.23141068011757704
V6WR_MOM,bisolo30,entrou_MULTI,TOTAL,TODOS,559,118,0.23599677665334456,0.22832668811620552,-0.007670088537139068,0.011207670958183686,-0.6843606103138204,0.6707694289560094,0.6488547140772601,-0.021914714878749384,0.026063029558241683,-0.8408352847000278
V6WR_MOM,bisolo30,nao_entrou_MULTI,limpo_400_499,TODOS,110,37,0.2333086189719079,0.22519410685021435,-0.00811451212169353,0.0077578379681919165,-1.0459759735849112,0.6917292932062035,0.6827653396435529,-0.008963953562650515,0.030475351872230817,-0.2941378199743932
V6WR_MOM,bisolo30,nao_entrou_MULTI,limpo_500_599,TODOS,139,42,0.1479134929876588,0.1556475516962742,0.007734058708615421,0.010106796740302735,0.7652334273008995,0.4558918084301918,0.48040446770294243,0.024512659272750592,0.03818043840725983,0.6420214197459196
V6WR_MOM,bisolo30,nao_entrou_MULTI,limpo_600_699,TODOS,120,41,0.22170137628660783,0.24338866430789047,0.02168728802128267,0.01546184020697939,1.402633045676746,0.626901737852651,0.713213267748305,0.08631152989565383,0.06625751446139175,1.3026677894165128
V6WR_MOM,bisolo30,nao_entrou_MULTI,TOTAL,TODOS,369,120,0.19736609421839396,0.20491328226626707,0.0075471880478731055,0.007149437675531122,1.055633798124191,0.581808650858529,0.6164390257487707,0.03463037489024183,0.028833676038869348,1.2010391891605572
V6WR_MOM,bisolo30,lado_apostado_MULTI,limpo_400_499,TODOS,189,40,0.25417187560745796,0.21145041736752834,-0.04272145823992961,0.009479160077126464,-4.506882244031087,0.7188018927385563,0.6117549647469754,-0.10704692799158096,0.025391469309706052,-4.215861897785552
V6WR_MOM,bisolo30,lado_apostado_MULTI,limpo_500_599,TODOS,178,39,0.19183244939309285,0.20791937809902794,0.01608692870593507,0.019547731520017472,0.8229562949266807,0.5670162665985801,0.6013838352111195,0.03436756861253948,0.042128093257788504,0.8157874224745673
V6WR_MOM,bisolo30,lado_apostado_MULTI,limpo_600_699,TODOS,192,39,0.2616422690262593,0.26464781931337644,0.003005550287117137,0.019881607158419943,0.15117240086117856,0.7237396280944152,0.7306781215573203,0.006938493462905174,0.04570810663018803,0.15180006293068873
V6WR_MOM,bisolo30,lado_apostado_MULTI,TOTAL,TODOS,559,118,0.2368872560551375,0.22859778084482668,-0.008289475210310846,0.010957221300137453,-0.7565307830559979,0.6721654056820432,0.6492991240496657,-0.022866281632377423,0.025419188095224882,-0.8995677417672111
V6WR_MOM,bipro30,flag1,limpo_400_499,TODOS,350,48,0.2754026569769273,0.25558171875688235,-0.01982093822004488,0.01234767528071934,-1.6052364327230808,0.7667217486042658,0.7229076129773743,-0.04381413562689155,0.0323520589810018,-1.3542920298402232
V6WR_MOM,bipro30,flag1,limpo_500_599,TODOS,317,44,0.22205594334987228,0.22840220889520926,0.00634626554533699,0.008486650307149048,0.7477939252417383,0.6413781274657937,0.6782584278101039,0.03688030034431016,0.027898856103771207,1.3219287632128005
V6WR_MOM,bipro30,flag1,limpo_600_699,TODOS,321,46,0.2337328600932362,0.23630974406055397,0.0025768839673177527,0.011192359981631322,0.23023597986009056,0.659603393739657,0.6749559682385,0.015352574498843025,0.036312200570665365,0.422793833961292
V6WR_MOM,bipro30,flag1,TOTAL,TODOS,988,138,0.2447478867143349,0.24059972634425908,-0.0041481603700757935,0.006263909684689164,-0.6622318294618961,0.691702598996538,0.6930024817433628,0.001299882746824789,0.018952710646524932,0.06858558498929695
V6WR_MOM,bipro30,flag0,limpo_400_499,TODOS,222,32,0.17225167616505388,0.15963563355928512,-0.012616042605768775,0.007723824417130945,-1.6333932420559956,0.5240929716722241,0.48787279740894646,-0.036220174263277574,0.018041541310755464,-2.007598665735112
V6WR_MOM,bipro30,flag0,limpo_500_599,TODOS,404,56,0.2027045598457537,0.21912812003682405,0.01642356019107036,0.009706209235345426,1.6920673965345316,0.5934433436785722,0.6365989867029372,0.04315564302436503,0.02234725482880867,1.9311384487696224
V6WR_MOM,bipro30,flag0,limpo_600_699,TODOS,390,54,0.21421549414726263,0.2175003252590314,0.0032848311117688045,0.0066919396740038415,0.49086382600389816,0.6144492870632274,0.6248949503076088,0.010445663244381342,0.017923619169904533,0.5827876136712729
V6WR_MOM,bipro30,flag0,TOTAL,TODOS,1016,142,0.200469052169054,0.20550393503549258,0.005034882866438574,0.005182070168526232,0.9715968141493696,0.5863533194016098,0.5996090376700199,0.013255718268410018,0.012892335620268595,1.028185943869638
V6WR_MOM,bipro30,entrou_FIRST,limpo_400_499,TODOS,45,45,0.2643907306240921,0.2330731106709391,-0.031317619953153,0.011661971313866731,-2.685448206849438,0.7276604229652921,0.6532817192655386,-0.07437870369975347,0.02580268106569345,-2.8825959407235935
V6WR_MOM,bipro30,entrou_FIRST,limpo_500_599,TODOS,39,39,0.21239007925248407,0.20665336811946494,-0.005736711133019099,0.010674966573810923,-0.5373985101829798,0.6146574708914683,0.5975181643745304,-0.017139306516937874,0.024418135548331017,-0.7019088940273063
V6WR_MOM,bipro30,entrou_FIRST,limpo_600_699,TODOS,41,41,0.23236353579397898,0.22481058985837082,-0.007552945935608165,0.005916337507648171,-1.2766252645060086,0.6511872706664608,0.6368868035470745,-0.014300467119386333,0.01285340028871732,-1.1125824138488276
V6WR_MOM,bipro30,entrou_FIRST,TOTAL,TODOS,125,125,0.23766160749187326,0.22212004416835676,-0.015541563323516517,0.005979209114029807,-2.59926739927013,0.6673203079642424,0.6305059577838877,-0.03681435018035459,0.013529987585081681,-2.720944860359407
V6WR_MOM,bipro30,nao_entrou_FIRST,limpo_400_499,TODOS,32,15,0.3020671971356072,0.3241491999840119,0.022082002848404742,0.008461861387461807,2.6095916533357904,0.8718077923972869,0.9576615650652787,0.08585377266799173,0.042892754947826024,2.001591475586558
V6WR_MOM,bipro30,nao_entrou_FIRST,limpo_500_599,TODOS,56,20,0.25278929715210513,0.2626709429494892,0.009881645797384061,0.008418793365903858,1.1737603440185098,0.7370641316472808,0.8058519805315519,0.06878784888427111,0.04978568933124257,1.3816791493354679
V6WR_MOM,bipro30,nao_entrou_FIRST,limpo_600_699,TODOS,42,21,0.21973647453999692,0.22282506556095177,0.003088591020954873,0.0032718031268047796,0.9440027108144401,0.6587078336497016,0.6648325577191525,0.00612472406945083,0.012932474875767012,0.47359257437471564
V6WR_MOM,bipro30,nao_entrou_FIRST,TOTAL,TODOS,130,56,0.25424063753490145,0.26493076890938266,0.01069013137448126,0.004673587513936856,2.2873502085074455,0.7449166903249876,0.7976603724312326,0.05274368210624502,0.0253969566553283,2.0767717495465883
V6WR_MOM,bipro30,lado_apostado_FIRST,limpo_400_499,TODOS,45,45,0.2652908833508321,0.23391927285182548,-0.031371610499006615,0.013949548682975729,-2.248933726242561,0.7295909424996141,0.6542706154134408,-0.07532032708617341,0.03029998759218822,-2.485820393721616
V6WR_MOM,bipro30,lado_apostado_FIRST,limpo_500_599,TODOS,39,39,0.21245391662925875,0.21038628382530894,-0.0020676328039498136,0.012428411121165182,-0.1663634058925442,0.615552126688353,0.6053091368566451,-0.010242989831707938,0.02757187939867653,-0.37150132871245656
V6WR_MOM,bipro30,lado_apostado_FIRST,limpo_600_699,TODOS,41,41,0.23276212842202149,0.22412972594937264,-0.008632402472648843,0.011506628431884,-0.7502112824577793,0.6521775706505999,0.6373368766636628,-0.01484069398693716,0.02454507544662731,-0.6046302045071281
V6WR_MOM,bipro30,lado_apostado_FIRST,TOTAL,TODOS,125,125,0.23813631811705135,0.2233660088915478,-0.014770309225503543,0.007621490328713446,-1.9379817579584677,0.668619246000024,0.6334403677937932,-0.03517887820623069,0.01683365112572099,-2.0897948961576787
V6WR_MOM,bipro30,entrou_MULTI,limpo_400_499,TODOS,218,45,0.2982464806528112,0.26476303750334235,-0.03348344314946879,0.016675225685721905,-2.0079754109798262,0.8179358863304209,0.7351839895712804,-0.08275189675914052,0.040286365792626455,-2.0540918777609485
V6WR_MOM,bipro30,entrou_MULTI,limpo_500_599,TODOS,175,39,0.21706748828170142,0.21204520287207007,-0.005022285409631338,0.010050473117374809,-0.49970636715091904,0.623719130400632,0.6150855272978696,-0.008633603102762321,0.023111540994824865,-0.37356241648687805
V6WR_MOM,bipro30,entrou_MULTI,limpo_600_699,TODOS,205,41,0.25299973261409175,0.248818317917476,-0.0041814146966157595,0.010698826295551477,-0.39082929109283443,0.70038289609928,0.6896500020838939,-0.01073289401538619,0.024403017472076995,-0.43981831458618753
V6WR_MOM,bipro30,entrou_MULTI,TOTAL,TODOS,598,125,0.25897907762123645,0.24386957834686201,-0.015109499274374433,0.007621602207705068,-1.9824570821997856,0.7208016132784193,0.6844286411887367,-0.036372972089682626,0.018271418366697184,-1.9907032590298874
V6WR_MOM,bipro30,nao_entrou_MULTI,limpo_400_499,TODOS,132,44,0.23767573605766443,0.24041863173621356,0.0027428956785491613,0.007462988205573809,0.3675331654015749,0.682140824177737,0.7026329910268324,0.02049216684909541,0.02781742201482923,0.7366666414368381
V6WR_MOM,bipro30,nao_entrou_MULTI,limpo_500_599,TODOS,142,37,0.22820368727191379,0.24856049096597937,0.020356803694065565,0.013171638027415656,1.5455028183810238,0.6631409759615917,0.7561123544977165,0.09297137853612486,0.05494257648151485,1.692155419165765
V6WR_MOM,bipro30,nao_entrou_MULTI,limpo_600_699,TODOS,116,42,0.19968364572448294,0.21420407474444178,0.014520429019958871,0.01656638118970804,0.8764997529442201,0.5875361697420474,0.6489880635979334,0.06145189385588603,0.06886677396707515,0.8923300790199039
V6WR_MOM,bipro30,nao_entrou_MULTI,TOTAL,TODOS,390,123,0.22292672732375252,0.23558595327360132,0.012659225949848791,0.007265517790501022,1.7423707868969136,0.6470841104309867,0.7061490372604561,0.05906492682946949,0.029969621698175197,1.9708265731317476
V6WR_MOM,bipro30,lado_apostado_MULTI,limpo_400_499,TODOS,218,45,0.2968019499373669,0.2634470376452925,-0.03335491229207438,0.017068858622867143,-1.9541384124764392,0.8123579248578648,0.7315127158219363,-0.08084520903592847,0.04033681282907755,-2.0042537663672246
V6WR_MOM,bipro30,lado_apostado_MULTI,limpo_500_599,TODOS,175,39,0.21771479272981684,0.21508824279477184,-0.002626549935044974,0.009557597687413507,-0.27481277418737793,0.6251020923346802,0.621490823061451,-0.003611269273229213,0.022161957056361817,-0.1629490240435495
V6WR_MOM,bipro30,lado_apostado_MULTI,limpo_600_699,TODOS,205,41,0.25249942110615736,0.25095459158251643,-0.0015448295236409047,0.009879050186985332,-0.15637429655697713,0.6986853840300785,0.6953535432772902,-0.003331840752788449,0.02288997982721485,-0.145558920450733
V6WR_MOM,bipro30,lado_apostado_MULTI,TOTAL,TODOS,598,125,0.2584703932120839,0.24501268891333564,-0.013457704298748279,0.007609646920691301,-1.768505745273883,0.7185909657253339,0.6869199706635126,-0.031670995061821326,0.018140263024192423,-1.7458950302751342
V6WR_MOM,bisolo35mais,flag1,limpo_400_499,TODOS,427,59,0.21283365184025288,0.19876723879868657,-0.014066413041566287,0.008789034046052852,-1.6004503985148972,0.6166773828507899,0.5858297860807365,-0.030847596770053394,0.022421000957298275,-1.3758349517402866
V6WR_MOM,bisolo35mais,flag1,limpo_500_599,TODOS,370,49,0.1997624768145051,0.2149364585092658,0.015173981694760664,0.009566384950889208,1.58617719992025,0.5822832066356021,0.6241948150971636,0.041911608461561514,0.023104110365079197,1.8140325595444258
V6WR_MOM,bisolo35mais,flag1,limpo_600_699,TODOS,371,52,0.25143478435954353,0.2507760082664916,-0.0006587760930519146,0.0091561621037294,-0.07194893292502852,0.7006906856582438,0.7070046430394119,0.006313957381168187,0.021953450152616672,0.2876066102263937
V6WR_MOM,bisolo35mais,flag1,TOTAL,TODOS,1168,160,0.22095410167341226,0.22040924630336978,-0.0005448553700424829,0.005595693639187626,-0.09737047901028122,0.6324676997531408,0.6364727078853141,0.0040050081321732515,0.013869478927278786,0.2887641383769737
V6WR_MOM,bisolo35mais,flag0,limpo_400_499,TODOS,287,41,0.26273826841265946,0.2370931610113739,-0.025645107401285543,0.008821245130502805,-2.9071981360780743,0.7443811565384809,0.6784962609212849,-0.06588489561719595,0.02232078536267688,-2.951728379923569
V6WR_MOM,bisolo35mais,flag0,limpo_500_599,TODOS,351,51,0.22328279144794047,0.2319224246901137,0.008639633242173237,0.008518857612122137,1.0141774443886982,0.6484991190815584,0.6872986628428464,0.03879954376128786,0.029717734628846394,1.3056023363108553
V6WR_MOM,bisolo35mais,flag0,limpo_600_699,TODOS,340,48,0.1920293700293253,0.19894898713997558,0.006919617110650271,0.009702421395286662,0.7131845576210235,0.5629754910761182,0.582562276049718,0.01958678497359981,0.03285687326590644,0.5961244338463519
V6WR_MOM,bisolo35mais,flag0,TOTAL,TODOS,978,140,0.22399604155688238,0.2219766502086768,-0.0020193913482055748,0.005876141650039637,-0.3436594058606387,0.6469041407873735,0.6483041220850224,0.0013999812976490202,0.018299327962979194,0.07650451975511229
V6WR_MOM,bisolo35mais,entrou_FIRST,limpo_400_499,TODOS,57,57,0.20481513492207898,0.19890274407559544,-0.005912390846483546,0.009281385119189349,-0.6370160025209625,0.5944712028387404,0.5800459648677507,-0.014425237970989735,0.020716276635064354,-0.6963238725328464
V6WR_MOM,bisolo35mais,entrou_FIRST,limpo_500_599,TODOS,45,45,0.20885853807537183,0.20957795023886924,0.0007194121634974182,0.009855353026452612,0.07299709726951986,0.6062818050572085,0.6050640584125178,-0.0012177466446907153,0.02270694815754643,-0.05362881159729998
V6WR_MOM,bisolo35mais,entrou_FIRST,limpo_600_699,TODOS,46,46,0.2447757620936011,0.22978644893852943,-0.014989313155071689,0.009956819979736752,-1.505431772953275,0.6762789602310599,0.6470066031693978,-0.029272357061662077,0.02245775054791086,-1.3034411883422201
V6WR_MOM,bisolo35mais,entrou_FIRST,TOTAL,TODOS,148,148,0.21846474297470192,0.21174757313669196,-0.0067171698380099724,0.005556306235939027,-1.2089272176112802,0.6234889997298064,0.6084649079176851,-0.0150240918121213,0.012441095188672696,-1.2076181063062967
V6WR_MOM,bisolo35mais,nao_entrou_FIRST,limpo_400_499,TODOS,33,15,0.299141377321679,0.3199501182241016,0.020808740902422584,0.010418504152911012,1.9972868078771613,0.8659269933137584,0.9492773350940743,0.0833503417803157,0.05087858792721577,1.6382204219101424
V6WR_MOM,bisolo35mais,nao_entrou_FIRST,limpo_500_599,TODOS,48,20,0.07636371484677315,0.07571418210764756,-0.0006495327391255863,0.0016713356018853889,-0.3886309478436682,0.28600715893666767,0.27530176038843696,-0.010705398548230676,0.006011026439778016,-1.7809601497321013
V6WR_MOM,bisolo35mais,nao_entrou_FIRST,limpo_600_699,TODOS,58,28,0.20881494631116562,0.20935163391899414,0.0005366876078285214,0.003361277024880874,0.1596677702717889,0.6242324247126944,0.6199627700779686,-0.004269654634725651,0.01205301716162878,-0.3542394885421927
V6WR_MOM,bisolo35mais,nao_entrou_FIRST,TOTAL,TODOS,139,63,0.18452079604538218,0.18946064323643233,0.004939847191050153,0.0036277714596789938,1.3616754103598518,0.5648159355514413,0.5791257354048317,0.014309799853390344,0.01659604940814465,0.8622413383734377
V6WR_MOM,bisolo35mais,lado_apostado_FIRST,limpo_400_499,TODOS,57,57,0.20447153266407303,0.20312132674243963,-0.001350205921633388,0.011057808895080047,-0.12210429158656698,0.5937659070121001,0.5891475056100339,-0.004618401402066225,0.02539461844259733,-0.18186535909195808
V6WR_MOM,bisolo35mais,lado_apostado_FIRST,limpo_500_599,TODOS,45,45,0.21120764870617303,0.20911029909424209,-0.0020973496119309166,0.010644807256927437,-0.1970303041951278,0.6120570850664632,0.605532753723014,-0.006524331343449303,0.024820619145793203,-0.2628593309911489
V6WR_MOM,bisolo35mais,lado_apostado_FIRST,limpo_600_699,TODOS,46,46,0.2472734415357084,0.22436058804563738,-0.02291285349007102,0.012809981114842814,-1.7886719179876147,0.6814521548178183,0.6368999808804763,-0.04455217393734202,0.029071289825169353,-1.5325145256805777
V6WR_MOM,bisolo35mais,lado_apostado_FIRST,TOTAL,TODOS,148,148,0.21982297205589552,0.2115436900922924,-0.008279281963603119,0.006725498578143679,-1.231028728562798,0.6265812476304067,0.6089714922824964,-0.01760975534791031,0.015215525275353834,-1.157354414601424
V6WR_MOM,bisolo35mais,entrou_MULTI,limpo_400_499,TODOS,272,57,0.22518354517759828,0.20696851009987033,-0.018215035077727967,0.010122204268541686,-1.7995126945163122,0.6423717138059636,0.6022554024394278,-0.04011631136653593,0.021539365664671486,-1.8624648465081795
V6WR_MOM,bisolo35mais,entrou_MULTI,limpo_500_599,TODOS,242,45,0.21922225883034618,0.23569028782024673,0.016468028989900584,0.013245565626845642,1.2432862026309974,0.6280648276901586,0.6657048787654878,0.0376400510753292,0.027278790085602755,1.3798284658964743
V6WR_MOM,bisolo35mais,entrou_MULTI,limpo_600_699,TODOS,224,46,0.26997727157659945,0.2620244411885354,-0.007952830388064047,0.014173971289850098,-0.56108695477315,0.7378460992386054,0.7224651188257959,-0.015380980412809596,0.03312050329153625,-0.4643945255729286
V6WR_MOM,bisolo35mais,entrou_MULTI,TOTAL,TODOS,738,148,0.2368246880195241,0.23309750572614685,-0.0037271822933772525,0.007564700166665558,-0.4927072073261241,0.6666589711188186,0.6595477462625348,-0.007111224856283813,0.0166013539058749,-0.4283521028828431
V6WR_MOM,bisolo35mais,nao_entrou_MULTI,limpo_400_499,TODOS,155,53,0.19116158095149186,0.18437533045080287,-0.006786250500689017,0.009938750528002195,-0.6828072081665513,0.5715879762713885,0.5570054786641947,-0.014582497607193717,0.034084305801257146,-0.4278361335044666
V6WR_MOM,bisolo35mais,nao_entrou_MULTI,limpo_500_599,TODOS,128,45,0.16297132644080561,0.17569874996819235,0.012727423527386749,0.009807172701571098,1.297766840115687,0.495727329329331,0.545714850974238,0.04998752164490696,0.04096135471687653,1.220358115360661
V6WR_MOM,bisolo35mais,nao_entrou_MULTI,limpo_600_699,TODOS,147,48,0.22317956574307737,0.23363553905194867,0.010455973308871333,0.005137426468675373,2.0352550781261667,0.6440729125834069,0.6834458227934935,0.03937291021008671,0.018199118386298722,2.1634515131089405
V6WR_MOM,bisolo35mais,nao_entrou_MULTI,TOTAL,TODOS,430,146,0.19371574650264353,0.19863265222427795,0.0049169057216344,0.005076490640509635,0.9685639292621222,0.5737859363394893,0.5968695024844097,0.023083566144920492,0.018505230268940503,1.247407668504636
V6WR_MOM,bisolo35mais,lado_apostado_MULTI,limpo_400_499,TODOS,272,57,0.22380759833517636,0.20828602786262237,-0.01552157047255398,0.011184393232326131,-1.3877883359547976,0.6393032975644597,0.6049445056305981,-0.03435879193386161,0.023637476804908904,-1.4535727403326806
V6WR_MOM,bisolo35mais,lado_apostado_MULTI,limpo_500_599,TODOS,242,45,0.21980767953658373,0.23516226029393034,0.015354580757346619,0.012308349339402476,1.2474930905797663,0.628988273372462,0.6635798434776357,0.0345915701051738,0.025550307571728617,1.3538612013989737
V6WR_MOM,bisolo35mais,lado_apostado_MULTI,limpo_600_699,TODOS,224,46,0.2703563788258862,0.26085787536870503,-0.009498503457181154,0.015695621904059185,-0.6051689773901002,0.7395745580219645,0.7196425696787575,-0.019931988343206974,0.03627698309545974,-0.5494389732122341
V6WR_MOM,bisolo35mais,lado_apostado_MULTI,TOTAL,TODOS,738,148,0.23662459898647661,0.2330558680926211,-0.003568730893855527,0.007717250677684533,-0.4624355282607304,0.6663555014777627,0.6589853160720219,-0.0073701854057407305,0.016943444081798487,-0.4349874423499388
V6WR_MOM,bipro35mais,flag1,limpo_400_499,TODOS,278,38,0.22847759234645565,0.2164153790866166,-0.012062213259839074,0.008739826422532036,-1.3801433434354753,0.6578122307734279,0.6298878326855957,-0.02792439808783215,0.024091377555507328,-1.1591034187851408
V6WR_MOM,bipro35mais,flag1,limpo_500_599,TODOS,317,44,0.22048088616243208,0.24196681399798697,0.021485927835554905,0.006818281695578437,3.151223254605077,0.639851011302642,0.7083047967044754,0.06845378540183338,0.023168722476629492,2.9545774684332877
V6WR_MOM,bipro35mais,flag1,limpo_600_699,TODOS,383,54,0.21936101983989353,0.21676995183005304,-0.0025910680098404897,0.008366211330779983,-0.30970625859135736,0.621864145511161,0.6196186439461872,-0.0022455015649738234,0.024206527103776493,-0.09276430094028233
V6WR_MOM,bipro35mais,flag1,TOTAL,TODOS,978,136,0.2223154214565285,0.22483624435005276,0.002520822893524269,0.005074849830998865,0.4967285688191692,0.6379126160211913,0.651283618275362,0.013371002254170624,0.0151293704872311,0.8837778323596143
V6WR_MOM,bipro35mais,flag0,limpo_400_499,TODOS,294,42,0.24188446047024428,0.2201674722074514,-0.0217169882627929,0.008769008771570498,-2.476561356991717,0.6864947332235165,0.633389823402284,-0.05310490982123239,0.025797707084612754,-2.058512783599564
V6WR_MOM,bipro35mais,flag0,limpo_500_599,TODOS,404,56,0.20394043392599762,0.20848460563687224,0.00454417171087462,0.00825227453988031,0.550656875133547,0.5946416006679759,0.6130229992288883,0.018381398560912414,0.0194729800419942,0.9439437888434256
V6WR_MOM,bipro35mais,flag0,limpo_600_699,TODOS,328,46,0.22730798844110373,0.2367611681205785,0.009453179679474816,0.0067741241813297146,1.395483670867578,0.6499815354094939,0.6800486457107814,0.030067110301287524,0.021343722146528302,1.4087097880525088
V6WR_MOM,bipro35mais,flag0,TOTAL,TODOS,1026,144,0.2222836129561763,0.2208720084306402,-0.001411604525536089,0.005279726962105011,-0.2673631677675405,0.6386536080427778,0.6402864089297063,0.0016328008869284589,0.01436727879254106,0.1136471916850494
V6WR_MOM,bipro35mais,entrou_FIRST,limpo_400_499,TODOS,34,34,0.22022017525533336,0.1984555832022118,-0.02176459205312156,0.00841147483587852,-2.587488220292393,0.6296560114343186,0.5790336760683985,-0.05062233536592002,0.02029883374366714,-2.49385437632412
V6WR_MOM,bipro35mais,entrou_FIRST,limpo_500_599,TODOS,41,41,0.21604388943493433,0.20363127408037168,-0.012412615354562676,0.008739161128557348,-1.4203440321064018,0.6236198263440591,0.5967534057235198,-0.026866420620539285,0.021068771981684796,-1.2751773403734408
V6WR_MOM,bipro35mais,entrou_FIRST,limpo_600_699,TODOS,49,49,0.22658917410711626,0.22920893291491154,0.0026197588077952728,0.00842864079638143,0.3108162835602133,0.6376858557832966,0.6468642125028172,0.009178356719520624,0.021167330072818007,0.43360956190251865
V6WR_MOM,bipro35mais,entrou_FIRST,TOTAL,TODOS,124,124,0.2213560883609866,0.21231943370162182,-0.009036654659364794,0.005223038379588685,-1.730152834924493,0.6308332596956031,0.6116966212389348,-0.01913663845666839,0.012756898634310739,-1.5001011613589852
V6WR_MOM,bipro35mais,nao_entrou_FIRST,limpo_400_499,TODOS,34,13,0.25679199076112086,0.27309908916336,0.016307098402239133,0.010846400633179362,1.503457133268283,0.7583294849257984,0.8291988175291352,0.07086933260333667,0.05129508995052262,1.3816007082099797
V6WR_MOM,bipro35mais,nao_entrou_FIRST,limpo_500_599,TODOS,39,19,0.2262489764824089,0.23382016813114753,0.007571191648738586,0.009547197334797497,0.7930276690881006,0.6686685233028616,0.7138861654357642,0.045217642132902594,0.05332425067838658,0.8479751999821394
V6WR_MOM,bipro35mais,nao_entrou_FIRST,limpo_600_699,TODOS,57,28,0.12458710750150181,0.1187988215106715,-0.005788285990830312,0.003586352659973368,-1.6139756849437374,0.3941853993859026,0.367675852877782,-0.0265095465081206,0.011990846245601393,-2.2108153140438365
V6WR_MOM,bipro35mais,nao_entrou_FIRST,TOTAL,TODOS,130,60,0.18966232997136664,0.1936606801136713,0.0039983501423046745,0.005132100002118039,0.7790865611844155,0.5717680204714246,0.5922449527847613,0.02047693231333672,0.025199551905256534,0.8125911282202327
V6WR_MOM,bipro35mais,lado_apostado_FIRST,limpo_400_499,TODOS,34,34,0.2181654636597563,0.20210262536495224,-0.016062838294804056,0.00856735283151396,-1.8748893165364764,0.6242996449817035,0.5868824402413052,-0.0374172047403983,0.020988497594030847,-1.7827481253846296
V6WR_MOM,bipro35mais,lado_apostado_FIRST,limpo_500_599,TODOS,41,41,0.21709097174346262,0.19881947777407985,-0.01827149396938275,0.01022686696136228,-1.7866169608359583,0.6270669829656936,0.5849158333106279,-0.042151149655065785,0.023710493348461516,-1.777742412846117
V6WR_MOM,bipro35mais,lado_apostado_FIRST,limpo_600_699,TODOS,49,49,0.22853570827291259,0.22667845065733788,-0.0018572576155747396,0.013275457749845782,-0.13990158761917756,0.6413167187046467,0.6421233463978248,0.0008066276931781404,0.032168324148757414,0.025075216521943014
V6WR_MOM,bipro35mais,lado_apostado_FIRST,TOTAL,TODOS,124,124,0.22190810734908387,0.21072848333350974,-0.011179624015574135,0.006705229004079745,-1.6672993582727715,0.6319391407056374,0.6080612589309157,-0.02387788177472186,0.016163081052306582,-1.4773100312650058
V6WR_MOM,bipro35mais,entrou_MULTI,limpo_400_499,TODOS,170,34,0.24396711578082259,0.22719322312864604,-0.01677389265217653,0.01057207094696225,-1.5866231636476387,0.6901980255609419,0.6483570957576886,-0.04184092980325321,0.023858072857356666,-1.7537430643880154
V6WR_MOM,bipro35mais,entrou_MULTI,limpo_500_599,TODOS,202,41,0.2145391549428596,0.2354921452917843,0.02095299034892467,0.008712983310234066,2.4048009278651756,0.6196683497341945,0.6677094272487796,0.04804107751458506,0.021740162437406396,2.209784662506706
V6WR_MOM,bipro35mais,entrou_MULTI,limpo_600_699,TODOS,237,49,0.23811611445343203,0.23226677952861866,-0.005849334924813375,0.010094538759409554,-0.5794553930818244,0.6672270982854795,0.6569256249914853,-0.010301473293994164,0.024544370317105782,-0.4197081921802136
V6WR_MOM,bipro35mais,entrou_MULTI,TOTAL,TODOS,609,124,0.2319291266119226,0.23192034159128552,-8.785020637103618e-06,0.0060042823562870395,-0.0014631258351641121,0.6578645209939673,0.6581106464795444,0.0002461254855772064,0.014449619816295835,0.017033353728769643
V6WR_MOM,bipro35mais,nao_entrou_MULTI,limpo_400_499,TODOS,108,35,0.20409593508865592,0.1994502542056443,-0.004645680883011597,0.008377999108942316,-0.5545095938304645,0.6068345908301188,0.6008158445165606,-0.0060187463135582524,0.03186166550180431,-0.18890243867563714
V6WR_MOM,bipro35mais,nao_entrou_MULTI,limpo_500_599,TODOS,115,35,0.23091766621768112,0.2533397103340996,0.022422044116418446,0.009558235240902777,2.3458351412473375,0.6753022951011325,0.7796114456614369,0.10430915056030433,0.04383773729155914,2.3794373753042413
V6WR_MOM,bipro35mais,nao_entrou_MULTI,limpo_600_699,TODOS,146,51,0.1889161059809304,0.1916141424837514,0.002698036502820971,0.009560404530831039,0.28220944983239576,0.5482270235418905,0.5590586815644359,0.010831658022545498,0.032465822492440156,0.33363263860226267
V6WR_MOM,bipro35mais,nao_entrou_MULTI,TOTAL,TODOS,369,121,0.20644889993990245,0.21314460418769304,0.006695704247790598,0.005609985239721292,1.1935333092112101,0.6049838622856344,0.6400162465237437,0.03503238423810935,0.022052165738197092,1.5886142274646933
V6WR_MOM,bipro35mais,lado_apostado_MULTI,limpo_400_499,TODOS,170,34,0.2397642813017647,0.22748943921576714,-0.012274842085997531,0.009831582874652746,-1.248511276616898,0.6782382104940322,0.6473791180092957,-0.03085909248473652,0.020835544602862844,-1.481079236128842
V6WR_MOM,bipro35mais,lado_apostado_MULTI,limpo_500_599,TODOS,202,41,0.2172212063033012,0.23278162293631494,0.015560416633013737,0.007210843177659805,2.157919157252244,0.6248856299088771,0.6604982036168013,0.035612573707924235,0.01798282351017178,1.9803660803199448
V6WR_MOM,bipro35mais,lado_apostado_MULTI,limpo_600_699,TODOS,237,49,0.2408020333657847,0.23222564590933187,-0.008576387456452837,0.0098721361669718,-0.8687468761974722,0.6729460816700382,0.6568388730089422,-0.01610720866109605,0.024300448952245222,-0.6628358468911265
V6WR_MOM,bipro35mais,lado_apostado_MULTI,TOTAL,TODOS,609,124,0.23269079376397012,0.23108796482812427,-0.0016028289358458584,0.005470655183341723,-0.29298665006826075,0.6584821254209815,0.6554119870201862,-0.0030701384007951974,0.013012895839930969,-0.23593045226522646
V6_INI,sem_flag,todas,sujo,TODOS,1397,200,0.22568200549172418,0.22164245517027195,-0.0040395503214522505,0.004397992706046515,-0.9184986405044588,0.6547602809456211,0.6450079854501317,-0.00975229549548937,0.010666123466911948,-0.9143242646442804
V6_INI,sem_flag,todas,limpo_400_499,TODOS,714,100,0.23111088290666812,0.2141727565508452,-0.01693812635582293,0.005128899204725327,-3.3024876644519736,0.6630640692019033,0.6230780749872314,-0.03998599421467182,0.013555128900077821,-2.9498793046846097
V6_INI,sem_flag,todas,limpo_500_599,TODOS,721,100,0.21134445136362365,0.2232056320591654,0.011861180695541767,0.005872820978568651,2.0196734650734447,0.6146995348191194,0.6549152735697498,0.04021573875063037,0.016631888382689083,2.417989937479859
V6_INI,sem_flag,todas,limpo_600_699,TODOS,711,100,0.22270191411505935,0.22599234134241925,0.0032904272273598678,0.0067858291416262526,0.48489685765523166,0.633652561521939,0.6474963381498255,0.013843776627886464,0.020947900131095834,0.6608670339866788
V6_INI,sem_flag,todas,TOTAL,TODOS,3543,500,0.22326032809378482,0.22132816072799655,-0.0019321673657882834,0.0029647958329617045,-0.6517033464183369,0.6440454963979326,0.6431040671416971,-0.0009414292562355521,0.008132892035065632,-0.1157557793926813
V6_INI,sem_flag,entrou_FIRST,sujo,TODOS,195,195,0.22247790077983712,0.21345315979626192,-0.00902474098357517,0.005394881719596739,-1.6728338919448562,0.639793391476602,0.615368046211087,-0.024425345265514948,0.013404319417739464,-1.8221995839035365
V6_INI,sem_flag,entrou_FIRST,limpo_400_499,TODOS,92,92,0.2269693267243451,0.2148014515245519,-0.012167875199793239,0.006103565059947602,-1.993568525981715,0.6492694520482991,0.616862571990897,-0.03240688005740209,0.013755220253759469,-2.3559695489823143
V6_INI,sem_flag,entrou_FIRST,limpo_500_599,TODOS,93,93,0.21063664088666448,0.21101802753119714,0.0003813866445326572,0.007078331232665876,0.05388086993903187,0.6125752790486156,0.6120500889022543,-0.000525190146361267,0.016361964529964253,-0.03209823278857911
V6_INI,sem_flag,entrou_FIRST,limpo_600_699,TODOS,87,87,0.23224903329048602,0.2331429554267764,0.0008939221362904057,0.0050707680585937165,0.17628929699819842,0.6536299894380406,0.6567876186986332,0.003157629260592662,0.01187848312710593,0.2658276504503472
V6_INI,sem_flag,entrou_FIRST,TOTAL,TODOS,467,467,0.22282492978466825,0.21690195585237845,-0.005922973932289795,0.0031098862870041857,-1.9045628636137404,0.6388175823533441,0.6227180015610605,-0.016099580792283606,0.007531690645485422,-2.137578606196986
V6_INI,sem_flag,nao_entrou_FIRST,sujo,TODOS,104,68,0.2447997128453026,0.24562318075910913,0.0008234679138065097,0.003676488535470407,0.22398217915322477,0.7028089369178887,0.7093228948178224,0.006513957899933759,0.015620001429061454,0.4170267160036462
V6_INI,sem_flag,nao_entrou_FIRST,limpo_400_499,TODOS,83,37,0.1834756132552222,0.1864814643886695,0.0030058511334473017,0.004525998774102803,0.664129904463608,0.5638791099421894,0.5753635261277168,0.011484416185527467,0.021489288031440748,0.5344251595829858
V6_INI,sem_flag,nao_entrou_FIRST,limpo_500_599,TODOS,93,41,0.17158764670528417,0.17253040246726173,0.0009427557619775656,0.004754355322529115,0.1982930803489167,0.52394513549458,0.5365736746038962,0.01262853910931621,0.028112078186455874,0.4492211150508438
V6_INI,sem_flag,nao_entrou_FIRST,limpo_600_699,TODOS,129,57,0.14765892751930287,0.1458159459436313,-0.0018429815756715615,0.0022066113288665323,-0.8352089702259635,0.46176144926893264,0.4494629332309478,-0.012298516037984826,0.008336555952163127,-1.4752514237961385
V6_INI,sem_flag,nao_entrou_FIRST,TOTAL,TODOS,409,203,0.18506919029260735,0.18552165476623644,0.00045246447362905923,0.0017998980564861765,0.25138338918614983,0.5579174086096587,0.5608968798401189,0.0029794712304602824,0.008998025779085714,0.33112499381647975
V6_INI,sem_flag,lado_apostado_FIRST,sujo,TODOS,195,195,0.2220587193712088,0.21488469558904702,-0.0071740237821617935,0.0054776388233584465,-1.3096927368722096,0.6384835940880361,0.6187052530665131,-0.019778341021522997,0.013350522338444158,-1.4814657074929043
V6_INI,sem_flag,lado_apostado_FIRST,limpo_400_499,TODOS,92,92,0.2271445979200572,0.21522665865494253,-0.011917939265114672,0.0065572355369769245,-1.817524961229193,0.649839429116999,0.6179179202262809,-0.03192150889071802,0.01492306341361311,-2.1390721198436107
V6_INI,sem_flag,lado_apostado_FIRST,limpo_500_599,TODOS,93,93,0.21128363191441346,0.20952518855915345,-0.0017584433552599939,0.0076601011630679314,-0.22955876401973305,0.614776541152593,0.6084723607513152,-0.006304180401277905,0.017801666765211326,-0.3541342776732439
V6_INI,sem_flag,lado_apostado_FIRST,limpo_600_699,TODOS,87,87,0.2321004287196262,0.23016423619537496,-0.0019361925242512763,0.007447222707911846,-0.2599885353494648,0.6529700943333013,0.6517186119456396,-0.0012514823876617512,0.017512793063248475,-0.0714610389754478
V6_INI,sem_flag,lado_apostado_FIRST,TOTAL,TODOS,467,467,0.2227855853376422,0.2167312619295884,-0.006054323408053833,0.0033110028026115245,-1.8285467482173494,0.6386983829981142,0.6226625734431068,-0.016035809555007406,0.007920305651471619,-2.024645292827544
V6_INI,sem_flag,entrou_MULTI,sujo,TODOS,966,195,0.2230219316651395,0.21743414489340343,-0.005587786771736088,0.00560598183462591,-0.9967543485821808,0.64462308525807,0.6267603206220471,-0.017862764636022727,0.013246443287623505,-1.348495158146517
V6_INI,sem_flag,entrou_MULTI,limpo_400_499,TODOS,451,92,0.2551896752329909,0.2326553130041772,-0.022534362228813744,0.007172072599868634,-3.1419595821194686,0.7152695608791195,0.6607249022140922,-0.05454465866502726,0.01727501457666566,-3.15743054357267
V6_INI,sem_flag,entrou_MULTI,limpo_500_599,TODOS,441,93,0.2085713130865734,0.21902486475076421,0.010453551664190807,0.007951689875671278,1.31463271677309,0.605956379422381,0.6300023572248443,0.02404597780246326,0.01691387200766645,1.4216719738427772
V6_INI,sem_flag,entrou_MULTI,limpo_600_699,TODOS,433,87,0.24069114504155886,0.24186784350366006,0.0011766984621011912,0.008745093012937718,0.13455528264368977,0.6745256526656112,0.6782248485620077,0.00369919589639653,0.02062123326929907,0.1793877140172746
V6_INI,sem_flag,entrou_MULTI,TOTAL,TODOS,2291,467,0.22991224111426342,0.22535472358100544,-0.0045575175332580094,0.0038083012645796907,-1.1967324055075792,0.656738910189986,0.6437973808742727,-0.012941529315713336,0.008944311870091036,-1.4469004998571922
V6_INI,sem_flag,nao_entrou_MULTI,sujo,TODOS,431,174,0.23164402710768886,0.23107453806459896,-0.0005694890430898671,0.005815331343590654,-0.09792890713226983,0.6774807705840769,0.6859064639279266,0.008425693343849891,0.019194574986971708,0.43896222498121573
V6_INI,sem_flag,nao_entrou_MULTI,limpo_400_499,TODOS,263,84,0.18981987401247966,0.18247833464798316,-0.007341539364496481,0.004451586935946629,-1.6491959991196499,0.5735405834740537,0.5585202077655046,-0.015020375708549014,0.017592222893491844,-0.853807719438669
V6_INI,sem_flag,nao_entrou_MULTI,limpo_500_599,TODOS,280,87,0.21571214414997775,0.22979034056989725,0.01407819641991953,0.006501627260757251,2.1653342856015754,0.6284700045689823,0.6941531168129758,0.06568311224399356,0.02869500171548608,2.2890088279223133
V6_INI,sem_flag,nao_entrou_MULTI,limpo_600_699,TODOS,278,91,0.19468271630507997,0.20126539013444347,0.006582673829363491,0.008752238811073407,0.7521131417295236,0.5699905166830541,0.5996350251697,0.029644508486645963,0.03500829029785216,0.8467853823888316
V6_INI,sem_flag,nao_entrou_MULTI,TOTAL,TODOS,1252,436,0.21108817735103996,0.21396006528371267,0.0028718879326726935,0.003394722809851193,0.8459859887053878,0.6208181713199818,0.6418353916134776,0.02101722029349576,0.012918628162382395,1.6268925794068103
V6_INI,sem_flag,lado_apostado_MULTI,sujo,TODOS,966,195,0.22395184475764993,0.21862797123572078,-0.005323873521929139,0.006380017951139422,-0.8344605865847659,0.6466077346428336,0.6288151140458316,-0.017792620597002012,0.015014595879940142,-1.185021610922834
V6_INI,sem_flag,lado_apostado_MULTI,limpo_400_499,TODOS,451,92,0.2552072235164447,0.23208652759632775,-0.02312069592011694,0.008245766458983986,-2.8039474602056327,0.714756265625805,0.6583017792231693,-0.05645448640263565,0.019960410062586652,-2.828322976613225
V6_INI,sem_flag,lado_apostado_MULTI,limpo_500_599,TODOS,441,93,0.20977219001421366,0.21780853925452995,0.008036349240316291,0.007340749328633577,1.0947587065763755,0.6082859164316093,0.6266037907274709,0.018317874295861496,0.01574372955555038,1.1635028556117195
V6_INI,sem_flag,lado_apostado_MULTI,limpo_600_699,TODOS,433,87,0.24002199022210155,0.2425069410190047,0.0024849507969031456,0.008879370903728022,0.2798566276648984,0.6731854065249743,0.6797425037809941,0.006557097256019777,0.020688398848374655,0.31694561304993996
V6_INI,sem_flag,lado_apostado_MULTI,TOTAL,TODOS,2291,467,0.23041248249857904,0.22563278718119897,-0.0047796953173800715,0.004008989459460148,-1.192244421122451,0.657669802546429,0.6438194144242286,-0.013850388122200411,0.009444032676658049,-1.4665756246728316
V6_INI,cWRgrande,flag1,sujo,TODOS,651,93,0.22534583812676248,0.23079158049426143,0.0054457423674989566,0.006734650078004006,0.8086154892123137,0.6571692189790028,0.672785924631172,0.015616705652169246,0.01629238677730816,0.9585277998629399
V6_INI,cWRgrande,flag1,limpo_400_499,TODOS,361,53,0.2534451714773449,0.23399479156119246,-0.01945037991615247,0.00653288349723772,-2.9773039614707066,0.7129133065567566,0.6627907414030257,-0.050122565153730855,0.017094644384163332,-2.932062465140542
V6_INI,cWRgrande,flag1,limpo_500_599,TODOS,359,51,0.24618134850080747,0.2654970046523635,0.019315656151556015,0.009864530954417873,1.9580916964841004,0.6991995979128351,0.7692438042593231,0.07004420634648792,0.0336698740754714,2.0803227891343767
V6_INI,cWRgrande,flag1,limpo_600_699,TODOS,427,61,0.21998896507202687,0.21940029087199658,-0.0005886742000303029,0.00796038863668594,-0.07395043469578379,0.6295522769782944,0.6336161247994788,0.004063847821184462,0.022337868999731617,0.18192638793043725
V6_INI,cWRgrande,flag1,TOTAL,TODOS,1798,258,0.23387555045683497,0.23565894745711663,0.0017833970002816735,0.004227127197357529,0.42189338456541225,0.6701948515810675,0.6807362100110455,0.010541358429977901,0.01203365230855293,0.8759899455035459
V6_INI,cWRgrande,flag0,sujo,TODOS,746,107,0.22597536333970014,0.21365843293713901,-0.012316930402561146,0.006210196476726427,-1.98333989089082,0.6526581111604582,0.6207674513926823,-0.031890659767775914,0.0161116869723765,-1.979349513334791
V6_INI,cWRgrande,flag0,limpo_400_499,TODOS,353,47,0.20827043482164173,0.19390149695102832,-0.0143689378706134,0.009597415457894835,-1.4971674336337615,0.6120851040882997,0.5824654047999744,-0.02961969928832533,0.024069895750678194,-1.2305703188386583
V6_INI,cWRgrande,flag0,limpo_500_599,TODOS,362,49,0.176796257793875,0.18126474045430874,0.004468482660433714,0.012105126565063894,0.3691396894048194,0.5308997484913737,0.541534216891416,0.010634468400042356,0.02849586987114041,0.37319332408983813
V6_INI,cWRgrande,flag0,limpo_600_699,TODOS,284,39,0.22678089031708357,0.23590362849337165,0.00912273817628805,0.008958985361282267,1.0182780536413718,0.6398174259590387,0.6683655321660159,0.02854810620697715,0.02658014832436464,1.0740386343445867
V6_INI,cWRgrande,flag0,TOTAL,TODOS,1745,242,0.21232269496555323,0.2065621122816023,-0.005760582683950907,0.004457285191376433,-1.2923971513189196,0.6171019201118143,0.6043289422826207,-0.012772977829193599,0.011416965170600212,-1.1187717259649044
V6_INI,cWRgrande,entrou_FIRST,sujo,TODOS,90,90,0.23135685307019555,0.22874517848039233,-0.0026116745898032293,0.007186184426818086,-0.3634299420505733,0.6630866889511777,0.6518999957069863,-0.011186693244191472,0.016053450487250202,-0.6968404239995661
V6_INI,cWRgrande,entrou_FIRST,limpo_400_499,TODOS,50,50,0.24575635467188403,0.24148299988903388,-0.004273354782850138,0.006086945777507306,-0.7020523821061767,0.6916954914398714,0.6749370505811622,-0.016758440858709228,0.0157438788093286,-1.0644416831244583
V6_INI,cWRgrande,entrou_FIRST,limpo_500_599,TODOS,47,47,0.2383412459146256,0.24386476430419754,0.005523518389571906,0.008432710051682356,0.6550110647371238,0.6766926010905835,0.6888538919213436,0.01216129083076006,0.01953584028987762,0.6225117860459455
V6_INI,cWRgrande,entrou_FIRST,limpo_600_699,TODOS,52,52,0.22561034061138543,0.2176616334111835,-0.007948707200201913,0.008302515768206493,-0.9573853783741733,0.6394293191424527,0.6214263956806423,-0.01800292346181042,0.01892426599299142,-0.9513142263207345
V6_INI,cWRgrande,entrou_FIRST,TOTAL,TODOS,239,239,0.2344925137225575,0.23197181973793232,-0.002520693984625178,0.0038566457048088846,-0.6535974983343954,0.6666002235324876,0.6573563081103909,-0.009243915422096707,0.00893565528040288,-1.0344977656389547
V6_INI,cWRgrande,nao_entrou_FIRST,sujo,TODOS,52,35,0.27098627659527075,0.2801338598587462,0.009147583263475447,0.0034529039709379522,2.649243460133235,0.7718074530764021,0.8063976438018668,0.03459019072546472,0.016716705063584327,2.0691990792381687
V6_INI,cWRgrande,nao_entrou_FIRST,limpo_400_499,TODOS,36,20,0.1514736893763198,0.14820174832358107,-0.003271941052738715,0.0029687016493357577,-1.1021454626371117,0.4674275212767667,0.4525609169537392,-0.014866604323027456,0.008067571471672856,-1.842760783121365
V6_INI,cWRgrande,nao_entrou_FIRST,limpo_500_599,TODOS,46,23,0.2748799067271471,0.2802184342494028,0.005338527522255637,0.009690840629828182,0.5508838424010166,0.7780366942464044,0.8251495902238445,0.047112895977439936,0.057685051811918346,0.816726248787141
V6_INI,cWRgrande,nao_entrou_FIRST,limpo_600_699,TODOS,78,33,0.17561656481225268,0.17560697888952886,-9.585922723831759e-06,0.0019668065937955372,-0.004873851223639064,0.5318172061066938,0.5272450868739821,-0.0045721192327117695,0.0067522068991024515,-0.6771296112563622
V6_INI,cWRgrande,nao_entrou_FIRST,TOTAL,TODOS,212,111,0.21644767436465126,0.2192906414205637,0.0028429670559124054,0.0024610368594316567,1.155190766451564,0.6331736242339304,0.647673907615562,0.01450028338163159,0.013706481430853415,1.0579143491189007
V6_INI,cWRgrande,lado_apostado_FIRST,sujo,TODOS,90,90,0.23134475307228689,0.2297152057195851,-0.0016295473527017839,0.00876788881423114,-0.18585401654008993,0.663578388096376,0.6532998711430904,-0.010278516953285582,0.019663472321370185,-0.5227213579218626
V6_INI,cWRgrande,lado_apostado_FIRST,limpo_400_499,TODOS,50,50,0.24650629200966045,0.24279267010595496,-0.003713621903705484,0.008435269487227715,-0.4402493493928646,0.6934552113363388,0.6773671692205828,-0.016088042115755968,0.020643350951960463,-0.779332878329432
V6_INI,cWRgrande,lado_apostado_FIRST,limpo_500_599,TODOS,47,47,0.2389953047498224,0.24535209888295634,0.006356794133133943,0.009193018886231573,0.6914805910661777,0.6789582939887752,0.6905228502075764,0.011564556218801172,0.021033803227812797,0.5498081394766244
V6_INI,cWRgrande,lado_apostado_FIRST,limpo_600_699,TODOS,52,52,0.22578346683569805,0.21291009586944418,-0.012873370966253876,0.010999737403248833,-1.170334390205684,0.6394401220691187,0.6120900503129477,-0.027350071756171098,0.024903465390654723,-1.0982436109648614
V6_INI,cWRgrande,lado_apostado_FIRST,TOTAL,TODOS,239,239,0.2348111379735849,0.2318697726057341,-0.002941365367850799,0.004772429654154613,-0.6163245099464607,0.6676014295420811,0.6566887173219107,-0.010912712220170472,0.010877000553464817,-1.003283227442172
V6_INI,cWRgrande,entrou_MULTI,sujo,TODOS,457,90,0.21034829979384564,0.21458690605633912,0.00423860626249346,0.008032055359073286,0.5277112859668459,0.6164145961127452,0.6225940922272962,0.006179496114550937,0.017181237682161173,0.35966536456025777
V6_INI,cWRgrande,entrou_MULTI,limpo_400_499,TODOS,247,50,0.2810566083038411,0.25907170675613467,-0.021984901547706475,0.008792083159185922,-2.5005338495617804,0.7743121847207152,0.7168716492111923,-0.05744053550952291,0.02291963750003944,-2.5061712040351454
V6_INI,cWRgrande,entrou_MULTI,limpo_500_599,TODOS,215,47,0.22412763305280836,0.24145448436789843,0.017326851315090062,0.01150404384570805,1.5061531012466016,0.6398559275688596,0.6807220799851116,0.040866152416251994,0.02851826755963305,1.4329815908627315
V6_INI,cWRgrande,entrou_MULTI,limpo_600_699,TODOS,260,52,0.23604279037019787,0.23234541405584805,-0.0036973763143498114,0.012511033410674813,-0.295529249501891,0.6661368704452096,0.6545686669190801,-0.011568203526129472,0.02804068670971155,-0.41255064991411095
V6_INI,cWRgrande,entrou_MULTI,TOTAL,TODOS,1179,239,0.2333407310088562,0.23272217933005163,-0.0006185516788045594,0.005198725484730417,-0.1189814081588566,0.6647338344296866,0.659996520864121,-0.004737313565565618,0.012044354952424221,-0.39332231441851667
V6_INI,cWRgrande,nao_entrou_MULTI,sujo,TODOS,194,80,0.26067509079760254,0.2689644475980268,0.008289356800424275,0.008058850042747886,1.02860293422184,0.7531736656278673,0.791021323644426,0.03784765801655877,0.028785934417331575,1.3147969236590515
V6_INI,cWRgrande,nao_entrou_MULTI,limpo_400_499,TODOS,114,40,0.19362039168660314,0.17966147530548435,-0.013958916381118801,0.008857372050063813,-1.5759659075197405,0.5798824038681798,0.5456154411519983,-0.034266962716181425,0.03129345934548251,-1.0950199636886153
V6_INI,cWRgrande,nao_entrou_MULTI,limpo_500_599,TODOS,144,46,0.27910877087108393,0.3013938231326412,0.02228505226155727,0.01241815601120049,1.7945540579017838,0.7878029946069653,0.9014116564742916,0.11360866186732628,0.0551124778707625,2.0613963707771585
V6_INI,cWRgrande,nao_entrou_MULTI,limpo_600_699,TODOS,167,56,0.19499498556589243,0.19924620687318592,0.004251221307293481,0.009393261655337914,0.4525820171183709,0.5725942272693244,0.6009954005414168,0.028401173272092392,0.03989077384370197,0.7119734849810747
V6_INI,cWRgrande,nao_entrou_MULTI,TOTAL,TODOS,619,222,0.23489421302414826,0.24125256558604977,0.0063583525619014935,0.005111307379467855,1.2439777320853416,0.6805963689017107,0.720238784331278,0.03964241542956726,0.02061660436871971,1.922839218359073
V6_INI,cWRgrande,lado_apostado_MULTI,sujo,TODOS,457,90,0.21116518870350276,0.21634844349962526,0.005183254796122493,0.00939846314490856,0.5515002523503455,0.6180002452475881,0.6257273786963029,0.0077271334487147465,0.02031431332340941,0.3803787667196362
V6_INI,cWRgrande,lado_apostado_MULTI,limpo_400_499,TODOS,247,50,0.2799609808737054,0.2592193529492575,-0.020741627924447892,0.010769380793743951,-1.9259814767156276,0.7712640631415026,0.7160526837245894,-0.05521137941691318,0.027759606767024415,-1.9889107176582441
V6_INI,cWRgrande,lado_apostado_MULTI,limpo_500_599,TODOS,215,47,0.22421466418891656,0.24219057398685875,0.017975909797942204,0.011450931249259052,1.5698207775987965,0.6392820018150327,0.6809217147902646,0.04163971297523187,0.027835384108223442,1.4959273711955063
V6_INI,cWRgrande,lado_apostado_MULTI,limpo_600_699,TODOS,260,52,0.23454481602620003,0.23391970256712685,-0.0006251134590731711,0.014239009024553675,-0.04390147221588445,0.6629981685562985,0.6585408359159497,-0.0044573326403487,0.03154850097017506,-0.14128508497321376
V6_INI,cWRgrande,lado_apostado_MULTI,TOTAL,TODOS,1179,239,0.23311336597178545,0.23391731546431124,0.0008039494925257833,0.00581039722081442,0.1383639468995025,0.6639130533409403,0.6619518328772162,-0.0019612204637241117,0.013368569060050423,-0.14670384353886223
V6_INI,cPROBSgrande,flag1,sujo,TODOS,669,95,0.22168138430619946,0.21798371415347598,-0.0036976701527235097,0.005963071346448702,-0.6200949037655992,0.6486055815706938,0.6362366553468312,-0.012368926223862688,0.012546490159649506,-0.9858475212168996
V6_INI,cPROBSgrande,flag1,limpo_400_499,TODOS,299,41,0.21759058941923,0.20991043550019303,-0.0076801539190369875,0.009045773670995114,-0.8490322882677325,0.6243391418102081,0.6042044611457271,-0.020134680664481,0.021625602560281714,-0.9310575558926164
V6_INI,cPROBSgrande,flag1,limpo_500_599,TODOS,363,50,0.2162901942666806,0.23598332778225695,0.01969313351557632,0.011004276061563185,1.7895891929104202,0.6243906252975423,0.6886105329675993,0.06421990767005695,0.031696971174507906,2.026058178129821
V6_INI,cPROBSgrande,flag1,limpo_600_699,TODOS,373,53,0.22725802082372687,0.24232138255003727,0.015063361726310395,0.00788131367334898,1.911275499317815,0.6448435704883961,0.6900420462821866,0.04519847579379056,0.02652651543549379,1.703897969701394
V6_INI,cPROBSgrande,flag1,TOTAL,TODOS,1704,239,0.2210358067037866,0.2257289604808429,0.004693153777056276,0.00412879917981803,1.136687344833061,0.6383656022577617,0.653550917277052,0.015185315019290256,0.011354022782617107,1.3374391887374772
V6_INI,cPROBSgrande,flag0,sujo,TODOS,728,105,0.22935840050974068,0.22500467734092647,-0.00435372316881424,0.006127725571920299,-0.710495781463313,0.660416179134943,0.6530684522620934,-0.007347726872849605,0.01617063180617008,-0.4543871235783131
V6_INI,cPROBSgrande,flag0,limpo_400_499,TODOS,415,59,0.2408520100217139,0.21724368183794157,-0.023608328183772325,0.004994962871038172,-4.7264271613825795,0.6909646795395343,0.6366761726706286,-0.0542885068689057,0.01348960567565155,-4.024469519290345
V6_INI,cPROBSgrande,flag0,limpo_500_599,TODOS,358,50,0.20632963383901556,0.21024947689860052,0.0039198430595849465,0.004972385732992823,0.7883224009706176,0.6048730939150202,0.620749409990366,0.015876316075345873,0.019542417339033325,0.8124028772855592
V6_INI,cPROBSgrande,flag0,limpo_600_699,TODOS,338,47,0.2176740212087488,0.2079724230866751,-0.0097015981220737,0.008875937559963742,-1.093022349079406,0.621302720266056,0.6005450093528708,-0.020757710913185217,0.022847429136763645,-0.9085359577627106
V6_INI,cPROBSgrande,flag0,TOTAL,TODOS,1839,261,0.2253215485660833,0.21725042131589745,-0.00807112725018585,0.003483061670107891,-2.317250745071028,0.6493084325669655,0.6334241146508625,-0.01588431791610286,0.009651563389681055,-1.6457766762518016
V6_INI,cPROBSgrande,entrou_FIRST,sujo,TODOS,94,94,0.21728521848907978,0.20564373950126505,-0.011641478987814733,0.008909355605205747,-1.3066577992478605,0.6314319076963558,0.5991675290607532,-0.03226437863560261,0.021445395672146764,-1.5044897808767184
V6_INI,cPROBSgrande,entrou_FIRST,limpo_400_499,TODOS,38,38,0.21358463705745062,0.19844438583046536,-0.015140251226985249,0.004810000153300584,-3.1476612774317956,0.6128749285806027,0.5763118587332575,-0.03656306984734519,0.01095835127944636,-3.336548438260362
V6_INI,cPROBSgrande,entrou_FIRST,limpo_500_599,TODOS,45,45,0.23248776622985554,0.23278927371694047,0.00030150748708493376,0.01036866391215451,0.029078721196806868,0.6636432577457291,0.6624553208295926,-0.0011879369161364932,0.025153502377294273,-0.047227495333167904
V6_INI,cPROBSgrande,entrou_FIRST,limpo_600_699,TODOS,44,44,0.2384924661196843,0.2450621936476358,0.006569727527951491,0.008799841568378514,0.7465733873617965,0.6667833364371749,0.6821729518939357,0.015389615456760729,0.020376105643170446,0.7552775651179909
V6_INI,cPROBSgrande,entrou_FIRST,TOTAL,TODOS,221,221,0.22396671826138567,0.21778123082549727,-0.006185487435888402,0.00476430087406756,-1.2982990787916995,0.6418382805941804,0.6246502157657892,-0.017188064828391098,0.011465465033411197,-1.4991162397952311
V6_INI,cPROBSgrande,nao_entrou_FIRST,sujo,TODOS,47,35,0.22411008964133178,0.2242941570506542,0.00018406740932242415,0.006123105028093819,0.030061122335464183,0.6489872887779525,0.6402721573458191,-0.008715131432133384,0.022535277434555905,-0.38673282179208857
V6_INI,cPROBSgrande,nao_entrou_FIRST,limpo_400_499,TODOS,33,18,0.13166620410400418,0.13222488764662393,0.0005586835426197574,0.0015507421737696136,0.36026849083602625,0.4077344794695227,0.40850910918035965,0.0007746297108369528,0.00351712022196003,0.22024544569172136
V6_INI,cPROBSgrande,nao_entrou_FIRST,limpo_500_599,TODOS,54,22,0.13072355233301514,0.12754665751755556,-0.0031768948154595467,0.0019726820745980217,-1.6104444078283169,0.41342303609647507,0.39680449766749,-0.016618538428985058,0.008546120976820386,-1.9445709315442015
V6_INI,cPROBSgrande,nao_entrou_FIRST,limpo_600_699,TODOS,82,33,0.16397676312807294,0.1624403637089854,-0.0015363994190875146,0.003551714632034481,-0.43257963498250973,0.5052190893401856,0.4938883383853725,-0.011330750954813028,0.01337234558029431,-0.8473271115211226
V6_INI,cPROBSgrande,nao_entrou_FIRST,TOTAL,TODOS,216,108,0.1638116914400904,0.16255961112872286,-0.0012520803113675266,0.0018882281423159505,-0.663098003523994,0.49865948921371706,0.4884253639807888,-0.010234125232928291,0.0071968587342710055,-1.4220266939788615
V6_INI,cPROBSgrande,lado_apostado_FIRST,sujo,TODOS,94,94,0.21565849850184235,0.2043896665248395,-0.011268831977002848,0.009480033827637579,-1.1886911145981678,0.6263771249882977,0.5966669792878846,-0.0297101457004131,0.022364762376061675,-1.3284355630898015
V6_INI,cPROBSgrande,lado_apostado_FIRST,limpo_400_499,TODOS,38,38,0.21300261191297407,0.20047841149243012,-0.012524200420543977,0.004445774707243185,-2.8171019103012997,0.6117880127378726,0.5800108866016869,-0.031777126136185725,0.008904801701125155,-3.5685383237866564
V6_INI,cPROBSgrande,lado_apostado_FIRST,limpo_500_599,TODOS,45,45,0.2331030587416626,0.2341219930387849,0.0010189342971222994,0.01231651797567475,0.08272908780993989,0.6660891459592656,0.6652088860922054,-0.0008802598670603043,0.029633936337856406,-0.029704452929386924
V6_INI,cPROBSgrande,lado_apostado_FIRST,limpo_600_699,TODOS,44,44,0.2381850632043922,0.24382797908476556,0.005642915880373361,0.010330247354563846,0.5462517679095411,0.6655300583357926,0.6812267634994668,0.01569670516367412,0.02434180447099751,0.6448455858059434
V6_INI,cPROBSgrande,lado_apostado_FIRST,TOTAL,TODOS,221,221,0.22323881690603742,0.21762320840055321,-0.0056156085054841955,0.00519332136171157,-1.0813135013916126,0.6397499021171085,0.624594964760412,-0.015154937356696567,0.012335695639564265,-1.228543391431461
V6_INI,cPROBSgrande,entrou_MULTI,sujo,TODOS,471,94,0.22295886993746888,0.21874219069817472,-0.004216679239294178,0.008743640963999582,-0.4822566773562204,0.6472116141301877,0.6317179574747251,-0.015493656655462363,0.02096638931906486,-0.7389759113827907
V6_INI,cPROBSgrande,entrou_MULTI,limpo_400_499,TODOS,191,38,0.2509033573456583,0.24346470696213396,-0.007438650383524279,0.012487919530415203,-0.5956677063306601,0.703924326318397,0.6831095210405185,-0.020814805277878455,0.028535850825481903,-0.7294264819779364
V6_INI,cPROBSgrande,entrou_MULTI,limpo_500_599,TODOS,209,45,0.210109369908206,0.22702974901999157,0.016920379111785556,0.016385375401322885,1.0326512940569843,0.6116406685691976,0.6490333719288447,0.037392703359646964,0.03541984668628253,1.0556991872618264
V6_INI,cPROBSgrande,entrou_MULTI,limpo_600_699,TODOS,222,44,0.24072083945311226,0.25438354447179284,0.013662705018680612,0.008529526073919035,1.6018129143725157,0.6750279136540224,0.7061824251022282,0.031154511448205902,0.020866431796660683,1.4930445105229564
V6_INI,cPROBSgrande,entrou_MULTI,TOTAL,TODOS,1093,221,0.22899272979229143,0.23188627197303213,0.002893542180740696,0.005545884607136039,0.5217458323993069,0.655970094368058,0.659134080141956,0.003163985773897866,0.012899552004023127,0.24527873316151433
V6_INI,cPROBSgrande,nao_entrou_MULTI,sujo,TODOS,198,80,0.21864251697121015,0.21617945934260172,-0.0024630576286084342,0.004245332758829586,-0.5801801103778459,0.651921534421595,0.6469856790729013,-0.004935855348693767,0.01825103994586276,-0.27044241661487634
V6_INI,cPROBSgrande,nao_entrou_MULTI,limpo_400_499,TODOS,108,37,0.15867634243823195,0.15056908504435304,-0.008107257393878905,0.006432621170552209,-1.2603349674924098,0.48359126920776313,0.46465940151697577,-0.018931867690787363,0.021904788523056853,-0.8642798660603269
V6_INI,cPROBSgrande,nao_entrou_MULTI,limpo_500_599,TODOS,154,45,0.224678455896039,0.24813461324533134,0.02345615734929236,0.013268281808409133,1.7678368373534534,0.6416941380002957,0.7423223943773377,0.10062825637704192,0.05549757222887409,1.8132010525081563
V6_INI,cPROBSgrande,nao_entrou_MULTI,limpo_600_699,TODOS,151,46,0.20746500270635237,0.22458760806904562,0.01712260536269326,0.012507577430460305,1.3689785618271493,0.600466589145555,0.6663124827189468,0.06584589357339184,0.05108582906919253,1.2889267879788684
V6_INI,cPROBSgrande,nao_entrou_MULTI,TOTAL,TODOS,611,208,0.20680190009865446,0.2147143263385142,0.00791242623985976,0.0050615534285116765,1.5632406832434382,0.6068734420670026,0.6435633607936805,0.03668991872667795,0.02060612749170189,1.7805343940268747
V6_INI,cPROBSgrande,lado_apostado_MULTI,sujo,TODOS,471,94,0.22509908503027862,0.2198862506258073,-0.0052128344044713275,0.008896055898961606,-0.5859714084170488,0.6518622962862739,0.6334862030408595,-0.01837609324541437,0.021044354375330736,-0.8732077457769748
V6_INI,cPROBSgrande,lado_apostado_MULTI,limpo_400_499,TODOS,191,38,0.249114374166839,0.242912836567889,-0.0062015375989499626,0.012639872783161666,-0.4906329126359091,0.6968811463983376,0.6805773944084769,-0.016303751989860622,0.027132624561282393,-0.6008910768302779
V6_INI,cPROBSgrande,lado_apostado_MULTI,limpo_500_599,TODOS,209,45,0.20920802494783813,0.22687490148153988,0.017666876533701747,0.017018691635991654,1.0380866468218564,0.6093970177481831,0.6479057721451198,0.03850875439693674,0.03691949456625651,1.043046630224802
V6_INI,cPROBSgrande,lado_apostado_MULTI,limpo_600_699,TODOS,222,44,0.23832592918797996,0.2554572070623657,0.01713127787438571,0.00799328225469225,2.1432094261814956,0.6697302118355153,0.7084166419292256,0.03868643009371032,0.018949205504345416,2.041585864105953
V6_INI,cPROBSgrande,lado_apostado_MULTI,TOTAL,TODOS,1093,221,0.2289435937867861,0.23247129936569905,0.0035277055789129496,0.005650756254324753,0.6242891075354832,0.6552383570446223,0.6596917519221244,0.004453394877502218,0.012958081534054882,0.3436770223893358
V6_INI,bisolo,flag1,limpo_400_499,TODOS,338,47,0.2608737603079834,0.24346159997054537,-0.017412160337438046,0.009170725807435595,-1.8986676412591381,0.7322807436301352,0.6862845714154162,-0.045996172214718994,0.02445824346982149,-1.8805999814121035
V6_INI,bisolo,flag1,limpo_500_599,TODOS,351,48,0.24017924047065256,0.254238971568039,0.014059731097386442,0.007306301751918477,1.9243293768553509,0.6792475018277484,0.7334523478223599,0.05420484599461146,0.024934660171399663,2.1738754657978068
V6_INI,bisolo,flag1,limpo_600_699,TODOS,327,46,0.20145541671468567,0.19796320186817612,-0.003492214846509577,0.011009656247502185,-0.31719562972748333,0.5821325344239082,0.5762371513626832,-0.0058953830612250326,0.027028386266512775,-0.21811820369495036
V6_INI,bisolo,flag1,TOTAL,TODOS,1016,141,0.2346005567470469,0.23254120750129884,-0.0020593492457480814,0.00596656685625151,-0.3451481053280053,0.6656339598869521,0.6671609327949374,0.0015269729079852496,0.017022031835004142,0.089705678075703
V6_INI,bisolo,flag0,limpo_400_499,TODOS,376,53,0.20435595588101768,0.18784395581717855,-0.01651200006383913,0.006226619935082625,-2.6518400409836516,0.6008426969765247,0.5662594691555123,-0.0345832278210124,0.017212906981619418,-2.0091451059336842
V6_INI,bisolo,flag0,limpo_500_599,TODOS,370,52,0.18399036764317186,0.19376589647101775,0.009775528827845874,0.010856208015621677,0.9004551878316309,0.5534661931433659,0.5804111842111926,0.02694499106782669,0.02683533644802924,1.0040862025341033
V6_INI,bisolo,flag0,limpo_600_699,TODOS,384,54,0.24079463455756508,0.2498609054259544,0.009066270868389318,0.00863509933965443,1.0499324341012322,0.677525084597606,0.7081779893982514,0.030652904800645475,0.0287446012526852,1.0663882421323208
V6_INI,bisolo,flag0,TOTAL,TODOS,1130,159,0.21007027885782412,0.21085778474787803,0.0007875058900539455,0.005556066101819155,0.14173803472138355,0.6113884761165481,0.6191203951234889,0.0077319190069407755,0.015270320079151738,0.5063364072831067
V6_INI,bisolo,entrou_FIRST,limpo_400_499,TODOS,45,45,0.2598497525811778,0.25255316882961926,-0.007296583751558546,0.007298262392288263,-0.9997699944672459,0.7234027413982029,0.7004759502094547,-0.022926791188748203,0.017746692893563426,-1.2918909075765634
V6_INI,bisolo,entrou_FIRST,limpo_500_599,TODOS,44,44,0.2364035536491493,0.23413856879359363,-0.002264984855555659,0.009531021885456932,-0.2376434429357175,0.6677519122713524,0.6575339872434314,-0.010217925027921028,0.021785130625020927,-0.46903207530853225
V6_INI,bisolo,entrou_FIRST,limpo_600_699,TODOS,39,39,0.20964525491102642,0.21377231173531938,0.004127056824292951,0.004263174135393088,0.9680713696468357,0.6043979329874399,0.6148903615565161,0.010492428569076128,0.008593973819291117,1.2209053448037623
V6_INI,bisolo,entrou_FIRST,TOTAL,TODOS,128,128,0.23649343881441875,0.23440710767131595,-0.0020863311431028007,0.0043391926434866385,-0.48081090528084663,0.6680134913231938,0.6596377913971919,-0.00837569992600176,0.010140590982175245,-0.8259577711717447
V6_INI,bisolo,nao_entrou_FIRST,limpo_400_499,TODOS,26,16,0.20233790038857855,0.20146685192490388,-0.0008710484636746961,0.003254251172687647,-0.2676647921295232,0.5680207367309636,0.5615726186387429,-0.006448118092220772,0.011782735350250083,-0.5472513724993334
V6_INI,bisolo,nao_entrou_FIRST,limpo_500_599,TODOS,54,23,0.18671380394253084,0.1902242503970289,0.003510446454498019,0.007140107747676631,0.4916517479221945,0.566297611801939,0.5966362387324998,0.030338626930560747,0.04330211336479279,0.7006269341862623
V6_INI,bisolo,nao_entrou_FIRST,limpo_600_699,TODOS,60,25,0.08576963756493898,0.07959878880440335,-0.006170848760535628,0.003084134722317088,-2.0008363175197204,0.30256366342517943,0.2765547041435814,-0.026008959281598017,0.013520673327360974,-1.9236437899113537
V6_INI,bisolo,nao_entrou_FIRST,TOTAL,TODOS,140,64,0.1463536362635432,0.1449012499982233,-0.0014523862653199058,0.0033786071921642004,-0.4298772194318231,0.4535887856987181,0.45294662303412275,-0.0006421626645952907,0.01937626788175813,-0.03314171070063794
V6_INI,bisolo,lado_apostado_FIRST,limpo_400_499,TODOS,45,45,0.2597936964629621,0.2544765317942676,-0.005317164668694529,0.008368337534771886,-0.6353907985428159,0.7235900441733368,0.7049859463338484,-0.018604097839488458,0.020137821585800544,-0.9238386466094458
V6_INI,bisolo,lado_apostado_FIRST,limpo_500_599,TODOS,44,44,0.2366584647463898,0.22674083899766898,-0.0099176257487208,0.010720755327993938,-0.9250864743479396,0.6688305987125994,0.6406220053663702,-0.02820859334622933,0.02450800429137344,-1.150995120241531
V6_INI,bisolo,lado_apostado_FIRST,limpo_600_699,TODOS,39,39,0.2102640484554884,0.2057043839457946,-0.0045596645096938485,0.007648345524317564,-0.5961635095062853,0.6056191117825485,0.5987775577148096,-0.0068415540677390085,0.016133721896663636,-0.4240530555540197
V6_INI,bisolo,lado_apostado_FIRST,TOTAL,TODOS,128,128,0.23674989593311324,0.23008212359785518,-0.006667772335258039,0.005044752795994272,-1.3217242955001693,0.66882221633339,0.6505004732189144,-0.018321743114475722,0.01161530070417528,-1.5773800077246143
V6_INI,bisolo,entrou_MULTI,limpo_400_499,TODOS,217,45,0.2876766466843144,0.2669350966096048,-0.02074155007470961,0.013050710702013054,-1.589304256932939,0.7921025994727562,0.7354017809553335,-0.05670081851742278,0.03204385770609547,-1.769475418268288
V6_INI,bisolo,entrou_MULTI,limpo_500_599,TODOS,199,44,0.23729969322220923,0.24834831224517853,0.011048619022969284,0.008443210130310384,1.308580368420029,0.6671098666949727,0.6984462027857379,0.03133633609076509,0.019908279353034884,1.5740353817161037
V6_INI,bisolo,entrou_MULTI,limpo_600_699,TODOS,203,39,0.22581772449562088,0.22294095154363472,-0.0028767729519861354,0.01569292951361657,-0.1833165024726577,0.6405544170817845,0.6364761788399722,-0.0040782382418123615,0.035613243908337026,-0.11451465225434435
V6_INI,bisolo,entrou_MULTI,TOTAL,TODOS,619,128,0.25119461931232134,0.24653189541911572,-0.004662723893205626,0.00793582354956269,-0.5875538769334872,0.7022191829167851,0.691078586633576,-0.011140596283209047,0.019221243451497238,-0.5795981051549114
V6_INI,bisolo,nao_entrou_MULTI,limpo_400_499,TODOS,121,39,0.21280577399671208,0.20136450269223213,-0.011441271304479953,0.007754736316113027,-1.475391404438463,0.6249969195156825,0.5981983361248207,-0.0267985833908618,0.029248446115491895,-0.9162395597032251
V6_INI,bisolo,nao_entrou_MULTI,limpo_500_599,TODOS,152,44,0.2439491740393382,0.2619510847604682,0.018001910721129957,0.008977199481568875,2.005292492173061,0.6951382215081586,0.7792827613900426,0.084144539881884,0.04147014079227126,2.0290391658753646
V6_INI,bisolo,nao_entrou_MULTI,limpo_600_699,TODOS,124,39,0.16157196123460632,0.15707220844786887,-0.0044997527867374695,0.009836473149547598,-0.4574559111102157,0.486490258782385,0.477620033799057,-0.008870224983328037,0.03261009880032387,-0.272008528328652
V6_INI,bisolo,nao_entrou_MULTI,TOTAL,TODOS,397,122,0.20872719471202206,0.21072701147830478,0.0019998167662827033,0.005649121129465232,0.3540049364230952,0.6085905013089506,0.6298686715200827,0.021278170211132024,0.02231275192977082,0.9536327154133594
V6_INI,bisolo,lado_apostado_MULTI,limpo_400_499,TODOS,217,45,0.28671124760811023,0.26830954789550737,-0.01840169971260286,0.01426457674958785,-1.2900277404399358,0.7897990609846424,0.7381684414922106,-0.05163061949243189,0.03598796966557543,-1.4346633047715265
V6_INI,bisolo,lado_apostado_MULTI,limpo_500_599,TODOS,199,44,0.2406127029578562,0.2453546331438741,0.004741930186017874,0.00964132649042013,0.49183379390061915,0.6734400360863971,0.6902507178756326,0.016810681789235386,0.022215846002796552,0.7566977997200396
V6_INI,bisolo,lado_apostado_MULTI,limpo_600_699,TODOS,203,39,0.22522388386743764,0.22490053466999108,-0.0003233491974465502,0.015367417325093592,-0.02104121926321025,0.6394691120667347,0.6413852435678654,0.0019161315011305925,0.03490372504684748,0.054897621917396416
V6_INI,bisolo,lado_apostado_MULTI,TOTAL,TODOS,619,128,0.25172652188152367,0.24669394576246245,-0.005032576119061249,0.008087162513331494,-0.6222919485994214,0.7030907805563935,0.691023665759834,-0.012067114796559558,0.01976410157359756,-0.610557214130075
V6_INI,bipro,flag1,limpo_400_499,TODOS,315,45,0.23908731885865028,0.21954198042066952,-0.01954533843798077,0.008914761986237273,-2.1924689036179674,0.6758813412738627,0.6302113269524653,-0.045670014321397334,0.022968039897141863,-1.9884158389624051
V6_INI,bipro,flag1,limpo_500_599,TODOS,307,42,0.22497472015379136,0.24387852298830906,0.01890380283451768,0.0076141166072452755,2.4827309338196386,0.642646713674793,0.6993224426437676,0.05667572896897463,0.021762605695334027,2.604271279019042
V6_INI,bipro,flag1,limpo_600_699,TODOS,417,58,0.23492723935349874,0.2379110251597122,0.0029837858062134797,0.010198393118416478,0.2925741115848236,0.6661986910967469,0.6854405207141936,0.0192418296174467,0.03471505554933432,0.5542790962872497
V6_INI,bipro,flag1,TOTAL,TODOS,1039,145,0.23324774142261576,0.23410522414005946,0.0008574827174437023,0.005987467485936027,0.14321292256832208,0.6621751855503096,0.6727981280264503,0.01062294247614083,0.018269854396926036,0.5814464770955249
V6_INI,bipro,flag0,limpo_400_499,TODOS,257,35,0.22773859584876566,0.21687544117727323,-0.010863154671492426,0.008716161425048214,-1.2463232542107647,0.6610032344489614,0.6334975002989904,-0.02750573414997089,0.024011723985037457,-1.1455126740216852
V6_INI,bipro,flag0,limpo_500_599,TODOS,414,58,0.2012369815119775,0.20787573467934148,0.0066387531673639776,0.006706027376430403,0.9899680980571488,0.5939754190976416,0.6219853196911906,0.028009900593549,0.019692721181074496,1.4223478987996667
V6_INI,bipro,flag0,limpo_600_699,TODOS,294,42,0.20536191199115048,0.2090872693974833,0.003725357406332807,0.011972049028887774,0.3111712454019995,0.5874901940637933,0.5936775485942423,0.006187354530448986,0.028424938239602827,0.21767345555138276
V6_INI,bipro,flag0,TOTAL,TODOS,965,135,0.2095516389683831,0.21064165776442142,0.0010900187960383198,0.005236079287691061,0.20817461618671979,0.6098505407404787,0.6164269214670474,0.006576380726568672,0.013969025923894398,0.4707830569144835
V6_INI,bipro,entrou_FIRST,limpo_400_499,TODOS,41,41,0.24484795084859096,0.23332959455228217,-0.011518356296308813,0.009957435492870512,-1.1567593186574912,0.6876597056432854,0.6570532148130173,-0.030606490830268118,0.02227130377349567,-1.3742568078430988
V6_INI,bipro,entrou_FIRST,limpo_500_599,TODOS,40,40,0.22711989598735557,0.22762888281187416,0.0005089868245185799,0.011048935684954188,0.046066593111922016,0.6482112835861777,0.6444772306791459,-0.003734052907031827,0.024501927327022097,-0.1523983341063013
V6_INI,bipro,entrou_FIRST,limpo_600_699,TODOS,51,51,0.2337004808880922,0.2392927953633174,0.005592314475225205,0.0055272392665851955,1.0117735465213926,0.6586202969826123,0.6703840637288858,0.011763766746273566,0.014111413631791239,0.833634889687542
V6_INI,bipro,entrou_FIRST,TOTAL,TODOS,132,132,0.23516883598166027,0.23390607009581607,-0.001262765885844187,0.005160601397147309,-0.24469355190699713,0.6644858668252653,0.6583928657929751,-0.006093001032290257,0.011921208792136245,-0.5111059741114063
V6_INI,bipro,nao_entrou_FIRST,limpo_400_499,TODOS,39,19,0.11558677743853277,0.115977651161147,0.00039087372261423263,0.0035081990945217056,0.11141720070123981,0.3759508677433129,0.3700453425458453,-0.005905525197467608,0.010754139841784674,-0.5491397066013578
V6_INI,bipro,nao_entrou_FIRST,limpo_500_599,TODOS,28,16,0.1534739204878684,0.14884810933176026,-0.004625811156108112,0.003485162536803825,-1.3272870654550173,0.4623574243861714,0.4472739018163549,-0.015083522569816469,0.00945669548931913,-1.5950098622560662
V6_INI,bipro,nao_entrou_FIRST,limpo_600_699,TODOS,72,32,0.17835058935511866,0.17692453457246024,-0.0014260547826584445,0.003209617872824916,-0.4443067178596296,0.5460659426616067,0.5368709082891155,-0.00919503437249123,0.015078420717778648,-0.6098141539219395
V6_INI,bipro,nao_entrou_FIRST,TOTAL,TODOS,139,67,0.15572947141965207,0.15416864709202271,-0.0015608243276293528,0.001911101035098985,-0.8167147099831434,0.48147366616142223,0.47201541731627494,-0.00945824884514724,0.008231207658293417,-1.149071829771845
V6_INI,bipro,lado_apostado_FIRST,limpo_400_499,TODOS,41,41,0.24531462836974635,0.23884241144102292,-0.006472216928723462,0.011365137930379247,-0.5694798398726947,0.688822100828912,0.6690367366617976,-0.019785364167114444,0.025083276624214775,-0.7887870657222726
V6_INI,bipro,lado_apostado_FIRST,limpo_500_599,TODOS,40,40,0.22735992869549887,0.2276574106655561,0.0002974819700572423,0.012421818057979065,0.02394834384699081,0.648937912448474,0.6435563881498804,-0.005381524298593649,0.028700931082042025,-0.18750347447650687
V6_INI,bipro,lado_apostado_FIRST,limpo_600_699,TODOS,51,51,0.2338456675649984,0.23618575406018724,0.00234008649518888,0.0066123336745103406,0.3538972184978504,0.6589750014253385,0.6650878236349292,0.006112822209590739,0.01780815669275891,0.3432596823497355
V6_INI,bipro,lado_apostado_FIRST,TOTAL,TODOS,132,132,0.2354426208848066,0.23442658146040707,-0.001016039424399541,0.005675526963304213,-0.1790211606726324,0.6652041492773986,0.659789702534169,-0.005414446743229624,0.013420006611510592,-0.40346081041312987
V6_INI,bipro,entrou_MULTI,limpo_400_499,TODOS,203,41,0.2741051893540004,0.2478139533316768,-0.02629123602232362,0.01206476242473306,-2.1791756104891,0.7570300128588077,0.6957105132314083,-0.06131949962739928,0.02795205056461866,-2.193738863116422
V6_INI,bipro,entrou_MULTI,limpo_500_599,TODOS,198,40,0.21688260872211887,0.23825591166677346,0.02137330294465457,0.009128564550655163,2.3413651539683307,0.6216017704065949,0.6727075804506352,0.05110581004404027,0.0186293208838961,2.7432996813221515
V6_INI,bipro,entrou_MULTI,limpo_600_699,TODOS,249,51,0.23973447175838042,0.23624307679916426,-0.003491394959216181,0.010025342082248945,-0.3482569403190849,0.6742235371932415,0.6678582373634414,-0.006365299829800234,0.025133657567458105,-0.2532579992671552
V6_INI,bipro,entrou_MULTI,TOTAL,TODOS,650,132,0.24350768220565902,0.2404698910143745,-0.003037791191284492,0.006896091835561107,-0.44050909757603585,0.6840552367876321,0.6780339018749209,-0.006021334912711288,0.016216205836090503,-0.3713158906327096
V6_INI,bipro,nao_entrou_MULTI,limpo_400_499,TODOS,112,37,0.17561742858582816,0.16829902951946882,-0.0073183990663593474,0.010842743204998978,-0.6749582580711905,0.52879937402615,0.5114940518218811,-0.01730532220426883,0.03459209122291528,-0.5002681709166239
V6_INI,bipro,nao_entrou_MULTI,limpo_500_599,TODOS,109,37,0.2396741519287561,0.2540920738292637,0.014417921900507542,0.009159464563398303,1.5741009532502925,0.6808751427307861,0.7476687060771644,0.06679356334637832,0.041014532175050245,1.6285340781482776
V6_INI,bipro,nao_entrou_MULTI,limpo_600_699,TODOS,168,53,0.22780223418197768,0.24038316290838155,0.01258092872640387,0.015041487185275294,0.8364152142296034,0.6543047227751565,0.7114999763947727,0.05719525361961626,0.0602472774459699,0.9493417137547715
V6_INI,bipro,nao_entrou_MULTI,TOTAL,TODOS,389,127,0.21610388150236354,0.22347017666369756,0.007366295161333998,0.00778865035769036,0.9457729931426005,0.6256146886241922,0.664049405657541,0.03843471703334874,0.03059016495091322,1.256440332865918
V6_INI,bipro,lado_apostado_MULTI,limpo_400_499,TODOS,203,41,0.27399014149679274,0.2492625426350221,-0.024727598861770627,0.014915480639528236,-1.657847940631482,0.7559745437478241,0.6973831748999806,-0.05859136884784349,0.032649596789851854,-1.794551069802334
V6_INI,bipro,lado_apostado_MULTI,limpo_500_599,TODOS,198,40,0.21910364759019346,0.23679605229369396,0.017692404703500506,0.009334209115732689,1.8954369335566081,0.6265188532551852,0.6693910536499372,0.042872200394752195,0.019113357492525514,2.243049156147361
V6_INI,bipro,lado_apostado_MULTI,limpo_600_699,TODOS,249,51,0.24027428810620224,0.23751685620510582,-0.0027574319010963866,0.010798152241382187,-0.25536145809548516,0.6760391119356303,0.6706887900136561,-0.005350321921974184,0.02612457596809295,-0.20480033545841123
V6_INI,bipro,lado_apostado_MULTI,TOTAL,TODOS,650,132,0.24435510566946395,0.24096555646789578,-0.003389549201568211,0.007263391137050299,-0.466662078031051,0.6859189295343182,0.6786303412935139,-0.00728858824080441,0.016566731440460482,-0.4399533044281558
V6_INI,bisolo30,flag1,limpo_400_499,TODOS,299,42,0.245126436461174,0.2150193705096544,-0.030107065951519588,0.005712014546182936,-5.2708314567648795,0.7064609327856475,0.6345828988757957,-0.07187803390985181,0.017765155158536976,-4.046012166424063
V6_INI,bisolo30,flag1,limpo_500_599,TODOS,317,44,0.1724024705093248,0.18634247234442608,0.013940001835101298,0.012736767685230086,1.0944693488652162,0.5183243051071562,0.5515973944044738,0.03327308929731758,0.030149110667809773,1.103617604642756
V6_INI,bisolo30,flag1,limpo_600_699,TODOS,312,45,0.24327948394030102,0.2560457189026977,0.01276623496239668,0.012386140182604923,1.030687104633739,0.6782096885586251,0.7230100156423196,0.04480032708369452,0.035774813807374406,1.2522867994482656
V6_INI,bisolo30,flag1,TOTAL,TODOS,928,131,0.2196633476753458,0.21901683169527095,-0.0006465159800748725,0.007310405592304972,-0.0884377715998964,0.6326961707458708,0.6359652862828501,0.0032691155369791733,0.01954646906227652,0.16724839287154755
V6_INI,bisolo30,flag0,limpo_400_499,TODOS,415,58,0.22101292986378318,0.21356278649377541,-0.0074501433700077495,0.005584909985317206,-1.3339773406544178,0.6317974132704828,0.614789057294025,-0.01700835597645781,0.013618746465479649,-1.2488929153332895
V6_INI,bisolo30,flag0,limpo_500_599,TODOS,404,56,0.24190041158840758,0.2521304380729584,0.010230026484550752,0.004912882158308124,2.0822861519792126,0.6903206927861796,0.7359840054890382,0.04566331270285847,0.016457985373042466,2.7745384181500845
V6_INI,bisolo30,flag0,limpo_600_699,TODOS,399,55,0.20661118282314106,0.20249195588175037,-0.00411922694139072,0.00681286071265777,-0.6046251516250015,0.5988108982752072,0.5884480489827625,-0.01036284929244465,0.016609194115150605,-0.6239224624987583
V6_INI,bisolo30,flag0,TOTAL,TODOS,1218,169,0.22322331208671592,0.22272868946897406,-0.00049462261774188,0.003637577247360601,-0.135975838891332,0.6404031484439037,0.6463594158774335,0.0059562674335299,0.01082634302585583,0.5501643001062265
V6_INI,bisolo30,entrou_FIRST,limpo_400_499,TODOS,39,39,0.2190304671655621,0.2034575980729175,-0.015572869092644565,0.006178302339954416,-2.5205741376456277,0.6373644105448947,0.5925410835223072,-0.044823327022587525,0.014679367723448512,-3.0534916671504653
V6_INI,bisolo30,entrou_FIRST,limpo_500_599,TODOS,40,40,0.18249038017804872,0.1856115714489706,0.0031211912709218923,0.011828033394178452,0.26388083013513364,0.5440649641988956,0.5539855408811658,0.009920576682270222,0.0269485231850367,0.3681306249753482
V6_INI,bisolo30,entrou_FIRST,limpo_600_699,TODOS,39,39,0.2514515304776687,0.24899269274343255,-0.002458837734236126,0.0064501731468377035,-0.3812049193503602,0.6969200304821411,0.6887941369526828,-0.008125893529458491,0.013894484027878412,-0.5848287358605325
V6_INI,bisolo30,entrou_FIRST,TOTAL,TODOS,118,118,0.21735943317972836,0.21245783220166506,-0.004901600978063315,0.00526286427260381,-0.9313561445198055,0.6254211166780527,0.6112838579133155,-0.01413725876473717,0.012398993458072877,-1.1401940659572267
V6_INI,bisolo30,nao_entrou_FIRST,limpo_400_499,TODOS,37,17,0.2685176863891605,0.27393464265162887,0.005416956262468345,0.008627721500329975,0.6278547890380061,0.8054808406082272,0.8353336411342123,0.029852800525984973,0.04290143964725829,0.6958461247790033
V6_INI,bisolo30,nao_entrou_FIRST,limpo_500_599,TODOS,50,20,0.09542186229419622,0.09298630732830691,-0.002435554965889319,0.0024804888212648186,-0.9818850804767636,0.33054397732555174,0.31660324211219737,-0.013940735213354412,0.011204816535177655,-1.2441734471588453
V6_INI,bisolo30,nao_entrou_FIRST,limpo_600_699,TODOS,50,22,0.10486596511802182,0.10423902514032894,-0.0006269399776928804,0.0031181893890264573,-0.2010589799000695,0.34268525706879066,0.3309608533950379,-0.011724403673752852,0.00935724446138957,-1.252976100189623
V6_INI,bisolo30,nao_entrou_FIRST,TOTAL,TODOS,137,59,0.14561712238693314,0.14596239709154787,0.000345274704614736,0.002812754799462752,0.1227532185459909,0.46324272133008415,0.46193831749874165,-0.0013044038313424747,0.013674330070424453,-0.09539069370306533
V6_INI,bisolo30,lado_apostado_FIRST,limpo_400_499,TODOS,39,39,0.21871245648765658,0.20095371735917744,-0.017758739128479136,0.008215176589198693,-2.1616990134853964,0.6371233762115943,0.5875330061291952,-0.049590370082399034,0.01963552746627694,-2.52554305798854
V6_INI,bisolo30,lado_apostado_FIRST,limpo_500_599,TODOS,40,40,0.18303027982281217,0.18415477591409396,0.0011244960912818083,0.014169267380020448,0.07936162549006719,0.5457360942898812,0.5510223936799209,0.005286299390039703,0.032701542503646625,0.1616529064171886
V6_INI,bisolo30,lado_apostado_FIRST,limpo_600_699,TODOS,39,39,0.25175398946548283,0.24453826448204735,-0.007215724983435496,0.0059105478263645796,-1.2208216895308832,0.6976288077789189,0.6798969728902592,-0.017731834888659762,0.013009887499092132,-1.362950670395662
V6_INI,bisolo30,lado_apostado_FIRST,TOTAL,TODOS,118,118,0.21753731004309257,0.20966422312179256,-0.007873086921299986,0.005977696133533501,-1.3170771389890124,0.6261421944680107,0.6056836010928437,-0.020458593375166992,0.014139543158194781,-1.4469062505254926
V6_INI,bisolo30,entrou_MULTI,limpo_400_499,TODOS,195,39,0.2497468366030607,0.206820752011971,-0.04292608459108972,0.0070908787034209145,-6.053704538815551,0.7070637839463934,0.600516796539176,-0.10654698740721741,0.018503698654363344,-5.758145406355969
V6_INI,bisolo30,entrou_MULTI,limpo_500_599,TODOS,176,40,0.18792001858175478,0.20712064336331396,0.019200624781559206,0.021096710137423234,0.9101241215567264,0.5580254239005241,0.5991040357315589,0.04107861183103487,0.04484061830359506,0.9161027074361601
V6_INI,bisolo30,entrou_MULTI,limpo_600_699,TODOS,194,39,0.2572915099402601,0.26397763321108786,0.006686123270827762,0.0189369405984783,0.35307304451095084,0.7125303480900617,0.7294393998909894,0.01690905180092764,0.04339571123444063,0.38964799331386274
V6_INI,bisolo30,entrou_MULTI,TOTAL,TODOS,565,118,0.23307806962194008,0.22653971808359055,-0.006538351538349538,0.011156682177269318,-0.5860480234590539,0.6625146902752406,0.6443439454738861,-0.018170744801354506,0.02549740414614081,-0.7126507740633966
V6_INI,bisolo30,nao_entrou_MULTI,limpo_400_499,TODOS,104,33,0.23646318619513643,0.2303917801928108,-0.006071406002325593,0.007176469085536119,-0.8460157676373559,0.7053305868592491,0.6984568407569577,-0.006873746102291305,0.03135620774763737,-0.21921484120825255
V6_INI,bisolo30,nao_entrou_MULTI,limpo_500_599,TODOS,141,41,0.15303304880189447,0.16040659929957315,0.0073735504976786565,0.009398300191870544,0.7845621385936066,0.46876829867004444,0.4922983243791758,0.02353002570913145,0.03704716778962639,0.6351369649293438
V6_INI,bisolo30,nao_entrou_MULTI,limpo_600_699,TODOS,118,41,0.2202427632285039,0.243005114022802,0.02276235079429812,0.01625242612518976,1.4005509466072008,0.6217841974645681,0.7124396720470488,0.09065547458248074,0.0701406864974917,1.2924805716824952
V6_INI,bisolo30,nao_entrou_MULTI,TOTAL,TODOS,363,115,0.19878368403946217,0.20730765591179826,0.008523971872336108,0.007229735036598969,1.1790158047543022,0.5862844254728848,0.6229241225282071,0.036639697055322225,0.030047016717002224,1.2194121433223521
V6_INI,bisolo30,lado_apostado_MULTI,limpo_400_499,TODOS,195,39,0.2490894704774458,0.20699789295199625,-0.042091577525449564,0.00898560997106514,-4.684331688220393,0.7055447615422172,0.6005862670270337,-0.10495849451518365,0.02412933480220381,-4.349829590229626
V6_INI,bisolo30,lado_apostado_MULTI,limpo_500_599,TODOS,176,40,0.1893523614508388,0.20408375957128327,0.014731398120444494,0.02053714252927002,0.7173051508723259,0.5612125355405365,0.5921649444163237,0.030952408875787242,0.04400996480123163,0.7033045587648603
V6_INI,bisolo30,lado_apostado_MULTI,limpo_600_699,TODOS,194,39,0.25462889097711655,0.2638351816317924,0.0092062906546759,0.020048283011637733,0.45920594044546276,0.7068981916343668,0.7291747804215181,0.022276588787151295,0.0451394588757543,0.4935058891261253
V6_INI,bisolo30,lado_apostado_MULTI,TOTAL,TODOS,565,118,0.2323831278017879,0.22560593990575725,-0.006777187896030637,0.01119954796703826,-0.6051304852639403,0.6610493520936883,0.6421155038749009,-0.018933848218787443,0.025706616831169996,-0.7365359799438727
V6_INI,bipro30,flag1,limpo_400_499,TODOS,350,48,0.2733704431135468,0.25558171875688235,-0.017788724356664478,0.011717083702833688,-1.5181870171638707,0.7613970967132182,0.7229076129773743,-0.03848948373584396,0.030229967413099676,-1.2732227994121208
V6_INI,bipro30,flag1,limpo_500_599,TODOS,317,44,0.22252705837217815,0.22840220889520926,0.005875150523031095,0.008439022551668592,0.6961885084510694,0.6420987458861193,0.6782584278101039,0.03615968192398464,0.028239499861593898,1.28046467186773
V6_INI,bipro30,flag1,limpo_600_699,TODOS,321,46,0.23217455558655323,0.23630974406055397,0.004135188474000743,0.01201959906157329,0.3440371390773722,0.6553894020674489,0.6749559682385,0.019566566171051125,0.03878819148011872,0.5044464674533786
V6_INI,bipro30,flag1,TOTAL,TODOS,988,138,0.24367283900506626,0.24059972634425908,-0.003073112660807158,0.006210782339671597,-0.49480282720222535,0.6886784254647543,0.6930024817433628,0.004324056278608457,0.01893947565601454,0.2283091864391337
V6_INI,bipro30,flag0,limpo_400_499,TODOS,222,32,0.17189941208948747,0.15963563355928512,-0.012263778530202378,0.008393439908570196,-1.4611147114641685,0.523835450022628,0.48787279740894646,-0.035962652613681506,0.019539324806513613,-1.8405268846185017
V6_INI,bipro30,flag0,limpo_500_599,TODOS,404,56,0.20256998002275287,0.21912812003682405,0.01655814001407118,0.010208150923229306,1.622050862942481,0.5932006489076368,0.6365989867029372,0.043398337795300404,0.02311589829719801,1.8774238075169647
V6_INI,bipro30,flag0,limpo_600_699,TODOS,390,54,0.21490520151929135,0.2175003252590314,0.0025951237397400712,0.007153437441466601,0.3627799587226163,0.615761469688327,0.6248949503076088,0.009133480619281709,0.019105688977649023,0.47805031422664734
V6_INI,bipro30,flag0,TOTAL,TODOS,1016,142,0.20060331693462796,0.20550393503549258,0.004900618100864624,0.005425350342686098,0.9032814088165081,0.5867042374430672,0.5996090376700199,0.012904800226952694,0.01336008744469621,0.9659218384888446
V6_INI,bipro30,entrou_FIRST,limpo_400_499,TODOS,44,44,0.26133965704235756,0.23299683483097172,-0.02834282221138582,0.010865716999404966,-2.6084631334442028,0.7201803900875228,0.6540538923186714,-0.06612649776885135,0.02422210174630511,-2.7300066055968255
V6_INI,bipro30,entrou_FIRST,limpo_500_599,TODOS,41,41,0.22116970739126204,0.21817737554503022,-0.0029923318462318324,0.009122894415532113,-0.3280024639041378,0.6369781952454255,0.628182066775253,-0.00879612847017245,0.021958151532736538,-0.4005860173183818
V6_INI,bipro30,entrou_FIRST,limpo_600_699,TODOS,40,40,0.23463120885972327,0.23173320828491817,-0.002898000574805142,0.006785016959012824,-0.42711766121020606,0.65785845532281,0.6547489587282271,-0.003109496594582821,0.015564298703615646,-0.19978391919839428
V6_INI,bipro30,entrou_FIRST,TOTAL,TODOS,125,125,0.23961721013835527,0.22773169169044577,-0.011885518447909494,0.0058120955171630274,-2.044962683908367,0.6729470510546067,0.6457903547914879,-0.027156696263118743,0.013612409622616554,-1.9949955236432806
V6_INI,bipro30,nao_entrou_FIRST,limpo_400_499,TODOS,39,17,0.27411299998522615,0.28558055146983524,0.011467551484609068,0.006437508986748852,1.7813647341252954,0.801730273851566,0.848028306713284,0.0462980328617181,0.03339710858521776,1.3862886585999412
V6_INI,bipro30,nao_entrou_FIRST,limpo_500_599,TODOS,51,21,0.23087831649065607,0.23353747180768208,0.002659155317026022,0.008322606460121135,0.3195099191302286,0.6765516099738983,0.7083158624528758,0.031764252478977434,0.04806540050190136,0.6608548383513606
V6_INI,bipro30,nao_entrou_FIRST,limpo_600_699,TODOS,50,24,0.19879004631777003,0.20070629153998915,0.0019162452222190845,0.002489858023510416,0.7696202771905031,0.5968029783795049,0.6017968868400925,0.004993908460587642,0.011919587336651603,0.4189665564370543
V6_INI,bipro30,nao_entrou_FIRST,TOTAL,TODOS,140,62,0.2314621675452556,0.2363097653322487,0.0048475977869931065,0.003601349422549813,1.3460503878462673,0.6829411550561081,0.709193266349424,0.026252111293315977,0.020058864060556583,1.3087536369987018
V6_INI,bipro30,lado_apostado_FIRST,limpo_400_499,TODOS,44,44,0.261795254534956,0.23193718167841057,-0.029858072856545424,0.011523251859839679,-2.5911151834323296,0.7212405229550705,0.6510851807355196,-0.07015534221955094,0.02544963587271012,-2.7566344198574235
V6_INI,bipro30,lado_apostado_FIRST,limpo_500_599,TODOS,41,41,0.22257823498949098,0.22140551342461223,-0.0011727215648787183,0.010087189795446221,-0.11625850099580101,0.6416144253673084,0.6342626051407202,-0.00735182022658815,0.023232958253573122,-0.316439264700933
V6_INI,bipro30,lado_apostado_FIRST,limpo_600_699,TODOS,40,40,0.2339523428115434,0.23469014340250935,0.0007378005909659507,0.012609398438752844,0.058511957929606374,0.6559493181097878,0.6639332979475328,0.007983979837744907,0.028597716710605476,0.27918242279755306
V6_INI,bipro30,lado_apostado_FIRST,TOTAL,TODOS,125,125,0.24002234037255143,0.22936374224287634,-0.010658598129675102,0.0071277030152279075,-1.4953762954073213,0.674229977395794,0.6496787734482696,-0.024551203947524473,0.01642265752440586,-1.4949592604630955
V6_INI,bipro30,entrou_MULTI,limpo_400_499,TODOS,223,44,0.2970321034431673,0.26973031713431395,-0.027301786308853347,0.015660272185027652,-1.743378785903595,0.8071199088205268,0.7444940000491852,-0.06262590877134157,0.03647024072625201,-1.7171783767871371
V6_INI,bipro30,entrou_MULTI,limpo_500_599,TODOS,171,41,0.21203809694790401,0.20820749027584587,-0.0038306066720581655,0.010417152467237737,-0.36772109116244006,0.6126796681559178,0.6068462025510547,-0.005833465604863081,0.02417294197224732,-0.24132212006136516
V6_INI,bipro30,entrou_MULTI,limpo_600_699,TODOS,208,40,0.2400478982094098,0.23826888823249465,-0.001779009976915175,0.011678182344017109,-0.15233620477133464,0.6717792181803233,0.6669249755871882,-0.004854242593135095,0.026827262270555673,-0.18094438948632044
V6_INI,bipro30,entrou_MULTI,TOTAL,TODOS,602,125,0.2532003928130816,0.24138416995096434,-0.011816222862117275,0.0074051731896228054,-1.5956713718290703,0.7051263127959246,0.6785934511118502,-0.026532861684074514,0.017221835409116017,-1.540652378435222
V6_INI,bipro30,nao_entrou_MULTI,limpo_400_499,TODOS,127,39,0.23182280332216604,0.23073811688154974,-0.0010846864406163072,0.008296958590544525,-0.13073301846443466,0.6811121589184955,0.6850039569378953,0.003891798019399875,0.03053520056838479,0.1274528395739219
V6_INI,bipro30,nao_entrou_MULTI,limpo_500_599,TODOS,146,40,0.23481207483485544,0.2520549272781623,0.017242852443306873,0.012174141280774632,1.4163506111545408,0.6765553369262867,0.7618987738326889,0.08534343690640218,0.05177754624480291,1.6482711734329898
V6_INI,bipro30,nao_entrou_MULTI,limpo_600_699,TODOS,113,40,0.21768203111262252,0.23270353177945963,0.015021500666837126,0.017999759342212034,0.8345389725077901,0.6252205370101226,0.6897386803754281,0.06451814336530538,0.07403496453884532,0.8714550451557713
V6_INI,bipro30,nao_entrou_MULTI,TOTAL,TODOS,386,119,0.22881380430966403,0.2393763194757706,0.01056251516610655,0.007518505374179245,1.404869005265505,0.6630265390052608,0.7154745968733385,0.052448057868077755,0.031101533234588145,1.6863495915934477
V6_INI,bipro30,lado_apostado_MULTI,limpo_400_499,TODOS,223,44,0.2972759356864151,0.2671529700041105,-0.030122965682304617,0.016668537962672394,-1.8071750353727565,0.8066842476446421,0.7368223365700666,-0.06986191107457547,0.039084458405487424,-1.787460129286758
V6_INI,bipro30,lado_apostado_MULTI,limpo_500_599,TODOS,171,41,0.21292167507111215,0.20943067973043966,-0.0034909953406724926,0.010991086969355692,-0.31762057296114166,0.6143513468921218,0.6093546106729073,-0.0049967362192144815,0.02538839574335697,-0.1968118139375509
V6_INI,bipro30,lado_apostado_MULTI,limpo_600_699,TODOS,208,40,0.2376866481124154,0.23987244460898643,0.0021857964965710003,0.011738658976622015,0.1862049575615151,0.6662765364817067,0.6715109060681878,0.005234369586481128,0.02705059886703838,0.1935029095736323
V6_INI,bipro30,lado_apostado_MULTI,TOTAL,TODOS,602,125,0.25272585199769626,0.2413309418994867,-0.011394910098209563,0.007808427548514863,-1.4593091922043686,0.7035385168297392,0.6780486510670682,-0.02548986576267098,0.01831892177901031,-1.3914501120844942
V6_INI,bisolo35mais,flag1,limpo_400_499,TODOS,427,59,0.21147361468868536,0.19876723879868657,-0.012706375889998806,0.00826128177906131,-1.5380634906079393,0.6141084395614009,0.5858297860807365,-0.02827865348066438,0.02096499848956653,-1.3488507282620399
V6_INI,bisolo35mais,flag1,limpo_500_599,TODOS,370,49,0.1994165307046064,0.2149364585092658,0.015519927804659344,0.010019586788729667,1.5489588674571515,0.5809733981785775,0.6241948150971636,0.04322141691858596,0.023944423683492682,1.805072341264278
V6_INI,bisolo35mais,flag1,limpo_600_699,TODOS,371,52,0.24954137871081256,0.2507760082664916,0.0012346295556790506,0.009368416314112393,0.13178636754423792,0.6956708562943681,0.7070046430394119,0.011333786745043796,0.022144086407581302,0.5118200198660503
V6_INI,bisolo35mais,flag1,TOTAL,TODOS,1168,160,0.219745891553497,0.22040924630336978,0.0006633547498727698,0.00559663050052299,0.11852752291057647,0.6295191341643857,0.6364727078853141,0.006953573720928393,0.013764525357878008,0.5051807846718502
V6_INI,bisolo35mais,flag0,limpo_400_499,TODOS,287,41,0.26032730635293516,0.2370931610113739,-0.02323414534156127,0.009366062032841575,-2.4806738691343315,0.7359004937889922,0.6784962609212849,-0.05740423286770729,0.02349858191113369,-2.4428807272199267
V6_INI,bisolo35mais,flag0,limpo_500_599,TODOS,351,51,0.22391804294150502,0.2319224246901137,0.008004381748608711,0.008665768164463053,0.9236782702580733,0.6502513027877816,0.6872986628428464,0.03704736005506464,0.03020552708531731,1.2265093057446792
V6_INI,bisolo35mais,flag0,limpo_600_699,TODOS,340,48,0.1934153218649875,0.19894898713997558,0.005533665274988055,0.010281806543191569,0.53819970758469,0.5659796575202591,0.582562276049718,0.016582618529458897,0.03503684718158892,0.47329083132150923
V6_INI,bisolo35mais,flag0,TOTAL,TODOS,978,140,0.2239983429753133,0.2219766502086768,-0.0020216927666364907,0.005928329596566999,-0.34102232909034286,0.6460886835918611,0.6483041220850224,0.00221543849316127,0.01855437116100833,0.11940251027299557
V6_INI,bisolo35mais,entrou_FIRST,limpo_400_499,TODOS,56,56,0.20501800943300094,0.19934341609925715,-0.005674593333743765,0.00829272483880884,-0.6842857376850886,0.5948895936552884,0.5817393055286627,-0.013150288126625623,0.018544312257344986,-0.7091278416872585
V6_INI,bisolo35mais,entrou_FIRST,limpo_500_599,TODOS,46,46,0.20135449856447418,0.20379757586175803,0.0024430772972838448,0.008877468173421294,0.2751997810139493,0.5879176903437114,0.5916923336395752,0.0037746432958637457,0.020344096043236847,0.18553998604025373
V6_INI,bisolo35mais,entrou_FIRST,limpo_600_699,TODOS,45,45,0.24868062328004853,0.23530841302834105,-0.013372210251707485,0.009150111443432982,-1.4614259437577337,0.6866493047074512,0.6604833723620664,-0.026165932345384845,0.020386629445640587,-1.2834849632772467
V6_INI,bisolo35mais,entrou_FIRST,TOTAL,TODOS,147,147,0.21723771095112956,0.21174692773792256,-0.005490783213207012,0.004999397003681121,-1.0982890954977322,0.6207976170907632,0.608959185124616,-0.01183843196614708,0.01116650723937124,-1.0601732226892528
V6_INI,bisolo35mais,nao_entrou_FIRST,limpo_400_499,TODOS,37,16,0.283420831265575,0.2948745330816246,0.011453701816049575,0.007626458292726994,1.5018375996329056,0.8268351730525659,0.8754779890888561,0.048642816036290226,0.03884362642722406,1.25227277961355
V6_INI,bisolo35mais,nao_entrou_FIRST,limpo_500_599,TODOS,44,21,0.08948180597909271,0.08723164895937462,-0.002250157019718089,0.0014522565685719225,-1.5494211342633366,0.31796085219589093,0.3051058685167745,-0.01285498367911641,0.005839183205527895,-2.20150374232936
V6_INI,bisolo35mais,nao_entrou_FIRST,limpo_600_699,TODOS,64,29,0.19252421839193007,0.19338220890234945,0.0008579905104193853,0.0031212947560850207,0.2748828859391499,0.5775394762987864,0.5761401115644847,-0.00139936473430169,0.013286408387100443,-0.10532302587208672
V6_INI,bisolo35mais,nao_entrou_FIRST,TOTAL,TODOS,145,66,0.18445048411717158,0.18706904584815834,0.0026185617309867518,0.002726830255340902,0.9602950993586453,0.5623841750530101,0.5702780065596743,0.007893831506664194,0.013059272302985394,0.6044618201934296
V6_INI,bisolo35mais,lado_apostado_FIRST,limpo_400_499,TODOS,56,56,0.20541916114932432,0.2023740603883941,-0.0030451007609302336,0.008740387103451383,-0.348394267312004,0.5959011513780111,0.5887964595730711,-0.007104691804940088,0.019855957309135547,-0.3578115975134215
V6_INI,bisolo35mais,lado_apostado_FIRST,limpo_500_599,TODOS,46,46,0.20182383612326216,0.20234960438895036,0.0005257682656882101,0.009549552715604898,0.0550568473043825,0.5895223393930905,0.589719397775003,0.00019705838191249675,0.022247067165338936,0.008857724051802877
V6_INI,bisolo35mais,lado_apostado_FIRST,limpo_600_699,TODOS,45,45,0.2484584618974848,0.22945865504316548,-0.01899980685431929,0.010987764113155789,-1.7291786262111852,0.6859446060779496,0.6495173885067236,-0.03642721757122602,0.02483913769529389,-1.4665250468065827
V6_INI,bisolo35mais,lado_apostado_FIRST,TOTAL,TODOS,147,147,0.21746938960149004,0.21065760993594718,-0.006811779665542882,0.005622320526893875,-1.2115601792817279,0.621469383420126,0.6076733096363583,-0.013796073783767628,0.012671586221177086,-1.0887408681883306
V6_INI,bisolo35mais,entrou_MULTI,limpo_400_499,TODOS,275,56,0.22845815166742078,0.21395083602608397,-0.01450731564133679,0.009409477027813648,-1.5417770401537032,0.6487432159959661,0.6173627119512733,-0.03138050404469268,0.020434127437033517,-1.5356909239892789
V6_INI,bisolo35mais,entrou_MULTI,limpo_500_599,TODOS,238,46,0.21360416728256293,0.2310658399209876,0.017461672638424644,0.014496723792312588,1.2045254423405878,0.6156428633788381,0.6552013932743336,0.03955852989549545,0.029891582739467737,1.3234003110602717
V6_INI,bisolo35mais,entrou_MULTI,limpo_600_699,TODOS,221,45,0.26485766457224785,0.26076519850272045,-0.004092466069527424,0.014765365980729708,-0.2771665852961928,0.7265643150640706,0.7202346787244873,-0.006329636339583264,0.034151691193579664,-0.18533888420650751
V6_INI,bisolo35mais,entrou_MULTI,TOTAL,TODOS,734,147,0.23460126347719001,0.23359572026903183,-0.0010055432081581925,0.007671340824268511,-0.13107789514150214,0.6614415524689561,0.6606056422125385,-0.0008359102564175365,0.016789828419245686,-0.049786706304833776
V6_INI,bisolo35mais,nao_entrou_MULTI,limpo_400_499,TODOS,152,50,0.1807450116021575,0.17129691486753992,-0.009448096734617576,0.010100912806434785,-0.9353705863690525,0.5514468374593917,0.5287800846702259,-0.022666752789165814,0.03291078344286822,-0.6887333092059135
V6_INI,bisolo35mais,nao_entrou_MULTI,limpo_500_599,TODOS,132,45,0.17383579202616967,0.18585469505479763,0.01201890302862797,0.00999286946809515,1.2027479261088583,0.5184633018326533,0.5682890150504479,0.049825713217794595,0.041375081845586394,1.2042444629776523
V6_INI,bisolo35mais,nao_entrou_MULTI,limpo_600_699,TODOS,150,48,0.2269753842082979,0.23605860131844783,0.009083217110149927,0.005191872625688457,1.7495069245743422,0.6501544937070065,0.6875123904634008,0.037357896756394345,0.018377985116450283,2.0327525852088644
V6_INI,bisolo35mais,nao_entrou_MULTI,TOTAL,TODOS,434,143,0.1946218293599701,0.19810769816789525,0.0034858688079251366,0.005210527130947213,0.6690050200912103,0.5755305280916791,0.5956580217189944,0.02012749362731529,0.018674383501233068,1.0778130172803977
V6_INI,bisolo35mais,lado_apostado_MULTI,limpo_400_499,TODOS,275,56,0.22670670296257556,0.21427144415888194,-0.012435258803693599,0.011096675622917404,-1.120629207004275,0.644401167298242,0.6178607337944638,-0.026540433503778164,0.024095357576008763,-1.1014749799855186
V6_INI,bisolo35mais,lado_apostado_MULTI,limpo_500_599,TODOS,238,46,0.21671712848238484,0.2296861280039722,0.012968999521587412,0.014059528822051866,0.9224348614902373,0.6221520357376871,0.6515142394035008,0.029362203665813814,0.02923872199953426,1.0042232237880138
V6_INI,bisolo35mais,lado_apostado_MULTI,limpo_600_699,TODOS,221,45,0.2643438343994787,0.25781626387019785,-0.0065275705292808465,0.01605180944222822,-0.4066563681044252,0.7259260039900715,0.7135148088472445,-0.012411195142826894,0.03664596099496649,-0.3386783919933669
V6_INI,bisolo35mais,lado_apostado_MULTI,TOTAL,TODOS,734,147,0.23479973746021887,0.23238057210347635,-0.00241916535674251,0.007881752380481433,-0.30693242314150737,0.6617331776490353,0.657573383551433,-0.004159794097602248,0.01724229753755383,-0.241255209089287
V6_INI,bipro35mais,flag1,limpo_400_499,TODOS,278,38,0.22725564829487827,0.2164153790866166,-0.01084026920826168,0.007629508874333045,-1.4208344713681602,0.6559218674499235,0.6298878326855957,-0.02603403476432782,0.021250876616839876,-1.2250805100292952
V6_INI,bipro35mais,flag1,limpo_500_599,TODOS,317,44,0.22149004298415179,0.24196681399798697,0.02047677101383521,0.006775937056899138,3.0219836521335637,0.6419078648537854,0.7083047967044754,0.06639693185069012,0.02266585623230885,2.929381143609531
V6_INI,bipro35mais,flag1,limpo_600_699,TODOS,383,54,0.21941642952079465,0.21676995183005304,-0.0026464776907416192,0.00889096594687476,-0.29765918647701894,0.6216621773525828,0.6196186439461872,-0.0020435334063957176,0.02557023450688083,-0.0799184460293398
V6_INI,bipro35mais,flag1,TOTAL,TODOS,978,136,0.22231687766709265,0.22483624435005276,0.0025193666829600963,0.005016044822707732,0.5022615969368684,0.637962869361726,0.651283618275362,0.013320748913636068,0.014993385955569188,0.8884416737560317
V6_INI,bipro35mais,flag0,limpo_400_499,TODOS,294,42,0.2403546066245968,0.2201674722074514,-0.020187134417145404,0.008655700676335847,-2.3322357336519026,0.6817488932094253,0.633389823402284,-0.04835906980714131,0.02495451649465578,-1.9378884707102144
V6_INI,bipro35mais,flag0,limpo_500_599,TODOS,404,56,0.20338367774058544,0.20848460563687224,0.005100927896286766,0.008514886185538363,0.5990600209020004,0.5933504243711266,0.6130229992288883,0.0196725748577617,0.020186743355260175,0.9745293984051917
V6_INI,bipro35mais,flag0,limpo_600_699,TODOS,328,46,0.22653831838214283,0.2367611681205785,0.010222849738435692,0.0066291746259589624,1.542099931777989,0.6476535284026202,0.6800486457107814,0.03239511730816108,0.0218416093546771,1.4831836236107794
V6_INI,bipro35mais,flag0,TOTAL,TODOS,1026,144,0.22137994988710608,0.2208720084306402,-0.0005079414564658752,0.005273263332410009,-0.09632393158597177,0.6360410364186799,0.6402864089297063,0.004245372511026332,0.014331582018103108,0.296224974023366
V6_INI,bipro35mais,entrou_FIRST,limpo_400_499,TODOS,33,33,0.22137967771182473,0.200973489632098,-0.020406188079726748,0.008082848355139713,-2.5246283467326074,0.6326984606871793,0.5859448444147849,-0.04675361627239433,0.018840218267372817,-2.4815857018685117
V6_INI,bipro35mais,entrou_FIRST,limpo_500_599,TODOS,42,42,0.2267891712234002,0.2144285459978128,-0.012360625225587401,0.00827659307779586,-1.4934436318668405,0.653355808208878,0.6192559211212235,-0.03409988708765453,0.019966907355435916,-1.7078201686737915
V6_INI,bipro35mais,entrou_FIRST,limpo_600_699,TODOS,47,47,0.23742189245164716,0.23817948921236184,0.0007575967607146903,0.008553944816066078,0.08856694507682196,0.6637906249795273,0.6684575977383271,0.004666972758799867,0.021193218162682527,0.22021066942148373
V6_INI,bipro35mais,entrou_FIRST,TOTAL,TODOS,122,122,0.22942215984508557,0.219939017071708,-0.009483142773377569,0.004991514326579977,-1.8998528608601848,0.6517881354220293,0.6292002921842678,-0.022587843237761553,0.0121202203434228,-1.8636495540296962
V6_INI,bipro35mais,nao_entrou_FIRST,limpo_400_499,TODOS,38,15,0.24363932915434242,0.2526156809663615,0.008976351812019093,0.007417610705773115,1.2101405921765094,0.7270013876103517,0.7678431297636995,0.040841742153347765,0.03717309544505903,1.0986909124560507
V6_INI,bipro35mais,nao_entrou_FIRST,limpo_500_599,TODOS,33,19,0.17011372737205854,0.16540027875000887,-0.004713448622049657,0.004031374161681548,-1.1691915542971096,0.5185158529178304,0.4997165386098431,-0.018799314307987237,0.010802449127191667,-1.740282605049817
V6_INI,bipro35mais,nao_entrou_FIRST,limpo_600_699,TODOS,69,30,0.1055481894937885,0.09959435974634898,-0.005953829747439521,0.0027082993548230494,-2.1983647180053043,0.34744643817647325,0.3187274976061255,-0.02871894057034776,0.009485755453426805,-3.027586016881008
V6_INI,bipro35mais,nao_entrou_FIRST,TOTAL,TODOS,140,64,0.15824908990153105,0.15664011355692936,-0.001608976344601715,0.003157579551443484,-0.5095600343200136,0.4907920007832744,0.4832920145712004,-0.007499986212073995,0.014527294156196373,-0.5162686272773654
V6_INI,bipro35mais,lado_apostado_FIRST,limpo_400_499,TODOS,33,33,0.22202651135896687,0.2060169082932492,-0.016009603065717668,0.00813879790117118,-1.9670721966709446,0.634256461377393,0.5969231193805006,-0.03733334199689245,0.019320744360844903,-1.9322931508038363
V6_INI,bipro35mais,lado_apostado_FIRST,limpo_500_599,TODOS,42,42,0.2273757904840418,0.20968097323149384,-0.01769481725254793,0.008737048669915906,-2.025262525259372,0.6556029624301103,0.608306830085815,-0.04729613234429522,0.02067982121929191,-2.2870667905084856
V6_INI,bipro35mais,lado_apostado_FIRST,limpo_600_699,TODOS,47,47,0.23790955421444723,0.2354388022617059,-0.0024707519527413504,0.012626248567471899,-0.19568377254242975,0.6644306979298249,0.6631170873635425,-0.001313610566282441,0.030354633916783426,-0.043275454083342796
V6_INI,bipro35mais,lado_apostado_FIRST,TOTAL,TODOS,122,122,0.2299869436332351,0.21861297176803396,-0.011373971865201143,0.006076689860858,-1.871738088603915,0.6532297577886915,0.6263430566331742,-0.026886701155517414,0.014677622983087713,-1.8318157637989207
V6_INI,bipro35mais,entrou_MULTI,limpo_400_499,TODOS,172,33,0.25026213779284856,0.23769465640446147,-0.0125674813883871,0.00884762821770149,-1.4204350679251285,0.7025882438425579,0.6710906337657272,-0.031497610076830614,0.020898956759707328,-1.5071379131018265
V6_INI,bipro35mais,entrou_MULTI,limpo_500_599,TODOS,200,42,0.21291965676822325,0.2311917302153968,0.018272073447173517,0.008956240107991495,2.0401500213096866,0.6161288905750986,0.6570147158032413,0.040885825228142866,0.022109963302753086,1.849203667518157
V6_INI,bipro35mais,entrou_MULTI,limpo_600_699,TODOS,237,47,0.24481308100366506,0.24002107102775963,-0.004792009975905433,0.011015659481728566,-0.4350179836126775,0.6820799976650168,0.6750048768002173,-0.007075120864799528,0.026415088793502028,-0.2678439175468519
V6_INI,bipro35mais,entrou_MULTI,TOTAL,TODOS,609,122,0.23587802832821547,0.2364644019346893,0.0005863736064737841,0.005884163426911036,0.09965284169233352,0.6662133259483557,0.6679912774548519,0.0017779515064962562,0.014150630693153391,0.1256446829155464
V6_INI,bipro35mais,nao_entrou_MULTI,limpo_400_499,TODOS,106,32,0.18992436344911515,0.1818867404199249,-0.008037623029190243,0.008118334638362505,-0.9900581076332002,0.580199068020366,0.5630304573480239,-0.01716861067234216,0.02998257392882193,-0.5726196394312283
V6_INI,bipro35mais,nao_entrou_MULTI,limpo_500_599,TODOS,117,37,0.23614027583189282,0.2603857606348933,0.024245484803000494,0.009410700117676694,2.5763741804351747,0.6859744875523952,0.7959801486723969,0.11000566112000167,0.043448495781520574,2.5318635119881194
V6_INI,bipro35mais,nao_entrou_MULTI,limpo_600_699,TODOS,146,50,0.17819035827805302,0.1790266966940499,0.0008363384159968979,0.009857528226470362,0.08484260930149642,0.5235866745166455,0.5297108549982067,0.00612418048156115,0.03363101354321184,0.18209919465234997
V6_INI,bipro35mais,nao_entrou_MULTI,TOTAL,TODOS,369,119,0.19993546641336965,0.20564505744207545,0.005709591028705797,0.005797982315664234,0.9847548194964941,0.591338132068345,0.6237091888978297,0.032371056829484705,0.022891058928049882,1.4141354024395252
V6_INI,bipro35mais,lado_apostado_MULTI,limpo_400_499,TODOS,172,33,0.2496665285752091,0.23700075863548173,-0.012665769939727373,0.008986164179284429,-1.4094745752504103,0.6989824553734292,0.6675164993101411,-0.031465956063288024,0.01971349617304759,-1.596163145647826
V6_INI,bipro35mais,lado_apostado_MULTI,limpo_500_599,TODOS,200,42,0.21471232050717404,0.22920836769230613,0.014496047185132071,0.00862974797562731,1.6797764229120875,0.6198020024196047,0.6520302604373405,0.03222825801773574,0.02097765225702189,1.5363138650059334
V6_INI,bipro35mais,lado_apostado_MULTI,limpo_600_699,TODOS,237,47,0.24552729669059034,0.23942583844652787,-0.006101458244062484,0.010846783724306957,-0.5625131282362994,0.6837567314838141,0.6735680047151715,-0.010188726768642572,0.025843536435070032,-0.39424661536709543
V6_INI,bipro35mais,lado_apostado_MULTI,TOTAL,TODOS,609,122,0.23657648001977125,0.235385431421332,-0.00119104859843925,0.005658250892451438,-0.2104976645747902,0.6670537408371342,0.664785725921688,-0.002268014915446109,0.013361816490349598,-0.1697385169961101
V6_MOM,sem_flag,todas,sujo,TODOS,1397,200,0.22556530475178754,0.22164245517027195,-0.0039228495815156125,0.0042545315652726635,-0.9220403048682531,0.6559455005772193,0.6450079854501317,-0.010937515127087617,0.010402599304211575,-1.0514213618378512
V6_MOM,sem_flag,todas,limpo_400_499,TODOS,714,100,0.23281965778490316,0.2141727565508452,-0.01864690123405794,0.0055754359104595325,-3.3444741422058684,0.6677548267109489,0.6230780749872314,-0.04467675172371736,0.014970295631753077,-2.984360016842603
V6_MOM,sem_flag,todas,limpo_500_599,TODOS,721,100,0.2111345432971074,0.2232056320591654,0.012071088762057982,0.005776169010171471,2.0898087886281638,0.61433595602949,0.6549152735697498,0.04057931754025979,0.016443315265554388,2.4678306585330594
V6_MOM,sem_flag,todas,limpo_600_699,TODOS,711,100,0.22297627508970017,0.22599234134241925,0.0030160662527190826,0.006295044156566333,0.47911756894874785,0.6347337958346432,0.6474963381498255,0.012762542315182299,0.019467660450646018,0.6555765828943654
V6_MOM,sem_flag,todas,TOTAL,TODOS,3543,500,0.22357101431065743,0.22132816072799655,-0.002242853582660911,0.0029507794235378937,-0.7600885260246929,0.6456011187450428,0.6431040671416971,-0.002497051603345659,0.008123399526605287,-0.30738997819416125
V6_MOM,sem_flag,entrou_FIRST,sujo,TODOS,195,195,0.2210018772928834,0.21599356839808068,-0.005008308894802733,0.005954735725342722,-0.8410631681751892,0.6362246330839482,0.6215328565857386,-0.014691776498209515,0.014635651838434995,-1.0038347905781095
V6_MOM,sem_flag,entrou_FIRST,limpo_400_499,TODOS,94,94,0.22605595541035156,0.21361011206724698,-0.012445843343104569,0.005765288777154774,-2.1587545436443363,0.6475161940384582,0.6132574379443841,-0.03425875609407395,0.012303482114021332,-2.784476441432128
V6_MOM,sem_flag,entrou_FIRST,limpo_500_599,TODOS,91,91,0.20862645497183308,0.208196622238003,-0.00042983273383006047,0.008444561816301342,-0.05090053731388565,0.6065253039128146,0.6055472325425676,-0.0009780713702470154,0.02073505006934852,-0.04716995459262692
V6_MOM,sem_flag,entrou_FIRST,limpo_600_699,TODOS,88,88,0.2300492547721121,0.22947799922898443,-0.0005712555431276428,0.005146075745389202,-0.11100799354527151,0.6484788769615168,0.6474741136828244,-0.0010047632786924952,0.011970595805015636,-0.08393594563367539
V6_MOM,sem_flag,entrou_FIRST,TOTAL,TODOS,468,468,0.2213118968014273,0.21653430112768346,-0.004777595673743869,0.0032936144235306756,-1.4505631380562152,0.6350219434180867,0.6216402272787465,-0.013381716139340225,0.008005030897168306,-1.6716632716650555
V6_MOM,sem_flag,nao_entrou_FIRST,sujo,TODOS,99,64,0.23157279814814138,0.22944976536115427,-0.0021230327869870736,0.00342483632039077,-0.6198932119316107,0.6685265715027758,0.6695260610345284,0.0009994895317524607,0.01447225771178498,0.0690624470388308
V6_MOM,sem_flag,nao_entrou_FIRST,limpo_400_499,TODOS,74,34,0.1958961190170922,0.20285803755342505,0.0069619185363328645,0.006741946874094246,1.0326273206162235,0.5936192466027257,0.6211464738190804,0.027527227216354772,0.02964275647501535,0.928632505534913
V6_MOM,sem_flag,nao_entrou_FIRST,limpo_500_599,TODOS,92,37,0.18695158879330134,0.19307624797487782,0.006124659181576499,0.005906634614867445,1.0369118086567044,0.5659890195203542,0.604561267882502,0.03857224836214775,0.03560905869992858,1.083214490087746
V6_MOM,sem_flag,nao_entrou_FIRST,limpo_600_699,TODOS,111,51,0.16083989318089925,0.15975361813440214,-0.0010862750464971217,0.002818004354072506,-0.38547670975996384,0.4963167183408119,0.48565331217526386,-0.010663406165548015,0.010012861796868826,-1.0649708726512759
V6_MOM,sem_flag,nao_entrou_FIRST,TOTAL,TODOS,376,186,0.1927521120638148,0.19474119142637003,0.0019890793625552375,0.0023834005918124245,0.8345552020873961,0.5778566498911681,0.5898273228767945,0.011970672985626356,0.01186494032108476,1.0089113524114153
V6_MOM,sem_flag,lado_apostado_FIRST,sujo,TODOS,195,195,0.2206063247806237,0.21889989342372215,-0.0017064313569015404,0.006406815257200687,-0.2663462716493447,0.6362766918742224,0.6281605987094946,-0.008116093164727854,0.0157736460082025,-0.5145350136872211
V6_MOM,sem_flag,lado_apostado_FIRST,limpo_400_499,TODOS,94,94,0.22662115489729043,0.21623383608595992,-0.010387318811330528,0.007622047910399015,-1.3627989397913338,0.6489776435085174,0.6190300056300848,-0.02994763787843266,0.016347998540597916,-1.8318840562691503
V6_MOM,sem_flag,lado_apostado_FIRST,limpo_500_599,TODOS,91,91,0.2107572913380296,0.20726783480238845,-0.0034894565356411614,0.008650431543151753,-0.4033852552019377,0.6115314149689891,0.603143892823408,-0.008387522145581257,0.020719507076411157,-0.40481282274954905
V6_MOM,sem_flag,lado_apostado_FIRST,limpo_600_699,TODOS,88,88,0.23113959747122023,0.2260394835474522,-0.005100113923768006,0.007379505710293869,-0.6911186363950802,0.650668373544732,0.640966500696406,-0.00970187284832586,0.0170816748606249,-0.5679696474430456
V6_MOM,sem_flag,lado_apostado_FIRST,TOTAL,TODOS,468,468,0.22187995722605766,0.21744510113012647,-0.004434856095931197,0.003682054444315262,-1.2044515264509976,0.6367222842721975,0.6238702640722079,-0.012852020199989683,0.008798315718539222,-1.460736419461371
V6_MOM,sem_flag,entrou_MULTI,sujo,TODOS,962,195,0.22678162275459457,0.22133901150791835,-0.005442611246676235,0.0055159471027783355,-0.9867047571821054,0.6559719569014387,0.6359329952578758,-0.020038961643562888,0.013425744709840292,-1.492577289129853
V6_MOM,sem_flag,entrou_MULTI,limpo_400_499,TODOS,443,94,0.2560756717807745,0.22924787492776888,-0.02682779685300561,0.007454995920271412,-3.5986333379547846,0.7210059837122392,0.6539592216259599,-0.06704676208627929,0.018702067358903455,-3.584992011824857
V6_MOM,sem_flag,entrou_MULTI,limpo_500_599,TODOS,447,91,0.21124652155907295,0.22192120225222967,0.010674680693156694,0.007244024414243799,1.4735843065585554,0.6117649010042434,0.6369130989918012,0.025148197987557786,0.015607837846019565,1.6112544373960984
V6_MOM,sem_flag,entrou_MULTI,limpo_600_699,TODOS,440,88,0.23948536483554453,0.23970928333397795,0.0002239184984334064,0.007965678962601164,0.028110409606601397,0.6717108275475947,0.6728362841896947,0.0011254566420999359,0.018960804242719446,0.05935700973929351
V6_MOM,sem_flag,entrou_MULTI,TOTAL,TODOS,2292,468,0.23185261751891284,0.22650776602849737,-0.005344851490415481,0.003796142089500623,-1.407969292086901,0.6629416876935185,0.6466926688094143,-0.016249018884104238,0.009184081220525421,-1.7692590574862788
V6_MOM,sem_flag,nao_entrou_MULTI,sujo,TODOS,435,172,0.22287542447891312,0.2223135190856378,-0.0005619053932753391,0.004917636524980858,-0.11426330319879148,0.6558869925682561,0.6650772741051896,0.009190281536933565,0.016811910705230894,0.5466530067920288
V6_MOM,sem_flag,nao_entrou_MULTI,limpo_400_499,TODOS,271,90,0.1948033692233865,0.18952966636273746,-0.005273702860649018,0.004979425680494191,-1.0590986188040907,0.5807058874062565,0.5725970862014135,-0.008108801204843068,0.01835631409111984,-0.44174452259813046
V6_MOM,sem_flag,nao_entrou_MULTI,limpo_500_599,TODOS,274,83,0.21095186343178407,0.2253010339704803,0.014349170538696214,0.006742427237901017,2.12819064001694,0.6185303414173922,0.6842837846512936,0.06575344323390139,0.028975657254550882,2.26926494388921
V6_MOM,sem_flag,nao_entrou_MULTI,limpo_600_699,TODOS,271,92,0.19617184893408562,0.20372129161442723,0.0075494426803415825,0.00838894161756396,0.8999279080134834,0.5746972867804048,0.606353990336016,0.03165670355561123,0.03369302565162129,0.939562504208877
V6_MOM,sem_flag,nao_entrou_MULTI,TOTAL,TODOS,1251,437,0.2083980050753885,0.21183842823499255,0.003440423159604057,0.003191830531510922,1.077884031009459,0.6138308677219361,0.6365292669639131,0.022698399241977023,0.012207451512266623,1.8593888510774426
V6_MOM,sem_flag,lado_apostado_MULTI,sujo,TODOS,962,195,0.22825405566434034,0.22229333770818077,-0.005960717956159544,0.006189817967409809,-0.9629876011772065,0.6590054497189662,0.6374689584895831,-0.02153649122938318,0.015148197351853633,-1.4217197419036685
V6_MOM,sem_flag,lado_apostado_MULTI,limpo_400_499,TODOS,443,94,0.25446613207153673,0.23000749470982237,-0.024458637361714376,0.008631088786262904,-2.8337835431194187,0.715829245795236,0.6549810965160707,-0.06084814927916518,0.020850268157900802,-2.9183389306246386
V6_MOM,sem_flag,lado_apostado_MULTI,limpo_500_599,TODOS,447,91,0.2121734527115618,0.2209852642381678,0.00881181152660602,0.006671495573235787,1.3208150151454188,0.6135570415819843,0.6338225571020872,0.020265515520103063,0.014603489253239827,1.3877173577271678
V6_MOM,sem_flag,lado_apostado_MULTI,limpo_600_699,TODOS,440,88,0.24099328871250672,0.2408142653824863,-0.00017902333002042575,0.008316277014111936,-0.021526859881728335,0.6751845717372135,0.6753741243943354,0.00018955265712182454,0.019596363957167087,0.00967284836800035
V6_MOM,sem_flag,lado_apostado_MULTI,TOTAL,TODOS,2292,468,0.23262978990067942,0.22708472989287795,-0.005545060007801503,0.0039270846333806855,-1.412004202982496,0.6642307188780349,0.6474193113358372,-0.016811407542197697,0.009491280784377068,-1.7712475190776966
V6_MOM,cWRgrande,flag1,sujo,TODOS,651,93,0.22498614814668128,0.23079158049426143,0.005805432347580136,0.006427932681294524,0.9031569923677198,0.6573606881537134,0.672785924631172,0.015425236477458679,0.01573060175179306,0.9805878198969996
V6_MOM,cWRgrande,flag1,limpo_400_499,TODOS,361,53,0.25489042634211867,0.23399479156119246,-0.020895634780926233,0.006796190327778019,-3.0746100054790486,0.7181156880148647,0.6627907414030257,-0.05532494661183885,0.0177115563398196,-3.1236637566093393
V6_MOM,cWRgrande,flag1,limpo_500_599,TODOS,359,51,0.24596365072793874,0.2654970046523635,0.019533353924424762,0.010137151148682211,1.9269076329165733,0.6989733558165894,0.7692438042593231,0.07027044844273367,0.03418074936936159,2.0558486791316986
V6_MOM,cWRgrande,flag1,limpo_600_699,TODOS,427,61,0.21950323786994155,0.21940029087199658,-0.00010294699794496847,0.007786717793617704,-0.01322084614769882,0.6291117527245533,0.6336161247994788,0.004504372074925507,0.02124821767637172,0.21198823089686364
V6_MOM,cWRgrande,flag1,TOTAL,TODOS,1798,258,0.23387667382357585,0.23565894745711663,0.00178227363354076,0.00422284114701423,0.4220555714725193,0.6711589124098851,0.6807362100110455,0.009577297601160377,0.012033792847087155,0.7958669160138163
V6_MOM,cWRgrande,flag0,sujo,TODOS,746,107,0.22607070816991645,0.21365843293713901,-0.012412275232777452,0.00601761700038866,-2.0626562361771748,0.6547105312577856,0.6207674513926823,-0.03394307986510322,0.015359751519842776,-2.209871678018569
V6_MOM,cWRgrande,flag0,limpo_400_499,TODOS,353,47,0.21024870183828895,0.19390149695102832,-0.016347204887260627,0.009985971073800802,-1.63701704786119,0.6162526427712504,0.5824654047999744,-0.03378723797127584,0.02557838427008732,-1.320929329018971
V6_MOM,cWRgrande,flag0,limpo_500_599,TODOS,362,49,0.1765940748781338,0.18126474045430874,0.004670665576174908,0.011697336037260801,0.3992931006937757,0.5303999711577532,0.541534216891416,0.01113424573366278,0.02771248884483682,0.40177718414263713
V6_MOM,cWRgrande,flag0,limpo_600_699,TODOS,284,39,0.22819805992363298,0.23590362849337165,0.007705568569738625,0.009321834998497302,0.8266149927541925,0.6431866564262221,0.6683655321660159,0.025178875739793737,0.026968254020700657,0.9336487160224238
V6_MOM,cWRgrande,flag0,TOTAL,TODOS,1745,242,0.21295234622800568,0.2065621122816023,-0.006390233946403378,0.00441723351428572,-1.4466597533811154,0.6192670711751938,0.6043289422826207,-0.01493812889257308,0.011310450019938578,-1.3207369172967887
V6_MOM,cWRgrande,entrou_FIRST,sujo,TODOS,90,90,0.2294340882697122,0.2356154088559133,0.006181320586201079,0.008645341106193175,0.7149886291673361,0.6588804819564624,0.668330462203483,0.009449980247020675,0.019919591933800298,0.47440631707849396
V6_MOM,cWRgrande,entrou_FIRST,limpo_400_499,TODOS,51,51,0.24279837079408445,0.24018156821942735,-0.002616802574657095,0.005212294610592016,-0.5020442569265816,0.6855405829582014,0.6711902574342474,-0.014350325523954148,0.01413797802439902,-1.0150196512675762
V6_MOM,cWRgrande,entrou_FIRST,limpo_500_599,TODOS,46,46,0.22747469123468023,0.23346763603655987,0.0059929448018795975,0.012299862205590224,0.4872367431202469,0.6474874542336615,0.6651062122994535,0.017618758065792037,0.03161082823220994,0.5573646453160426
V6_MOM,cWRgrande,entrou_FIRST,limpo_600_699,TODOS,53,53,0.2219415037771498,0.21120128956422882,-0.010740214212920977,0.00895142850550855,-1.199832429685568,0.6304405603398898,0.6045221896511068,-0.025918370688782964,0.02067644479078136,-1.2535216257457729
V6_MOM,cWRgrande,entrou_FIRST,TOTAL,TODOS,240,240,0.230243834798986,0.23078260992003694,0.0005387751210509793,0.00461721013045908,0.11668845597837452,0.6560816070821354,0.6542291939364318,-0.0018524131457036002,0.011084036178765506,-0.1671244225323265
V6_MOM,cWRgrande,nao_entrou_FIRST,sujo,TODOS,49,32,0.2733990745595682,0.2774337850204742,0.004034710460906033,0.003859607322284086,1.0453681227131477,0.7773366852213375,0.8020570063550382,0.02472032113370088,0.02042273600302142,1.2104314098778761
V6_MOM,cWRgrande,nao_entrou_FIRST,limpo_400_499,TODOS,29,17,0.16259337050776795,0.15993819571601525,-0.002655174791752684,0.004638431600700947,-0.5724294374312734,0.4944125770842501,0.48325461517168394,-0.011157961912566258,0.011256827920040482,-0.9912172409335481
V6_MOM,cWRgrande,nao_entrou_FIRST,limpo_500_599,TODOS,44,21,0.3234553069989617,0.3376615352296084,0.014206228230646696,0.011959837645386133,1.1878278494965335,0.9075770023165671,1.0059909225189767,0.09841392020240956,0.06954556950600621,1.4150997813586124
V6_MOM,cWRgrande,nao_entrou_FIRST,limpo_600_699,TODOS,65,29,0.19566212070251596,0.19746131744371054,0.001799196741194591,0.0028817933305999603,0.6243323287933408,0.5875683290710794,0.5877763017528541,0.0002079726817747867,0.009907252589545846,0.02099196320019537
V6_MOM,cWRgrande,nao_entrou_FIRST,TOTAL,TODOS,187,99,0.24097237300407465,0.2455858627043403,0.00461348970026562,0.0034672540572039936,1.330588882196292,0.69814327167293,0.7261189163430278,0.027975644670097877,0.019347394469406327,1.445964453473838
V6_MOM,cWRgrande,lado_apostado_FIRST,sujo,TODOS,90,90,0.2288082769306385,0.2372303892241596,0.008422112293521048,0.010169267627715996,0.8281926095215416,0.6575925381679374,0.6702269426792038,0.012634404511266394,0.023376567464202455,0.5404730412458545
V6_MOM,cWRgrande,lado_apostado_FIRST,limpo_400_499,TODOS,51,51,0.24534814633774904,0.24103820095748457,-0.004309945380264439,0.008319949085362604,-0.518025451363276,0.6917047392934551,0.673055757555135,-0.01864898173832014,0.020326263111657604,-0.9174820593375325
V6_MOM,cWRgrande,lado_apostado_FIRST,limpo_500_599,TODOS,46,46,0.2263203593698508,0.2358668912789644,0.00954653190911363,0.012044157699594445,0.7926276081087086,0.6452470090170551,0.6681424947938485,0.022895485776793394,0.029324733416358696,0.7807568257047217
V6_MOM,cWRgrande,lado_apostado_FIRST,limpo_600_699,TODOS,53,53,0.22410564602647573,0.2066134110226747,-0.017492235003801013,0.012159196184912657,-1.438601264243576,0.6352615850105026,0.5948481901766294,-0.04041339483387324,0.027495665342615556,-1.4698096710988289
V6_MOM,cWRgrande,lado_apostado_FIRST,TOTAL,TODOS,240,240,0.23080765065582923,0.2310169627585008,0.00020931210267158875,0.005586139879070528,0.03746990000300816,0.6575437356642573,0.6537824054846608,-0.0037613301795964074,0.012950792432589535,-0.2904324348625455
V6_MOM,cWRgrande,entrou_MULTI,sujo,TODOS,459,90,0.21192244772633786,0.21719748177393006,0.005275034047592187,0.0078114462412340385,0.6752954426988217,0.6215951083513706,0.6287475025913136,0.0071523942399430085,0.016868223190646403,0.42401586457008
V6_MOM,cWRgrande,entrou_MULTI,limpo_400_499,TODOS,243,51,0.2759021357107703,0.2497723235608876,-0.02612981214988272,0.009040394167982762,-2.890339919295048,0.7672195067477676,0.6971717410054125,-0.0700477657423551,0.024422095022992907,-2.8682128079678075
V6_MOM,cWRgrande,entrou_MULTI,limpo_500_599,TODOS,217,46,0.22665419489206423,0.24396519205451792,0.01731099716245368,0.012014814184250244,1.440804401714843,0.6452010492601754,0.6869639401306303,0.041762890870454955,0.02997117878134613,1.3934350455527598
V6_MOM,cWRgrande,entrou_MULTI,limpo_600_699,TODOS,265,53,0.23598139927573106,0.232198254336135,-0.003783144939596038,0.012255302367539746,-0.3086945410352617,0.6658546037753827,0.6537684297253705,-0.012086174050012203,0.027827266914436162,-0.43432846233785777
V6_MOM,cWRgrande,entrou_MULTI,TOTAL,TODOS,1184,240,0.23313822093222378,0.23214637063719232,-0.0009918502950314095,0.005258096778932835,-0.18863294776265263,0.6657150275024672,0.6590605115196776,-0.00665451598278966,0.012446372261454378,-0.5346550659904551
V6_MOM,cWRgrande,nao_entrou_MULTI,sujo,TODOS,192,77,0.2562165569640648,0.2632899727475536,0.007073415783488825,0.007572411197069403,0.9341034974733419,0.742862777368689,0.7780652773202085,0.03520249995151958,0.027690317552224827,1.2712927500786704
V6_MOM,cWRgrande,nao_entrou_MULTI,limpo_400_499,TODOS,118,45,0.21162055026938692,0.20150377227368463,-0.010116777995702278,0.006813583980800553,-1.48479537703058,0.6169951121496491,0.5919891913743819,-0.025005920775267233,0.023106961990870003,-1.0821812397989639
V6_MOM,cWRgrande,nao_entrou_MULTI,limpo_500_599,TODOS,142,44,0.2754717628151554,0.29840125348146557,0.022929490666310146,0.013003108985462695,1.7633852559372543,0.7811465285119544,0.8949813431038746,0.11383481459192016,0.055289393958820335,2.058890619721833
V6_MOM,cWRgrande,nao_entrou_MULTI,limpo_600_699,TODOS,162,56,0.19254822075553277,0.19846535063744913,0.005917129881916349,0.009148430326593762,0.646791817905168,0.5690077062525174,0.6006509346429274,0.03164322839041004,0.039078610597373886,0.8097326876953115
V6_MOM,cWRgrande,nao_entrou_MULTI,TOTAL,TODOS,614,222,0.23530066115803985,0.24243238549423443,0.007131724336194583,0.004883618756436782,1.4603360114453485,0.6816565666938962,0.722534299610035,0.04087773291613894,0.019774963207443985,2.067145839277776
V6_MOM,cWRgrande,lado_apostado_MULTI,sujo,TODOS,459,90,0.21285350787238314,0.21760876521956787,0.004755257347184742,0.009343633696513738,0.5089301979977026,0.6225760717185296,0.6286721539907011,0.006096082272171505,0.020355275124387832,0.29948415017332464
V6_MOM,cWRgrande,lado_apostado_MULTI,limpo_400_499,TODOS,243,51,0.27153928914824643,0.2503588192292726,-0.02118046991897387,0.010852581908708914,-1.9516526202835747,0.7556381682184634,0.6977292652868284,-0.057908902931634955,0.028122633305825605,-2.0591564915664966
V6_MOM,cWRgrande,lado_apostado_MULTI,limpo_500_599,TODOS,217,46,0.2268907459304516,0.24600632541589618,0.019115579485444567,0.012142766065682167,1.5742360004339484,0.6453755436065662,0.6896663433322455,0.04429079972567922,0.0293154529438874,1.510834569414843
V6_MOM,cWRgrande,lado_apostado_MULTI,limpo_600_699,TODOS,265,53,0.23818930929854684,0.23494818963471678,-0.0032411196638300744,0.014102903082320989,-0.22981932478094194,0.6714865288019953,0.6603034193490551,-0.01118310945294025,0.03187140616407038,-0.3508822106991725
V6_MOM,cWRgrande,lado_apostado_MULTI,TOTAL,TODOS,1184,240,0.23314127213468808,0.23341575943998674,0.0002744873052986888,0.005835964233072847,0.04703375386421127,0.6650109078471667,0.6611036594400574,-0.0039072484071092485,0.01357648831580023,-0.28779521745413483
V6_MOM,cPROBSgrande,flag1,sujo,TODOS,669,95,0.2199558441885079,0.21798371415347598,-0.0019721300350319204,0.005922651267888266,-0.3329809481987427,0.6468405170107894,0.6362366553468312,-0.010603861663958235,0.013079842281101935,-0.8107025632318935
V6_MOM,cPROBSgrande,flag1,limpo_400_499,TODOS,299,41,0.21979533983595725,0.20991043550019303,-0.009884904335764243,0.009564746122864473,-1.0334727350613555,0.6311619689398,0.6042044611457271,-0.026957507794072886,0.022962398710410586,-1.1739848320746653
V6_MOM,cPROBSgrande,flag1,limpo_500_599,TODOS,363,50,0.2152475195500257,0.23598332778225695,0.02073580823223124,0.011154340947070223,1.8589899959690281,0.62254630060584,0.6886105329675993,0.06606423236175916,0.03175958546344471,2.0801352220985097
V6_MOM,cPROBSgrande,flag1,limpo_600_699,TODOS,373,53,0.22772858666029439,0.24232138255003727,0.0145927958897429,0.0076465869313510374,1.90840645908469,0.6463858011835545,0.6900420462821866,0.04365624509863217,0.025301609861582836,1.7254334936575886
V6_MOM,cPROBSgrande,flag1,TOTAL,TODOS,1704,239,0.22062610257864562,0.2257289604808429,0.005102857902197288,0.004149007765095709,1.2298983735644022,0.638814522039087,0.653550917277052,0.014736395237965097,0.011447385005141914,1.2873154201894872
V6_MOM,cPROBSgrande,flag0,sujo,TODOS,728,105,0.23072015243974647,0.22500467734092647,-0.005715475098819993,0.006062848779971143,-0.9427045447185303,0.6643125802557106,0.6530684522620934,-0.011244127993617225,0.01582345250299367,-0.7105989032096457
V6_MOM,cPROBSgrande,flag0,limpo_400_499,TODOS,415,59,0.2422034434878786,0.21724368183794157,-0.024959761649937014,0.005194258782371122,-4.805259555925159,0.6941193194183549,0.6366761726706286,-0.05744314674772628,0.014795918380538864,-3.8823643974193245
V6_MOM,cPROBSgrande,flag0,limpo_500_599,TODOS,358,50,0.20696412324177407,0.21024947689860052,0.003285353656826441,0.004653963353260314,0.7059259833932514,0.6060109418361518,0.620749409990366,0.014738468154214337,0.018933623942314886,0.7784282712658739
V6_MOM,cPROBSgrande,flag0,limpo_600_699,TODOS,338,47,0.21773186024996158,0.2079724230866751,-0.009759437163286491,0.008058416380846157,-1.211086236060406,0.6218752218845133,0.6005450093528708,-0.021330212531642558,0.02070171839393696,-1.0303595153670755
V6_MOM,cPROBSgrande,flag0,TOTAL,TODOS,1839,261,0.22629974165777444,0.21725042131589745,-0.00904932034187699,0.0034146873936369898,-2.650116774595446,0.6518895150402841,0.6334241146508625,-0.018465400389421533,0.009509997362800027,-1.9416830189303826
V6_MOM,cPROBSgrande,entrou_FIRST,sujo,TODOS,94,94,0.21481925333441257,0.21076688708323685,-0.004052366251175737,0.008856143477399138,-0.45757685176593726,0.6260761047506097,0.6117003129749138,-0.014375791775695937,0.021238859654788077,-0.6768626945776285
V6_MOM,cPROBSgrande,entrou_FIRST,limpo_400_499,TODOS,38,38,0.2151039911270077,0.2051536916246775,-0.009950299502330201,0.005634232590844009,-1.766043439260935,0.6170560106166634,0.5906297448444606,-0.026426265772202744,0.01261117785471533,-2.095463728815936
V6_MOM,cPROBSgrande,entrou_FIRST,limpo_500_599,TODOS,44,44,0.22189674143244426,0.21602759352152062,-0.0058691479109236186,0.010737206156950195,-0.5466177909906776,0.6360211468779857,0.6197199202878834,-0.01630122659010232,0.02529331287905764,-0.6444876030296296
V6_MOM,cPROBSgrande,entrou_FIRST,limpo_600_699,TODOS,45,45,0.23493020229291103,0.23707196265690586,0.0021417603639948568,0.008969859878769987,0.2387730012443127,0.6578587358259338,0.6615877312149917,0.0037289953890579652,0.020443338920620863,0.18240637713522365
V6_MOM,cPROBSgrande,entrou_FIRST,TOTAL,TODOS,221,221,0.22037229503379918,0.21620533982836962,-0.004166955205429581,0.004765981473073772,-0.8743120863921751,0.6329767231890902,0.6198320548464836,-0.013144668342606407,0.011273045866697662,-1.166026333791279
V6_MOM,cPROBSgrande,nao_entrou_FIRST,sujo,TODOS,48,34,0.21651259273738355,0.2159323580282102,-0.0005802347091733354,0.004452165372643665,-0.13032640537986037,0.6232866597902165,0.6187391340712696,-0.0045475257189469,0.013402699229493414,-0.33929924421043534
V6_MOM,cPROBSgrande,nao_entrou_FIRST,limpo_400_499,TODOS,33,16,0.1228386691745756,0.12428513697382058,0.0014464677992450062,0.002704050418466838,0.534926342115002,0.388448140983673,0.3920738440707983,0.0036257030871253704,0.0057445702454437435,0.6311530597090471
V6_MOM,cPROBSgrande,nao_entrou_FIRST,limpo_500_599,TODOS,59,22,0.1655743340784245,0.16978838144914488,0.0042140473707203965,0.006145829274060304,0.6856759572718074,0.5108193259343001,0.5327773833984846,0.021958057464184385,0.03852393501751002,0.5699848017655501
V6_MOM,cPROBSgrande,nao_entrou_FIRST,limpo_600_699,TODOS,72,30,0.17428692692199116,0.174042736961257,-0.0002441899607341583,0.004108792565063145,-0.0594310753992531,0.5366932409057807,0.528806930831579,-0.007886310074201739,0.015171467295281349,-0.5198119549487841
V6_MOM,cPROBSgrande,nao_entrou_FIRST,TOTAL,TODOS,212,102,0.17341426878851798,0.1745978975103784,0.0011836287218604201,0.0025187044031010257,0.46993554321147724,0.5260226504609977,0.5289899996704791,0.0029673492094813188,0.012421102659970805,0.238895796187574
V6_MOM,cPROBSgrande,lado_apostado_FIRST,sujo,TODOS,94,94,0.21411694002249781,0.2134738932067581,-0.0006430468157396793,0.009925873707252314,-0.06478490808016617,0.6256679892464114,0.6187722764750737,-0.006895712771337717,0.024330147524608832,-0.28342256307172076
V6_MOM,cPROBSgrande,lado_apostado_FIRST,limpo_400_499,TODOS,38,38,0.2130208920311365,0.20843202886252257,-0.004588863168613932,0.008570661064770209,-0.5354153120669422,0.613012572989337,0.5965877525918591,-0.01642482039747791,0.017947216669910594,-0.9151736840072223
V6_MOM,cPROBSgrande,lado_apostado_FIRST,limpo_500_599,TODOS,44,44,0.22197801786268617,0.2197398798604378,-0.0022381380022483506,0.01227815976693304,-0.18228611165950115,0.6365159743967612,0.6284229202692747,-0.008093054127486538,0.0294141444007584,-0.275141578732369
V6_MOM,cPROBSgrande,lado_apostado_FIRST,limpo_600_699,TODOS,45,45,0.23661692804057255,0.2354077222559138,-0.0012092057846587278,0.00946695362353171,-0.1277291336521437,0.6617136987521197,0.6590435131393161,-0.002670185612803544,0.02191492819067529,-0.12184322894289457
V6_MOM,cPROBSgrande,lado_apostado_FIRST,TOTAL,TODOS,221,221,0.22007502627638884,0.2183206573465453,-0.0017543689298435722,0.005404742837466358,-0.3245980396480783,0.6329913487785537,0.625079163666357,-0.00791218511219671,0.012940326326043892,-0.6114362893826356
V6_MOM,cPROBSgrande,entrou_MULTI,sujo,TODOS,464,94,0.22302505550920396,0.22132536811975062,-0.001699687389453338,0.008906133812912543,-0.1908445825268254,0.6516330676328927,0.6377782500958106,-0.013854817537082342,0.022225214968620458,-0.6233828359655378
V6_MOM,cPROBSgrande,entrou_MULTI,limpo_400_499,TODOS,189,38,0.25458037064952466,0.2421964577976493,-0.012383912851875298,0.012919263694482647,-0.9585618147235451,0.7173627500990284,0.6812388292698207,-0.03612392082920776,0.029604640866152127,-1.2202114186262372
V6_MOM,cPROBSgrande,entrou_MULTI,limpo_500_599,TODOS,211,44,0.21431587635203322,0.23157265158836995,0.017256775236336765,0.01650792196966772,1.045363266681598,0.6206009157146091,0.6593399597414628,0.038739044026853776,0.03603593114670376,1.0750116007588517
V6_MOM,cPROBSgrande,entrou_MULTI,limpo_600_699,TODOS,224,45,0.24544948624283466,0.25823459088486844,0.012785104642033779,0.008524119339739612,1.4998739614577392,0.6851195109464762,0.7139565352474719,0.02883702430099584,0.020783405949263523,1.3875023358246872
V6_MOM,cPROBSgrande,entrou_MULTI,TOTAL,TODOS,1088,221,0.23143442154200805,0.23453720512378365,0.0031027835817755917,0.005629520774408971,0.5511630041193596,0.6639272672961138,0.6651932372953442,0.0012659699992304603,0.01341991491311111,0.09433517331720348
V6_MOM,cPROBSgrande,nao_entrou_MULTI,sujo,TODOS,205,82,0.21300894636995682,0.2104201656639568,-0.0025887807060000325,0.0034797228312694307,-0.7439617554412012,0.6359929877978333,0.6327473872320681,-0.003245600565765139,0.016750436523097934,-0.19376214830518798
V6_MOM,cPROBSgrande,nao_entrou_MULTI,limpo_400_499,TODOS,110,38,0.1600283323471915,0.15443717900729081,-0.005591153339900703,0.00824286567898025,-0.6783021290955211,0.4830533540389437,0.47184541045978445,-0.011207943579159328,0.02611379550884842,-0.42919626813197714
V6_MOM,cPROBSgrande,nao_entrou_MULTI,limpo_500_599,TODOS,152,42,0.21654078741039684,0.24210604276192896,0.02556525535153212,0.014282597693758068,1.7899583744982834,0.6252468020009042,0.7292427102749334,0.10399590827402916,0.058266141737689,1.7848428808314283
V6_MOM,cPROBSgrande,nao_entrou_MULTI,limpo_600_699,TODOS,149,47,0.20108777118050225,0.21839817001982129,0.017310398839319032,0.012114660857291848,1.428880184367675,0.5881552576473503,0.6540900628712881,0.06593480522393778,0.04974906025703685,1.3253477529680877
V6_MOM,cPROBSgrande,nao_entrou_MULTI,TOTAL,TODOS,616,209,0.20153608466933015,0.21017154137123326,0.00863545670190314,0.005050642787383023,1.7097737981936312,0.5944595434032992,0.6329878585434449,0.03852831514014575,0.02024113394463313,1.9034662408506715
V6_MOM,cPROBSgrande,lado_apostado_MULTI,sujo,TODOS,464,94,0.22577205262448558,0.22218058837237054,-0.0035914642521150367,0.008817654561607461,-0.4073038047728093,0.6579486812154639,0.6390942721396143,-0.018854409075849638,0.022310796588722936,-0.845080049063764
V6_MOM,cPROBSgrande,lado_apostado_MULTI,limpo_400_499,TODOS,189,38,0.252531776233694,0.24219345472849776,-0.01033832150519623,0.013892392933043897,-0.7441714004940003,0.708890433587499,0.6801998141221827,-0.02869061946531639,0.029256495532415838,-0.9806581049164804
V6_MOM,cPROBSgrande,lado_apostado_MULTI,limpo_500_599,TODOS,211,44,0.2135290415469572,0.23219467438549352,0.018665632838536294,0.016758561776376517,1.1137968214461014,0.6178220553377362,0.659615300130606,0.04179324479286979,0.03675186656415532,1.1371733928102419
V6_MOM,cPROBSgrande,lado_apostado_MULTI,limpo_600_699,TODOS,224,45,0.24624320632631072,0.2593921278003172,0.013148921474006444,0.009277983424102966,1.417217607852941,0.6872030440560978,0.7164554036778445,0.02925235962174682,0.022248240102893214,1.314816789393727
V6_MOM,cPROBSgrande,lado_apostado_MULTI,TOTAL,TODOS,1088,221,0.23226088612999177,0.23526035741826853,0.0029994712882767806,0.005716355977166001,0.5247173724411455,0.6650389849051845,0.6661418620342543,0.0011028771290696542,0.013578321982018169,0.08122337432638578
V6_MOM,bisolo,flag1,limpo_400_499,TODOS,338,47,0.2630375201329309,0.24346159997054537,-0.019575920162385515,0.009585987785353118,-2.0421390680568656,0.7395156261197932,0.6862845714154162,-0.053231054704376966,0.02526017098268055,-2.1073117335933493
V6_MOM,bisolo,flag1,limpo_500_599,TODOS,351,48,0.23943800409944,0.254238971568039,0.014800967468599022,0.00781177164545133,1.8947004777357246,0.6776170443840163,0.7334523478223599,0.0558353034383436,0.02578791375370664,2.1651733432805544
V6_MOM,bisolo,flag1,limpo_600_699,TODOS,327,46,0.20182163199043499,0.19796320186817612,-0.0038584301222588956,0.010652251301263991,-0.3622173391460504,0.5832906058708774,0.5762371513626832,-0.007053454508194286,0.026324297029439756,-0.26794464825807357
V6_MOM,bisolo,flag1,TOTAL,TODOS,1016,141,0.23518218002431723,0.23254120750129884,-0.0026409725230184117,0.0061807309426664715,-0.42729129410688305,0.667850287723481,0.6671609327949374,-0.0006893549285436471,0.017625401624564836,-0.03911144513058249
V6_MOM,bisolo,flag0,limpo_400_499,TODOS,376,53,0.20565572833375056,0.18784395581717855,-0.01781177251657198,0.006829174060949388,-2.6081883925646783,0.6032464485189558,0.5662594691555123,-0.036986979363443556,0.01932745779183182,-1.9137012100512778
V6_MOM,bisolo,flag0,limpo_500_599,TODOS,370,52,0.1842845034548946,0.19376589647101775,0.009481393016123106,0.01046341941462671,0.9061467040945679,0.5543044370769529,0.5804111842111926,0.02610674713423975,0.025927184605664854,1.006925647011271
V6_MOM,bisolo,flag0,limpo_600_699,TODOS,384,54,0.24099077585391815,0.2498609054259544,0.008870129572036266,0.00791514888555327,1.120652270764739,0.6785408872881624,0.7081779893982514,0.029637102110088923,0.02664509636342073,1.1122910461969924
V6_MOM,bisolo,flag0,TOTAL,TODOS,1130,159,0.2106657327961998,0.21085778474787803,0.00019205195167823938,0.005460921734472828,0.035168413139101545,0.6128079708674817,0.6191203951234889,0.006312424256007145,0.014958522405020191,0.4219951733928378
V6_MOM,bisolo,entrou_FIRST,limpo_400_499,TODOS,45,45,0.2615604352123102,0.25747835982458683,-0.004082075387723419,0.0072498873878075335,-0.5630536268174912,0.7281300067117177,0.7109953983175651,-0.017134608394152633,0.016635049333305934,-1.0300305127347296
V6_MOM,bisolo,entrou_FIRST,limpo_500_599,TODOS,43,43,0.24400161741363394,0.24400288711250626,1.269698872316409e-06,0.011962681417989939,0.0001061383169835976,0.686880495752394,0.6842331658034492,-0.002647329948944802,0.031007679602826452,-0.08537659002073439
V6_MOM,bisolo,entrou_FIRST,limpo_600_699,TODOS,40,40,0.2030465498922625,0.20795750124001197,0.0049109513477494735,0.005260848429947908,0.9334903700690919,0.5881169245644361,0.600504257541495,0.012387332977058815,0.011450685607238706,1.0817983657876342
V6_MOM,bisolo,entrou_FIRST,TOTAL,TODOS,128,128,0.2373761806955525,0.2374761749026926,9.999420714011491e-05,0.004970336358577237,0.020118197225738328,0.6705186609527943,0.6674764793398323,-0.0030421816129620497,0.012419553655599486,-0.24495096179164622
V6_MOM,bisolo,nao_entrou_FIRST,limpo_400_499,TODOS,25,14,0.1936218296325592,0.19308360691904142,-0.0005382227135177539,0.005410273090517385,-0.0994816166416996,0.5487235388208069,0.5426993320781572,-0.00602420674264961,0.016569769803797492,-0.3635661094862628
V6_MOM,bisolo,nao_entrou_FIRST,limpo_500_599,TODOS,55,22,0.1630830447142413,0.16833686633051395,0.005253821616272644,0.00766654202364317,0.6852922217174527,0.5060405297126526,0.5391362531572872,0.03309572344463481,0.04548790205905998,0.7275719904968231
V6_MOM,bisolo,nao_entrou_FIRST,limpo_600_699,TODOS,48,22,0.09847518065069917,0.0922964854558354,-0.006178695194863782,0.003668214796236547,-1.684387512204273,0.33420899699580126,0.3102449109371243,-0.023964086058676944,0.01615916225392557,-1.4830029974391348
V6_MOM,bisolo,nao_entrou_FIRST,TOTAL,TODOS,128,58,0.14481970211977196,0.14465507127370625,-0.00016463084606570299,0.004018352599148473,-0.0409697362298644,0.4499402301602697,0.4539979136764586,0.004057683516188912,0.02188504272167897,0.18540898310284934
V6_MOM,bisolo,lado_apostado_FIRST,limpo_400_499,TODOS,45,45,0.26126677973942064,0.2607150105253459,-0.000551769214074758,0.00864359378025615,-0.06383562533157436,0.728238385490297,0.7182999841761691,-0.009938401314127831,0.018767171018673184,-0.5295631027307847
V6_MOM,bisolo,lado_apostado_FIRST,limpo_500_599,TODOS,43,43,0.2468835030562194,0.2369408921297268,-0.00994261092649262,0.012827640704581665,-0.7750927201243955,0.6949157811605055,0.6668810434057013,-0.028034737754804147,0.031088286767332014,-0.9017781508713894
V6_MOM,bisolo,lado_apostado_FIRST,limpo_600_699,TODOS,40,40,0.20497075072988818,0.200917165674776,-0.004053585055112168,0.008956256643362321,-0.4525981351948382,0.5916727569240313,0.5863650015400791,-0.005307755383952252,0.02050555640192759,-0.2588447384657802
V6_MOM,bisolo,lado_apostado_FIRST,TOTAL,TODOS,128,128,0.23884238866317883,0.2340415661110145,-0.0048008225521643235,0.0056976842476143905,-0.8425918923419491,0.6743673141712996,0.6597967516873119,-0.014570562483987663,0.0133655872668153,-1.0901550521587728
V6_MOM,bisolo,entrou_MULTI,limpo_400_499,TODOS,216,45,0.2914882969092587,0.26642183566308303,-0.025066461246175686,0.013560738276978094,-1.8484584492520384,0.807649238128248,0.7356177105316808,-0.0720315275965673,0.034938856442525645,-2.0616452549057818
V6_MOM,bisolo,entrou_MULTI,limpo_500_599,TODOS,205,43,0.24347238436869,0.2555948745365461,0.012122490167856105,0.009751045188365417,1.2431990554530716,0.6817925770032746,0.7159288959943696,0.03413631899109501,0.02292676614467583,1.4889286511531117
V6_MOM,bisolo,entrou_MULTI,limpo_600_699,TODOS,204,40,0.2251021131669699,0.22043831231075173,-0.004663800856218141,0.015425883003791064,-0.3023360708150039,0.6391486894296534,0.6304890852508876,-0.008659604178765825,0.03532078658727016,-0.24517019623472375
V6_MOM,bisolo,entrou_MULTI,TOTAL,TODOS,625,128,0.2540706272224691,0.24786157039137796,-0.006209056831091115,0.008309404282461104,-0.7472324874355611,0.7113696741840355,0.6948457960717918,-0.016523878112243658,0.020814066795522196,-0.7938803250020557
V6_MOM,bisolo,nao_entrou_MULTI,limpo_400_499,TODOS,122,42,0.21266565305353083,0.20281069087556072,-0.009854962177970135,0.008533191222361361,-1.1548976134678728,0.6188856245310532,0.5989406529800624,-0.019944971550990828,0.028464066898063783,-0.7007070220295031
V6_MOM,bisolo,nao_entrou_MULTI,limpo_500_599,TODOS,146,41,0.2337732920775478,0.2523351352081489,0.01856184313060106,0.009105535629530306,2.0385229255929604,0.6717541389939619,0.7580571945671408,0.08630305557317894,0.04298956418733489,2.007535019361852
V6_MOM,bisolo,nao_entrou_MULTI,limpo_600_699,TODOS,123,41,0.16321010223423085,0.16068740893902628,-0.0025226932952045382,0.009343443466784925,-0.2699960998503902,0.4906479307002247,0.4862583341822467,-0.004389596517978079,0.030831490766777398,-0.14237380057885837
V6_MOM,bisolo,nao_entrou_MULTI,TOTAL,TODOS,391,124,0.20498964933673436,0.2080521363854434,0.0030624870487090546,0.005603302504600164,0.5465503685005108,0.5982860510537968,0.622907634718124,0.024621583664327214,0.02167757925300056,1.1358087255485019
V6_MOM,bisolo,lado_apostado_MULTI,limpo_400_499,TODOS,216,45,0.2893116226675805,0.26912339605449026,-0.020188226613090225,0.014385881543488374,-1.403336080035236,0.8006982527287996,0.7417736079428073,-0.05892464478599227,0.0368737850826275,-1.5980091182381404
V6_MOM,bisolo,lado_apostado_MULTI,limpo_500_599,TODOS,205,43,0.24470133942079325,0.25206851005164693,0.007367170630853673,0.010705822488398993,0.6881461596095827,0.6838845271681108,0.705937955774705,0.02205342860659418,0.024311321524328057,0.9071258666266073
V6_MOM,bisolo,lado_apostado_MULTI,limpo_600_699,TODOS,204,40,0.22736340971740066,0.22264314550216327,-0.004720264215237396,0.014501645967228943,-0.32549851416207,0.6437375203916994,0.6358620113556531,-0.00787550903604639,0.03328283766424657,-0.23662372528128817
V6_MOM,bisolo,lado_apostado_MULTI,TOTAL,TODOS,625,128,0.25445955305569556,0.2483582396652781,-0.006101313390417462,0.0081241942837022,-0.7510053523285622,0.7111513677100642,0.6954499689056226,-0.015701398804441578,0.020161985157599226,-0.7787625415706442
V6_MOM,bipro,flag1,limpo_400_499,TODOS,315,45,0.24004472728471166,0.21954198042066952,-0.02050274686404215,0.009457312243708361,-2.1679253402764567,0.679363581265919,0.6302113269524653,-0.04915225431345364,0.02384935644826738,-2.060946777330106
V6_MOM,bipro,flag1,limpo_500_599,TODOS,307,42,0.22536151543217736,0.24387852298830906,0.018517007556131688,0.007801939939912972,2.373385042533183,0.6435084231455304,0.6993224426437676,0.05581401949823732,0.022664849343428932,2.4625806530860133
V6_MOM,bipro,flag1,limpo_600_699,TODOS,417,58,0.23502963688633635,0.2379110251597122,0.002881388273375867,0.009913290189143237,0.2906591271313216,0.6674672964191078,0.6854405207141936,0.01797322429508573,0.03320642928823053,0.5412573613103304
V6_MOM,bipro,flag1,TOTAL,TODOS,1039,145,0.2336933906775408,0.23410522414005946,0.0004118334625186591,0.006036699061501186,0.06822163210770453,0.6639946839376422,0.6727981280264503,0.008803444088808194,0.01813069701846502,0.4855546413820946
V6_MOM,bipro,flag0,limpo_400_499,TODOS,257,35,0.22953964618914782,0.21687544117727323,-0.012664205011874595,0.009458450192707331,-1.3389302426774916,0.6636918401693032,0.6334975002989904,-0.03019433987031261,0.026303747475490885,-1.1479101941062533
V6_MOM,bipro,flag0,limpo_500_599,TODOS,414,58,0.2005845905302802,0.20787573467934148,0.0072911441490613,0.00639640745523341,1.1398811286006858,0.5927032328299141,0.6219853196911906,0.029282086861276452,0.018850605264573758,1.553376480505204
V6_MOM,bipro,flag0,limpo_600_699,TODOS,294,42,0.2058801802965121,0.2090872693974833,0.003207089100971194,0.011509303306373795,0.2786518884418594,0.5883056674546373,0.5936775485942423,0.00537188113960498,0.027218169210400725,0.19736379394512152
V6_MOM,bipro,flag0,TOTAL,TODOS,965,135,0.209909308349556,0.21064165776442142,0.0007323494148654287,0.005210520692735282,0.14055205958331568,0.6102692306184028,0.6164269214670474,0.0061576908486445335,0.0139004371116676,0.4429854111189034
V6_MOM,bipro,entrou_FIRST,limpo_400_499,TODOS,43,43,0.23996328445339762,0.2289149743182368,-0.011048310135160827,0.010812986017136407,-1.0217631020378164,0.6767013046329823,0.645687475426927,-0.031013829206055256,0.024409572980296158,-1.2705600884984827
V6_MOM,bipro,entrou_FIRST,limpo_500_599,TODOS,40,40,0.22594092239098712,0.2342662238956358,0.008325301504648677,0.011636965618849889,0.715418587399031,0.6454507440476922,0.6631210531752794,0.017670309127587082,0.026884744625594766,0.6572615575736073
V6_MOM,bipro,entrou_FIRST,limpo_600_699,TODOS,51,51,0.23258504737616742,0.23930520848729966,0.006720161111132264,0.005742344518347129,1.1702817707403228,0.6557914590858415,0.6698704820517726,0.014079022965931005,0.014030493752651845,1.003458838593616
V6_MOM,bipro,entrou_FIRST,TOTAL,TODOS,134,134,0.23296936972626955,0.2344668543609097,0.0014974846346401264,0.005535566254196815,0.2705205873933496,0.6594145542873421,0.6600955086194734,0.0006809543321312585,0.012909599955631856,0.05274790345723997
V6_MOM,bipro,nao_entrou_FIRST,limpo_400_499,TODOS,27,16,0.1269981696178121,0.13424120647930482,0.007243036861492715,0.005388996338918943,1.3440418968526708,0.39955325396823926,0.41548046898997015,0.015927215021730876,0.012590025530143665,1.2650661417323694
V6_MOM,bipro,nao_entrou_FIRST,limpo_500_599,TODOS,26,14,0.12231743283765349,0.11621026982653247,-0.006107163011121015,0.0043207573267792995,-1.413447354071446,0.38774899344551866,0.36580350957038116,-0.021945483875137506,0.01033311861456702,-2.123800634999008
V6_MOM,bipro,nao_entrou_FIRST,limpo_600_699,TODOS,66,29,0.19262784061498278,0.1907812609407377,-0.001846579674245116,0.0031427083696558547,-0.5875758922064179,0.5852696369839866,0.5730727177878344,-0.012196919196152253,0.013513134415800007,-0.9025973412868008
V6_MOM,bipro,nao_entrou_FIRST,TOTAL,TODOS,119,59,0.1623751370928469,0.16166002363461987,-0.0007151134582270648,0.002300282199938551,-0.3108807511731248,0.4999765355266308,0.49203078391223676,-0.007945751614394035,0.008415614364873904,-0.9441677422338839
V6_MOM,bipro,lado_apostado_FIRST,limpo_400_499,TODOS,43,43,0.2414275952038838,0.23356892973755797,-0.007858665466325826,0.013030950052141515,-0.6030769387404972,0.679701885912741,0.6559924510355426,-0.023709434877198413,0.029124264243969522,-0.8140784151176521
V6_MOM,bipro,lado_apostado_FIRST,limpo_500_599,TODOS,40,40,0.22831622067290902,0.23402647907240298,0.005710258399493931,0.012041147557495854,0.47422875371535345,0.6512738056686047,0.6606544265627564,0.009380620894151686,0.0276555282780404,0.3391951439090851
V6_MOM,bipro,lado_apostado_FIRST,limpo_600_699,TODOS,51,51,0.23237326024430352,0.23563023329510965,0.003256973050806127,0.00732017984484003,0.44493074211857736,0.6556741435336163,0.6631922124704045,0.007518068936788208,0.01927071922929401,0.39012913048724
V6_MOM,bipro,lado_apostado_FIRST,TOTAL,TODOS,134,134,0.23406769920255854,0.2344900376094157,0.00042233840685715877,0.006199238556585652,0.06812746484945235,0.662071004785123,0.6601242932315614,-0.0019467115535616863,0.014558869067782936,-0.13371310261107644
V6_MOM,bipro,entrou_MULTI,limpo_400_499,TODOS,205,43,0.2671261771075003,0.23862506567713967,-0.02850111143036065,0.012618438890939387,-2.2586875981010412,0.745007700530155,0.6759378159172865,-0.06906988461286838,0.02920903069660283,-2.364675683020922
V6_MOM,bipro,entrou_MULTI,limpo_500_599,TODOS,205,40,0.2260362492972322,0.24673075893636434,0.020694509639132132,0.009045186680669495,2.287902988598174,0.6425681088687824,0.6926200351438249,0.05005192627504246,0.018914721211332343,2.6461889507023204
V6_MOM,bipro,entrou_MULTI,limpo_600_699,TODOS,251,51,0.23713658823051834,0.23357398967671253,-0.0035625985538058074,0.010279322458225472,-0.34657912214389486,0.6687911616291993,0.66161699500928,-0.007174166619919286,0.025531257867774233,-0.2809954236126603
V6_MOM,bipro,entrou_MULTI,TOTAL,TODOS,661,134,0.24299482762304125,0.23922090083906683,-0.0037739267839744374,0.0071329559263276195,-0.5290831491114276,0.6842959493127249,0.6756735631087096,-0.008622386204015214,0.01687725504903177,-0.5108879482454626
V6_MOM,bipro,nao_entrou_MULTI,limpo_400_499,TODOS,110,40,0.18957475261496917,0.18397804880633872,-0.005596703808630405,0.011938927433299778,-0.468777772534257,0.5570268135462063,0.5449937793362074,-0.01203303420999888,0.037280715104371025,-0.3227683314633643
V6_MOM,bipro,nao_entrou_MULTI,limpo_500_599,TODOS,102,35,0.22400543266417502,0.23814608799466855,0.01414065533049353,0.008865969476983222,1.5949361620524212,0.6453982704664455,0.7127929675211039,0.06739469705465839,0.041775234625154714,1.6132691452097092
V6_MOM,bipro,nao_entrou_MULTI,limpo_600_699,TODOS,166,53,0.2318438249141094,0.24446883182376597,0.012625006909656594,0.014023920400883572,0.9002480439678737,0.6654655484207165,0.7214628397017436,0.05599729128102705,0.056950721510342854,0.9832586804164958
V6_MOM,bipro,nao_entrou_MULTI,TOTAL,TODOS,378,128,0.21742817951093812,0.22515955668491694,0.00773137717397881,0.0075768670336136676,1.0203923521001068,0.6284943230568759,0.6677699201180551,0.03927559706117928,0.02985685475174875,1.3154633127884598
V6_MOM,bipro,lado_apostado_MULTI,limpo_400_499,TODOS,205,43,0.26523096172463506,0.24031709466942872,-0.024913867055206325,0.015563430173264505,-1.600795375945104,0.7396759435324782,0.6790986437921284,-0.060577299740349824,0.0336808497436408,-1.798568034994048
V6_MOM,bipro,lado_apostado_MULTI,limpo_500_599,TODOS,205,40,0.22730109999364656,0.24609630275318287,0.018795202759536292,0.008528548193771433,2.203798622286358,0.6454463827025216,0.6904236647106727,0.04497728200815114,0.01789083018445568,2.5139851837188267
V6_MOM,bipro,lado_apostado_MULTI,limpo_600_699,TODOS,251,51,0.24111694845134876,0.23533405740613855,-0.00578289104521019,0.011444987346450854,-0.5052771899309694,0.6781864046746966,0.6654377172715095,-0.01274868740318713,0.027838816860926558,-0.45794645177901483
V6_MOM,bipro,lado_apostado_MULTI,TOTAL,TODOS,661,134,0.24431078171488088,0.24021723885109855,-0.004093542863782322,0.0075598943203123315,-0.5414814930393366,0.6871026693669043,0.6774235102544979,-0.009679159112406507,0.017351920340640196,-0.557814865582157
V6_MOM,bisolo30,flag1,limpo_400_499,TODOS,299,42,0.24697952655198874,0.2150193705096544,-0.03196015604233434,0.005792722346140342,-5.517294655703498,0.7110833994050669,0.6345828988757957,-0.07650050052927124,0.018600086083470246,-4.112911100839294
V6_MOM,bisolo30,flag1,limpo_500_599,TODOS,317,44,0.17153566824837121,0.18634247234442608,0.014806804096054891,0.012345129021190433,1.1994045643945064,0.5162858459265712,0.5515973944044738,0.03531154847790251,0.029267806302769435,1.2064979558977467
V6_MOM,bisolo30,flag1,limpo_600_699,TODOS,312,45,0.24511696561835059,0.2560457189026977,0.010928753284347118,0.011930793381459729,0.9160122830833894,0.6834525480490525,0.7230100156423196,0.03955746759326708,0.033996805291710216,1.1635642600486575
V6_MOM,bisolo30,flag1,TOTAL,TODOS,928,131,0.2205820889511893,0.21901683169527095,-0.0015652572559183898,0.007208254204946064,-0.21714789898008346,0.6352518799268777,0.6359652862828501,0.0007134063559723363,0.019188610097003025,0.037178636303822746
V6_MOM,bisolo30,flag0,limpo_400_499,TODOS,415,58,0.22261772823946074,0.21356278649377541,-0.009054941745685307,0.005932365095706829,-1.5263628585904538,0.6365373731313313,0.614789057294025,-0.021748315837306256,0.014371333413962606,-1.5133123149294188
V6_MOM,bisolo30,flag0,limpo_500_599,TODOS,404,56,0.2422059378279227,0.2521304380729584,0.009924500245035654,0.005168927618623522,1.920030802768048,0.6912713146993544,0.7359840054890382,0.0447126907896837,0.016584197302385126,2.696102197436662
V6_MOM,bisolo30,flag0,limpo_600_699,TODOS,399,55,0.20566325392443968,0.20249195588175037,-0.003171298042689308,0.006716520870099837,-0.4721638038537307,0.5966379294414209,0.5884480489827625,-0.00818988045865844,0.01660491146420768,-0.49322036292165367
V6_MOM,bisolo30,flag0,TOTAL,TODOS,1218,169,0.22356091495706765,0.22272868946897406,-0.000832225488093622,0.003741557893907228,-0.22242753197774173,0.6416216377957049,0.6463594158774335,0.004737778081728572,0.011025014036557297,0.42972989113835214
V6_MOM,bisolo30,entrou_FIRST,limpo_400_499,TODOS,40,40,0.21724978287044774,0.20142546493871358,-0.015824317931734153,0.00788282975665192,-2.007441289516726,0.6332423608138866,0.5867602479350159,-0.04648211287887063,0.017340175752143746,-2.6806021774677857
V6_MOM,bisolo30,entrou_FIRST,limpo_500_599,TODOS,39,39,0.18833283541763307,0.18446397660169336,-0.003868858815939721,0.01220673270687146,-0.31694466560751744,0.5595414290273565,0.5502006934042873,-0.009340735623069215,0.028299973457701945,-0.33006163899871427
V6_MOM,bisolo30,entrou_FIRST,limpo_600_699,TODOS,38,38,0.25833694951939945,0.2547898860349063,-0.0035470634844930633,0.007951709978819952,-0.44607556034374557,0.7136197795832604,0.7020352449578237,-0.011584534625436734,0.01701505705035408,-0.6808401870856885
V6_MOM,bisolo30,entrou_FIRST,TOTAL,TODOS,117,117,0.22095535023797247,0.21310366969522246,-0.007851680542750015,0.005558177732180611,-1.4126357452174538,0.6347808699896262,0.6120134723808986,-0.022767397608727525,0.01282546457251267,-1.775171377224202
V6_MOM,bisolo30,nao_entrou_FIRST,limpo_400_499,TODOS,33,16,0.2969925429868103,0.30721726006858424,0.010224717081773912,0.013185875077644647,0.7754295427164264,0.8741952569180572,0.9273419406098306,0.05314668369177333,0.05996297665531431,0.886324973446146
V6_MOM,bisolo30,nao_entrou_FIRST,limpo_500_599,TODOS,49,19,0.071389825512099,0.06929880618437398,-0.0020910193277250263,0.002306277657176633,-0.9066641742889155,0.2698889272750129,0.2529386015374226,-0.016950325737590293,0.007611908932424756,-2.2268166747747475
V6_MOM,bisolo30,nao_entrou_FIRST,limpo_600_699,TODOS,51,21,0.10222983418545098,0.10162198895767267,-0.0006078452277783108,0.0031346440893069184,-0.19391203928121475,0.3354717271599973,0.3236510039590101,-0.01182072320098716,0.008578675140441576,-1.3779194348159807
V6_MOM,bisolo30,nao_entrou_FIRST,TOTAL,TODOS,133,56,0.13919230760989165,0.14072580843713467,0.0015335008272429995,0.0037539969696774598,0.40849815267026085,0.44497788721752923,0.4473870429877266,0.002409155770197372,0.017289897860913377,0.1393389243578853
V6_MOM,bisolo30,lado_apostado_FIRST,limpo_400_499,TODOS,40,40,0.2184560409996399,0.2049216324063742,-0.013534408593265662,0.01356231907232224,-0.9979420570399691,0.6366996847808637,0.5945539528081168,-0.042145731972746826,0.030208138637800412,-1.3951780504611602
V6_MOM,bisolo30,lado_apostado_FIRST,limpo_500_599,TODOS,39,39,0.1908960985014202,0.18548063762282724,-0.005415460878592982,0.014525792918470878,-0.37281688572791966,0.5648730819588024,0.5532946017923082,-0.011578480166494307,0.034294431367664226,-0.3376198322801615
V6_MOM,bisolo30,lado_apostado_FIRST,limpo_600_699,TODOS,38,38,0.26144967663270335,0.24898611479866908,-0.012463561834034312,0.006875291496069155,-1.81280485942453,0.7203034544239244,0.6901549407142802,-0.030148513709644244,0.014768733521241098,-2.041374344406933
V6_MOM,bisolo30,lado_apostado_FIRST,TOTAL,TODOS,117,117,0.2232331384066984,0.2127528421016637,-0.010480296305034673,0.006942208834104136,-1.5096486659331552,0.6399108449208288,0.611850729310832,-0.028060115609996855,0.01593956127240125,-1.760407023158278
V6_MOM,bisolo30,entrou_MULTI,limpo_400_499,TODOS,189,40,0.2562751053048042,0.20971993841335468,-0.04655516689144951,0.007615244410006462,-6.113417296269025,0.7251649642133106,0.6078408207299745,-0.11732414348333609,0.02213346623878527,-5.300757785409353
V6_MOM,bisolo30,entrou_MULTI,limpo_500_599,TODOS,178,39,0.18925989664301293,0.20953396950913197,0.02027407286611907,0.020013282512797093,1.0130308635355154,0.5618915772988764,0.6055095211145114,0.04361794381563501,0.04272254612714156,1.020958434589286
V6_MOM,bisolo30,entrou_MULTI,limpo_600_699,TODOS,191,38,0.2589887586915713,0.2633409698310542,0.004352211139482951,0.01914499488000694,0.22732892679057082,0.7171413140995216,0.7279036475351194,0.010762333435597715,0.04417619436546137,0.24362291931629396
V6_MOM,bisolo30,entrou_MULTI,TOTAL,TODOS,558,117,0.23582636095905804,0.2280147673306109,-0.007811593628447169,0.011225204134456693,-0.6958976901336552,0.6703348924525526,0.6481939185583442,-0.022140973894208466,0.02611206826225771,-0.8479211095741102
V6_MOM,bisolo30,nao_entrou_MULTI,limpo_400_499,TODOS,110,37,0.23100803214942406,0.22412475838420579,-0.006883273765218266,0.007828155585372677,-0.8792970055526269,0.6868887107799938,0.680530651326343,-0.006358059453650712,0.030574234599057542,-0.20795482003159288
V6_MOM,bisolo30,nao_entrou_MULTI,limpo_500_599,TODOS,139,41,0.1488384549084703,0.15664400834933512,0.007805553440864794,0.010195454192773566,0.7655915365101921,0.4578842618670725,0.4825588436534902,0.024674581786417734,0.0384216589834022,0.6422050072610588
V6_MOM,bisolo30,nao_entrou_MULTI,limpo_600_699,TODOS,121,41,0.2232201682878948,0.24453007487529196,0.021309906587397173,0.01537341990335315,1.3861526401649378,0.6302744132090558,0.715285357034677,0.08501094382562123,0.06587049471320615,1.290576975256536
V6_MOM,bisolo30,nao_entrou_MULTI,TOTAL,TODOS,370,119,0.19759207873391701,0.20544697200737988,0.007854893273462851,0.007110591747650742,1.1046750470603264,0.582342904280049,0.6175231867971048,0.03518028251705582,0.028729044529051104,1.2245545612030766
V6_MOM,bisolo30,lado_apostado_MULTI,limpo_400_499,TODOS,189,40,0.25508035740556384,0.21237830592506554,-0.04270205148049827,0.009567494356139544,-4.4632429234824675,0.7210252206594893,0.6136980651031562,-0.10732715555633301,0.026053393253851777,-4.119507755116143
V6_MOM,bisolo30,lado_apostado_MULTI,limpo_500_599,TODOS,178,39,0.19128464863841632,0.2071729719762888,0.01588832333787249,0.019132154452727982,0.8304513418564334,0.5657979341740367,0.5997431963799081,0.033945262205871546,0.041311474622723623,0.8216908865121884
V6_MOM,bisolo30,lado_apostado_MULTI,limpo_600_699,TODOS,191,38,0.2608543856608693,0.2640155818251175,0.0031611961642481526,0.020013579255931443,0.15795256429762639,0.7218768176288017,0.7293446555789056,0.0074678379501038625,0.045863938098871446,0.16282592074856347
V6_MOM,bisolo30,lado_apostado_MULTI,TOTAL,TODOS,558,117,0.23670616965683816,0.2283929479573732,-0.008313221699465006,0.010928543519628612,-0.760688895508696,0.6717997690944858,0.6488316352610953,-0.022968133833390622,0.025433196256475825,-0.9030769708129962
V6_MOM,bipro30,flag1,limpo_400_499,TODOS,350,48,0.27522534668249937,0.25558171875688235,-0.019643627925617,0.012418343367227034,-1.5818235447940705,0.766180092575037,0.7229076129773743,-0.043272479597662845,0.03249016230636877,-1.3318640636393655
V6_MOM,bipro30,flag1,limpo_500_599,TODOS,317,44,0.2219279559960396,0.22840220889520926,0.0064742528991696795,0.008477645165407607,0.7636852891162963,0.6411298373589157,0.6782584278101039,0.0371285904511882,0.027836934157630576,1.3337887800769406
V6_MOM,bipro30,flag1,limpo_600_699,TODOS,321,46,0.23366940834900585,0.23630974406055397,0.002640335711548135,0.01119299085106429,0.23589188508065986,0.6594166619834599,0.6749559682385,0.015539306255040084,0.036326604298173124,0.42776655168458894
V6_MOM,bipro30,flag1,TOTAL,TODOS,988,138,0.2446233942000508,0.24059972634425908,-0.004023667855791711,0.006275665636864498,-0.6411539569851988,0.6913703839481072,0.6930024817433628,0.0016320977952556,0.018963588861214305,0.08606481648595977
V6_MOM,bipro30,flag0,limpo_400_499,TODOS,222,32,0.1724184992181099,0.15963563355928512,-0.012782865658824766,0.007758299688768993,-1.6476375200263784,0.5243481919865421,0.48787279740894646,-0.03647539457759568,0.018119226919193793,-2.013076757648921
V6_MOM,bipro30,flag0,limpo_500_599,TODOS,404,56,0.20266545461997498,0.21912812003682405,0.016462665416849053,0.0096836398069377,1.700049335277281,0.5933120441942723,0.6365989867029372,0.04328694250866498,0.022320765110115097,1.9393126667082143
V6_MOM,bipro30,flag0,limpo_600_699,TODOS,390,54,0.21417500386857932,0.2175003252590314,0.0033253213904520934,0.006678446014279404,0.4979184354177775,0.6144178983121557,0.6248949503076088,0.010477051995453195,0.01789145818276895,0.5855896086515473
V6_MOM,bipro30,flag0,TOTAL,TODOS,1016,142,0.2004744114189333,0.20550393503549258,0.005029523616559287,0.005179825113461708,0.9709832873484848,0.5863448275760227,0.5996090376700199,0.013264210093997203,0.012894272270071458,1.028690089380569
V6_MOM,bipro30,entrou_FIRST,limpo_400_499,TODOS,45,45,0.2643576992538792,0.2330731106709391,-0.031284588582940094,0.011661144463355035,-2.6828060214202325,0.72757930017825,0.6532817192655386,-0.07429758091271145,0.025795301529024928,-2.8802757288613843
V6_MOM,bipro30,entrou_FIRST,limpo_500_599,TODOS,39,39,0.21240627554029884,0.20665336811946494,-0.005752907420833869,0.010663593553563533,-0.5394905002649296,0.6146666144055837,0.5975181643745304,-0.017148450031053274,0.024384517649662193,-0.7032515581168708
V6_MOM,bipro30,entrou_FIRST,limpo_600_699,TODOS,40,40,0.23743802943973638,0.2293570826965397,-0.008080946743196715,0.006274908027873202,-1.287819153253095,0.662778309444968,0.6470039375995524,-0.015774371845415535,0.013675618698167987,-1.153466778620312
V6_MOM,bipro30,entrou_FIRST,TOTAL,TODOS,124,124,0.23933437411359412,0.22356495681220145,-0.01576941730139269,0.006035405156163046,-2.612818343320294,0.6711628939325623,0.6337180909801453,-0.037444802952417054,0.0136374944418567,-2.7457245252830376
V6_MOM,bipro30,nao_entrou_FIRST,limpo_400_499,TODOS,32,15,0.30210382289350457,0.3241491999840119,0.022045377090507377,0.008439832362883926,2.6120633849858104,0.87209979925224,0.9576615650652787,0.08556176581303865,0.042710088390459186,2.0033151191546565
V6_MOM,bipro30,nao_entrou_FIRST,limpo_500_599,TODOS,56,20,0.25290639621826416,0.2626709429494892,0.009764546731224998,0.00836496679608554,1.1673144639132824,0.7370402233879572,0.8058519805315519,0.06881175714359485,0.04977589860546407,1.3824312382386834
V6_MOM,bipro30,nao_entrou_FIRST,limpo_600_699,TODOS,46,21,0.20246313287436862,0.2053255342028002,0.002862401328431556,0.003003211899287263,0.9531133414564836,0.6150366543772672,0.6203200025019878,0.0052833481247206784,0.011849880973033489,0.4458566408172265
V6_MOM,bipro30,nao_entrou_FIRST,TOTAL,TODOS,134,56,0.2473386912913127,0.2576665804327506,0.010327889141437965,0.004560361362117817,2.2647085003460616,0.7274114342324745,0.7784149336339349,0.051003499401460435,0.024894132352936898,2.0488161096903332
V6_MOM,bipro30,lado_apostado_FIRST,limpo_400_499,TODOS,45,45,0.2655805928549062,0.23391927285182548,-0.031661320003080716,0.013972898592195665,-2.26590923809929,0.7302413902272595,0.6542706154134408,-0.07597077481381881,0.030374864121322606,-2.5011066555023267
V6_MOM,bipro30,lado_apostado_FIRST,limpo_500_599,TODOS,39,39,0.21249195922959643,0.21038628382530894,-0.0021056754042874945,0.012331164234004386,-0.1707604703277643,0.6155608516051688,0.6053091368566451,-0.010251714748523696,0.0272958476266567,-0.37557781274072
V6_MOM,bipro30,lado_apostado_FIRST,limpo_600_699,TODOS,40,40,0.23782988793960963,0.22861506506888749,-0.009214822870722134,0.011977966694988119,-0.7693144508890517,0.6637088477542183,0.6473309327760866,-0.016377914978131777,0.025533487208198626,-0.6414288359669471
V6_MOM,bipro30,lado_apostado_FIRST,TOTAL,TODOS,124,124,0.23993152101620505,0.22480673346995722,-0.015124787546247818,0.007704516075997589,-1.9631067541499607,0.6727104006693306,0.6366328334036891,-0.036077567265641465,0.016991684243808945,-2.123248451888259
V6_MOM,bipro30,entrou_MULTI,limpo_400_499,TODOS,217,45,0.29758765447653673,0.26292495179061853,-0.03466270268591823,0.015846351191524388,-2.187424869420917,0.8162626144402331,0.7313145621025773,-0.08494805233765577,0.03870780985645894,-2.1945972312220863
V6_MOM,bipro30,entrou_MULTI,limpo_500_599,TODOS,178,39,0.21600250928079717,0.21114401608692293,-0.004858493193874195,0.009831378098545597,-0.4941823155588874,0.6214503881347713,0.613153708231778,-0.00829667990299325,0.022621702481036798,-0.3667575378090198
V6_MOM,bipro30,entrou_MULTI,limpo_600_699,TODOS,207,40,0.2517177302091731,0.24725617215965068,-0.004461558049522406,0.01075487299500292,-0.4148406077501238,0.6973977018296595,0.6861241796355431,-0.011273522194116477,0.02456049372652843,-0.4590104058836428
V6_MOM,bipro30,entrou_MULTI,TOTAL,TODOS,602,124,0.2576919233001482,0.24222653993203355,-0.015465383368114618,0.00740618102787018,-2.0881724751146207,0.7177881739206967,0.680837749544972,-0.03695042437572461,0.017852428599203513,-2.0697701811490874
V6_MOM,bipro30,nao_entrou_MULTI,limpo_400_499,TODOS,133,44,0.2387394760711752,0.24360065433341813,0.004861178262242896,0.008442984896134542,0.5757653628479772,0.6844665042686647,0.7091910117730957,0.02472450750443091,0.02989939572464592,0.826923317518776
V6_MOM,bipro30,nao_entrou_MULTI,limpo_500_599,TODOS,139,35,0.22951593812059465,0.25050262846265503,0.020986690342060396,0.013381068568510223,1.5683867274582648,0.6663308586675324,0.7616299392125644,0.09529908054503208,0.05557382925902911,1.714819399988508
V6_MOM,bipro30,nao_entrou_MULTI,limpo_600_699,TODOS,114,42,0.2008974554976495,0.2164333351437731,0.015535879646123591,0.016721095249580417,0.9291185424300141,0.5904510896311501,0.6546768475438692,0.06422575791271912,0.06977070301915984,0.9205261683414883
V6_MOM,bipro30,nao_entrou_MULTI,TOTAL,TODOS,386,121,0.2242419058107798,0.2380625714742067,0.013820665663426917,0.0073715015880313275,1.8748779334005323,0.6501695819701309,0.7119744215968116,0.061804839626680694,0.03025805701314238,2.042591155137165
V6_MOM,bipro30,lado_apostado_MULTI,limpo_400_499,TODOS,217,45,0.2947486525430454,0.2617202973541038,-0.033028355188941566,0.017219896208204293,-1.9180345101734964,0.8073706036900666,0.7277906464408646,-0.07957995724920197,0.040645578132451676,-1.95789950360344
V6_MOM,bipro30,lado_apostado_MULTI,limpo_500_599,TODOS,178,39,0.2167063032656116,0.21389733366633362,-0.0028089695992779746,0.00945835972822854,-0.2969827411929138,0.623042218044413,0.6189348938032662,-0.004107324241146847,0.02187164716573203,-0.18779217724315267
V6_MOM,bipro30,lado_apostado_MULTI,limpo_600_699,TODOS,207,40,0.25091140533714507,0.24931438992396562,-0.0015970154131794818,0.009843110115431392,-0.1622470331481697,0.6946690890948287,0.6915358559789462,-0.003133233115882578,0.022766963703323755,-0.13762191378313465
V6_MOM,bipro30,lado_apostado_MULTI,TOTAL,TODOS,602,124,0.25659940280383514,0.24331413394137671,-0.013285268862458392,0.007583803050981413,-1.7517950786893337,0.7141153442778729,0.6831377135586226,-0.030977630719250266,0.018055304071195714,-1.715708059919634
V6_MOM,bisolo35mais,flag1,limpo_400_499,TODOS,427,59,0.21281115764946437,0.19876723879868657,-0.014043918850777812,0.00874393306380377,-1.6061329322057334,0.6166213575300785,0.5858297860807365,-0.030791571449342046,0.0223559347650559,-1.3773332125423676
V6_MOM,bisolo35mais,flag1,limpo_500_599,TODOS,370,49,0.19961528326469336,0.2149364585092658,0.01532117524457242,0.009538949712887329,1.6061700402795058,0.5819885984867931,0.6241948150971636,0.04220621661037047,0.023022946871751233,1.833223906803902
V6_MOM,bisolo35mais,flag1,limpo_600_699,TODOS,371,52,0.2513553584637064,0.2507760082664916,-0.0005793501972147585,0.009149570071888208,-0.06331993663776568,0.7005326677940551,0.7070046430394119,0.006471975245356797,0.02192141140320745,0.295235335276352
V6_MOM,bisolo35mais,flag1,TOTAL,TODOS,1168,160,0.2208740215019631,0.22040924630336978,-0.00046477519859332674,0.005586066746692848,-0.08320258594627254,0.6323036993639138,0.6364727078853141,0.0041690085214001645,0.013847302605467156,0.30107008131346585
V6_MOM,bisolo35mais,flag0,limpo_400_499,TODOS,287,41,0.26258840188884863,0.2370931610113739,-0.02549524087747472,0.008834952064489593,-2.8857248677044876,0.7438314515898046,0.6784962609212849,-0.06533519066851966,0.022272363654917936,-2.9334646147488286
V6_MOM,bisolo35mais,flag0,limpo_500_599,TODOS,351,51,0.22327735301788576,0.2319224246901137,0.008645071672227951,0.00850519349314131,1.0164462077434735,0.6484343101343272,0.6872986628428464,0.03886435270851919,0.029699340443824454,1.3085931245520461
V6_MOM,bisolo35mais,flag0,limpo_600_699,TODOS,340,48,0.1920096870551228,0.19894898713997558,0.006939300084852773,0.009685853222547796,0.7164366344824126,0.562935614961285,0.582562276049718,0.019626661088433067,0.03278558472561606,0.5986369086502321
V6_MOM,bisolo35mais,flag0,TOTAL,TODOS,978,140,0.22394326774040818,0.2219766502086768,-0.001966617531731381,0.005862837061376263,-0.3354378624450004,0.6467057040391202,0.6483041220850224,0.0015984180459021852,0.01825561955006231,0.08755758967910401
V6_MOM,bisolo35mais,entrou_FIRST,limpo_400_499,TODOS,57,57,0.20481382116688412,0.19890274407559544,-0.005911077091288703,0.00926807056695591,-0.6377893919327581,0.5944619507684046,0.5800459648677507,-0.014415985900653856,0.020690480687817096,-0.6967448518072483
V6_MOM,bisolo35mais,entrou_FIRST,limpo_500_599,TODOS,45,45,0.2088160986316894,0.20957795023886924,0.0007618516071798346,0.00988716496636341,0.0770546066310908,0.6062009832932869,0.6050640584125178,-0.0011369248807691337,0.022756750408671797,-0.04995989587054098
V6_MOM,bisolo35mais,entrou_FIRST,limpo_600_699,TODOS,45,45,0.24955133399312723,0.23393835055201637,-0.015612983441110876,0.010393452110567407,-1.5021941964053096,0.687125584620508,0.6562244956520966,-0.030901088968411292,0.02342475052206241,-1.3191640585161133
V6_MOM,bisolo35mais,entrou_FIRST,TOTAL,TODOS,147,147,0.21973416513353158,0.21289584998570607,-0.00683831514782553,0.005627928656685711,-1.2150678455566308,0.6264219506797267,0.6110245233358466,-0.015397427343880197,0.012605838261106287,-1.2214520783902967
V6_MOM,bisolo35mais,nao_entrou_FIRST,limpo_400_499,TODOS,33,15,0.2991892647090613,0.3199501182241016,0.02076085351504022,0.01038456346954596,1.9992032959232267,0.8662184979922197,0.9492773350940743,0.08305883710185456,0.050647216465695324,1.6399487059296234
V6_MOM,bisolo35mais,nao_entrou_FIRST,limpo_500_599,TODOS,48,20,0.07637895576176514,0.07571418210764756,-0.0006647736541175766,0.0016657458462355761,-0.3990846836688205,0.28605025145764407,0.27530176038843696,-0.010748491069207083,0.00599629211223441,-1.7925229238376532
V6_MOM,bisolo35mais,nao_entrou_FIRST,limpo_600_699,TODOS,62,28,0.19671304166965048,0.1972373643075886,0.0005243226379381186,0.003159047282845489,0.16597492566361297,0.5940665585365001,0.5898321508936971,-0.004234407642803061,0.011238825694640386,-0.3767660214556385
V6_MOM,bisolo35mais,nao_entrou_FIRST,TOTAL,TODOS,143,63,0.17996953982854602,0.184764693913517,0.004795154084970958,0.003556208634538604,1.3483894163012455,0.5534807631676446,0.5672044049801304,0.013723641812485806,0.016194030863866705,0.8474506395505883
V6_MOM,bisolo35mais,lado_apostado_FIRST,limpo_400_499,TODOS,57,57,0.20448967841533575,0.20312132674243963,-0.0013683516728960894,0.01108133228744507,-0.1234825955401053,0.5937492013876975,0.5891475056100339,-0.004601695777663501,0.02546233057370703,-0.18072563170691508
V6_MOM,bisolo35mais,lado_apostado_FIRST,limpo_500_599,TODOS,45,45,0.21131613810900535,0.20911029909424209,-0.0022058390147632286,0.010701475134336998,-0.20612476196720983,0.6123139516533084,0.605532753723014,-0.006781197930294443,0.0249687065915334,-0.2715878736223313
V6_MOM,bisolo35mais,lado_apostado_FIRST,limpo_600_699,TODOS,45,45,0.2519902838087085,0.22835268642067869,-0.023637597388029872,0.013241119882845785,-1.785166028037628,0.6920888788985274,0.6457738775185601,-0.04631500137996741,0.029989005286181057,-1.5443993869749784
V6_MOM,bisolo35mais,lado_apostado_FIRST,TOTAL,TODOS,147,147,0.22112041262565485,0.21267857124143194,-0.0084418413842229,0.006808800792285233,-1.2398426157199365,0.6295362711151794,0.6114980015349848,-0.01803826958019458,0.01541125416265332,-1.1704608456790886
V6_MOM,bisolo35mais,entrou_MULTI,limpo_400_499,TODOS,268,57,0.22481571354976906,0.20622494370252778,-0.018590769847241312,0.010020478366239424,-1.8552776791451948,0.6415035060733087,0.6006499437917237,-0.040853562281585175,0.02141640217814086,-1.9075828863208077
V6_MOM,bisolo35mais,entrou_MULTI,limpo_500_599,TODOS,242,45,0.2179504817297064,0.2348209541821971,0.0168704724524907,0.012897445220458083,1.3080476144012267,0.6252286671001435,0.6638945575430154,0.038665890442871914,0.026530285807980895,1.4574245721559609
V6_MOM,bisolo35mais,entrou_MULTI,limpo_600_699,TODOS,223,45,0.2692637158016515,0.261488679297168,-0.0077750365044834775,0.014264577392734562,-0.5450590150987277,0.7363779179446439,0.7213822894420581,-0.014995628502585845,0.03333615646819679,-0.44983075709078535
V6_MOM,bisolo35mais,entrou_MULTI,TOTAL,TODOS,733,147,0.2360715367444684,0.23247876031055606,-0.0035927764339123308,0.007576102851672232,-0.47422487580396516,0.6649939328342934,0.6582604616741754,-0.006733471160117962,0.016663488482572857,-0.4040853250602366
V6_MOM,bisolo35mais,nao_entrou_MULTI,limpo_400_499,TODOS,159,53,0.19257706342756714,0.1861970192123379,-0.006380044215229266,0.010011014445536684,-0.637302468190299,0.5746816354572127,0.5608498976119031,-0.013831737845309604,0.033883845572614674,-0.4082103908680477
V6_MOM,bisolo35mais,nao_entrou_MULTI,limpo_500_599,TODOS,128,43,0.16495029866677807,0.17734233387763,0.012392035210851922,0.0099077090445788,1.2507467826411869,0.5002378437646774,0.5491374895354748,0.04889964577079742,0.041046612305942774,1.1913198927678053
V6_MOM,bisolo35mais,nao_entrou_MULTI,limpo_600_699,TODOS,148,48,0.22437182004234316,0.23463461880810763,0.010262798765764462,0.005127396030770218,2.0015615536962574,0.6465225949320194,0.6853410271759653,0.03881843224394605,0.01817840587552921,2.135414541282816
V6_MOM,bisolo35mais,nao_entrou_MULTI,TOTAL,TODOS,435,144,0.1952653348979254,0.20007142155103055,0.0048060866531051336,0.005079214022175632,0.9462264500219845,0.5772187772172744,0.5997590905813247,0.02254031336405025,0.018378131305785514,1.2264747154654654
V6_MOM,bisolo35mais,lado_apostado_MULTI,limpo_400_499,TODOS,268,57,0.22355632895057942,0.20783715071025366,-0.01571917824032577,0.011172414614701472,-1.4069633810081965,0.6386501557737535,0.6039466197320901,-0.034703536041663395,0.023696277480342996,-1.4645142499893224
V6_MOM,bisolo35mais,lado_apostado_MULTI,limpo_500_599,TODOS,242,45,0.2196404769886137,0.23449699051211192,0.014856513523498243,0.011775909257812179,1.2616022421913944,0.6287680586743353,0.6622077275353984,0.03343966886106309,0.02440921756041485,1.3699607035046133
V6_MOM,bisolo35mais,lado_apostado_MULTI,limpo_600_699,TODOS,223,45,0.26984143935165716,0.2602993672781125,-0.009542072073544646,0.015759143093927112,-0.6054943480538447,0.7383364641080183,0.7184509662986869,-0.019885497809331503,0.03635645286476639,-0.5469592394862826
V6_MOM,bisolo35mais,lado_apostado_MULTI,TOTAL,TODOS,733,147,0.23634479204013553,0.2325994365583877,-0.003745355481747869,0.007660221681279567,-0.4889356519408513,0.6657150660881899,0.6580170936376176,-0.007697972450572237,0.016831526808396235,-0.4573543765935828
V6_MOM,bipro35mais,flag1,limpo_400_499,TODOS,278,38,0.22836844373723922,0.2164153790866166,-0.01195306465062263,0.00878836606642644,-1.3601009061611646,0.657475340881081,0.6298878326855957,-0.027587508195485184,0.024206384132246402,-1.1396790220615658
V6_MOM,bipro35mais,flag1,limpo_500_599,TODOS,317,44,0.22047275091568794,0.24196681399798697,0.021494063082299057,0.006800388987407951,3.1607108243512076,0.6398611374508538,0.7083047967044754,0.06844365925362156,0.023121762832931193,2.9601401825703624
V6_MOM,bipro35mais,flag1,limpo_600_699,TODOS,383,54,0.21926900501108673,0.21676995183005304,-0.0024990531810337,0.00833790198367267,-0.29972206268763546,0.6216306970069962,0.6196186439461872,-0.002012053060809175,0.024153539536168396,-0.08330261731603573
V6_MOM,bipro35mais,flag1,TOTAL,TODOS,978,136,0.22224572425201616,0.22483624435005276,0.002590520098036608,0.005068494224161848,0.5111025056884602,0.637728713998508,0.651283618275362,0.01355490427685403,0.015109724391714352,0.8970980492726306
V6_MOM,bipro35mais,flag0,limpo_400_499,TODOS,294,42,0.2419025537630703,0.2201674722074514,-0.0217350815556189,0.008827077098692414,-2.4623192153650266,0.6863611777460369,0.633389823402284,-0.052971354343752906,0.02586703667838803,-2.0478323436256076
V6_MOM,bipro35mais,flag0,limpo_500_599,TODOS,404,56,0.2038072863290628,0.20848460563687224,0.004677319307809419,0.008251229504252153,0.5668633147822429,0.5943075339736178,0.6130229992288883,0.01871546525527048,0.019434864221231588,0.9629841012639953
V6_MOM,bipro35mais,flag0,limpo_600_699,TODOS,328,46,0.22730519106564204,0.2367611681205785,0.009455977054936508,0.006771396366072986,1.3964589493408168,0.6500340606242432,0.6800486457107814,0.03001458508653819,0.021308906363391937,1.4085464816768987
V6_MOM,bipro35mais,flag0,TOTAL,TODOS,1026,144,0.2222354748078115,0.2208720084306402,-0.001363466377171323,0.005290706584151476,-0.2577096944396125,0.6385005866154272,0.6402864089297063,0.0017858223142791887,0.014366264463568578,0.12430665736440095
V6_MOM,bipro35mais,entrou_FIRST,limpo_400_499,TODOS,34,34,0.22022798297207555,0.1984555832022118,-0.02177239976986376,0.008397479586401286,-2.592730300306006,0.6296545819393372,0.5790336760683985,-0.050620905870938745,0.02027020385293769,-2.497306205610874
V6_MOM,bipro35mais,entrou_FIRST,limpo_500_599,TODOS,41,41,0.21604597261215389,0.20363127408037168,-0.012414698531782179,0.008729867147039806,-1.422094783652218,0.6235995719649593,0.5967534057235198,-0.026846166241439515,0.021043595780222597,-1.2757404448278915
V6_MOM,bipro35mais,entrou_FIRST,limpo_600_699,TODOS,49,49,0.22705325167650317,0.2289999861895604,0.0019467345130572214,0.00875816444662923,0.22227654263861926,0.6391605130026283,0.6462451401512622,0.007084627148633826,0.022046804806615267,0.3213448484157688
V6_MOM,bipro35mais,entrou_FIRST,TOTAL,TODOS,124,124,0.22154230347014142,0.21223686604402336,-0.009305437426118012,0.005275400700642634,-1.7639299750224569,0.6314088981744321,0.6114519878096912,-0.019956910364740968,0.012895425344952525,-1.5475961304799009
V6_MOM,bipro35mais,nao_entrou_FIRST,limpo_400_499,TODOS,34,13,0.2568405146153287,0.27309908916336,0.01625857454803133,0.010812617258569803,1.5036668883424318,0.7586126241032247,0.8291988175291352,0.0705861934259104,0.051072916908486525,1.382067007302288
V6_MOM,bipro35mais,nao_entrou_FIRST,limpo_500_599,TODOS,39,19,0.22637960301930724,0.23382016813114753,0.0074405651118403075,0.00944444169564219,0.7878247705498038,0.6686344336789282,0.7138861654357642,0.04525173175683605,0.0533686468074999,0.8479085467551487
V6_MOM,bipro35mais,nao_entrou_FIRST,limpo_600_699,TODOS,54,27,0.12981204834428703,0.124040867953565,-0.005771180390722026,0.0037751797536724387,-1.5287167147757421,0.4056284543692088,0.37893724406528406,-0.026691210303924708,0.012644615160249692,-2.1108756546290683
V6_MOM,bipro35mais,nao_entrou_FIRST,TOTAL,TODOS,127,59,0.19347427263988703,0.1976579721115079,0.004183699471620849,0.005171985984120306,0.8089154696989086,0.5808937690466545,0.6023380427363051,0.021444273689650593,0.02554774179918254,0.8393803984012691
V6_MOM,bipro35mais,lado_apostado_FIRST,limpo_400_499,TODOS,34,34,0.21814615309749544,0.20210262536495224,-0.016043527732543195,0.008595303449559121,-1.8665458208303414,0.6242941672710249,0.5868824402413052,-0.03741172702971966,0.021125270747756074,-1.770946629580761
V6_MOM,bipro35mais,lado_apostado_FIRST,limpo_500_599,TODOS,41,41,0.21707153220907402,0.19881947777407985,-0.018252054434994155,0.010236319978120191,-1.7830679847843114,0.6268707986582167,0.5849158333106279,-0.04195496534758878,0.023725283216006907,-1.768365206248949
V6_MOM,bipro35mais,lado_apostado_FIRST,limpo_600_699,TODOS,49,49,0.22926333644191685,0.22660053943919828,-0.0026627970027186016,0.01353049455437366,-0.19679968030864523,0.6433580245662307,0.6418918297184223,-0.001466194847808336,0.032910642308884415,-0.04455078190353424
V6_MOM,bipro35mais,lado_apostado_FIRST,TOTAL,TODOS,124,124,0.22218391541565166,0.21069769583601908,-0.011486219579632584,0.006759945789231411,-1.6991585343672613,0.6326794164189277,0.6079697725011518,-0.024709643917775945,0.016324530784816542,-1.513651096223752
V6_MOM,bipro35mais,entrou_MULTI,limpo_400_499,TODOS,169,34,0.2429417405563305,0.22461077097458823,-0.01833096958174229,0.009379652481278367,-1.9543335553561931,0.6877648365109786,0.6428748907013446,-0.044889945809634076,0.021526101336891663,-2.0853727810293825
V6_MOM,bipro35mais,entrou_MULTI,limpo_500_599,TODOS,202,41,0.2148557500274715,0.23551447476742177,0.020658724739950285,0.00872867000787224,2.36676661178834,0.6203524399413596,0.6677441070941463,0.047391667152786685,0.02181430382352358,2.1725042218253883
V6_MOM,bipro35mais,entrou_MULTI,limpo_600_699,TODOS,241,49,0.23714966341691027,0.23123152251771004,-0.005918140899200256,0.009956640840341337,-0.5943913207375839,0.6648315831684536,0.6543772726196472,-0.010454310548806345,0.02427564364159011,-0.43065019008993677
V6_MOM,bipro35mais,entrou_MULTI,TOTAL,TODOS,612,124,0.23139066101804653,0.230816897262243,-0.000573763755803516,0.005899127216485465,-0.09726248218551702,0.6564834342844891,0.6556128902988232,-0.0008705439856659772,0.014281446460851444,-0.060956289550384686
V6_MOM,bipro35mais,nao_entrou_MULTI,limpo_400_499,TODOS,109,35,0.20577314866910687,0.2037087623061835,-0.0020643863629233464,0.010250930238228552,-0.20138527089226294,0.610512728390689,0.6097519353951227,-0.0007607929955662705,0.035886345296107076,-0.021200068975783967
V6_MOM,bipro35mais,nao_entrou_MULTI,limpo_500_599,TODOS,115,34,0.23033913508455503,0.2533004881247189,0.022961353040163862,0.00949527471139539,2.418187334022856,0.6741285887284003,0.7795505297591405,0.10542194103074025,0.04359558648915453,2.4181792130945765
V6_MOM,bipro35mais,nao_entrou_MULTI,limpo_600_699,TODOS,142,51,0.18892225377303418,0.19222601847987472,0.003303764706840531,0.009741958469140222,0.339127365129499,0.5483108831695934,0.5606268868313711,0.012316003661777574,0.03309692476899534,0.37211927536285805
V6_MOM,bipro35mais,nao_entrou_MULTI,TOTAL,TODOS,366,120,0.20695419064324408,0.21483580833294777,0.007881617689703701,0.005796813646287332,1.3596465525076207,0.6063683620449001,0.6440445076787548,0.0376761456338547,0.022451533518434028,1.6781101212048777
V6_MOM,bipro35mais,lado_apostado_MULTI,limpo_400_499,TODOS,169,34,0.2373422803356212,0.2250594969576756,-0.012282783377945606,0.009956363392390736,-1.233661618591871,0.6726770778538904,0.6421020608879631,-0.030575016965927394,0.021126142664499057,-1.4472597980371722
V6_MOM,bipro35mais,lado_apostado_MULTI,limpo_500_599,TODOS,202,41,0.2169703297856377,0.23245483514563042,0.01548450535999273,0.007304021081451737,2.119997353144968,0.6244329795221535,0.6598043498935289,0.03537137037137545,0.018217566894401533,1.9416078215277737
V6_MOM,bipro35mais,lado_apostado_MULTI,limpo_600_699,TODOS,241,49,0.2394664011623593,0.23129156810308588,-0.00817483305927338,0.009716946291409278,-0.8412965158097793,0.6695024273406998,0.6544683940543654,-0.015034033286334281,0.02382505686759166,-0.6310177293546997
V6_MOM,bipro35mais,lado_apostado_MULTI,TOTAL,TODOS,612,124,0.23145466449926042,0.22995457450671278,-0.0015000899925476491,0.0054667341280344875,-0.274403319681287,0.6555032238723711,0.6528147221170926,-0.002688501755278514,0.01296312957981215,-0.2073960411122785
