funil,politica,janela,conjunto,regra,cadencia,n_jogos,ppg,ic_lo,ic_hi,p_unilateral,ppg_sujo,se_sujo,ppg_limpo_400_499,se_limpo_400_499,ppg_limpo_500_599,se_limpo_500_599,ppg_limpo_600_699,se_limpo_600_699,lucro,n_apostas,roi,vol_jogo,sharpe_jogo,sortino_jogo,maxdd,calmar,pior_seq_jogos_negativos,pct_blocos_positivos,pior_bloco_ppg,n_linhas_previsao,brier_escolhida,brier_mercado_mesmas_linhas,bsskill_escolhida,ll_escolhida,ll_mercado_mesmas_linhas,llskill_escolhida,maxdd_por_aposta,pior_seq_apostas_perdidas,percentil_no_acaso,p_vs_acaso,percentil_maxdd_no_acaso,ppg_prometido,otimismo,percentil_oos_medio,pct_blocos_acima_do_acaso,blocos_avaliados,trocas,opcoes_distintas,pct_jogos_sem_aposta_por_regra,pct_jogos_sem_decisao,pct_jogos_com_flag,mais_escolhidas,apostas_por_minuto,no_MCS
FIRST_5a45,FIRST,propria,todas,bsskill_todas,a_cada_2,450,-0.010523750218663253,-0.10527369379484244,0.10386964007482301,0.5946843853820598,-0.09708424712921951,0.05475357720005156,0.009691212287285225,0.04702161617529116,-0.02708660387891582,0.15911426866488335,0.11566488630147526,0.16445465837479423,-4.735687598398475,198,-0.023917614133325632,0.9368219161797591,-0.011233458608203543,-0.02012909422054471,25.494502268509102,-0.18575328706252145,3,0.3333333333333333,-0.09708424712921951,1499.0,0.20862493340742955,0.21141986192424375,0.0027949285168142007,0.6068490573095348,0.6159647770342206,0.009115719724685861,25.494502268509102,10.0,0.625,0.375312343828086,0.4785,0.08292121824219831,0.09344496846086156,0.48148148148148145,0.5,6.0,25.0,9.0,0.0,0.0,1.0,V6E_MOM|cPROBSgrande 39% · TUDO_INI_CALR|bipro30 24% · TUDO_INI_CALR|cWRgrande 15%,t5 103 · t10 45 · t15 33 · t20 10 · t25 6 · t30 1,True
FIRST_5a45,FIRST,propria,todas,bsskill_todas,bloco_motor,450,-0.006657459755170308,-0.08243092768734356,0.08754218993024197,0.5149501661129569,-0.07192151832585865,0.032643192299813176,-0.05238021896500788,0.04553049769811469,0.0004995277972440615,0.09901002952073888,0.12980439975828542,0.15614403804369398,-2.995856889826645,155,-0.019328108966623517,0.8301370234837459,-0.008019711887119153,-0.014413823181625039,26.760403220656592,-0.11195111169005542,4,0.3333333333333333,-0.0899333306226637,1195.0,0.21100972290824874,0.2162581724786576,0.005248449570408901,0.6119238186395032,0.6274070351843098,0.015483216544806694,26.760403220656592,7.0,0.6755,0.3248375812093953,0.4195,0.07062789860148173,0.07811754082604834,0.45318930041152267,0.5,6.0,4.0,3.0,0.0,0.1111111111111111,1.0,V6E_MOM|cPROBSgrande 50% · TUDO_INI_CALR|bipro30 25% · TUDO_INI_CALR|bisolo 25%,t5 84 · t10 32 · t15 26 · t20 7 · t25 5 · t30 1,
FIRST_5a45,FIRST,propria,todas,llskill_todas,a_cada_2,450,-0.008018892320587443,-0.10096325344820586,0.09899808533558795,0.5282392026578073,-0.0968074559209092,0.05084308076429996,0.04417104846317763,0.05003771747209867,-0.028497868948552097,0.15997247822915783,0.09345298892409472,0.1695187570474868,-3.608501544264354,202,-0.017863869031011653,0.921782101325243,-0.008699336111059988,-0.015337977024506962,22.60988881710563,-0.1595983763323207,3,0.3333333333333333,-0.0968074559209092,1523.0,0.20715715561691392,0.2065876164449159,-0.00056953917199801,0.6030492060866623,0.6032868554527322,0.00023764936606985118,22.60988881710563,11.0,0.6555,0.3448275862068966,0.602,0.09083792146164667,0.09885681378223411,0.5185185185185185,0.5,6.0,42.0,10.0,0.0,0.0,1.0,TUDO_INI_CALR|bipro30 32% · V6E_MOM|cPROBSgrande 21% · TUDO_INI_CALR|cWRgrande 15%,t5 107 · t10 45 · t15 33 · t20 10 · t25 6 · t30 1,True
FIRST_5a45,FIRST,propria,todas,llskill_todas,bloco_motor,450,-0.013140698230389667,-0.09382927155812269,0.07960842523763731,0.5681063122923588,-0.07192151832585865,0.032643192299813176,-0.05238021896500788,0.04553049769811469,0.0004995277972440615,0.09901002952073888,0.10062982661979827,0.17209133395172066,-5.913314203675356,162,-0.036501939528860224,0.8285996708231002,-0.015858922822569052,-0.02773728903283158,28.63811690680631,-0.20648404442646723,6,0.3333333333333333,-0.0899333306226637,1242.0,0.2111932056403003,0.21651107643228196,0.005317870791981643,0.6124840016657598,0.6298482733341374,0.017364271668377708,28.63811690680631,14.0,0.5915,0.40879560219890054,0.3555,0.07628794787855306,0.09107123338774144,0.44804526748971196,0.5,6.0,5.0,4.0,0.0,0.1111111111111111,1.0,V6E_MOM|cPROBSgrande 50% · TUDO_INI_CALR|bipro30 25% · TUDO_INI_CALR|bisolo 12%,t5 85 · t10 38 · t15 25 · t20 8 · t25 5 · t30 1,
FIRST_5a45,FIRST,propria,todas,brier_todas,a_cada_2,450,0.0015690280837596798,-0.0750524332883023,0.09221308441739809,0.49169435215946844,-0.10263289893090724,0.04133187077914489,0.013152668395982543,0.1379112527697263,0.014431804507950759,0.08542570099232268,0.13342550186934612,0.11895508472445732,0.7060626376918409,189,0.0037357811518086816,0.9212171371875838,0.0017032120011898832,0.003103759441922227,23.945600220558557,0.029486111485551695,4,0.3333333333333333,-0.10263289893090724,1435.0,0.22140905397361038,0.23181996321047624,0.010410909236865858,0.6354398643963205,0.6673025174399613,0.03186265304364082,23.945600220558557,11.0,0.759,0.2413793103448276,0.5485,-0.021748886334200895,-0.023317914417960574,0.5010288065843621,0.5,6.0,11.0,6.0,0.0,0.0,0.9955555555555555,V6E_MOM|cPROBSgrande 44% · TUDO_INI_CALR|bisolo30 43% · V6E_INI|bisolo35mais 10%,t5 113 · t10 35 · t15 29 · t20 7 · t25 4 · t30 1,True
FIRST_5a45,FIRST,propria,todas,brier_todas,bloco_motor,450,-0.0014965569908599481,-0.06787267012138964,0.06940790619725613,0.5049833887043189,-0.07192151832585865,0.032643192299813176,-0.05238021896500788,0.04553049769811469,0.02010248812557998,0.08555228214287283,0.13342550186934612,0.11895508472445732,-0.6734506458869833,162,-0.004157102752388786,0.8173442063113255,-0.00183099969303497,-0.0032233959042729343,25.738420356656984,-0.026165189493177348,4,0.3333333333333333,-0.08241379862068016,1262.0,0.2158316489706552,0.22517398562932212,0.009342336658666907,0.6202226558754118,0.6472008059122477,0.026978150036835895,25.738420356656984,11.0,0.7285,0.271864067966017,0.4635,-0.03305599571992894,-0.031372369105211496,0.49022633744855965,0.5,6.0,3.0,3.0,0.0,0.1111111111111111,1.0,V6E_MOM|cPROBSgrande 50% · TUDO_INI_CALR|bisolo30 38% · V6E_INI|bisolo35mais 12%,t5 91 · t10 34 · t15 28 · t20 5 · t25 3 · t30 1,
FIRST_5a45,FIRST,propria,todas,ll_todas,a_cada_2,450,-0.0017607076357973896,-0.08930422368734861,0.10285575985950719,0.521594684385382,-0.11108221012350616,0.03925525597202866,0.010842824446874105,0.13790932839880077,0.014431804507950759,0.08542570099232268,0.13342550186934612,0.11895508472445732,-0.7923184361088391,185,-0.004282802357345076,0.9164183790525048,-0.0019212923660673468,-0.0034981713524177057,25.443981294359237,-0.031139719328613518,4,0.3333333333333333,-0.11108221012350614,1413.0,0.22082151611792727,0.2313108958810824,0.010489379763155103,0.634279273921168,0.6663790107354496,0.03209973681428164,25.443981294359237,11.0,0.727,0.2733633183408296,0.48,-0.019970040762856644,-0.018209333127059253,0.5010288065843621,0.5,6.0,14.0,7.0,0.0,0.0,0.9955555555555555,TUDO_INI_CALR|bisolo30 43% · V6E_MOM|cPROBSgrande 41% · V6E_MOM|bisolo35mais 5%,t5 109 · t10 35 · t15 29 · t20 7 · t25 4 · t30 1,True
FIRST_5a45,FIRST,propria,todas,ll_todas,bloco_motor,450,-0.0023278778545395757,-0.07190400067872715,0.07782491002517843,0.5415282392026578,-0.07192151832585865,0.032643192299813176,-0.05238021896500788,0.04553049769811469,0.016361544239021638,0.09155572059163086,0.13342550186934612,0.11895508472445732,-1.0475450345428174,162,-0.006466327373721096,0.8168696400024805,-0.002849754404549185,-0.005013956693796734,26.11251474531282,-0.04011658948822044,4,0.3333333333333333,-0.08490776121171904,1262.0,0.21591972829453476,0.22517398562932212,0.009254257334787337,0.6204743283242974,0.6472008059122477,0.0267264775879503,26.11251474531282,11.0,0.7215,0.27886056971514245,0.449,-0.030312020262999194,-0.027693157676642172,0.48508230452674894,0.5,6.0,3.0,3.0,0.0,0.1111111111111111,1.0,V6E_MOM|cPROBSgrande 50% · TUDO_INI_CALR|bisolo30 38% · V6E_MOM|bisolo35mais 12%,t5 92 · t10 33 · t15 27 · t20 6 · t25 3 · t30 1,
FIRST_5a45,FIRST,propria,todas,bsskill_entradas,a_cada_2,450,-0.013977220096883855,-0.11043801512083701,0.0691719854250423,0.5946843853820598,-0.06760429018732662,0.06404759114818671,0.01588776745188982,0.10113490242004618,0.020628342327886805,0.09614525344399788,0.0019928350652359183,0.12980687974725627,-6.289749043597731,215,-0.029254646714408052,0.9780101630635923,-0.01429148757830958,-0.02590546624160406,22.374571291166877,-0.2811114886514417,6,0.3333333333333333,-0.06760429018732661,1596.0,0.23904966170423372,0.24639676495362192,0.007347103249388208,0.6832108399721071,0.7085133839001555,0.025302543928048385,22.374571291166877,12.0,0.5835,0.41679160419790107,0.6155,0.10748518090856647,0.12146240100545033,0.558641975308642,0.6666666666666666,6.0,34.0,14.0,0.0,0.0,0.9955555555555555,V6_MOM|cWRgrande 34% · TUDO_INI_CALR|cWRgrande 16% · V6E_MOM|cPROBSgrande 15%,t5 121 · t10 58 · t15 28 · t20 5 · t25 2 · t30 1,True
FIRST_5a45,FIRST,propria,todas,bsskill_entradas,bloco_motor,450,-0.054054825156491106,-0.11413139300140561,0.014169151463446354,0.9568106312292359,-0.07192151832585865,0.032643192299813176,0.03439177067138966,0.08225353293808091,-0.06242948862384586,0.1038151777101959,-0.10732671776296573,0.09070513509172523,-24.324671320420986,191,-0.12735430010691615,0.8126971983335106,-0.06651287252784198,-0.10646619405232262,27.91650261989281,-0.8713366302227147,6,0.0,-0.07192151832585864,1419.0,0.22791632188853206,0.22236985120688835,-0.005546470681643706,0.6550565063875337,0.6473459661591664,-0.007710540228367326,27.91650261989281,14.0,0.1555,0.8445777111444278,0.3765,0.10996893433624472,0.1707806126372972,0.3004115226337449,0.3333333333333333,6.0,6.0,6.0,0.0,0.1111111111111111,1.0,V6E_MOM|cPROBSgrande 25% · V6_MOM|cWRgrande 25% · TUDO_INI_CALR|bipro30 12%,t5 122 · t10 39 · t15 22 · t20 6 · t25 2,
FIRST_5a45,FIRST,propria,todas,llskill_entradas,a_cada_2,450,0.00854964208060724,-0.06716122088663497,0.09257658070123943,0.4850498338870432,-0.0578188616324456,0.06166813006811127,0.09975698138082931,0.08044753704220588,0.03688347377419286,0.10042397779552248,-0.011438773343621183,0.10115686799676342,3.847338936273266,215,0.017894599703596588,0.9676729808001584,0.008835259690249522,0.01615730481707114,16.95771299403143,0.22687840852285954,6,0.3333333333333333,-0.05781886163244559,1598.0,0.23519066920802947,0.24057470774722015,0.005384038539190658,0.6753311052290473,0.6935718497574337,0.018240744528386445,16.95771299403143,13.0,0.8255,0.17491254372813594,0.855,0.11237928639526375,0.10382964431465651,0.5956790123456789,0.5,6.0,19.0,12.0,0.0,0.0,0.9955555555555555,V6_MOM|cWRgrande 27% · TUDO_INI_CALR|cWRgrande 17% · V6E_MOM|cPROBSgrande 16%,t5 119 · t10 54 · t15 32 · t20 6 · t25 3 · t30 1,True
FIRST_5a45,FIRST,propria,todas,llskill_entradas,bloco_motor,450,-0.054054825156491106,-0.11413139300140561,0.014169151463446354,0.9568106312292359,-0.07192151832585865,0.032643192299813176,0.03439177067138966,0.08225353293808091,-0.06242948862384586,0.1038151777101959,-0.10732671776296573,0.09070513509172523,-24.324671320420986,191,-0.12735430010691615,0.8126971983335106,-0.06651287252784198,-0.10646619405232262,27.91650261989281,-0.8713366302227147,6,0.0,-0.07192151832585864,1419.0,0.22791632188853206,0.22236985120688835,-0.005546470681643706,0.6550565063875337,0.6473459661591664,-0.007710540228367326,27.91650261989281,14.0,0.1555,0.8445777111444278,0.3765,0.10996893433624472,0.1707806126372972,0.3004115226337449,0.3333333333333333,6.0,6.0,6.0,0.0,0.1111111111111111,1.0,V6E_MOM|cPROBSgrande 25% · V6_MOM|cWRgrande 25% · TUDO_INI_CALR|bipro30 12%,t5 122 · t10 39 · t15 22 · t20 6 · t25 2,
FIRST_5a45,FIRST,propria,todas,brier_entradas,a_cada_2,450,-0.037630033028330255,-0.11308142247445592,0.04568644806018587,0.8305647840531561,-0.13911404587285986,0.04665248162435411,-0.05356152279875559,0.08399541951703587,-0.040528058888786876,0.09912306229825284,0.13342550186934612,0.11895508472445732,-16.933514862748613,190,-0.08912376243551902,0.8564207127039715,-0.043938723655481425,-0.0731757825790638,40.992752912799304,-0.41308557390058587,4,0.3333333333333333,-0.13911404587285986,1437.0,0.21336248664463772,0.2228053896341758,0.009442902989538066,0.6172573810076878,0.6432993787954849,0.026041997787797203,40.992752912799304,11.0,0.3055,0.6946526736631684,0.054,-0.023012188286923065,0.01461784474140719,0.43930041152263377,0.5,6.0,14.0,6.0,0.0,0.0,0.9955555555555555,V6E_MOM|cPROBSgrande 48% · TUDO_INI_CALR|bisolo30 40% · V6WR_MOM|bisolo35mais 6%,t5 110 · t10 39 · t15 30 · t20 6 · t25 4 · t30 1,True
FIRST_5a45,FIRST,propria,todas,brier_entradas,bloco_motor,450,0.002269459557758652,-0.06434819396689598,0.07635045708365559,0.4684385382059801,-0.07192151832585865,0.032643192299813176,-0.05238021896500788,0.04553049769811469,-0.006976142583330778,0.09540932371273175,0.17745120704704054,0.10834686059954395,1.0212568009913854,163,0.006265379147186413,0.8070880444598714,0.0028119107615792345,0.0049655204864592194,29.038708235747777,0.03516880960063432,4,0.3333333333333333,-0.10046621909328733,1248.0,0.21348006976204945,0.2185996408416817,0.005119571079632261,0.6150939674858407,0.631460203886781,0.01636623640094033,29.038708235747777,7.0,0.7675,0.23288355822088955,0.339,-0.03790170135943344,-0.040454843361911914,0.5313786008230452,0.6666666666666666,6.0,4.0,3.0,0.0,0.1111111111111111,1.0,V6E_MOM|cPROBSgrande 50% · TUDO_INI_CALR|bisolo30 38% · TUDO_MOM|bisolo30 12%,t5 94 · t10 28 · t15 30 · t20 6 · t25 3 · t30 2,
FIRST_5a45,FIRST,propria,todas,ll_entradas,a_cada_2,450,-0.03122500842117392,-0.11732626949126627,0.0527212504314802,0.7840531561461794,-0.13911404587285986,0.04665248162435411,-0.02514972154252769,0.09375087609886662,-0.010509411577303696,0.09185099297999157,0.10381766403383859,0.12253796549690989,-14.051253789528271,191,-0.07356677376716372,0.8491398168478769,-0.0367725170833296,-0.061500667076987175,38.110491839578955,-0.3686977814055813,4,0.3333333333333333,-0.13911404587285986,1442.0,0.21638015636604352,0.2245492188124496,0.008169062446406064,0.6254213698660437,0.6495751010702163,0.02415373120417265,38.110491839578955,11.0,0.37,0.6301849075462269,0.095,-0.024018945782531696,0.007206062638642225,0.4465020576131687,0.5,6.0,16.0,7.0,0.0,0.0,0.9955555555555555,V6E_MOM|cPROBSgrande 46% · TUDO_INI_CALR|bisolo30 35% · TUDO_MOM|bisolo30 9%,t5 113 · t10 38 · t15 29 · t20 6 · t25 4 · t30 1,True
FIRST_5a45,FIRST,propria,todas,ll_entradas,bloco_motor,450,-0.02789585410877773,-0.09603248253404446,0.04272266234725451,0.7873754152823921,-0.07192151832585865,0.032643192299813176,-0.05238021896500788,0.04553049769811469,-0.1427200540827445,0.053489209937309684,0.17745120704704054,0.10834686059954395,-12.553134348949978,164,-0.07654350212774377,0.7393877057904724,-0.037728317485282686,-0.06071333889735609,38.88485788333137,-0.3228283458464454,4,0.3333333333333333,-0.10046621909328733,1248.0,0.21126799666229468,0.2185996408416817,0.007331644179387034,0.6097592270316136,0.631460203886781,0.02170097685516745,38.88485788333137,7.0,0.4075,0.592703648175912,0.083,-0.0403349811473422,-0.008952145274967245,0.4017489711934156,0.5,6.0,4.0,3.0,0.0,0.1111111111111111,1.0,V6E_MOM|cPROBSgrande 50% · TUDO_INI_CALR|bisolo30 25% · TUDO_MOM|bisolo30 25%,t5 104 · t10 28 · t15 23 · t20 6 · t25 2 · t30 1,
FIRST_5a45,FIRST,propria,todas,ppg,a_cada_2,450,0.04770816960049394,-0.0510661505037469,0.14359439929790224,0.1760797342192691,-0.00682353361507845,0.059102115863127004,0.12223412628906624,0.06910819236395054,0.05986483595904282,0.11551164209317218,0.04282310137673132,0.1659264415206272,21.468676320222272,213,0.10079190760667733,1.0293412330468237,0.04634825465922412,0.09162607774435019,14.202378064253654,1.5116254632213573,6,0.6666666666666666,-0.00682353361507845,1597.0,0.22729345316358332,0.23285681814174033,0.005563364978157004,0.6562674037249454,0.6742178153208019,0.017950411595856523,14.202378064253654,13.0,0.9865,0.013993003498250875,0.945,0.1281466032477505,0.08043843364725657,0.7150205761316872,0.8333333333333334,6.0,15.0,10.0,0.0,0.0,1.0,TUDO_INI_CALR|bipro30 20% · TUDO_INI_CALR|cWRgrande 18% · V6WR_MOM|cWRgrande 16%,t5 127 · t10 46 · t15 29 · t20 6 · t25 4 · t30 1,True
FIRST_5a45,FIRST,propria,todas,ppg,bloco_motor,450,-0.013459969124369751,-0.09284546874043986,0.06446330831996452,0.6378737541528239,0.011765795544057885,0.038687254572408396,0.03439177067138966,0.08225353293808091,-0.06242948862384586,0.1038151777101959,-0.050180836423294455,0.12156060275974756,-6.056986105966385,191,-0.031711969141185264,0.8990566441396076,-0.014971213673918031,-0.026510707981844933,25.605394191294543,-0.23655117592470695,6,0.3333333333333333,-0.032085337531732004,1417.0,0.22743298363537381,0.22460449876077596,-0.0028284848745978716,0.654238906031697,0.6540927752958815,-0.0001461307358154677,25.605394191294543,14.0,0.589,0.4112943528235882,0.47,0.12164374501229083,0.1367862102772068,0.4866255144032922,0.6666666666666666,6.0,6.0,6.0,0.0,0.1111111111111111,1.0,V6E_MOM|cWRgrande 25% · V6_MOM|cWRgrande 25% · TUDO_INI_CALR|bipro30 12%,t5 115 · t10 45 · t15 24 · t20 5 · t25 2,
FIRST_5a45,FIRST,propria,todas,lucro,a_cada_2,450,0.05310776315522464,-0.032595884578192055,0.15323211524416344,0.14285714285714285,-0.00682353361507845,0.059102115863127004,0.03439177067138966,0.08225353293808091,0.14481112768435936,0.1400702387013446,0.07001733626537955,0.10450440768780238,23.898493419851096,208,0.11489660298005334,0.9158749858844594,0.057985821180538674,0.10942368445582598,8.526568777897596,2.802826558064048,4,0.6666666666666666,-0.00682353361507845,1568.0,0.23377226520516214,0.23802315692490128,0.004250891719739129,0.6718757845459098,0.6864306164622102,0.014554831916300384,8.526568777897596,6.0,0.9905,0.009995002498750625,1.0,0.08547811331924951,0.03237035016402487,0.6820987654320988,0.6666666666666666,6.0,6.0,6.0,0.0,0.0,1.0,V6_MOM|cWRgrande 57% · V6WR_MOM|cWRgrande 16% · TUDO_INI_CALR|bipro30 8%,t5 133 · t10 51 · t15 21 · t20 2 · t25 1,True
FIRST_5a45,FIRST,propria,todas,lucro,bloco_motor,450,0.024433060701556455,-0.04742812049776765,0.10952405318993386,0.2757475083056478,0.011765795544057885,0.038687254572408396,0.03439177067138966,0.08225353293808091,0.14481112768435936,0.1400702387013446,-0.08690281851483181,0.06919784910393975,10.9948773157004,193,0.05696827624715233,0.8380901693574344,0.02915326010838349,0.0520914604433195,15.841678056784753,0.6940475167017713,4,0.6666666666666666,-0.06282064216204424,1465.0,0.2359540649903904,0.2370536027526367,0.0010995377622462917,0.674029214080883,0.6834234177070868,0.009394203626203747,15.841678056784753,6.0,0.9275,0.07296351824087956,0.8925,0.07523634131199373,0.04774914802274273,0.5257201646090536,0.5,6.0,2.0,2.0,0.0,0.1111111111111111,1.0,V6_MOM|cWRgrande 75% · V6E_MOM|cWRgrande 25%,t5 127 · t10 47 · t15 17 · t20 2,
FIRST_5a45,FIRST,propria,todas,roi,a_cada_2,450,0.06639350228305585,-0.03201905941628579,0.1539909879703389,0.07641196013289037,-0.013490200281745116,0.06153048131696797,0.17342621689636695,0.09898882898241915,0.09275674242327074,0.10854480094465548,0.052823101376731324,0.16508426367758666,29.87707602737513,215,0.1389631443133727,1.0605916783008174,0.06260043675755161,0.12803807915747267,14.134398529243704,2.113784747583014,6,0.6666666666666666,-0.013490200281745116,1607.0,0.2326341276997965,0.23834716570203182,0.005713038002235322,0.6686583037564162,0.6889627086954018,0.02030440493898558,14.134398529243704,13.0,0.998,0.0024987506246876563,0.9455,0.1261189219613196,0.05972541967826375,0.7335390946502057,0.8333333333333334,6.0,13.0,11.0,0.0,0.0,0.9955555555555555,TUDO_INI_CALR|bipro30 21% · V6WR_MOM|cWRgrande 16% · TUDO_INI_CALR|cWRgrande 16%,t5 128 · t10 46 · t15 30 · t20 6 · t25 4 · t30 1,True
FIRST_5a45,FIRST,propria,todas,roi,bloco_motor,450,-0.013459969124369751,-0.09284546874043986,0.06446330831996452,0.6378737541528239,0.011765795544057885,0.038687254572408396,0.03439177067138966,0.08225353293808091,-0.06242948862384586,0.1038151777101959,-0.050180836423294455,0.12156060275974756,-6.056986105966385,191,-0.031711969141185264,0.8990566441396076,-0.014971213673918031,-0.026510707981844933,25.605394191294543,-0.23655117592470695,6,0.3333333333333333,-0.032085337531732004,1417.0,0.22743298363537381,0.22460449876077596,-0.0028284848745978716,0.654238906031697,0.6540927752958815,-0.0001461307358154677,25.605394191294543,14.0,0.589,0.4112943528235882,0.47,0.12164374501229083,0.1367862102772068,0.4866255144032922,0.6666666666666666,6.0,6.0,6.0,0.0,0.1111111111111111,1.0,V6E_MOM|cWRgrande 25% · V6_MOM|cWRgrande 25% · TUDO_INI_CALR|bipro30 12%,t5 115 · t10 45 · t15 24 · t20 5 · t25 2,
FIRST_5a45,FIRST,propria,todas,sharpe,a_cada_2,450,0.04162513089187885,-0.05634609111599292,0.13428520261889398,0.18604651162790697,-0.013490200281745116,0.06153048131696797,0.17342621689636695,0.09898882898241915,-0.011576789795343302,0.08497796202477038,0.04569896233504886,0.17227937230881085,18.731308901345486,212,0.08835523066672399,1.006475828783725,0.041357308046017074,0.08060671936397534,23.68940855086815,0.7907039494516648,6,0.3333333333333333,-0.013490200281745116,1581.0,0.23317665913002225,0.238144075580199,0.004967416450176765,0.669451134486299,0.6870639406526157,0.017612806166316643,23.68940855086815,10.0,0.9775,0.022988505747126436,0.559,0.12553280087447444,0.08390766998259558,0.6162551440329218,0.6666666666666666,6.0,15.0,11.0,0.0,0.0,0.9955555555555555,TUDO_INI_CALR|bipro30 21% · V6WR_MOM|cWRgrande 16% · TUDO_MOM|cWRgrande 15%,t5 128 · t10 49 · t15 26 · t20 4 · t25 4 · t30 1,True
FIRST_5a45,FIRST,propria,todas,sharpe,bloco_motor,450,-0.013459969124369751,-0.09284546874043986,0.06446330831996452,0.6378737541528239,0.011765795544057885,0.038687254572408396,0.03439177067138966,0.08225353293808091,-0.06242948862384586,0.1038151777101959,-0.050180836423294455,0.12156060275974756,-6.056986105966385,191,-0.031711969141185264,0.8990566441396076,-0.014971213673918031,-0.026510707981844933,25.605394191294543,-0.23655117592470695,6,0.3333333333333333,-0.032085337531732004,1417.0,0.22743298363537381,0.22460449876077596,-0.0028284848745978716,0.654238906031697,0.6540927752958815,-0.0001461307358154677,25.605394191294543,14.0,0.589,0.4112943528235882,0.47,0.12164374501229083,0.1367862102772068,0.4866255144032922,0.6666666666666666,6.0,6.0,6.0,0.0,0.1111111111111111,1.0,V6E_MOM|cWRgrande 25% · V6_MOM|cWRgrande 25% · TUDO_INI_CALR|bipro30 12%,t5 115 · t10 45 · t15 24 · t20 5 · t25 2,
FIRST_5a45,FIRST,propria,todas,sortino,a_cada_2,450,0.05186896774956611,-0.042236009370958276,0.14365536808993168,0.14285714285714285,-0.013490200281745116,0.06153048131696797,0.11959305062119477,0.06912303959426383,0.05429647885373457,0.10131911769728941,0.07975612582073578,0.1587027868768177,23.341035487304755,212,0.11009922399672054,1.001858375413052,0.05177275453547142,0.10129146637523229,14.35510197680682,1.6259748990300649,6,0.6666666666666666,-0.013490200281745116,1583.0,0.22947862403737682,0.23408106344001914,0.004602439402642325,0.6606128769187686,0.6757931793861349,0.015180302467366255,14.35510197680682,10.0,0.9895,0.010994502748625687,0.9395,0.1257159178057583,0.07384695005619218,0.7047325102880658,0.8333333333333334,6.0,14.0,12.0,0.0,0.0,0.9955555555555555,TUDO_INI_CALR|bipro30 21% · V6WR_MOM|cWRgrande 16% · V6_MOM|cWRgrande 15%,t5 125 · t10 47 · t15 29 · t20 6 · t25 4 · t30 1,True
FIRST_5a45,FIRST,propria,todas,sortino,bloco_motor,450,-0.013459969124369751,-0.09284546874043986,0.06446330831996452,0.6378737541528239,0.011765795544057885,0.038687254572408396,0.03439177067138966,0.08225353293808091,-0.06242948862384586,0.1038151777101959,-0.050180836423294455,0.12156060275974756,-6.056986105966385,191,-0.031711969141185264,0.8990566441396076,-0.014971213673918031,-0.026510707981844933,25.605394191294543,-0.23655117592470695,6,0.3333333333333333,-0.032085337531732004,1417.0,0.22743298363537381,0.22460449876077596,-0.0028284848745978716,0.654238906031697,0.6540927752958815,-0.0001461307358154677,25.605394191294543,14.0,0.589,0.4112943528235882,0.47,0.12164374501229083,0.1367862102772068,0.4866255144032922,0.6666666666666666,6.0,6.0,6.0,0.0,0.1111111111111111,1.0,V6E_MOM|cWRgrande 25% · V6_MOM|cWRgrande 25% · TUDO_INI_CALR|bipro30 12%,t5 115 · t10 45 · t15 24 · t20 5 · t25 2,
FIRST_5a45,FIRST,propria,todas,calmar,a_cada_2,450,0.043052103878031635,-0.04287611165196465,0.12670178950520036,0.2059800664451827,-0.013490200281745116,0.06153048131696797,0.11959305062119477,0.06912303959426383,0.12620422389154184,0.17509187012542385,-0.0318275066389766,0.10482474705482935,19.373446745114233,216,0.08969188307923256,1.0133112743498547,0.04248655370547818,0.08234705664305042,12.0674247202709,1.6054334039118265,4,0.6666666666666666,-0.013490200281745116,1622.0,0.23067274442781416,0.23527502888599047,0.004602284458176329,0.6634300466282478,0.6795716759233421,0.016141629295094315,12.0674247202709,7.0,0.979,0.02148925537231384,0.9865,0.11692660249475867,0.07387449861672704,0.7088477366255145,0.8333333333333334,6.0,19.0,9.0,0.0,0.0,0.9955555555555555,V6_MOM|cWRgrande 24% · TUDO_INI_CALR|cWRgrande 21% · V6WR_MOM|cWRgrande 19%,t5 124 · t10 48 · t15 32 · t20 8 · t25 3 · t30 1,True
FIRST_5a45,FIRST,propria,todas,calmar,bloco_motor,450,-0.008872457708627282,-0.08493464803923208,0.09596982740383117,0.584717607973422,0.011765795544057885,0.038687254572408396,0.03439177067138966,0.08225353293808091,0.05398111479814018,0.1651673262633727,-0.14594763847443942,0.08868878597900468,-3.992605968882274,190,-0.02101371562569618,0.8865392452400794,-0.01000796947937096,-0.01762778598265202,18.98822293864869,-0.2102674895793282,6,0.3333333333333333,-0.032085337531732004,1432.0,0.22975664595429743,0.22688187269868781,-0.0028747732556095988,0.6596855192859663,0.6577291274761724,-0.0019563918097938314,18.98822293864869,14.0,0.6465,0.3538230884557721,0.777,0.11222280799313307,0.12220432291533875,0.44341563786008226,0.5,6.0,5.0,4.0,0.0,0.1111111111111111,1.0,V6_MOM|cWRgrande 38% · V6E_MOM|cWRgrande 25% · TUDO_INI_CALR|cWRgrande 25%,t5 108 · t10 46 · t15 24 · t20 8 · t25 3 · t30 1,
FIRST_5a45,FIRST,propria,todas,maxdd,a_cada_2,450,0.05067817574707936,-0.04009863033569579,0.14836853079847076,0.12292358803986711,-0.028710498204964,0.053140454682361324,0.08579116144699377,0.07267145579537665,0.1919884084267459,0.160010365405306,-0.006662031704436529,0.11055221256438705,22.805179086185706,220,0.10365990493720775,0.9764672127136953,0.05189951601778813,0.09896604766510592,10.44203815615709,2.1839777584741693,6,0.6666666666666666,-0.028710498204964,1654.0,0.22937003150522972,0.23297598342162515,0.0036059519163954288,0.6584074448355233,0.6747654149032223,0.016357970067699013,10.44203815615709,10.0,0.9885,0.01199400299850075,0.998,0.10365579072359549,0.052977614976516124,0.7304526748971193,0.8333333333333334,6.0,10.0,11.0,0.0,0.0,0.9955555555555555,TUDO_INI_CALR|cWRgrande 28% · V6WR_MOM|cWRgrande 23% · V6E_MOM|cWRgrande 19%,t5 131 · t10 50 · t15 29 · t20 7 · t25 2 · t30 1,True
FIRST_5a45,FIRST,propria,todas,maxdd,bloco_motor,450,0.020212614741878798,-0.06391397298532314,0.11963549450024033,0.31893687707641194,0.011765795544057885,0.038687254572408396,0.03439177067138966,0.08225353293808091,0.05398111479814018,0.1651673262633727,-0.015064812447162077,0.1112381711642748,9.09567663384546,191,0.047621343632698744,0.8977357820683944,0.02251510427189243,0.04125882707088348,16.958334645376915,0.5363543546019758,6,0.6666666666666666,-0.032085337531732004,1432.0,0.22874497867846347,0.22688187269868781,-0.0018631059797756607,0.656213252006723,0.6577291274761724,0.0015158754694494217,16.958334645376915,14.0,0.909,0.09145427286356822,0.855,0.11021138351887302,0.08747219193425937,0.5668724279835391,0.6666666666666666,6.0,5.0,5.0,0.0,0.1111111111111111,1.0,V6E_MOM|cWRgrande 25% · V6WR_MOM|cWRgrande 25% · TUDO_INI_CALR|cWRgrande 25%,t5 112 · t10 43 · t15 25 · t20 7 · t25 3 · t30 1,
FIRST_5a45,FIRST,propria,todas,seq_ruim,a_cada_2,450,-0.008783630379938165,-0.10439390233960405,0.07656550062935032,0.584717607973422,-0.10440213916848867,0.060744100274357594,-0.02691534765428521,0.09031130146635119,0.05398111479814018,0.1651673262633727,0.09001110489915629,0.123122745809978,-3.9526336709721774,253,-0.015623057988032322,1.0013077821348522,-0.008772158308018843,-0.015581608576331198,27.603833337600587,-0.14319147716299582,6,0.3333333333333333,-0.10440213916848866,1918.0,0.22476356867231798,0.22837107098049858,0.0036075023081806206,0.6442074680560063,0.6616954129036929,0.017487944847686697,27.603833337600587,8.0,0.648,0.3523238380809595,0.39,0.04673833814099355,0.05552196852093171,0.529835390946502,0.5,6.0,10.0,10.0,0.0,0.0,0.7822222222222223,V6E_INI|cPROBSgrande 24% · V6E_INI 22% · TUDO_INI|bipro 20%,t5 153 · t10 55 · t15 31 · t20 11 · t25 2 · t30 1,True
FIRST_5a45,FIRST,propria,todas,seq_ruim,bloco_motor,450,-0.08354302923329436,-0.1746316026626196,0.006868145637242696,0.9634551495016611,-0.0819182532817698,0.03992695459605199,-0.18853564382503787,0.11819360516895815,0.0427961099608337,0.13547600186001035,-0.10732671776296573,0.09070513509172523,-37.59436315498246,233,-0.16134919809005346,0.9265545933446695,-0.09016525289861377,-0.1451855323108139,41.79250626987817,-0.8995479455626353,11,0.3333333333333333,-0.1807036138626837,1763.0,0.21675270950390654,0.21750925080202055,0.000756541298114008,0.6269603140101286,0.6366368724650919,0.009676558454963341,41.79250626987817,14.0,0.021,0.9790104947526237,0.0465,0.05243442790364641,0.14642033579110258,0.22582304526748972,0.16666666666666666,6.0,5.0,5.0,0.0,0.1111111111111111,0.75,V6E_INI|cPROBSgrande 25% · V6E_INI 25% · TUDO_INI_CALR|bipro30 25%,t5 136 · t10 50 · t15 30 · t20 13 · t25 2 · t30 2,
FIRST_5a45,FIRST,propria,todas,brier_com_roi>=0,a_cada_2,450,-0.03146207610922609,-0.10753587095769374,0.04851349299533099,0.760797342192691,-0.12994045024894704,0.04695030935283322,-0.038099987507348394,0.11429347212459953,-0.023987302568336238,0.07584924046378498,0.1154186229575878,0.10392530317974981,-14.157934249151754,220,-0.06435424658705342,0.9461588784571623,-0.033252423906362516,-0.05702080583885704,34.847204580380826,-0.4062860829049901,4,0.3333333333333333,-0.12994045024894704,1646.0,0.22136495666783268,0.22619751784701186,0.004832561179179196,0.6402233784744791,0.6555081435920885,0.015284765117609407,34.847204580380826,10.0,0.3685,0.6316841579210395,0.1625,0.034899575372693135,0.06636165148191922,0.4886831275720165,0.5,6.0,37.0,16.0,0.0,0.0,0.9466666666666667,TUDO_INI_CALR|bisolo35mais 38% · V6E_MOM|cPROBSgrande 22% · V6_MOM|cPROBSgrande 12%,t5 111 · t10 57 · t15 36 · t20 12 · t25 2 · t30 2,True
FIRST_5a45,FIRST,propria,todas,brier_com_roi>=0,bloco_motor,450,-0.014934303849049943,-0.09537875295109045,0.06685593553680988,0.6079734219269103,-0.07192151832585865,0.032643192299813176,-0.07353361969240542,0.0439500282876388,-0.003987302568336229,0.0716882327312336,0.11819883242880494,0.1650775412506607,-6.720436732072472,203,-0.03310559966538164,0.9444997160541615,-0.015811866954752528,-0.02789307437521806,29.693459671142577,-0.22632717125258703,4,0.3333333333333333,-0.07619248089558747,1540.0,0.21742382881360775,0.2213940831230589,0.003970254309451155,0.6257601618334356,0.6368567113342656,0.011096549500829918,29.693459671142577,11.0,0.5685,0.431784107946027,0.312,0.027654875918845637,0.044455967749026826,0.45473251028806577,0.5,6.0,4.0,4.0,0.0,0.1111111111111111,0.875,TUDO_INI_CALR|bisolo35mais 38% · V6E_MOM|cPROBSgrande 25% · V6_MOM|cPROBSgrande 25%,t5 99 · t10 47 · t15 41 · t20 9 · t25 5 · t30 2,
FIRST_5a45,FIRST,propria,todas,bsskill_t_ppg>=1_relaxar,a_cada_2,450,0.03243022319097299,-0.0806968236663148,0.14860977644528192,0.33222591362126247,-0.04590940684860641,0.05863128593856894,0.06650502176400355,0.07625213608824266,0.09020448053950286,0.18659687916064294,0.05809061232878172,0.16676033577152047,14.593600435937848,214,0.06819439456045723,1.0160066296569745,0.031919302733213584,0.06128736108973862,18.309117044531238,0.7970674063879459,6,0.6666666666666666,-0.04590940684860642,1605.0,0.21522428743382346,0.2182033665203374,0.0029790790865139305,0.6256527934645005,0.6350859801598178,0.00943318669531718,18.309117044531238,12.0,0.9595,0.04097951024487756,0.8015,0.1060630678301385,0.0736328446391655,0.7016460905349794,0.8333333333333334,6.0,36.0,9.0,0.0,0.0,0.9777777777777777,V6_MOM|cWRgrande 24% · TUDO_INI_CALR|bipro30 21% · V6E_MOM|cPROBSgrande 18%,t5 112 · t10 53 · t15 33 · t20 9 · t25 6 · t30 1,True
FIRST_5a45,FIRST,propria,todas,bsskill_t_ppg>=1_relaxar,bloco_motor,450,0.012625204608473587,-0.07284465158962783,0.1130184930592287,0.37209302325581395,-0.07192151832585865,0.032643192299813176,0.03439177067138966,0.08225353293808091,0.0004995277972440615,0.09901002952073888,0.12980439975828542,0.15614403804369398,5.681342073813116,168,0.033817512344125694,0.8961204932856478,0.014088735502725715,0.026518233855036318,18.083204257016835,0.31417784110958,4,0.3333333333333333,-0.07192151832585864,1257.0,0.22463609649462596,0.22286190584807364,-0.0017741906465523298,0.6460827998359868,0.6430880913358555,-0.002994708500131322,18.083204257016835,7.0,0.8575,0.14292853573213393,0.8085,0.1013067157166986,0.08710336053216582,0.48559670781893005,0.5,6.0,5.0,4.0,0.0,0.1111111111111111,1.0,V6E_MOM|cPROBSgrande 25% · V6_MOM|cWRgrande 25% · TUDO_INI_CALR|bipro30 25%,t5 95 · t10 37 · t15 24 · t20 6 · t25 5 · t30 1,
FIRST_5a45,FIRST,propria,todas,ppg_nao_piorando_ou_nada,a_cada_2,450,0.04770816960049394,-0.0510661505037469,0.14359439929790224,0.1760797342192691,-0.00682353361507845,0.059102115863127004,0.12223412628906624,0.06910819236395054,0.05986483595904282,0.11551164209317218,0.04282310137673132,0.1659264415206272,21.468676320222272,213,0.10079190760667733,1.0293412330468237,0.04634825465922412,0.09162607774435019,14.202378064253654,1.5116254632213573,6,0.6666666666666666,-0.00682353361507845,1597.0,0.22729345316358332,0.23285681814174033,0.005563364978157004,0.6562674037249454,0.6742178153208019,0.017950411595856523,14.202378064253654,13.0,0.9865,0.013993003498250875,0.945,0.1281466032477505,0.08043843364725657,0.7150205761316872,0.8333333333333334,6.0,15.0,10.0,0.0,0.0,1.0,TUDO_INI_CALR|bipro30 20% · TUDO_INI_CALR|cWRgrande 18% · V6WR_MOM|cWRgrande 16%,t5 127 · t10 46 · t15 29 · t20 6 · t25 4 · t30 1,True
FIRST_5a45,FIRST,propria,todas,ppg_nao_piorando_ou_nada,bloco_motor,450,-0.013459969124369751,-0.09284546874043986,0.06446330831996452,0.6378737541528239,0.011765795544057885,0.038687254572408396,0.03439177067138966,0.08225353293808091,-0.06242948862384586,0.1038151777101959,-0.050180836423294455,0.12156060275974756,-6.056986105966385,191,-0.031711969141185264,0.8990566441396076,-0.014971213673918031,-0.026510707981844933,25.605394191294543,-0.23655117592470695,6,0.3333333333333333,-0.032085337531732004,1417.0,0.22743298363537381,0.22460449876077596,-0.0028284848745978716,0.654238906031697,0.6540927752958815,-0.0001461307358154677,25.605394191294543,14.0,0.589,0.4112943528235882,0.47,0.12164374501229083,0.1367862102772068,0.4866255144032922,0.6666666666666666,6.0,6.0,6.0,0.0,0.1111111111111111,1.0,V6E_MOM|cWRgrande 25% · V6_MOM|cWRgrande 25% · TUDO_INI_CALR|bipro30 12%,t5 115 · t10 45 · t15 24 · t20 5 · t25 2,
FIRST_5a45,FIRST,propria,todas,funcao_menor_vol,a_cada_2,450,-0.048392535767835976,-0.11708196389173514,0.03409023367379471,0.9003322259136213,-0.12703072354302505,0.04150726042447847,-0.06586504444331878,0.05267727914129601,-0.026807014938368852,0.10309568217614917,0.06545173374096334,0.09023437657539247,-21.776641095526177,176,-0.12373091531548965,0.7272862420178964,-0.06653850021082233,-0.10369829093107709,36.09970596031333,-0.6032359687213686,5,0.3333333333333333,-0.12703072354302505,1340.0,0.2198833862387083,0.22426117908180423,0.004377792843095945,0.6351660736344302,0.6488640613710897,0.01369798773665936,36.09970596031333,7.0,0.1985,0.8015992003998001,0.134,-0.08797260068720311,-0.039580064919367136,0.4670781893004115,0.6666666666666666,6.0,5.0,6.0,0.0,0.0,1.0,V6WR_INI|cPROBSgrande 30% · TUDO_MOM|bisolo30 28% · V6WR_INI|bisolo30 21%,t5 112 · t10 39 · t15 19 · t20 4 · t25 1 · t35 1,True
FIRST_5a45,FIRST,propria,todas,funcao_menor_vol,bloco_motor,450,-0.053555049883296554,-0.11597155972117891,0.014076836334116567,0.9269102990033222,-0.0819182532817698,0.03992695459605199,-0.13719767052877171,0.029104493497880187,-0.046374407764371434,0.10617255394549777,0.06545173374096334,0.09023437657539247,-24.09977244748345,161,-0.1496880276241208,0.7189927025235816,-0.07448622175903107,-0.11655875029136581,39.62504318874795,-0.6081954871995419,5,0.3333333333333333,-0.14226287405624116,1248.0,0.21476411938804077,0.2185996408416817,0.0038355214536409496,0.61856174429123,0.631460203886781,0.012898459595550986,39.62504318874795,10.0,0.159,0.841079460269865,0.073,-0.08447864825386993,-0.024229217135161303,0.4182098765432099,0.5,6.0,4.0,4.0,0.0,0.1111111111111111,1.0,V6E_INI|cPROBSgrande 25% · V6WR_INI|cPROBSgrande 25% · V6WR_INI|bisolo30 25%,t5 101 · t10 34 · t15 19 · t20 5 · t25 1 · t35 1,
FIRST_5a45,FIRST,propria,todas,ACASO (média das elegíveis),-,450,-0.0204187985677537,-0.0773569498799311,0.043642482085517145,0.7275747508305648,-0.0670624462499459,0.055976890834432996,-0.03853089385769025,0.06328982605994632,-0.006872005982872884,0.0654245094318644,0.05411197566059031,0.07337072143420757,-9.188459355489181,246,-0.03723932791927468,0.6582510017875833,-0.03101977590965037,-0.05197613559906187,19.277403405389176,-0.4766440356236184,10,0.3333333333333333,-0.06706244624994588,,,,,,,,,,0.497,0.5032483758120939,0.7635,,,,,,,,,,,,,
FIRST_5a45,FIRST,propria,todas,FIXO_RETROSPECTO (V6_MOM|cWRgrande) — ENVIESADO,-,450,0.039868230894927484,-0.049482664077422744,0.13507019132615883,0.2159468438538206,0.058071306124170975,0.08175617210620559,0.03439177067138966,0.08225353293808091,0.14481112768435936,0.1400702387013446,-0.08690281851483181,0.06919784910393975,17.940703902717367,217,0.08267605485123211,0.8985883205483247,0.044367626401598026,0.08100651948001858,15.841678056784755,1.132500221151359,4,0.6666666666666666,-0.06282064216204424,1633.0,0.23145286048471425,0.23377312588157206,0.0023202653968578298,0.6652411777772064,0.6760666789531661,0.010825501175959701,15.841678056784755,6.0,0.9755,0.02498750624687656,0.8925,,,,,,,,,,,,,
FIRST_5a45,FIRST,propria,todas,"BASE_V6_MOM (fixo, sem flag)",-,450,-0.051153117431392725,-0.17780113511658385,0.07044077370541645,0.7940199335548173,-0.03526602185190597,0.10706087399762981,-0.1470814938798947,0.11437150021934545,-0.054618090875366614,0.16978908691664485,0.024409589091853024,0.1170869928568777,-23.01890284412672,419,-0.05493771561844086,1.1961527837200892,-0.04276470207451612,-0.07124171580174689,34.74487272665965,-0.6625122223131465,9,0.0,-0.08995112553374215,3191.0,0.22444054119397885,0.22367752980154385,-0.0007630113924350029,0.6477606483326892,0.6490904170371834,0.0013297687044941412,34.74487272665965,11.0,0.1745,0.8255872063968016,0.165,,,,,,,,,,,,,
FIRST_5a45,FIRST,propria,todas,FIXO_TUDO_INI (sem flag),-,450,0.00489298050506209,-0.08249167692008412,0.12015109965985019,0.5049833887043189,0.0,0.0,0.01908239143510235,0.11880708748629773,-0.13086745356661297,0.1319104365251987,0.13380347440429002,0.1347810352395574,2.201841227277937,261,0.008436173284589796,0.9944237010465382,0.004920418228077915,0.008835684483509063,27.510664961729276,0.08003591444775941,8,0.3333333333333333,-0.04063313074374641,2004.0,0.22805224908941163,0.22280665051107196,-0.00524559857833967,0.6496641489208074,0.6456533104965984,-0.00401083842420908,27.510664961729276,8.0,0.793,0.20739630184907545,0.3925,,,,,,,,,,,,,
FIRST_5a45,FIRST,propria,todas,FIXO_TUDO_INI_CALR (sem flag),-,450,0.06400703048081577,-0.06001628212264624,0.21578717461578314,0.17940199335548174,0.0,0.0,0.09464993862273863,0.17166235408438546,0.07223007629415587,0.16559702861214068,0.12115162224677649,0.21255328595618392,28.803163716367088,264,0.10910289286502685,1.2677950310871167,0.050486891738273046,0.10293410954434108,24.431598891685447,1.1789307709275372,20,0.6666666666666666,0.0,2004.0,0.21690037043928737,0.22280665051107196,0.005906280071784577,0.6233390220942955,0.6456533104965984,0.022314288402302842,24.431598891685447,21.0,0.998,0.0024987506246876563,0.527,,,,,,,,,,,,,
FIRST_5a45,FIRST,propria,todas,FIXO_TUDO_MOM (sem flag),-,450,0.006673156743319202,-0.08419037370026285,0.09554971826674233,0.4053156146179402,0.0,0.0,0.027720389041520313,0.11149957580987081,-0.11870358585470617,0.1355194231284223,0.12101240215812227,0.13463599142205426,3.0029205344936454,261,0.011505442660895194,0.9819464816635622,0.006795845667692489,0.012138586812797572,27.49742951767485,0.10920731818090205,7,0.6666666666666666,0.0,2004.0,0.22857094135855271,0.22280665051107196,-0.005764290847480764,0.6515468573918222,0.6456533104965984,-0.005893546895223805,27.49742951767485,7.0,0.8125,0.18790604697651175,0.3925,,,,,,,,,,,,,
FIRST_5a45,FIRST,propria,todas,FIXO_V6E_INI (sem flag),-,450,-0.04931583094782889,-0.16096535137290505,0.05936666252267267,0.7774086378737541,-0.1213716671234738,0.09209545261031786,-0.18853564382503787,0.11819360516895815,-0.04126250805834612,0.13708921067038937,0.18993441330336477,0.14826561406013244,-22.192123926522967,417,-0.05321852260557067,1.2015314652803377,-0.041044144388114434,-0.06838875275942728,48.14772511265155,-0.46091739276569993,11,0.3333333333333333,-0.15986015744342058,3191.0,0.21888445342546553,0.22367752980154385,0.00479307637607831,0.6298160414257797,0.6490904170371834,0.019274375611403584,48.14772511265155,11.0,0.1885,0.8115942028985508,0.013,,,,,,,,,,,,,
FIRST_5a45,FIRST,propria,todas,FIXO_V6E_MOM (sem flag),-,450,-0.032181954974882236,-0.1377180706234742,0.09713536625317966,0.7541528239202658,-0.09028224498037403,0.0860151873648549,-0.13403001443194434,0.10969614363464253,-0.0036627290418840743,0.16567470147839075,0.12829731355741944,0.12470944984330551,-14.481879738697025,420,-0.034480666044516724,1.2176212952842442,-0.026430184080650142,-0.04491720144582366,38.407843240533076,-0.37705527092481506,9,0.3333333333333333,-0.09028224498037406,3191.0,0.21895695371366689,0.22367752980154385,0.004720576087876949,0.6301043101886806,0.6490904170371834,0.018986106848502726,38.407843240533076,9.0,0.363,0.6371814092953523,0.0905,,,,,,,,,,,,,
FIRST_5a45,FIRST,propria,todas,FIXO_V6WR_INI (sem flag),-,450,-0.08394647820499808,-0.2088799962944278,0.0316569100759088,0.9269102990033222,-0.12449202493874194,0.08885866761709674,-0.2403406295714227,0.10725408988292626,-0.05197290624046765,0.138806335307876,0.10129242129751198,0.14158011319428576,-37.775915192249116,418,-0.09037300285227061,1.170381327166123,-0.07172574976760782,-0.11591849564621405,53.90010186901795,-0.7008505342726059,10,0.3333333333333333,-0.1919235804978523,3191.0,0.2241890737874341,0.22367752980154385,-0.0005115439858902553,0.646267281268438,0.6490904170371834,0.0028231357687453548,53.90010186901795,15.0,0.0205,0.9795102448775612,0.003,,,,,,,,,,,,,
FIRST_5a45,FIRST,propria,todas,FIXO_V6WR_MOM (sem flag),-,450,-0.05109257909786785,-0.17384325348250193,0.05851543437428935,0.7475083056478405,-0.044750201342088416,0.10415644506683974,-0.1470814938798947,0.11437150021934545,-0.054618090875366614,0.16978908691664485,0.03890828082798858,0.1129406776630228,-22.991660594040532,420,-0.054742049033429836,1.1930532058190948,-0.04282506333218397,-0.07131125717865147,36.014047634644996,-0.6384081241654961,9,0.0,-0.08995112553374215,3191.0,0.2245370331017582,0.22367752980154385,-0.0008595033002143717,0.6481059662340917,0.6490904170371834,0.0009844508030916912,36.014047634644996,11.0,0.1745,0.8255872063968016,0.137,,,,,,,,,,,,,
FIRST_5a45,FIRST,propria,todas,FIXO_V6_INI (sem flag),-,450,-0.08394647820499808,-0.2088799962944278,0.0316569100759088,0.9269102990033222,-0.12449202493874194,0.08885866761709674,-0.2403406295714227,0.10725408988292626,-0.05197290624046765,0.138806335307876,0.10129242129751198,0.14158011319428576,-37.775915192249116,418,-0.09037300285227061,1.170381327166123,-0.07172574976760782,-0.11591849564621405,53.90010186901795,-0.7008505342726059,10,0.3333333333333333,-0.1919235804978523,3191.0,0.22412451480232756,0.22367752980154385,-0.0004469850007837134,0.646047512632195,0.6490904170371834,0.003042904404988451,53.90010186901795,15.0,0.0205,0.9795102448775612,0.003,,,,,,,,,,,,,
FIRST_5a45,FIRST,propria,todas,FIXO_V6_MOM (sem flag),-,450,-0.051153117431392725,-0.17780113511658385,0.07044077370541645,0.7940199335548173,-0.03526602185190597,0.10706087399762981,-0.1470814938798947,0.11437150021934545,-0.054618090875366614,0.16978908691664485,0.024409589091853024,0.1170869928568777,-23.01890284412672,419,-0.05493771561844086,1.1961527837200892,-0.04276470207451612,-0.07124171580174689,34.74487272665965,-0.6625122223131465,9,0.0,-0.08995112553374215,3191.0,0.22444054119397885,0.22367752980154385,-0.0007630113924350029,0.6477606483326892,0.6490904170371834,0.0013297687044941412,34.74487272665965,11.0,0.1745,0.8255872063968016,0.165,,,,,,,,,,,,,
FIRST_5a45,FIRST,propria,todas,FAVORITO (todos os jogos),-,450,-0.0448563000977254,-0.10625840802824962,0.008644100894730302,0.9169435215946844,-0.025901123875201475,0.04894662387202781,-0.022633541166189288,0.05466175718643217,0.005489505617389989,0.08856362770454847,-0.14585762907816277,0.04816703090630772,-20.18533504397643,450,-0.0448563000977254,0.7194244136202699,-0.06235026119283418,-0.07692792001487686,24.189215963283196,-0.8344766144804256,4,0.0,-0.08588948275148399,,,,,,,,,,0.23,0.7701149425287356,0.539,,,,,,,,,,,,,
FIRST_5a45,FIRST,propria,todas,ZEBRA (todos os jogos),-,450,-0.001161210825530286,-0.10916867403823567,0.1268005323754926,0.5016611295681063,-0.04216349102995488,0.0810249366871287,0.010679276433328253,0.142693618426604,-0.08178994696775005,0.16351677121077987,0.12913045836446777,0.14181124042250304,-0.5225448714886367,427,-0.001223758481238025,1.4436156400184856,-0.0008043767283620012,-0.0014827324482306209,33.022415280979956,-0.015823944646157027,9,0.3333333333333333,-0.04785005223558231,,,,,,,,,,0.7335,0.26686656671664166,0.2065,,,,,,,,,,,,,
FIRST_5a45,FIRST,propria,todas,VIG_MERCADO (dutching: perde a margem 1/S − 1),-,450,-0.03208852208298098,-0.03816915073605481,-0.0260193744479218,1.0,-0.035676131505944966,0.004950224390916952,-0.034358284756318073,0.0058064318052340365,-0.02563154151154088,0.004070682372358242,-0.03089432584663801,0.007833986804358062,-14.439834937341445,450,-0.03208852208298099,0.058957143953029645,-0.5442685980268221,-0.5372307955547628,14.439834937341445,-1.0,21,0.0,-0.03567613150594496,,,,,,,,,,0.3655,0.6346826586706646,0.938,,,,,,,,,,,,,
FIRST_5a45,FIRST,propria,so_INI,bsskill_todas,a_cada_2,450,-0.017979663812255842,-0.11941892971638124,0.09049010882712467,0.6046511627906976,-0.12363323322783903,0.06069423990922489,0.015963080264047844,0.04675443998623254,-0.02708660387891582,0.15911426866488335,0.11566488630147526,0.16445465837479423,-8.090848715515133,201,-0.04025297868415489,0.9406726186181098,-0.01911362514056035,-0.03397837078841176,28.84966338562576,-0.2804486349586446,3,0.3333333333333333,-0.12363323322783903,1535.0,0.20923677593180057,0.21123893944744748,0.002002163515646919,0.608606096922293,0.616203495978472,0.007597399056179065,28.84966338562576,10.0,0.6425,0.35782108945527236,0.524,0.06857112947613553,0.08655079328839137,0.4444444444444444,0.5,6.0,27.0,9.0,0.0,0.0,1.0,V6E_INI|cPROBSgrande 37% · TUDO_INI_CALR|bipro30 24% · TUDO_INI_CALR|cWRgrande 15%,t5 104 · t10 46 · t15 34 · t20 10 · t25 6 · t30 1,True
FIRST_5a45,FIRST,propria,so_INI,bsskill_todas,bloco_motor,450,-0.011080936860014432,-0.09149622318840485,0.0812973643369581,0.6079734219269103,-0.0819182532817698,0.03992695459605199,-0.05729076350293967,0.049838926064837634,0.0004995277972440615,0.09901002952073888,0.12980439975828542,0.15614403804369398,-4.986421587006498,154,-0.03237936095458765,0.8317317543689756,-0.013322729115255914,-0.02386694707132615,29.144462455327268,-0.17109327696984294,3,0.3333333333333333,-0.0932070269812849,1195.0,0.21113522581839006,0.2162581724786576,0.005122946660267556,0.6119899516718692,0.6274070351843098,0.015417083512440673,29.144462455327268,9.0,0.7075,0.2928535732133933,0.5115,0.05059097425409449,0.06305702822161073,0.4444444444444445,0.5,6.0,4.0,3.0,0.0,0.1111111111111111,1.0,V6E_INI|cPROBSgrande 50% · TUDO_INI_CALR|bipro30 25% · TUDO_INI_CALR|bisolo 25%,t5 81 · t10 33 · t15 26 · t20 8 · t25 5 · t30 1,
FIRST_5a45,FIRST,propria,so_INI,llskill_todas,a_cada_2,450,0.002199410441846293,-0.09234110688606889,0.11564320733983377,0.46179401993355484,-0.09490713082692981,0.052361872571581716,0.0873029232531604,0.06229871474805438,-0.028497868948552097,0.15997247822915783,0.09345298892409472,0.1695187570474868,0.9897346988308273,203,0.004875540388329199,0.9497820565109729,0.002315700140646827,0.004206878640568632,18.620122052756464,0.05315403927141874,4,0.6666666666666666,-0.09490713082692981,1521.0,0.2111167926469223,0.21105774339485184,-5.904925207045725e-05,0.6128839978385175,0.6154303874830526,0.0025463896445350005,18.620122052756464,11.0,0.837,0.1634182908545727,0.894,0.08328416827819558,0.08108475783634929,0.5185185185185185,0.5,6.0,30.0,8.0,0.0,0.0,1.0,TUDO_INI_CALR|bipro30 32% · V6E_INI|cWRgrande 25% · V6E_INI|cPROBSgrande 18%,t5 106 · t10 46 · t15 34 · t20 10 · t25 6 · t30 1,True
FIRST_5a45,FIRST,propria,so_INI,llskill_todas,bloco_motor,450,0.004334448891694813,-0.08585974706914715,0.09443643457871181,0.48172757475083056,-0.0819182532817698,0.03992695459605199,0.04125304551823904,0.09465865503236197,0.0004995277972440615,0.09901002952073888,0.10062982661979827,0.17209133395172066,1.9505020012626657,176,0.011082397734446964,0.897625666439656,0.004828793397683222,0.008847656750686966,21.167795239359116,0.09214478783486758,6,0.3333333333333333,-0.0819182532817698,1304.0,0.21729937377139488,0.22286476723000526,0.005565393458610358,0.6265423137660721,0.6448480669056126,0.01830575313954045,21.167795239359116,14.0,0.854,0.14642678660669664,0.818,0.07314585439297262,0.06826959938981596,0.48148148148148145,0.5,6.0,6.0,5.0,0.0,0.1111111111111111,1.0,V6E_INI|cPROBSgrande 25% · V6E_INI|cWRgrande 25% · TUDO_INI_CALR|bipro30 25%,t5 92 · t10 44 · t15 25 · t20 9 · t25 5 · t30 1,
FIRST_5a45,FIRST,propria,so_INI,brier_todas,a_cada_2,450,-0.006204228370182506,-0.0967999166980843,0.08578560817602505,0.5249169435215947,-0.11086046656578058,0.046604510052994555,0.0032789277317542,0.13554389522566573,0.0016672425817492798,0.09091211301047133,0.13342550186934612,0.11895508472445732,-2.791902766582136,189,-0.01477197230995839,0.9216376902499247,-0.006731743325839981,-0.012167492894748676,27.443565624832534,-0.10173250825890714,4,0.3333333333333333,-0.11086046656578058,1435.0,0.2217914689765019,0.23181996321047624,0.010028494233974354,0.6361536949887854,0.6673025174399613,0.03114882245117595,27.443565624832534,12.0,0.7505,0.24987506246876562,0.583,-0.03889065207531431,-0.0326864237051318,0.4981481481481482,0.5,6.0,10.0,5.0,0.0,0.0,0.9955555555555555,V6E_INI|cPROBSgrande 44% · TUDO_INI_CALR|bisolo30 43% · V6E_INI|bisolo35mais 11%,t5 110 · t10 35 · t15 31 · t20 8 · t25 4 · t30 1,True
FIRST_5a45,FIRST,propria,so_INI,brier_todas,bloco_motor,450,-0.0059200340957040725,-0.07454851293456731,0.056321625132548056,0.584717607973422,-0.0819182532817698,0.03992695459605199,-0.05729076350293967,0.049838926064837634,0.02010248812557998,0.08555228214287283,0.13342550186934612,0.11895508472445732,-2.664015343066832,161,-0.016546679149483427,0.8189917856835722,-0.007228441358252343,-0.012685787347937297,28.12247959132766,-0.09472903462923497,4,0.3333333333333333,-0.08568749497930137,1262.0,0.21595048888952914,0.22517398562932212,0.009223496739792971,0.6202852778830803,0.6472008059122477,0.026915528029167413,28.12247959132766,11.0,0.755,0.24537731134432783,0.5595,-0.053092920067316196,-0.046432881709649126,0.4777777777777777,0.5,6.0,3.0,3.0,0.0,0.1111111111111111,1.0,V6E_INI|cPROBSgrande 50% · TUDO_INI_CALR|bisolo30 38% · V6E_INI|bisolo35mais 12%,t5 88 · t10 35 · t15 28 · t20 6 · t25 3 · t30 1,
FIRST_5a45,FIRST,propria,so_INI,ll_todas,a_cada_2,450,-0.006717527025539939,-0.09894421847281837,0.09001256740875918,0.5581395348837209,-0.11086046656578058,0.046604510052994555,0.0009690837826457611,0.1355230937548374,0.0016672425817492798,0.09091211301047133,0.13342550186934612,0.11895508472445732,-3.022887161492977,185,-0.01633993060266474,0.9157094131540646,-0.007335871979738774,-0.013288218450448554,27.67455001974338,-0.10922985773341971,4,0.3333333333333333,-0.11086046656578058,1413.0,0.22114827163364073,0.2313108958810824,0.010162624247441665,0.6348526829765654,0.6663790107354496,0.031526327758884275,27.67455001974338,13.0,0.7455,0.25487256371814093,0.5745,-0.03779265587488788,-0.03107512884934794,0.4981481481481482,0.5,6.0,8.0,5.0,0.0,0.0,0.9955555555555555,V6E_INI|cPROBSgrande 44% · TUDO_INI_CALR|bisolo30 43% · V6E_INI|bisolo35mais 10%,t5 106 · t10 35 · t15 31 · t20 8 · t25 4 · t30 1,True
FIRST_5a45,FIRST,propria,so_INI,ll_todas,bloco_motor,450,-0.0059200340957040725,-0.07454851293456731,0.056321625132548056,0.584717607973422,-0.0819182532817698,0.03992695459605199,-0.05729076350293967,0.049838926064837634,0.02010248812557998,0.08555228214287283,0.13342550186934612,0.11895508472445732,-2.664015343066832,161,-0.016546679149483427,0.8189917856835722,-0.007228441358252343,-0.012685787347937297,28.12247959132766,-0.09472903462923497,4,0.3333333333333333,-0.08568749497930137,1262.0,0.21595048888952914,0.22517398562932212,0.009223496739792971,0.6202852778830803,0.6472008059122477,0.026915528029167413,28.12247959132766,11.0,0.755,0.24537731134432783,0.5595,-0.053092920067316196,-0.046432881709649126,0.4777777777777777,0.5,6.0,3.0,3.0,0.0,0.1111111111111111,1.0,V6E_INI|cPROBSgrande 50% · TUDO_INI_CALR|bisolo30 38% · V6E_INI|bisolo35mais 12%,t5 88 · t10 35 · t15 28 · t20 6 · t25 3 · t30 1,
FIRST_5a45,FIRST,propria,so_INI,bsskill_entradas,a_cada_2,450,0.011553531971048032,-0.07940182978357505,0.10653775407969886,0.40863787375415284,-0.11655228127984668,0.04575646356062775,0.0770525592162854,0.0838492928337564,0.0944308557673516,0.1453008313278768,0.0553359008058492,0.13174193271818224,5.199089386971621,214,0.024294810219493555,1.0231989976251292,0.011291578664428007,0.02149558907395316,22.056702492749277,0.23571471704261882,6,0.6666666666666666,-0.11655228127984667,1597.0,0.24255969858751336,0.2515560759916556,0.008996377404142221,0.6899019826138977,0.7207827455485257,0.030880762934627996,22.056702492749277,12.0,0.894,0.10644677661169415,0.7865,0.07729957790556313,0.06574604593451511,0.6333333333333333,0.3333333333333333,6.0,33.0,12.0,0.0,0.0,0.9955555555555555,V6WR_INI|cWRgrande 22% · TUDO_INI_CALR|cWRgrande 21% · V6E_INI|cPROBSgrande 15%,t5 115 · t10 54 · t15 35 · t20 7 · t25 2 · t30 1,True
FIRST_5a45,FIRST,propria,so_INI,bsskill_entradas,bloco_motor,450,-0.043352961455712685,-0.10578003409687849,0.02115125291843352,0.9169435215946844,-0.019603072917235405,0.030038413823309636,0.0006014604992517492,0.08824277622316704,-0.05895845991113997,0.10332580692834874,-0.10732671776296573,0.09070513509172523,-19.5088326550707,189,-0.10322133679931589,0.82042327372635,-0.05284218871413068,-0.08613360033402767,27.265557485245864,-0.7155119665397439,6,0.0,-0.0558436004700787,1417.0,0.23006962574564208,0.22460449876077596,-0.005465126984866146,0.6598837530851522,0.6540927752958815,-0.0057909777892707695,27.265557485245864,14.0,0.3285,0.671664167916042,0.594,0.08057317683764714,0.1293452584753239,0.35555555555555557,0.3333333333333333,6.0,6.0,6.0,0.0,0.1111111111111111,1.0,V6E_INI|cWRgrande 25% · V6WR_INI|cWRgrande 25% · TUDO_INI_CALR|bipro30 12%,t5 117 · t10 43 · t15 23 · t20 4 · t25 2,
FIRST_5a45,FIRST,propria,so_INI,llskill_entradas,a_cada_2,450,0.009961813464938076,-0.07336929230080837,0.09740539317399187,0.4053156146179402,-0.10843067959486066,0.04184264514208806,0.09975698138082931,0.08044753704220588,0.11915597194730423,0.1324492724883915,-0.011438773343621183,0.10115686799676342,4.482816059222134,216,0.020753778051954327,0.9953462893813897,0.010008389613959749,0.018678400246758892,20.838462240001377,0.2151222104391633,6,0.6666666666666666,-0.10843067959486068,1613.0,0.23265570606609606,0.23983068831247298,0.007174982246376928,0.667452035611499,0.6916677882138234,0.024215752602324395,20.838462240001377,13.0,0.8845,0.11594202898550725,0.8305,0.07681348953962071,0.06685167607468263,0.637037037037037,0.6666666666666666,6.0,25.0,11.0,0.0,0.0,0.9955555555555555,V6WR_INI|cWRgrande 23% · V6E_INI|cPROBSgrande 19% · TUDO_INI_CALR|cWRgrande 18%,t5 117 · t10 52 · t15 35 · t20 8 · t25 3 · t30 1,True
FIRST_5a45,FIRST,propria,so_INI,llskill_entradas,bloco_motor,450,-0.06412468824389082,-0.13889156660396657,0.00429238959145297,0.9534883720930233,-0.0819182532817698,0.03992695459605199,0.0006014604992517492,0.08824277622316704,-0.05895845991113997,0.10332580692834874,-0.10732671776296573,0.09070513509172523,-28.85610970975088,190,-0.1518742616302678,0.8088757199152058,-0.07927631731931946,-0.12522484994185476,32.84143554671353,-0.878649463075573,6,0.0,-0.0819182532817698,1419.0,0.22798092094526784,0.22236985120688835,-0.005611069738379491,0.6543777902450039,0.6473459661591664,-0.007031824085837509,32.84143554671353,14.0,0.1225,0.8775612193903048,0.3715,0.0701517077507339,0.14229198202511106,0.2537037037037037,0.16666666666666666,6.0,6.0,6.0,0.0,0.1111111111111111,1.0,V6E_INI|cPROBSgrande 25% · V6WR_INI|cWRgrande 25% · TUDO_INI_CALR|bipro30 12%,t5 117 · t10 43 · t15 21 · t20 7 · t25 2,
FIRST_5a45,FIRST,propria,so_INI,brier_entradas,a_cada_2,450,-0.03373777278865235,-0.11926069835408983,0.04573598807641128,0.8073089700996677,-0.14067494684106654,0.048149101137513896,-0.06725691657335116,0.08978085624669874,-0.006976142583330778,0.09540932371273175,0.13342550186934612,0.11895508472445732,-15.181997754893548,195,-0.07785639874304383,0.8756611257772373,-0.03852834366571507,-0.06479518745616009,39.83366061314396,-0.38113488745957547,4,0.3333333333333333,-0.14067494684106652,1466.0,0.21673229248580783,0.22526743578323824,0.008535143297430407,0.6260749362350819,0.6511808801094684,0.025105943874386475,39.83366061314396,11.0,0.449,0.551224387806097,0.1385,-0.04227356952523209,-0.00853579673657974,0.43888888888888883,0.5,6.0,12.0,6.0,0.0,0.0,0.9955555555555555,TUDO_INI_CALR|bisolo30 44% · V6E_INI|cPROBSgrande 36% · V6WR_INI|cPROBSgrande 11%,t5 111 · t10 38 · t15 32 · t20 8 · t25 4 · t30 2,True
FIRST_5a45,FIRST,propria,so_INI,brier_entradas,bloco_motor,450,-0.011937507586573127,-0.0890868646059696,0.06965558028683891,0.6644518272425249,-0.0819182532817698,0.03992695459605199,-0.05729076350293967,0.049838926064837634,-0.006976142583330778,0.09540932371273175,0.13342550186934612,0.11895508472445732,-5.371878413957909,163,-0.032956309288085336,0.8320500553403658,-0.01434710268926052,-0.025073781189617436,31.422767470418453,-0.1709549745742485,4,0.3333333333333333,-0.10373991545190853,1248.0,0.21094202120246636,0.2185996408416817,0.007657619639215359,0.6098224770858616,0.631460203886781,0.021637726800919427,31.422767470418453,11.0,0.6995,0.3008495752123938,0.426,-0.0467545964503162,-0.033324900415421445,0.4481481481481482,0.5,6.0,2.0,2.0,0.0,0.1111111111111111,1.0,V6E_INI|cPROBSgrande 50% · TUDO_INI_CALR|bisolo30 50%,t5 86 · t10 33 · t15 31 · t20 7 · t25 4 · t30 2,
FIRST_5a45,FIRST,propria,so_INI,ll_entradas,a_cada_2,450,-0.035959995010874574,-0.11364671881680974,0.05166228682272986,0.760797342192691,-0.14067494684106654,0.048149101137513896,-0.07725691657335115,0.09222506088783816,-0.006976142583330778,0.09540932371273175,0.13342550186934612,0.11895508472445732,-16.181997754893562,196,-0.08256121303517124,0.8768434009605991,-0.04101073803084986,-0.06878176626242236,40.83366061314397,-0.3962906462930421,4,0.3333333333333333,-0.14067494684106652,1476.0,0.21663500183946757,0.22390301363820836,0.007268011798740797,0.6256521704084765,0.6477916844657746,0.02213951405729801,40.83366061314397,11.0,0.421,0.5792103948025987,0.119,-0.04246779716849316,-0.006507802157618585,0.43888888888888883,0.5,6.0,10.0,7.0,0.0,0.0,0.9955555555555555,TUDO_INI_CALR|bisolo30 43% · V6E_INI|cPROBSgrande 37% · V6WR_INI|cPROBSgrande 9%,t5 112 · t10 39 · t15 32 · t20 8 · t25 4 · t30 1,True
FIRST_5a45,FIRST,propria,so_INI,ll_entradas,bloco_motor,450,-0.011937507586573127,-0.0890868646059696,0.06965558028683891,0.6644518272425249,-0.0819182532817698,0.03992695459605199,-0.05729076350293967,0.049838926064837634,-0.006976142583330778,0.09540932371273175,0.13342550186934612,0.11895508472445732,-5.371878413957909,163,-0.032956309288085336,0.8320500553403658,-0.01434710268926052,-0.025073781189617436,31.422767470418453,-0.1709549745742485,4,0.3333333333333333,-0.10373991545190853,1248.0,0.21094202120246636,0.2185996408416817,0.007657619639215359,0.6098224770858616,0.631460203886781,0.021637726800919427,31.422767470418453,11.0,0.6995,0.3008495752123938,0.426,-0.0467545964503162,-0.033324900415421445,0.4481481481481482,0.5,6.0,2.0,2.0,0.0,0.1111111111111111,1.0,V6E_INI|cPROBSgrande 50% · TUDO_INI_CALR|bisolo30 50%,t5 86 · t10 33 · t15 31 · t20 7 · t25 4 · t30 2,
FIRST_5a45,FIRST,propria,so_INI,ppg,a_cada_2,450,0.03447827626872908,-0.06482282070021511,0.13440959532577146,0.2757475083056478,-0.06730114288496396,0.04749367080674904,0.14254123244196207,0.07262358816277835,0.052218800729892795,0.13375938824110462,0.06134392436487191,0.16123974071093772,15.515224320928088,218,0.07117075376572517,1.0331705271762681,0.033371331606758835,0.06490078378791381,14.479223861461588,1.0715508282335462,6,0.6666666666666666,-0.06730114288496399,1613.0,0.22442316055976075,0.23014078925979434,0.005717628700033598,0.6452520842035405,0.668356056626429,0.02310397242288848,14.479223861461588,14.0,0.981,0.019490254872563718,0.979,0.0956708192492795,0.06119254298055042,0.6388888888888888,0.6666666666666666,6.0,19.0,9.0,0.0,0.0,0.9955555555555555,V6E_INI|cWRgrande 38% · TUDO_INI_CALR|cWRgrande 20% · TUDO_INI_CALR|bipro30 20%,t5 121 · t10 48 · t15 36 · t20 7 · t25 5 · t30 1,True
FIRST_5a45,FIRST,propria,so_INI,ppg,bloco_motor,450,-0.021620191153788562,-0.09015019156874979,0.05398601785999325,0.7043189368770764,-0.019603072917235405,0.030038413823309636,0.04125304551823904,0.09465865503236197,-0.05895845991113997,0.10332580692834874,-0.050180836423294455,0.12156060275974756,-9.72908601920485,192,-0.050672323016691924,0.8999222285244407,-0.024024510639367308,-0.042220637122634616,25.1636729350447,-0.3866321917439739,6,0.0,-0.027511154300499097,1417.0,0.22087013793403384,0.22460449876077596,0.0037343608267420966,0.6366310885256105,0.6540927752958815,0.01746168677027101,25.1636729350447,14.0,0.5975,0.4027986006996502,0.677,0.08780639941742453,0.11212911446543666,0.4351851851851851,0.3333333333333333,6.0,5.0,5.0,0.0,0.1111111111111111,1.0,V6E_INI|cWRgrande 50% · TUDO_INI_CALR|bipro30 12% · TUDO_INI|cWRgrande 12%,t5 108 · t10 47 · t15 29 · t20 6 · t25 2,
FIRST_5a45,FIRST,propria,so_INI,lucro,a_cada_2,450,0.03225605404650686,-0.0615945869185603,0.13519968664422236,0.27906976744186046,-0.06730114288496396,0.04749367080674904,0.1325412324419621,0.07026666255377996,0.052218800729892795,0.13375938824110462,0.06134392436487191,0.16123974071093772,14.515224320928091,219,0.06627956310926068,1.0343196500675806,0.03118576935514984,0.060480101337200366,14.479223861461588,1.002486352846738,6,0.6666666666666666,-0.06730114288496399,1619.0,0.22481575256036462,0.2304309489355601,0.005615196375195452,0.6460347715041329,0.6688915461961382,0.022856774692005356,14.479223861461588,14.0,0.977,0.02348825587206397,0.979,0.09518351671807895,0.06292746267157209,0.6388888888888888,0.6666666666666666,6.0,21.0,9.0,0.0,0.0,0.9955555555555555,V6E_INI|cWRgrande 38% · TUDO_INI_CALR|cWRgrande 20% · TUDO_INI_CALR|bipro30 20%,t5 122 · t10 48 · t15 36 · t20 7 · t25 5 · t30 1,True
FIRST_5a45,FIRST,propria,so_INI,lucro,bloco_motor,450,-0.021620191153788562,-0.09015019156874979,0.05398601785999325,0.7043189368770764,-0.019603072917235405,0.030038413823309636,0.04125304551823904,0.09465865503236197,-0.05895845991113997,0.10332580692834874,-0.050180836423294455,0.12156060275974756,-9.72908601920485,192,-0.050672323016691924,0.8999222285244407,-0.024024510639367308,-0.042220637122634616,25.1636729350447,-0.3866321917439739,6,0.0,-0.027511154300499097,1417.0,0.22087013793403384,0.22460449876077596,0.0037343608267420966,0.6366310885256105,0.6540927752958815,0.01746168677027101,25.1636729350447,14.0,0.5975,0.4027986006996502,0.677,0.08780639941742453,0.11212911446543666,0.4351851851851851,0.3333333333333333,6.0,5.0,5.0,0.0,0.1111111111111111,1.0,V6E_INI|cWRgrande 50% · TUDO_INI_CALR|bipro30 12% · TUDO_INI|cWRgrande 12%,t5 108 · t10 47 · t15 29 · t20 6 · t25 2,
FIRST_5a45,FIRST,propria,so_INI,roi,a_cada_2,450,0.0677098866558244,-0.02659375078338468,0.16823753410655715,0.08970099667774087,-0.0606344762182973,0.04409862135713735,0.19373332304926275,0.10865627432061105,0.08511070719412071,0.12801145493787297,0.11680217403527227,0.15711863126682568,30.469448995120988,219,0.13912990408731044,1.0830766847747209,0.06251624433214349,0.12898746306687306,14.0,2.1763892139372136,6,0.6666666666666666,-0.06063447621829732,1619.0,0.23033020695216247,0.23821363348304617,0.00788342653088371,0.6586283192959742,0.6889161216691441,0.030287802373169907,14.0,14.0,0.999,0.0014992503748125937,0.983,0.09162630306659433,0.023916416410769928,0.6962962962962963,0.8333333333333334,6.0,15.0,10.0,0.0,0.0,0.9955555555555555,V6E_INI|cWRgrande 40% · TUDO_INI_CALR|bipro30 21% · TUDO_INI_CALR|cWRgrande 18%,t5 120 · t10 49 · t15 37 · t20 7 · t25 5 · t30 1,True
FIRST_5a45,FIRST,propria,so_INI,roi,bloco_motor,450,-0.021620191153788562,-0.09015019156874979,0.05398601785999325,0.7043189368770764,-0.019603072917235405,0.030038413823309636,0.04125304551823904,0.09465865503236197,-0.05895845991113997,0.10332580692834874,-0.050180836423294455,0.12156060275974756,-9.72908601920485,192,-0.050672323016691924,0.8999222285244407,-0.024024510639367308,-0.042220637122634616,25.1636729350447,-0.3866321917439739,6,0.0,-0.027511154300499097,1417.0,0.22087013793403384,0.22460449876077596,0.0037343608267420966,0.6366310885256105,0.6540927752958815,0.01746168677027101,25.1636729350447,14.0,0.5975,0.4027986006996502,0.677,0.08780639941742453,0.11212911446543666,0.4351851851851851,0.3333333333333333,6.0,5.0,5.0,0.0,0.1111111111111111,1.0,V6E_INI|cWRgrande 50% · TUDO_INI_CALR|bipro30 12% · TUDO_INI|cWRgrande 12%,t5 108 · t10 47 · t15 29 · t20 6 · t25 2,
FIRST_5a45,FIRST,propria,so_INI,sharpe,a_cada_2,450,0.03827283598847163,-0.05429513641946721,0.14683182637524098,0.2026578073089701,-0.0606344762182973,0.04409862135713735,0.19373332304926275,0.10865627432061105,-0.0026628504053521906,0.0789711560705991,0.07210900363165768,0.1785551045703944,17.222776194812234,217,0.07936763223415776,1.0183010598524471,0.037584990821886606,0.07290982546790037,17.04840442120727,1.0102280406598083,6,0.6666666666666666,-0.06063447621829732,1601.0,0.22932534800164395,0.23573060844356317,0.0064052604419192185,0.6572994458251952,0.6816776712640981,0.024378225438902848,17.04840442120727,13.0,0.9855,0.014992503748125937,0.935,0.09140868309723241,0.05313584710876078,0.6037037037037037,0.6666666666666666,6.0,16.0,10.0,0.0,0.0,0.9955555555555555,V6E_INI|cWRgrande 40% · TUDO_INI_CALR|bipro30 22% · TUDO_INI_CALR|cWRgrande 16%,t5 122 · t10 46 · t15 37 · t20 7 · t25 4 · t30 1,True
FIRST_5a45,FIRST,propria,so_INI,sharpe,bloco_motor,450,-0.021620191153788562,-0.09015019156874979,0.05398601785999325,0.7043189368770764,-0.019603072917235405,0.030038413823309636,0.04125304551823904,0.09465865503236197,-0.05895845991113997,0.10332580692834874,-0.050180836423294455,0.12156060275974756,-9.72908601920485,192,-0.050672323016691924,0.8999222285244407,-0.024024510639367308,-0.042220637122634616,25.1636729350447,-0.3866321917439739,6,0.0,-0.027511154300499097,1417.0,0.22087013793403384,0.22460449876077596,0.0037343608267420966,0.6366310885256105,0.6540927752958815,0.01746168677027101,25.1636729350447,14.0,0.5975,0.4027986006996502,0.677,0.08780639941742453,0.11212911446543666,0.4351851851851851,0.3333333333333333,6.0,5.0,5.0,0.0,0.1111111111111111,1.0,V6E_INI|cWRgrande 50% · TUDO_INI_CALR|bipro30 12% · TUDO_INI|cWRgrande 12%,t5 108 · t10 47 · t15 29 · t20 6 · t25 2,
FIRST_5a45,FIRST,propria,so_INI,sortino,a_cada_2,450,0.02202415409289418,-0.0608086602610183,0.11692109870840643,0.3687707641196013,-0.0606344762182973,0.04409862135713735,0.13990015677409062,0.07386278940709866,-0.0026628504053521906,0.0789711560705991,0.052823101376731324,0.16508426367758666,9.910869341802382,215,0.04609706670605759,0.9823906826754726,0.022418936255495552,0.041956055503039894,17.04840442120727,0.5813370622223045,6,0.6666666666666666,-0.06063447621829732,1587.0,0.22653774396092344,0.23212880922449294,0.005591065263569505,0.6507269841361745,0.6715691518000456,0.02084216766387117,17.04840442120727,13.0,0.9535,0.04697651174412794,0.935,0.09115560439482473,0.06913145030193055,0.6037037037037037,0.6666666666666666,6.0,16.0,10.0,0.0,0.0,0.9955555555555555,V6E_INI|cWRgrande 40% · TUDO_INI_CALR|bipro30 21% · TUDO_INI_CALR|cWRgrande 16%,t5 120 · t10 46 · t15 37 · t20 7 · t25 4 · t30 1,True
FIRST_5a45,FIRST,propria,so_INI,sortino,bloco_motor,450,-0.021620191153788562,-0.09015019156874979,0.05398601785999325,0.7043189368770764,-0.019603072917235405,0.030038413823309636,0.04125304551823904,0.09465865503236197,-0.05895845991113997,0.10332580692834874,-0.050180836423294455,0.12156060275974756,-9.72908601920485,192,-0.050672323016691924,0.8999222285244407,-0.024024510639367308,-0.042220637122634616,25.1636729350447,-0.3866321917439739,6,0.0,-0.027511154300499097,1417.0,0.22087013793403384,0.22460449876077596,0.0037343608267420966,0.6366310885256105,0.6540927752958815,0.01746168677027101,25.1636729350447,14.0,0.5975,0.4027986006996502,0.677,0.08780639941742453,0.11212911446543666,0.4351851851851851,0.3333333333333333,6.0,5.0,5.0,0.0,0.1111111111111111,1.0,V6E_INI|cWRgrande 50% · TUDO_INI_CALR|bipro30 12% · TUDO_INI|cWRgrande 12%,t5 108 · t10 47 · t15 29 · t20 6 · t25 2,
FIRST_5a45,FIRST,propria,so_INI,calmar,a_cada_2,450,0.05531512941520604,-0.04379249684169371,0.1680736727766052,0.18272425249169436,-0.0606344762182973,0.04409862135713735,0.13990015677409062,0.07386278940709866,0.11264234259158204,0.1608642194069417,0.08732729733020048,0.1745638524605919,24.891808236842724,217,0.11470879371816924,1.0390284487086525,0.05323735792215696,0.1053754269114471,13.479223861461591,1.846679637691219,6,0.6666666666666666,-0.06063447621829732,1614.0,0.22737712766789772,0.2337534427340557,0.006376315066157996,0.6521920532589504,0.6765098687879737,0.02431781552902332,13.479223861461591,11.0,0.995,0.005497251374312844,0.9885,0.08998364278539951,0.03466851337019347,0.6870370370370371,0.6666666666666666,6.0,15.0,9.0,0.0,0.0,0.9955555555555555,V6E_INI|cWRgrande 40% · TUDO_INI_CALR|cWRgrande 25% · TUDO_INI_CALR|bipro30 22%,t5 116 · t10 49 · t15 36 · t20 10 · t25 5 · t30 1,True
FIRST_5a45,FIRST,propria,so_INI,calmar,bloco_motor,450,0.0034774921149403584,-0.08071219076858355,0.10774776559785514,0.5083056478405316,-0.019603072917235405,0.030038413823309636,0.04125304551823904,0.09465865503236197,0.05398111479814018,0.1651673262633727,-0.050180836423294455,0.12156060275974756,1.564871451723167,190,0.008236165535385089,0.955408029834662,0.0036397978731057506,0.006790963670827308,16.863716260397663,0.09279517204627503,6,0.3333333333333333,-0.027511154300499097,1417.0,0.21966220898667627,0.22460449876077596,0.004942289774099671,0.6335028699600332,0.6540927752958815,0.02058990533584824,16.863716260397663,14.0,0.8475,0.15292353823088456,0.94,0.0875049562954251,0.08359277766611718,0.5148148148148147,0.5,6.0,4.0,4.0,0.0,0.1111111111111111,1.0,V6E_INI|cWRgrande 50% · TUDO_INI_CALR|cWRgrande 25% · TUDO_INI_CALR|bipro30 12%,t5 95 · t10 49 · t15 33 · t20 9 · t25 3 · t30 1,
FIRST_5a45,FIRST,propria,so_INI,maxdd,a_cada_2,450,0.04980946376427697,-0.04860053233941426,0.14833309223721017,0.14950166112956811,-0.04558634959507312,0.05038276958788508,0.1071957346095467,0.07847565711454617,0.1919884084267459,0.160010365405306,-0.006662031704436529,0.11055221256438705,22.414258693924634,221,0.10142198504038295,0.9774288115587662,0.05095968440386236,0.09726959766015039,11.222004867977963,1.997348865699017,6,0.6666666666666666,-0.04558634959507312,1645.0,0.22856649013746863,0.2338129646307303,0.005246474493261693,0.6539718534963845,0.676698786648566,0.02272693315218148,11.222004867977963,10.0,0.9915,0.008995502248875561,0.9985,0.0780556307738513,0.02824616700957433,0.7018518518518518,0.8333333333333334,6.0,10.0,9.0,0.0,0.0,0.9955555555555555,V6E_INI|cWRgrande 43% · TUDO_INI_CALR|cWRgrande 28% · TUDO_INI|cWRgrande 14%,t5 126 · t10 50 · t15 33 · t20 9 · t25 2 · t30 1,True
FIRST_5a45,FIRST,propria,so_INI,maxdd,bloco_motor,450,0.011281052998525333,-0.07387262364191881,0.11262628322366741,0.3588039867109635,-0.019603072917235405,0.030038413823309636,0.04125304551823904,0.09465865503236197,0.05398111479814018,0.1651673262633727,-0.015064812447162077,0.1112381711642748,5.076473849336404,192,0.02643996796529377,0.8980907896484108,0.012561149862077639,0.022817053140138974,16.863716260397663,0.3010293680793166,6,0.3333333333333333,-0.027511154300499097,1432.0,0.22203524712753314,0.22688187269868781,0.00484662557115468,0.6384213285913757,0.6577291274761724,0.01930779888479677,16.863716260397663,14.0,0.8935,0.10694652673663169,0.94,0.0832703730995735,0.07057918847623249,0.5462962962962963,0.6666666666666666,6.0,4.0,4.0,0.0,0.1111111111111111,1.0,V6E_INI|cWRgrande 50% · TUDO_INI_CALR|cWRgrande 25% · TUDO_INI_CALR|bipro30 12%,t5 106 · t10 44 · t15 30 · t20 8 · t25 3 · t30 1,
FIRST_5a45,FIRST,propria,so_INI,seq_ruim,a_cada_2,450,-0.00793756772090448,-0.11114081098742849,0.09845994990578746,0.5614617940199336,-0.09519728452472095,0.05729316529164702,-0.03691534765428521,0.08873535302031017,0.05398111479814018,0.1651673262633727,0.09001110489915629,0.123122745809978,-3.571905474407019,254,-0.01406261997798039,1.001476055919451,-0.007925868695499695,-0.014080746562120891,27.22310514103543,-0.13120859857470182,6,0.3333333333333333,-0.09519728452472094,1923.0,0.22451455905058604,0.22811099327561407,0.003596434225028027,0.6436998400149729,0.6611192837485009,0.017419443733527985,27.22310514103543,8.0,0.736,0.26436781609195403,0.597,0.04520358532619335,0.05314115304709783,0.5666666666666667,0.6666666666666666,6.0,8.0,8.0,0.0,0.0,0.7777777777777778,V6E_INI|cPROBSgrande 24% · V6E_INI 22% · TUDO_INI|bipro 20%,t5 154 · t10 55 · t15 31 · t20 11 · t25 2 · t30 1,True
FIRST_5a45,FIRST,propria,so_INI,seq_ruim,bloco_motor,450,-0.08354302923329436,-0.1746316026626196,0.006868145637242696,0.9634551495016611,-0.0819182532817698,0.03992695459605199,-0.18853564382503787,0.11819360516895815,0.0427961099608337,0.13547600186001035,-0.10732671776296573,0.09070513509172523,-37.59436315498246,233,-0.16134919809005346,0.9265545933446695,-0.09016525289861377,-0.1451855323108139,41.79250626987817,-0.8995479455626353,11,0.3333333333333333,-0.1807036138626837,1763.0,0.21675270950390654,0.21750925080202055,0.000756541298114008,0.6269603140101286,0.6366368724650919,0.009676558454963341,41.79250626987817,14.0,0.0345,0.9655172413793104,0.101,0.05243442790364641,0.14642033579110258,0.23703703703703702,0.16666666666666666,6.0,5.0,5.0,0.0,0.1111111111111111,0.75,V6E_INI|cPROBSgrande 25% · V6E_INI 25% · TUDO_INI_CALR|bipro30 25%,t5 136 · t10 50 · t15 30 · t20 13 · t25 2 · t30 2,
FIRST_5a45,FIRST,propria,so_INI,brier_com_roi>=0,a_cada_2,450,-0.01166299951811813,-0.08894688516493479,0.06342596596424636,0.5581395348837209,-0.13350901837236068,0.04578217675804661,0.05634870933775787,0.0966082312077306,-0.023987302568336238,0.07584924046378498,0.1154186229575878,0.10392530317974981,-5.24834978315316,203,-0.025853939818488474,0.9473015775451415,-0.01231181262079378,-0.021868124096471493,25.937620114382234,-0.20234507869297483,4,0.3333333333333333,-0.13350901837236068,1520.0,0.23127772465297236,0.24036236477826883,0.009084640125296473,0.6584096204702067,0.6879383306257426,0.0295287101555359,25.937620114382234,10.0,0.702,0.2983508245877061,0.6475,0.016255184025459876,0.027918183543578008,0.512962962962963,0.5,6.0,27.0,10.0,0.0,0.0,0.9866666666666667,TUDO_INI_CALR|bisolo35mais 39% · V6E_INI|cPROBSgrande 24% · V6E_INI|cWRgrande 23%,t5 94 · t10 52 · t15 40 · t20 12 · t25 3 · t30 2,True
FIRST_5a45,FIRST,propria,so_INI,brier_com_roi>=0,bloco_motor,450,0.006114701551483523,-0.06682068325324964,0.1030462642226569,0.4219269102990033,-0.019603072917235405,0.030038413823309636,-0.05729076350293967,0.049838926064837634,-0.003987302568336229,0.0716882327312336,0.11819883242880494,0.1650775412506607,2.751615698167592,201,0.013689630339142249,0.9550471123877671,0.006402512998752295,0.011601830468911964,20.79076946455302,0.13234794906744202,4,0.3333333333333333,-0.0653639101026103,1538.0,0.2168869233361383,0.22345165402532882,0.006564730689190521,0.6241144931741907,0.6430590845703356,0.018944591396144912,20.79076946455302,11.0,0.864,0.136431784107946,0.8315,0.0075658441893760075,0.0006868049439570359,0.561111111111111,0.6666666666666666,6.0,4.0,4.0,0.0,0.1111111111111111,0.875,TUDO_INI_CALR|bisolo35mais 38% · V6E_INI|cWRgrande 25% · V6E_INI|cPROBSgrande 25%,t5 96 · t10 48 · t15 43 · t20 7 · t25 5 · t30 2,
FIRST_5a45,FIRST,propria,so_INI,bsskill_t_ppg>=1_relaxar,a_cada_2,450,-0.023861421971336713,-0.12355560260511088,0.10136633621544681,0.6046511627906976,-0.12363323322783903,0.059505842958379275,-0.004036919735952158,0.04253860032922957,0.024019758377913796,0.16068821690654783,0.05809061232878172,0.16676033577152047,-10.737639887101526,206,-0.052124465471366635,0.9544805859088745,-0.024999379058732153,-0.04439467711703785,27.7390271599428,-0.387095042129216,5,0.3333333333333333,-0.12363323322783903,1572.0,0.21073375178253698,0.2120558255266832,0.0013220737441462242,0.6126632948461735,0.6192090555233339,0.006545760677160474,27.7390271599428,12.0,0.563,0.43728135932033985,0.5725,0.0694644706942867,0.09332589266562341,0.4666666666666666,0.5,6.0,32.0,11.0,0.0,0.0,0.9777777777777777,V6E_INI|cPROBSgrande 38% · TUDO_INI_CALR|bipro30 22% · TUDO_INI_CALR|cWRgrande 16%,t5 106 · t10 48 · t15 35 · t20 10 · t25 6 · t30 1,True
FIRST_5a45,FIRST,propria,so_INI,bsskill_t_ppg>=1_relaxar,bloco_motor,450,-0.011080936860014432,-0.09149622318840485,0.0812973643369581,0.6079734219269103,-0.0819182532817698,0.03992695459605199,-0.05729076350293967,0.049838926064837634,0.0004995277972440615,0.09901002952073888,0.12980439975828542,0.15614403804369398,-4.986421587006498,154,-0.03237936095458765,0.8317317543689756,-0.013322729115255914,-0.02386694707132615,29.144462455327268,-0.17109327696984294,3,0.3333333333333333,-0.0932070269812849,1195.0,0.21113522581839006,0.2162581724786576,0.005122946660267556,0.6119899516718692,0.6274070351843098,0.015417083512440673,29.144462455327268,9.0,0.7075,0.2928535732133933,0.5115,0.05059097425409449,0.06305702822161073,0.4444444444444445,0.5,6.0,4.0,3.0,0.0,0.1111111111111111,1.0,V6E_INI|cPROBSgrande 50% · TUDO_INI_CALR|bipro30 25% · TUDO_INI_CALR|bisolo 25%,t5 81 · t10 33 · t15 26 · t20 8 · t25 5 · t30 1,
FIRST_5a45,FIRST,propria,so_INI,ppg_nao_piorando_ou_nada,a_cada_2,450,0.03447827626872908,-0.06482282070021511,0.13440959532577146,0.2757475083056478,-0.06730114288496396,0.04749367080674904,0.14254123244196207,0.07262358816277835,0.052218800729892795,0.13375938824110462,0.06134392436487191,0.16123974071093772,15.515224320928088,218,0.07117075376572517,1.0331705271762681,0.033371331606758835,0.06490078378791381,14.479223861461588,1.0715508282335462,6,0.6666666666666666,-0.06730114288496399,1613.0,0.22442316055976075,0.23014078925979434,0.005717628700033598,0.6452520842035405,0.668356056626429,0.02310397242288848,14.479223861461588,14.0,0.981,0.019490254872563718,0.979,0.0956708192492795,0.06119254298055042,0.6388888888888888,0.6666666666666666,6.0,19.0,9.0,0.0,0.0,0.9955555555555555,V6E_INI|cWRgrande 38% · TUDO_INI_CALR|cWRgrande 20% · TUDO_INI_CALR|bipro30 20%,t5 121 · t10 48 · t15 36 · t20 7 · t25 5 · t30 1,True
FIRST_5a45,FIRST,propria,so_INI,ppg_nao_piorando_ou_nada,bloco_motor,450,-0.021620191153788562,-0.09015019156874979,0.05398601785999325,0.7043189368770764,-0.019603072917235405,0.030038413823309636,0.04125304551823904,0.09465865503236197,-0.05895845991113997,0.10332580692834874,-0.050180836423294455,0.12156060275974756,-9.72908601920485,192,-0.050672323016691924,0.8999222285244407,-0.024024510639367308,-0.042220637122634616,25.1636729350447,-0.3866321917439739,6,0.0,-0.027511154300499097,1417.0,0.22087013793403384,0.22460449876077596,0.0037343608267420966,0.6366310885256105,0.6540927752958815,0.01746168677027101,25.1636729350447,14.0,0.5975,0.4027986006996502,0.677,0.08780639941742453,0.11212911446543666,0.4351851851851851,0.3333333333333333,6.0,5.0,5.0,0.0,0.1111111111111111,1.0,V6E_INI|cWRgrande 50% · TUDO_INI_CALR|bipro30 12% · TUDO_INI|cWRgrande 12%,t5 108 · t10 47 · t15 29 · t20 6 · t25 2,
FIRST_5a45,FIRST,propria,so_INI,funcao_menor_vol,a_cada_2,450,-0.022269684781519573,-0.10611528852707978,0.06282775953746988,0.6877076411960132,-0.12703072354302505,0.04150726042447847,-0.06586504444331878,0.05267727914129601,-0.02333598622566293,0.10413143130857222,0.17953353446668124,0.1324101369996719,-10.021358151683796,178,-0.05629976489709997,0.7747583089138456,-0.02874404123879619,-0.04821528188766914,36.09970596031333,-0.27760220990998935,5,0.3333333333333333,-0.12703072354302505,1348.0,0.22038154676788865,0.2264954454612643,0.006113898693375655,0.6351281883756028,0.6540581078691935,0.018929919493590647,36.09970596031333,7.0,0.588,0.4122938530734633,0.2415,-0.08661037490938557,-0.064340690127866,0.5296296296296297,0.6666666666666666,6.0,7.0,5.0,0.0,0.0,1.0,V6WR_INI|cPROBSgrande 30% · TUDO_INI|bisolo30 28% · V6WR_INI|bisolo30 22%,t5 111 · t10 42 · t15 20 · t20 4 · t35 1,True
FIRST_5a45,FIRST,propria,so_INI,funcao_menor_vol,bloco_motor,450,-0.04508214403019612,-0.11111640911749128,0.03341328633490993,0.9003322259136213,-0.0819182532817698,0.03992695459605199,-0.13719767052877171,0.029104493497880187,-0.046374407764371434,0.10617255394549777,0.10357981007991528,0.0943507297810648,-20.286964813588256,162,-0.1252281778616559,0.7297965375752835,-0.06177357894842792,-0.09863859833507121,39.62504318874795,-0.5119733174031973,5,0.3333333333333333,-0.14226287405624116,1248.0,0.21425691109936,0.2185996408416817,0.004342729742321721,0.6170089040800157,0.631460203886781,0.014451299806765223,39.62504318874795,10.0,0.306,0.6941529235382309,0.143,-0.08359277829688061,-0.03287536626290997,0.4296296296296296,0.5,6.0,4.0,4.0,0.0,0.1111111111111111,1.0,V6E_INI|cPROBSgrande 25% · V6WR_INI|cPROBSgrande 25% · V6WR_INI|bisolo30 25%,t5 101 · t10 34 · t15 21 · t20 5 · t35 1,
FIRST_5a45,FIRST,propria,so_INI,ACASO (média das elegíveis),-,450,-0.0281076775172795,-0.09473819796939979,0.033363613645291536,0.770764119601329,-0.09521025108203279,0.05454006552212582,-0.05325997202979606,0.06191127572079468,0.0010220487549514302,0.06287825518058825,0.0685687510701361,0.0802882296096694,-12.648454882775779,246,-0.05127751979503694,0.6676863130815358,-0.04209712999440664,-0.0699417768416929,24.853887425408747,-0.508912536146959,10,0.3333333333333333,-0.09521025108203279,,,,,,,,,,0.512,0.48825587206396803,0.693,,,,,,,,,,,,,
FIRST_5a45,FIRST,propria,so_INI,FIXO_RETROSPECTO (V6E_INI|cWRgrande) — ENVIESADO,-,450,0.030159660030437695,-0.05062518863097095,0.11688320450734892,0.2691029900332226,-0.03845514595402842,0.04967364347732005,0.04125304551823904,0.09465865503236197,0.13991229095511282,0.09315312156704283,0.012235852594660406,0.12007594380013238,13.57184701369696,216,0.06283262506341185,0.890339596654611,0.033874333056465776,0.060725515357873926,10.152324321821258,1.3368216561527522,4,0.6666666666666666,-0.03845514595402843,1633.0,0.22625313535554023,0.23377312588157206,0.007519990526031836,0.6481039589164,0.6760666789531661,0.02796272003676601,10.152324321821258,6.0,0.973,0.027486256871564217,0.999,,,,,,,,,,,,,
FIRST_5a45,FIRST,propria,so_INI,"BASE_V6_MOM (fixo, sem flag)",-,450,-0.051153117431392725,-0.17780113511658385,0.07044077370541645,0.7940199335548173,-0.03526602185190597,0.10706087399762981,-0.1470814938798947,0.11437150021934545,-0.054618090875366614,0.16978908691664485,0.024409589091853024,0.1170869928568777,-23.01890284412672,419,-0.05493771561844086,1.1961527837200892,-0.04276470207451612,-0.07124171580174689,34.74487272665965,-0.6625122223131465,9,0.0,-0.08995112553374215,3191.0,0.22444054119397885,0.22367752980154385,-0.0007630113924350029,0.6477606483326892,0.6490904170371834,0.0013297687044941412,34.74487272665965,11.0,0.238,0.7621189405297352,0.293,,,,,,,,,,,,,
FIRST_5a45,FIRST,propria,so_INI,FIXO_TUDO_INI (sem flag),-,450,0.00489298050506209,-0.08249167692008412,0.12015109965985019,0.5049833887043189,0.0,0.0,0.01908239143510235,0.11880708748629773,-0.13086745356661297,0.1319104365251987,0.13380347440429002,0.1347810352395574,2.201841227277937,261,0.008436173284589796,0.9944237010465382,0.004920418228077915,0.008835684483509063,27.510664961729276,0.08003591444775941,8,0.3333333333333333,-0.04063313074374641,2004.0,0.22805224908941163,0.22280665051107196,-0.00524559857833967,0.6496641489208074,0.6456533104965984,-0.00401083842420908,27.510664961729276,8.0,0.857,0.14342828585707146,0.5775,,,,,,,,,,,,,
FIRST_5a45,FIRST,propria,so_INI,FIXO_TUDO_INI_CALR (sem flag),-,450,0.06400703048081577,-0.06001628212264624,0.21578717461578314,0.17940199335548174,0.0,0.0,0.09464993862273863,0.17166235408438546,0.07223007629415587,0.16559702861214068,0.12115162224677649,0.21255328595618392,28.803163716367088,264,0.10910289286502685,1.2677950310871167,0.050486891738273046,0.10293410954434108,24.431598891685447,1.1789307709275372,20,0.6666666666666666,0.0,2004.0,0.21690037043928737,0.22280665051107196,0.005906280071784577,0.6233390220942955,0.6456533104965984,0.022314288402302842,24.431598891685447,21.0,0.9985,0.001999000499750125,0.7085,,,,,,,,,,,,,
FIRST_5a45,FIRST,propria,so_INI,FIXO_V6E_INI (sem flag),-,450,-0.04931583094782889,-0.16096535137290505,0.05936666252267267,0.7774086378737541,-0.1213716671234738,0.09209545261031786,-0.18853564382503787,0.11819360516895815,-0.04126250805834612,0.13708921067038937,0.18993441330336477,0.14826561406013244,-22.192123926522967,417,-0.05321852260557067,1.2015314652803377,-0.041044144388114434,-0.06838875275942728,48.14772511265155,-0.46091739276569993,11,0.3333333333333333,-0.15986015744342058,3191.0,0.21888445342546553,0.22367752980154385,0.00479307637607831,0.6298160414257797,0.6490904170371834,0.019274375611403584,48.14772511265155,11.0,0.254,0.7461269365317341,0.0235,,,,,,,,,,,,,
FIRST_5a45,FIRST,propria,so_INI,FIXO_V6WR_INI (sem flag),-,450,-0.08394647820499808,-0.2088799962944278,0.0316569100759088,0.9269102990033222,-0.12449202493874194,0.08885866761709674,-0.2403406295714227,0.10725408988292626,-0.05197290624046765,0.138806335307876,0.10129242129751198,0.14158011319428576,-37.775915192249116,418,-0.09037300285227061,1.170381327166123,-0.07172574976760782,-0.11591849564621405,53.90010186901795,-0.7008505342726059,10,0.3333333333333333,-0.1919235804978523,3191.0,0.2241890737874341,0.22367752980154385,-0.0005115439858902553,0.646267281268438,0.6490904170371834,0.0028231357687453548,53.90010186901795,15.0,0.0325,0.9675162418790605,0.008,,,,,,,,,,,,,
FIRST_5a45,FIRST,propria,so_INI,FIXO_V6_INI (sem flag),-,450,-0.08394647820499808,-0.2088799962944278,0.0316569100759088,0.9269102990033222,-0.12449202493874194,0.08885866761709674,-0.2403406295714227,0.10725408988292626,-0.05197290624046765,0.138806335307876,0.10129242129751198,0.14158011319428576,-37.775915192249116,418,-0.09037300285227061,1.170381327166123,-0.07172574976760782,-0.11591849564621405,53.90010186901795,-0.7008505342726059,10,0.3333333333333333,-0.1919235804978523,3191.0,0.22412451480232756,0.22367752980154385,-0.0004469850007837134,0.646047512632195,0.6490904170371834,0.003042904404988451,53.90010186901795,15.0,0.0325,0.9675162418790605,0.008,,,,,,,,,,,,,
FIRST_5a45,FIRST,propria,so_INI,FAVORITO (todos os jogos),-,450,-0.0448563000977254,-0.10625840802824962,0.008644100894730302,0.9169435215946844,-0.025901123875201475,0.04894662387202781,-0.022633541166189288,0.05466175718643217,0.005489505617389989,0.08856362770454847,-0.14585762907816277,0.04816703090630772,-20.18533504397643,450,-0.0448563000977254,0.7194244136202699,-0.06235026119283418,-0.07692792001487686,24.189215963283196,-0.8344766144804256,4,0.0,-0.08588948275148399,,,,,,,,,,0.3075,0.6926536731634183,0.7165,,,,,,,,,,,,,
FIRST_5a45,FIRST,propria,so_INI,ZEBRA (todos os jogos),-,450,-0.001161210825530286,-0.10916867403823567,0.1268005323754926,0.5016611295681063,-0.04216349102995488,0.0810249366871287,0.010679276433328253,0.142693618426604,-0.08178994696775005,0.16351677121077987,0.12913045836446777,0.14181124042250304,-0.5225448714886367,427,-0.001223758481238025,1.4436156400184856,-0.0008043767283620012,-0.0014827324482306209,33.022415280979956,-0.015823944646157027,9,0.3333333333333333,-0.04785005223558231,,,,,,,,,,0.8065,0.19390304847576212,0.3635,,,,,,,,,,,,,
FIRST_5a45,FIRST,propria,so_INI,VIG_MERCADO (dutching: perde a margem 1/S − 1),-,450,-0.03208852208298098,-0.03816915073605481,-0.0260193744479218,1.0,-0.035676131505944966,0.004950224390916952,-0.034358284756318073,0.0058064318052340365,-0.02563154151154088,0.004070682372358242,-0.03089432584663801,0.007833986804358062,-14.439834937341445,450,-0.03208852208298099,0.058957143953029645,-0.5442685980268221,-0.5372307955547628,14.439834937341445,-1.0,21,0.0,-0.03567613150594496,,,,,,,,,,0.467,0.5332333833083458,0.979,,,,,,,,,,,,,
FIRST_5a45,FIRST,comum,todas,bsskill_todas,a_cada_2,450,-0.0165998460042932,-0.08128745589524136,0.059771167271111744,0.6378737541528239,-0.09708424712921951,0.05475357720005156,0.014945524266407115,0.03988406426067273,-0.0013787642511558951,0.08554418197218067,0.05736030365925865,0.10027756262099206,-7.469930701931948,208,-0.03591312837467282,0.8369041297733174,-0.01983482386302647,-0.03269499847266688,19.120814145875404,-0.3906701171269584,4,0.6666666666666666,-0.09708424712921951,1588.0,0.21802523474472327,0.2223018133596306,0.004276578614907338,0.629264330158165,0.6442032850271703,0.014938954869005348,19.120814145875404,7.0,0.55,0.45027486256871563,0.746,0.061368059159085483,0.07796790516337868,0.5349794238683128,0.5,6.0,32.0,11.0,0.0,0.0,1.0,V6E_MOM|cPROBSgrande 39% · V6E_MOM|cWRgrande 25% · TUDO_INI_CALR|bipro30 9%,t5 118 · t10 55 · t15 25 · t20 7 · t25 3,True
FIRST_5a45,FIRST,comum,todas,bsskill_todas,bloco_motor,450,-0.03394189485122262,-0.10045503286058856,0.024681239829387882,0.8538205980066446,-0.07192151832585865,0.032643192299813176,-0.05238021896500788,0.04553049769811469,-0.036609438709273495,0.08195871221614995,0.04413340833256758,0.10594668922007708,-15.27385268305018,173,-0.08828816579797792,0.7646067412367491,-0.044391309964546884,-0.07164430164244191,26.419757916670864,-0.57812235567126,4,0.3333333333333333,-0.0899333306226637,1351.0,0.21944291189868026,0.22437921711702494,0.004936305218344692,0.6325279915476743,0.6508052580981746,0.018277266550500364,26.419757916670864,7.0,0.3425,0.657671164417791,0.4115,0.061409110256262285,0.09959374196388773,0.4089506172839506,0.5,6.0,4.0,4.0,0.0,0.1111111111111111,1.0,V6E_MOM|cPROBSgrande 50% · V6E_MOM|cWRgrande 25% · TUDO_INI_CALR|bipro30 12%,t5 99 · t10 43 · t15 23 · t20 7 · t25 1,
FIRST_5a45,FIRST,comum,todas,llskill_todas,a_cada_2,450,-0.030841530776436157,-0.08739521264796254,0.03270003757042023,0.8305647840531561,-0.0968074559209092,0.05084308076429996,0.03417104846317764,0.0453784107135119,-0.09457861484691557,0.049296528044663696,0.06683186177113902,0.10931241532171819,-13.878688849396276,208,-0.06672446562209748,0.8356735781917456,-0.036906193496235626,-0.05923280059453907,25.0736797143158,-0.5535162372466713,3,0.3333333333333333,-0.0968074559209092,1576.0,0.21469834615986388,0.2146788930463321,-1.9453113531805574e-05,0.6212128613085192,0.6255153472091656,0.004302485900646416,25.0736797143158,5.0,0.368,0.632183908045977,0.4755,0.08541427735063102,0.11625580812706718,0.4125514403292181,0.3333333333333333,6.0,42.0,11.0,0.0,0.0,1.0,V6E_MOM|cWRgrande 28% · TUDO_INI_CALR|bipro30 25% · V6E_MOM|cPROBSgrande 21%,t5 123 · t10 44 · t15 31 · t20 7 · t25 3,True
FIRST_5a45,FIRST,comum,todas,llskill_todas,bloco_motor,450,-0.03394189485122262,-0.10045503286058856,0.024681239829387882,0.8538205980066446,-0.07192151832585865,0.032643192299813176,-0.05238021896500788,0.04553049769811469,-0.036609438709273495,0.08195871221614995,0.04413340833256758,0.10594668922007708,-15.27385268305018,173,-0.08828816579797792,0.7646067412367491,-0.044391309964546884,-0.07164430164244191,26.419757916670864,-0.57812235567126,4,0.3333333333333333,-0.0899333306226637,1351.0,0.21944291189868026,0.22437921711702494,0.004936305218344692,0.6325279915476743,0.6508052580981746,0.018277266550500364,26.419757916670864,7.0,0.3425,0.657671164417791,0.4115,0.061409110256262285,0.09959374196388773,0.4089506172839506,0.5,6.0,4.0,4.0,0.0,0.1111111111111111,1.0,V6E_MOM|cPROBSgrande 50% · V6E_MOM|cWRgrande 25% · TUDO_INI_CALR|bipro30 12%,t5 99 · t10 43 · t15 23 · t20 7 · t25 1,
FIRST_5a45,FIRST,comum,todas,brier_todas,a_cada_2,450,-0.038636815069361445,-0.11311863766570525,0.028610300650879092,0.8438538205980066,-0.10263289893090724,0.04133187077914489,0.01179818944153698,0.06395531536762857,-0.1795123994541598,0.06942075084951514,0.1477978905968572,0.10324598657771808,-17.38656678121266,188,-0.09248173819793969,0.8375035010673848,-0.04613331767582994,-0.07609893545727939,39.166355840898376,-0.4439158662562429,4,0.3333333333333333,-0.10263289893090724,1444.0,0.22190233070409177,0.23021463421557903,0.008312303511487252,0.6375544013295291,0.6635654651615935,0.026011063832064415,39.166355840898376,13.0,0.284,0.7161419290354822,0.0785,-0.023713809206845456,0.014923005862515989,0.3621399176954732,0.3333333333333333,6.0,21.0,8.0,0.0,0.0,0.9955555555555555,V6E_MOM|cPROBSgrande 44% · TUDO_INI_CALR|bisolo30 26% · V6E_MOM|bisolo30 18%,t5 104 · t10 40 · t15 28 · t20 12 · t25 4,True
FIRST_5a45,FIRST,comum,todas,brier_todas,bloco_motor,450,0.01166516200387525,-0.0489793901524766,0.07432639427093557,0.3687707641196013,-0.07192151832585865,0.032643192299813176,-0.05238021896500788,0.04553049769811469,0.05058786544061656,0.07671109157338357,0.1621678600306179,0.09866760021586864,5.249322901743857,163,0.03220443498002366,0.8263944661171341,0.014115731024536915,0.025388393962491616,23.055057217382778,0.2276863966221708,4,0.3333333333333333,-0.07192151832585864,1262.0,0.216433609721435,0.22517398562932212,0.00874037590788711,0.6219437187977117,0.6472008059122477,0.02525708711453602,23.055057217382778,7.0,0.856,0.14442778610694654,0.5605,-0.023397457567405328,-0.03652076482176497,0.5848765432098766,0.5,6.0,5.0,4.0,0.0,0.1111111111111111,1.0,V6E_MOM|cPROBSgrande 50% · TUDO_INI_CALR|bisolo30 25% · TUDO_INI_CALR|bisolo35mais 12%,t5 86 · t10 33 · t15 32 · t20 7 · t25 3 · t30 2,
FIRST_5a45,FIRST,comum,todas,ll_todas,a_cada_2,450,-0.022832036635946722,-0.08523180023956478,0.04383360265591832,0.7475083056478405,-0.11108221012350616,0.03925525597202866,0.02179818944153698,0.060110461782194834,-0.11466710674130093,0.06713000792864574,0.15674806762326293,0.09019639080097837,-10.274416486176033,187,-0.05494340366939055,0.8480396636586718,-0.026923312215661188,-0.045362656953008916,31.85493039065021,-0.32253771583163443,4,0.3333333333333333,-0.11108221012350614,1430.0,0.22256991158506223,0.23147283470649696,0.00890292312143473,0.639346894561957,0.6663643989624736,0.027017504400516444,31.85493039065021,7.0,0.4755,0.5247376311844077,0.2295,-0.02019172596846071,0.002640310667486011,0.44032921810699593,0.3333333333333333,6.0,26.0,9.0,0.0,0.0,0.9955555555555555,V6E_MOM|cPROBSgrande 41% · TUDO_INI_CALR|bisolo30 31% · V6E_MOM|bisolo30 12%,t5 104 · t10 37 · t15 28 · t20 13 · t25 4 · t30 1,True
FIRST_5a45,FIRST,comum,todas,ll_todas,bloco_motor,450,0.005277971301370405,-0.06398617760616206,0.07401300255638626,0.4485049833887043,-0.07192151832585865,0.032643192299813176,-0.05238021896500788,0.04553049769811469,0.05058786544061656,0.07671109157338357,0.13342550186934612,0.11895508472445732,2.3750870856166815,164,0.014482238326930984,0.8370614656929182,0.006305356915458185,0.011252672623565238,23.055057217382778,0.10301805210120847,4,0.3333333333333333,-0.07192151832585864,1262.0,0.21630232431685736,0.22517398562932212,0.00887166131246476,0.6219394226312684,0.6472008059122477,0.025261383280979252,23.055057217382778,11.0,0.7955,0.2048975512243878,0.5605,-0.012581164447820689,-0.0185188821618624,0.5293209876543209,0.5,6.0,3.0,3.0,0.0,0.1111111111111111,1.0,V6E_MOM|cPROBSgrande 50% · TUDO_INI_CALR|bisolo30 38% · TUDO_INI_CALR|bisolo35mais 12%,t5 85 · t10 35 · t15 32 · t20 6 · t25 4 · t30 2,
FIRST_5a45,FIRST,comum,todas,bsskill_entradas,a_cada_2,450,0.006635094463285252,-0.07552272603317622,0.09184044639086078,0.4850498338870432,-0.06760429018732662,0.06404759114818671,0.040403271133386084,0.07580170663309892,0.07436415637975155,0.08463144246424033,0.016496932852635912,0.10504840883106194,2.9857925084783674,217,0.01375941248146713,0.8875825259733415,0.007475467654130605,0.012957235836450014,18.42552727726358,0.16204651641978926,5,0.6666666666666666,-0.06760429018732661,1653.0,0.2339863370396468,0.24154448319309466,0.007558146153447853,0.6716313185523693,0.6970068104297551,0.025375491877385786,18.42552727726358,8.0,0.809,0.19140429785107446,0.772,0.0888476151204341,0.08221252065714885,0.6419753086419752,0.5,6.0,34.0,16.0,0.0,0.0,0.9777777777777777,V6E_INI|cWRgrande 33% · V6_MOM|cWRgrande 25% · V6E_MOM|cPROBSgrande 15%,t5 134 · t10 54 · t15 23 · t20 5 · t25 1,True
FIRST_5a45,FIRST,comum,todas,bsskill_entradas,bloco_motor,450,-0.02935494513320079,-0.0942905930721502,0.03663895366214954,0.7940199335548173,-0.07192151832585865,0.032643192299813176,0.03439177067138966,0.08225353293808091,-0.036609438709273495,0.08195871221614995,-0.021997307572731745,0.09812443715434084,-13.209725309940351,188,-0.07026449632946995,0.8088361297603197,-0.036292821318329914,-0.0599205308364486,17.742558953031107,-0.7445219905939006,4,0.3333333333333333,-0.07192151832585864,1419.0,0.2266226950806852,0.22236985120688835,-0.004252843873796861,0.6514403278328841,0.6473459661591664,-0.00409436167371771,17.742558953031107,7.0,0.383,0.617191404297851,0.806,0.10248944683145055,0.13551376010630145,0.38477366255144035,0.3333333333333333,6.0,6.0,6.0,0.0,0.1111111111111111,1.0,V6E_MOM|cPROBSgrande 25% · V6_MOM|cWRgrande 25% · TUDO_INI_CALR|bipro30 12%,t5 117 · t10 41 · t15 23 · t20 5 · t25 2,
FIRST_5a45,FIRST,comum,todas,llskill_entradas,a_cada_2,450,0.0057030672719637935,-0.0660177397343655,0.08061996357768897,0.45514950166112955,-0.0578188616324456,0.06166813006811127,0.0884823972250155,0.08142161803872806,0.05005011924272627,0.08485982165917225,-0.02614042129523626,0.1042004260468398,2.5663802723837095,218,0.011772386570567474,0.8827835515141356,0.006460323441892396,0.011090248324066247,16.95771299403143,0.15133999928451397,5,0.3333333333333333,-0.05781886163244559,1654.0,0.23507001541597394,0.24240640259743915,0.00733638718146519,0.673885010400427,0.6988072384167331,0.024922228016306055,16.95771299403143,8.0,0.799,0.2013993003498251,0.836,0.09108863228585316,0.08538556501388937,0.581275720164609,0.5,6.0,34.0,19.0,0.0,0.0,0.9777777777777777,V6E_INI|cWRgrande 28% · V6_MOM|cWRgrande 24% · V6E_MOM|cPROBSgrande 16%,t5 131 · t10 56 · t15 24 · t20 4 · t25 3,True
FIRST_5a45,FIRST,comum,todas,llskill_entradas,bloco_motor,450,-0.02935494513320079,-0.0942905930721502,0.03663895366214954,0.7940199335548173,-0.07192151832585865,0.032643192299813176,0.03439177067138966,0.08225353293808091,-0.036609438709273495,0.08195871221614995,-0.021997307572731745,0.09812443715434084,-13.209725309940351,188,-0.07026449632946995,0.8088361297603197,-0.036292821318329914,-0.0599205308364486,17.742558953031107,-0.7445219905939006,4,0.3333333333333333,-0.07192151832585864,1419.0,0.2266226950806852,0.22236985120688835,-0.004252843873796861,0.6514403278328841,0.6473459661591664,-0.00409436167371771,17.742558953031107,7.0,0.383,0.617191404297851,0.806,0.10248944683145055,0.13551376010630145,0.38477366255144035,0.3333333333333333,6.0,6.0,6.0,0.0,0.1111111111111111,1.0,V6E_MOM|cPROBSgrande 25% · V6_MOM|cWRgrande 25% · TUDO_INI_CALR|bipro30 12%,t5 117 · t10 41 · t15 23 · t20 5 · t25 2,
FIRST_5a45,FIRST,comum,todas,brier_entradas,a_cada_2,450,-0.0255571230860508,-0.11519772627555655,0.07644562685226393,0.7209302325581395,-0.13911404587285986,0.04665248162435411,-0.0012856494909534177,0.14401685990368818,-0.024489106365301397,0.09724020398315016,0.11943877077831604,0.11503239862126369,-11.50070538872286,197,-0.05837921517118203,0.8710386358161455,-0.02934097528533197,-0.050337219998792926,35.559943438773544,-0.3234174263669615,5,0.3333333333333333,-0.13911404587285986,1490.0,0.2130290158424663,0.22347491492945104,0.010445899086984746,0.6163421461596607,0.6466046311424739,0.030262484982813247,35.559943438773544,11.0,0.434,0.5662168915542228,0.1425,-0.026820314094985236,-0.0012631910089344368,0.46296296296296297,0.5,6.0,15.0,10.0,0.0,0.0,0.9777777777777777,V6E_MOM|cPROBSgrande 42% · V6_INI|bisolo30 20% · TUDO_INI_CALR|bisolo30 17%,t5 121 · t10 42 · t15 25 · t20 6 · t25 3,True
FIRST_5a45,FIRST,comum,todas,brier_entradas,bloco_motor,450,-0.020091863988882356,-0.08254091048401581,0.041130920679894364,0.6910299003322259,-0.07192151832585865,0.032643192299813176,-0.05238021896500788,0.04553049769811469,-0.06849687688370451,0.09506058888110014,0.1383459853875298,0.09737424435311773,-9.04133879499707,163,-0.0554683361656262,0.7861468953912207,-0.025557391508725318,-0.04327535301796805,31.627584360190564,-0.28586877492855084,4,0.3333333333333333,-0.10046621909328733,1248.0,0.20917572232412868,0.2185996408416817,0.00942391851755303,0.6051377526889496,0.631460203886781,0.026322451197831314,31.627584360190564,11.0,0.51,0.49025487256371814,0.238,-0.036580202744767906,-0.013976855757275256,0.4501028806584362,0.5,6.0,4.0,3.0,0.0,0.1111111111111111,1.0,V6E_MOM|cPROBSgrande 50% · TUDO_INI_CALR|bisolo30 25% · V6_INI|bisolo30 25%,t5 93 · t10 32 · t15 28 · t20 7 · t25 2 · t30 1,
FIRST_5a45,FIRST,comum,todas,ll_entradas,a_cada_2,450,-0.024905069736952494,-0.1091704128851686,0.06986428330158972,0.6777408637873754,-0.13911404587285986,0.04665248162435411,-0.0012856494909534177,0.14401685990368818,-0.02155486629435901,0.09518301250077849,0.11943877077831604,0.11503239862126369,-11.20728138162863,197,-0.056889753206236696,0.8674090885917591,-0.028712023040231155,-0.04926575001932047,35.26651943167931,-0.3177881333977438,5,0.3333333333333333,-0.13911404587285986,1490.0,0.21340738371481877,0.22347491492945104,0.010067531214632284,0.6170225912614103,0.6466046311424739,0.02958203988106349,35.26651943167931,11.0,0.448,0.552223888055972,0.1465,-0.02730842873797614,-0.002403359001023647,0.46296296296296297,0.5,6.0,15.0,12.0,0.0,0.0,0.9777777777777777,V6E_MOM|cPROBSgrande 42% · V6_INI|bisolo30 21% · TUDO_INI_CALR|bisolo30 15%,t5 122 · t10 41 · t15 26 · t20 5 · t25 3,True
FIRST_5a45,FIRST,comum,todas,ll_entradas,bloco_motor,450,-0.020091863988882356,-0.08254091048401581,0.041130920679894364,0.6910299003322259,-0.07192151832585865,0.032643192299813176,-0.05238021896500788,0.04553049769811469,-0.06849687688370451,0.09506058888110014,0.1383459853875298,0.09737424435311773,-9.04133879499707,163,-0.0554683361656262,0.7861468953912207,-0.025557391508725318,-0.04327535301796805,31.627584360190564,-0.28586877492855084,4,0.3333333333333333,-0.10046621909328733,1248.0,0.20917572232412868,0.2185996408416817,0.00942391851755303,0.6051377526889496,0.631460203886781,0.026322451197831314,31.627584360190564,11.0,0.51,0.49025487256371814,0.238,-0.036580202744767906,-0.013976855757275256,0.4501028806584362,0.5,6.0,4.0,3.0,0.0,0.1111111111111111,1.0,V6E_MOM|cPROBSgrande 50% · TUDO_INI_CALR|bisolo30 25% · V6_INI|bisolo30 25%,t5 93 · t10 32 · t15 28 · t20 7 · t25 2 · t30 1,
FIRST_5a45,FIRST,comum,todas,ppg,a_cada_2,450,0.03168335363956773,-0.050537086046841026,0.12838329944900845,0.2724252491694352,-0.00682353361507845,0.059102115863127004,0.11223412628906622,0.06712823035041407,-0.029051120071595594,0.10082864294537712,0.06962738558320178,0.15480144371909318,14.257509137805478,213,0.06693666261880506,1.0033103745598464,0.03157881593068073,0.06060170541701684,15.81305838844559,0.9016288176247592,4,0.6666666666666666,-0.00682353361507845,1603.0,0.2275000896409514,0.23313970793698244,0.005639618296031059,0.6554812468839599,0.6747367093078219,0.019255462423861915,15.81305838844559,7.0,0.9585,0.041979010494752625,0.8855,0.1287339916001817,0.09705063796061397,0.6100823045267489,0.6666666666666666,6.0,20.0,11.0,0.0,0.0,1.0,TUDO_INI_CALR|bipro30 20% · V6WR_MOM|cWRgrande 16% · V6E_MOM|cWRgrande 16%,t5 128 · t10 47 · t15 27 · t20 6 · t25 4 · t30 1,True
FIRST_5a45,FIRST,comum,todas,ppg,bloco_motor,450,-0.013459969124369751,-0.09284546874043986,0.06446330831996452,0.6378737541528239,0.011765795544057885,0.038687254572408396,0.03439177067138966,0.08225353293808091,-0.06242948862384586,0.1038151777101959,-0.050180836423294455,0.12156060275974756,-6.056986105966385,191,-0.031711969141185264,0.8990566441396076,-0.014971213673918031,-0.026510707981844933,25.605394191294543,-0.23655117592470695,6,0.3333333333333333,-0.032085337531732004,1417.0,0.22743298363537381,0.22460449876077596,-0.0028284848745978716,0.654238906031697,0.6540927752958815,-0.0001461307358154677,25.605394191294543,14.0,0.59,0.4102948525737131,0.4465,0.12164374501229083,0.1367862102772068,0.4866255144032922,0.6666666666666666,6.0,6.0,6.0,0.0,0.1111111111111111,1.0,V6E_MOM|cWRgrande 25% · V6_MOM|cWRgrande 25% · TUDO_INI_CALR|bipro30 12%,t5 115 · t10 45 · t15 24 · t20 5 · t25 2,
FIRST_5a45,FIRST,comum,todas,lucro,a_cada_2,450,0.03168335363956773,-0.050537086046841026,0.12838329944900845,0.2724252491694352,-0.00682353361507845,0.059102115863127004,0.11223412628906622,0.06712823035041407,-0.029051120071595594,0.10082864294537712,0.06962738558320178,0.15480144371909318,14.257509137805478,213,0.06693666261880506,1.0033103745598464,0.03157881593068073,0.06060170541701684,15.81305838844559,0.9016288176247592,4,0.6666666666666666,-0.00682353361507845,1603.0,0.2275000896409514,0.23313970793698244,0.005639618296031059,0.6554812468839599,0.6747367093078219,0.019255462423861915,15.81305838844559,7.0,0.9585,0.041979010494752625,0.8855,0.1287339916001817,0.09705063796061397,0.6100823045267489,0.6666666666666666,6.0,20.0,11.0,0.0,0.0,1.0,TUDO_INI_CALR|bipro30 20% · V6WR_MOM|cWRgrande 16% · V6E_MOM|cWRgrande 16%,t5 128 · t10 47 · t15 27 · t20 6 · t25 4 · t30 1,True
FIRST_5a45,FIRST,comum,todas,lucro,bloco_motor,450,-0.013459969124369751,-0.09284546874043986,0.06446330831996452,0.6378737541528239,0.011765795544057885,0.038687254572408396,0.03439177067138966,0.08225353293808091,-0.06242948862384586,0.1038151777101959,-0.050180836423294455,0.12156060275974756,-6.056986105966385,191,-0.031711969141185264,0.8990566441396076,-0.014971213673918031,-0.026510707981844933,25.605394191294543,-0.23655117592470695,6,0.3333333333333333,-0.032085337531732004,1417.0,0.22743298363537381,0.22460449876077596,-0.0028284848745978716,0.654238906031697,0.6540927752958815,-0.0001461307358154677,25.605394191294543,14.0,0.59,0.4102948525737131,0.4465,0.12164374501229083,0.1367862102772068,0.4866255144032922,0.6666666666666666,6.0,6.0,6.0,0.0,0.1111111111111111,1.0,V6E_MOM|cWRgrande 25% · V6_MOM|cWRgrande 25% · TUDO_INI_CALR|bipro30 12%,t5 115 · t10 45 · t15 24 · t20 5 · t25 2,
FIRST_5a45,FIRST,comum,todas,roi,a_cada_2,450,0.05002760513642381,-0.041085619145324756,0.1474314536596507,0.15946843853820597,-0.013490200281745116,0.06153048131696797,0.14709346082709973,0.10307323044441839,0.018638677126223278,0.0946266264824561,0.07962738558320177,0.15370324076244982,22.512422311390715,218,0.10326799225408585,1.0477778281276866,0.04774638648903271,0.09530268308761809,14.813058388445588,1.5197686879402803,6,0.6666666666666666,-0.013490200281745116,1640.0,0.23155526173830185,0.2374998510054317,0.005944589267129833,0.6653502751581528,0.6875164684702553,0.0221661933121024,14.813058388445588,7.0,0.988,0.01249375312343828,0.918,0.12388544836692766,0.07385784323050384,0.6594650205761318,0.6666666666666666,6.0,18.0,12.0,0.0,0.0,0.9688888888888889,TUDO_INI_CALR|bipro30 21% · V6WR_MOM|cWRgrande 16% · V6E_MOM|cWRgrande 16%,t5 129 · t10 47 · t15 30 · t20 7 · t25 4 · t30 1,True
FIRST_5a45,FIRST,comum,todas,roi,bloco_motor,450,-0.007722180254464774,-0.07416204165257655,0.06427948401568385,0.5548172757475083,0.011765795544057885,0.038687254572408396,0.03439177067138966,0.08225353293808091,-0.036609438709273495,0.08195871221614995,-0.050180836423294455,0.12156060275974756,-3.4749811145091494,189,-0.018386143463011373,0.9086189769313302,-0.008498810227962459,-0.015275564615509746,23.023389199837307,-0.1509326487228781,6,0.3333333333333333,-0.032085337531732004,1417.0,0.22625128910080008,0.22460449876077596,-0.0016467903400241425,0.6511222019178653,0.6540927752958815,0.002970573378016222,23.023389199837307,14.0,0.658,0.3423288355822089,0.5635,0.12142394345473971,0.1301113962410126,0.5102880658436214,0.6666666666666666,6.0,6.0,5.0,0.0,0.1111111111111111,1.0,V6E_MOM|cWRgrande 38% · V6_MOM|cWRgrande 25% · TUDO_INI_CALR|bipro30 12%,t5 107 · t10 49 · t15 26 · t20 5 · t25 2,
FIRST_5a45,FIRST,comum,todas,sharpe,a_cada_2,450,0.03686264100301575,-0.044531687729500155,0.11524348679783096,0.1893687707641196,-0.013490200281745116,0.06153048131696797,0.14709346082709973,0.10307323044441839,-0.03993249599803118,0.08473781306915049,0.07895622010711997,0.11910766297226273,16.58818845135709,213,0.07787881902045582,0.9711941587696168,0.037955995379663494,0.07168350347436452,18.41220576314901,0.9009343402275795,6,0.3333333333333333,-0.013490200281745116,1605.0,0.2317333093906248,0.23778388189143326,0.006050572500808462,0.6656872976026668,0.6867748239605707,0.02108752635790396,18.41220576314901,6.0,0.97,0.030484757621189407,0.7725,0.12304663830516514,0.0861839973021494,0.6162551440329219,0.6666666666666666,6.0,17.0,11.0,0.0,0.0,0.9688888888888889,TUDO_INI_CALR|bipro30 21% · V6E_MOM|cWRgrande 19% · V6WR_MOM|cWRgrande 16%,t5 129 · t10 46 · t15 28 · t20 5 · t25 4 · t30 1,True
FIRST_5a45,FIRST,comum,todas,sharpe,bloco_motor,450,-0.02980825897371543,-0.09710548154981187,0.042218691019071976,0.7840531561461794,0.011765795544057885,0.038687254572408396,0.03439177067138966,0.08225353293808091,-0.06242948862384586,0.1038151777101959,-0.12374814074535002,0.09585713132170326,-13.413716538171943,192,-0.06986310696964554,0.8269322961637167,-0.03604679501816672,-0.05948447677103865,28.373667357034293,-0.47275230125817574,6,0.3333333333333333,-0.06910523493347215,1432.0,0.2293104466783109,0.22688187269868781,-0.0024285739796230882,0.6580897603289523,0.6577291274761724,-0.00036063285277981584,28.373667357034293,14.0,0.376,0.6241879060469765,0.3305,0.12022103260532006,0.15375532395074992,0.39814814814814814,0.5,6.0,6.0,5.0,0.0,0.1111111111111111,1.0,V6E_MOM|cWRgrande 38% · V6_MOM|cWRgrande 25% · TUDO_INI_CALR|bipro30 12%,t5 122 · t10 42 · t15 21 · t20 5 · t25 2,
FIRST_5a45,FIRST,comum,todas,sortino,a_cada_2,450,0.04436619498986873,-0.03697918271191852,0.14452958960617437,0.1760797342192691,-0.013490200281745116,0.06153048131696797,0.14709346082709973,0.10307323044441839,-0.03461947717690384,0.08410082550818883,0.10740919422683107,0.1468974169470878,19.964787745440926,216,0.09242957289555985,1.009083302084177,0.0439668309823719,0.08555901090758403,15.88090388103628,1.2571568907536363,6,0.6666666666666666,-0.013490200281745116,1624.0,0.23003171245593948,0.23622357781716644,0.006191865361226963,0.6615518157387746,0.6832821313136358,0.021730315574861127,15.88090388103628,6.0,0.9825,0.017991004497751123,0.884,0.12335046351261503,0.07898426852274629,0.6039094650205761,0.6666666666666666,6.0,18.0,12.0,0.0,0.0,0.9688888888888889,TUDO_INI_CALR|bipro30 21% · V6E_MOM|cWRgrande 20% · V6WR_MOM|cWRgrande 16%,t5 128 · t10 49 · t15 28 · t20 6 · t25 4 · t30 1,True
FIRST_5a45,FIRST,comum,todas,sortino,bloco_motor,450,-0.013459969124369751,-0.09284546874043986,0.06446330831996452,0.6378737541528239,0.011765795544057885,0.038687254572408396,0.03439177067138966,0.08225353293808091,-0.06242948862384586,0.1038151777101959,-0.050180836423294455,0.12156060275974756,-6.056986105966385,191,-0.031711969141185264,0.8990566441396076,-0.014971213673918031,-0.026510707981844933,25.605394191294543,-0.23655117592470695,6,0.3333333333333333,-0.032085337531732004,1417.0,0.22743298363537381,0.22460449876077596,-0.0028284848745978716,0.654238906031697,0.6540927752958815,-0.0001461307358154677,25.605394191294543,14.0,0.59,0.4102948525737131,0.4465,0.12164374501229083,0.1367862102772068,0.4866255144032922,0.6666666666666666,6.0,6.0,6.0,0.0,0.1111111111111111,1.0,V6E_MOM|cWRgrande 25% · V6_MOM|cWRgrande 25% · TUDO_INI_CALR|bipro30 12%,t5 115 · t10 45 · t15 24 · t20 5 · t25 2,
FIRST_5a45,FIRST,comum,todas,calmar,a_cada_2,450,0.056462624888714064,-0.043614450581484256,0.17281270317772204,0.15614617940199335,-0.013490200281745116,0.06153048131696797,0.14709346082709973,0.10307323044441839,0.1062912453467312,0.161778528877578,0.02093240624800005,0.13655010811219234,25.408181199921334,218,0.11655128990789602,1.0545892412891,0.053539921211120785,0.10670433130390243,13.478170630145721,1.8851357426127666,6,0.6666666666666666,-0.013490200281745116,1651.0,0.23129344061710894,0.23732940731431343,0.006035966697204488,0.6652774399292998,0.6869473663091474,0.02166992637984759,13.478170630145721,11.0,0.992,0.00849575212393803,0.955,0.12122258640573227,0.06475996151701821,0.6965020576131687,0.6666666666666666,6.0,19.0,10.0,0.0,0.0,0.9688888888888889,TUDO_INI_CALR|cWRgrande 23% · TUDO_INI_CALR|bipro30 21% · V6WR_MOM|cWRgrande 16%,t5 125 · t10 46 · t15 32 · t20 9 · t25 5 · t30 1,True
FIRST_5a45,FIRST,comum,todas,calmar,bloco_motor,450,-0.00393923599105186,-0.08348286911312865,0.0874148828150061,0.4750830564784053,0.011765795544057885,0.038687254572408396,0.03439177067138966,0.08225353293808091,0.05398111479814018,0.1651673262633727,-0.12374814074535002,0.09585713132170326,-1.772656195973334,190,-0.009329769452491232,0.8880701342245535,-0.004435726232919124,-0.007861022410332229,16.958334645376915,-0.10453008700689755,6,0.6666666666666666,-0.032085337531732004,1432.0,0.22829889121005106,0.22688187269868781,-0.0014170185113632397,0.6552660062473515,0.6577291274761724,0.002463121228820871,16.958334645376915,14.0,0.7065,0.2938530734632684,0.836,0.11622957725372923,0.12066121774366258,0.4506172839506173,0.5,6.0,5.0,4.0,0.0,0.1111111111111111,1.0,V6E_MOM|cWRgrande 38% · V6_MOM|cWRgrande 25% · TUDO_INI_CALR|cWRgrande 25%,t5 108 · t10 45 · t15 25 · t20 8 · t25 3 · t30 1,
FIRST_5a45,FIRST,comum,todas,maxdd,a_cada_2,450,0.04010412125273327,-0.05806171305228533,0.14231063723495824,0.21926910299003322,-0.028710498204964,0.053140454682361324,0.14709346082709973,0.10307323044441839,0.1919884084267459,0.160010365405306,-0.11554757630909993,0.12680078541518328,18.046854563729973,223,0.08092759894049315,1.0263249265820384,0.039075462569433735,0.07549069106997627,13.898669250478179,1.298459171773519,6,0.6666666666666666,-0.028710498204964,1707.0,0.23092551841574982,0.2350858691832578,0.004160350767507981,0.6626349665370982,0.6819307982464216,0.019295831709323294,13.898669250478179,11.0,0.9755,0.02498750624687656,0.9445,0.10809562702780896,0.06799150577507569,0.6358024691358025,0.6666666666666666,6.0,11.0,10.0,0.0,0.0,0.9733333333333334,TUDO_INI_CALR|cWRgrande 28% · V6WR_MOM|cWRgrande 21% · V6E_MOM|cWRgrande 19%,t5 129 · t10 50 · t15 31 · t20 9 · t25 3 · t30 1,True
FIRST_5a45,FIRST,comum,todas,maxdd,bloco_motor,450,0.007317338042231795,-0.07864780927699158,0.09728138796670038,0.4418604651162791,0.011765795544057885,0.038687254572408396,0.03439177067138966,0.08225353293808091,0.05398111479814018,0.1651673262633727,-0.07309355759557361,0.11819154868301722,3.2928021190043077,188,0.017514904888320786,0.9098143374361087,0.00804267172009218,0.014667306394949231,16.958334645376915,0.19417013450091178,6,0.6666666666666666,-0.032085337531732004,1432.0,0.22824233192142893,0.22688187269868781,-0.0013604592227411032,0.6551463960264629,0.6577291274761724,0.002582731449709619,16.958334645376915,14.0,0.8145,0.18590704647676162,0.836,0.1112781068821439,0.10304610158463313,0.5051440329218108,0.5,6.0,5.0,5.0,0.0,0.1111111111111111,1.0,V6E_MOM|cWRgrande 25% · V6WR_MOM|cWRgrande 25% · TUDO_INI_CALR|cWRgrande 25%,t5 105 · t10 46 · t15 25 · t20 8 · t25 3 · t30 1,
FIRST_5a45,FIRST,comum,todas,seq_ruim,a_cada_2,450,-0.01633168299904799,-0.1100390071476333,0.10186952153867616,0.6212624584717608,-0.10440213916848867,0.060744100274357594,-0.06088158444027943,0.09262106869709066,0.05398111479814018,0.1651673262633727,0.09001110489915629,0.123122745809978,-7.349257349571612,259,-0.028375511002206998,1.0039830501043563,-0.016266891156529423,-0.028574492848967476,31.000457016200013,-0.23706932274356748,6,0.3333333333333333,-0.10440213916848866,1968.0,0.22723626564369223,0.22873776683512562,0.0015015011914334046,0.6516176819140661,0.6640251666705755,0.01240748475650948,31.000457016200013,8.0,0.5525,0.447776111944028,0.253,0.04632007341561071,0.0626517564146587,0.5113168724279835,0.5,6.0,11.0,11.0,0.0,0.0,0.7555555555555555,V6E_INI|cPROBSgrande 24% · TUDO_INI|bipro 20% · V6E_INI 20%,t5 156 · t10 55 · t15 34 · t20 11 · t25 2 · t30 1,True
FIRST_5a45,FIRST,comum,todas,seq_ruim,bloco_motor,450,-0.08354302923329436,-0.1746316026626196,0.006868145637242696,0.9634551495016611,-0.0819182532817698,0.03992695459605199,-0.18853564382503787,0.11819360516895815,0.0427961099608337,0.13547600186001035,-0.10732671776296573,0.09070513509172523,-37.59436315498246,233,-0.16134919809005346,0.9265545933446695,-0.09016525289861377,-0.1451855323108139,41.79250626987817,-0.8995479455626353,11,0.3333333333333333,-0.1807036138626837,1763.0,0.21675270950390654,0.21750925080202055,0.000756541298114008,0.6269603140101286,0.6366368724650919,0.009676558454963341,41.79250626987817,14.0,0.023,0.9770114942528736,0.048,0.05243442790364641,0.14642033579110258,0.22582304526748972,0.16666666666666666,6.0,5.0,5.0,0.0,0.1111111111111111,0.75,V6E_INI|cPROBSgrande 25% · V6E_INI 25% · TUDO_INI_CALR|bipro30 25%,t5 136 · t10 50 · t15 30 · t20 13 · t25 2 · t30 2,
FIRST_5a45,FIRST,comum,todas,brier_com_roi>=0,a_cada_2,450,-0.0443585451323919,-0.11329613122444522,0.028392049571305197,0.9102990033222591,-0.12994045024894704,0.04695030935283322,-0.02966357306648742,0.11322782166256307,-0.023987302568336238,0.07584924046378498,0.04894809791248065,0.07236935117123779,-19.961345309576355,221,-0.09032282945509663,0.901814295741308,-0.04918811482792958,-0.08039393142738517,31.680873603625614,-0.6300755957465751,5,0.3333333333333333,-0.12994045024894704,1662.0,0.223220593603695,0.22790673739766593,0.004686143793970915,0.6448540814025489,0.6599639997738034,0.015109918371254557,31.680873603625614,9.0,0.229,0.7711144427786107,0.236,0.03378323588726861,0.07814178101966052,0.45987654320987653,0.5,6.0,32.0,16.0,0.0,0.0,0.96,TUDO_INI_CALR|bisolo35mais 39% · V6E_MOM|cPROBSgrande 22% · V6_MOM|cPROBSgrande 11%,t5 114 · t10 54 · t15 35 · t20 13 · t25 3 · t30 2,True
FIRST_5a45,FIRST,comum,todas,brier_com_roi>=0,bloco_motor,450,-0.03765208929494362,-0.0927409529418554,0.024776339430413276,0.9136212624584718,-0.07192151832585865,0.032643192299813176,-0.07353361969240542,0.0439500282876388,-0.003987302568336229,0.0716882327312336,0.01596879792228331,0.09964222024532825,-16.943440182724625,180,-0.09413022323735903,0.8276348400803797,-0.04549360112883462,-0.0751373917215729,29.693459671142577,-0.5706118576405232,4,0.3333333333333333,-0.07619248089558747,1387.0,0.219223717017433,0.22198951065085948,0.0027657936334264874,0.6303735218076658,0.6389212290742367,0.008547707266570852,29.693459671142577,11.0,0.296,0.7041479260369815,0.2835,0.025143402690350456,0.06750200314716204,0.4372427983539094,0.5,6.0,4.0,4.0,0.0,0.1111111111111111,1.0,TUDO_INI_CALR|bisolo35mais 38% · V6E_MOM|cPROBSgrande 25% · V6_MOM|cPROBSgrande 25%,t5 90 · t10 42 · t15 34 · t20 9 · t25 3 · t30 2,
FIRST_5a45,FIRST,comum,todas,bsskill_t_ppg>=1_relaxar,a_cada_2,450,0.022547513040445867,-0.05138222685546034,0.10557643183531701,0.26578073089701,-0.04590940684860641,0.05863128593856894,0.08210786695329457,0.06657354848305388,-0.009760879234461908,0.08441641488195349,0.09798093123608335,0.11378048945847268,10.146380868200641,215,0.04719246915442159,0.9247318411481392,0.024382758370741366,0.04384614572897399,13.99780780691784,0.724854992164288,5,0.6666666666666666,-0.04590940684860642,1620.0,0.2193264136664222,0.2248096621836586,0.005483248517236425,0.6350906200866877,0.6524139468914625,0.017323326804774823,13.99780780691784,10.0,0.9175,0.08295852073963018,0.943,0.10887731653173459,0.08632980349128871,0.6563786008230453,0.6666666666666666,6.0,43.0,12.0,0.0,0.0,0.9777777777777777,V6E_MOM|cWRgrande 27% · V6_MOM|cWRgrande 20% · V6E_MOM|cPROBSgrande 18%,t5 125 · t10 56 · t15 25 · t20 4 · t25 5,True
FIRST_5a45,FIRST,comum,todas,bsskill_t_ppg>=1_relaxar,bloco_motor,450,-0.037684908231436345,-0.09062011776264794,0.020675235820089316,0.9169435215946844,-0.07192151832585865,0.032643192299813176,0.03439177067138966,0.08225353293808091,-0.036609438709273495,0.08195871221614995,-0.059482141514791725,0.08946724809013806,-16.95820870414635,190,-0.0892537300218229,0.8082437578712579,-0.04662567185262324,-0.07587736304913999,20.01348783650223,-0.8473389967148349,4,0.0,-0.07192151832585864,1434.0,0.22557805981866996,0.22466742386546443,-0.0009106359532055309,0.6483662339408478,0.651047820035894,0.002681586095046188,20.01348783650223,7.0,0.2955,0.704647676161919,0.702,0.10968630072072524,0.15208182248109114,0.3333333333333333,0.3333333333333333,6.0,4.0,4.0,0.0,0.1111111111111111,1.0,V6E_MOM|cWRgrande 38% · V6E_MOM|cPROBSgrande 25% · V6_MOM|cWRgrande 25%,t5 116 · t10 44 · t15 23 · t20 6 · t25 1,
FIRST_5a45,FIRST,comum,todas,ppg_nao_piorando_ou_nada,a_cada_2,450,0.03168335363956773,-0.050537086046841026,0.12838329944900845,0.2724252491694352,-0.00682353361507845,0.059102115863127004,0.11223412628906622,0.06712823035041407,-0.029051120071595594,0.10082864294537712,0.06962738558320178,0.15480144371909318,14.257509137805478,213,0.06693666261880506,1.0033103745598464,0.03157881593068073,0.06060170541701684,15.81305838844559,0.9016288176247592,4,0.6666666666666666,-0.00682353361507845,1603.0,0.2275000896409514,0.23313970793698244,0.005639618296031059,0.6554812468839599,0.6747367093078219,0.019255462423861915,15.81305838844559,7.0,0.9585,0.041979010494752625,0.8855,0.1287339916001817,0.09705063796061397,0.6100823045267489,0.6666666666666666,6.0,20.0,11.0,0.0,0.0,1.0,TUDO_INI_CALR|bipro30 20% · V6WR_MOM|cWRgrande 16% · V6E_MOM|cWRgrande 16%,t5 128 · t10 47 · t15 27 · t20 6 · t25 4 · t30 1,True
FIRST_5a45,FIRST,comum,todas,ppg_nao_piorando_ou_nada,bloco_motor,450,-0.013459969124369751,-0.09284546874043986,0.06446330831996452,0.6378737541528239,0.011765795544057885,0.038687254572408396,0.03439177067138966,0.08225353293808091,-0.06242948862384586,0.1038151777101959,-0.050180836423294455,0.12156060275974756,-6.056986105966385,191,-0.031711969141185264,0.8990566441396076,-0.014971213673918031,-0.026510707981844933,25.605394191294543,-0.23655117592470695,6,0.3333333333333333,-0.032085337531732004,1417.0,0.22743298363537381,0.22460449876077596,-0.0028284848745978716,0.654238906031697,0.6540927752958815,-0.0001461307358154677,25.605394191294543,14.0,0.59,0.4102948525737131,0.4465,0.12164374501229083,0.1367862102772068,0.4866255144032922,0.6666666666666666,6.0,6.0,6.0,0.0,0.1111111111111111,1.0,V6E_MOM|cWRgrande 25% · V6_MOM|cWRgrande 25% · TUDO_INI_CALR|bipro30 12%,t5 115 · t10 45 · t15 24 · t20 5 · t25 2,
FIRST_5a45,FIRST,comum,todas,funcao_menor_vol,a_cada_2,450,-0.04522801503880034,-0.12153405045490762,0.019914321190085786,0.8837209302325582,-0.12703072354302505,0.04150726042447847,-0.05162470116265844,0.0619872969957962,-0.026807014938368852,0.10309568217614917,0.06545173374096334,0.09023437657539247,-20.352606767460134,178,-0.11434048745764121,0.7379404479911006,-0.061289518906200116,-0.09642645205614554,34.675671632247294,-0.5869419627486853,5,0.3333333333333333,-0.12703072354302505,1351.0,0.22256554718648638,0.2275659303931083,0.005000383206621931,0.6412746670182686,0.6571653755106592,0.015890708492390628,34.675671632247294,7.0,0.2245,0.7756121939030485,0.158,-0.07875218283258908,-0.033524167793788744,0.48559670781893,0.6666666666666666,6.0,6.0,6.0,0.0,0.0,1.0,V6WR_INI|cPROBSgrande 30% · TUDO_MOM|bisolo30 28% · V6WR_INI|bisolo30 21%,t5 113 · t10 39 · t15 19 · t20 5 · t25 1 · t35 1,True
FIRST_5a45,FIRST,comum,todas,funcao_menor_vol,bloco_motor,450,-0.053555049883296554,-0.11597155972117891,0.014076836334116567,0.9269102990033222,-0.0819182532817698,0.03992695459605199,-0.13719767052877171,0.029104493497880187,-0.046374407764371434,0.10617255394549777,0.06545173374096334,0.09023437657539247,-24.09977244748345,161,-0.1496880276241208,0.7189927025235816,-0.07448622175903107,-0.11655875029136581,39.62504318874795,-0.6081954871995419,5,0.3333333333333333,-0.14226287405624116,1248.0,0.21476411938804077,0.2185996408416817,0.0038355214536409496,0.61856174429123,0.631460203886781,0.012898459595550986,39.62504318874795,10.0,0.149,0.8510744627686156,0.075,-0.07568967902840741,-0.015440247909698786,0.4182098765432099,0.5,6.0,4.0,4.0,0.0,0.1111111111111111,1.0,V6E_INI|cPROBSgrande 25% · V6WR_INI|cPROBSgrande 25% · V6WR_INI|bisolo30 25%,t5 101 · t10 34 · t15 19 · t20 5 · t25 1 · t35 1,
FIRST_5a45,FIRST,comum,todas,ACASO (média das elegíveis),-,450,-0.0204187985677537,-0.0773569498799311,0.043642482085517145,0.7275747508305648,-0.0670624462499459,0.055976890834432996,-0.03853089385769025,0.06328982605994632,-0.006872005982872884,0.0654245094318644,0.05411197566059031,0.07337072143420757,-9.188459355489181,246,-0.03723932791927468,0.6582510017875833,-0.03101977590965037,-0.05197613559906187,19.277403405389176,-0.4766440356236184,10,0.3333333333333333,-0.06706244624994588,,,,,,,,,,0.505,0.49525237381309345,0.739,,,,,,,,,,,,,
FIRST_5a45,FIRST,comum,todas,FIXO_RETROSPECTO (V6_MOM|cWRgrande) — ENVIESADO,-,450,0.039868230894927484,-0.049482664077422744,0.13507019132615883,0.2159468438538206,0.058071306124170975,0.08175617210620559,0.03439177067138966,0.08225353293808091,0.14481112768435936,0.1400702387013446,-0.08690281851483181,0.06919784910393975,17.940703902717367,217,0.08267605485123211,0.8985883205483247,0.044367626401598026,0.08100651948001858,15.841678056784755,1.132500221151359,4,0.6666666666666666,-0.06282064216204424,1633.0,0.23145286048471425,0.23377312588157206,0.0023202653968578298,0.6652411777772064,0.6760666789531661,0.010825501175959701,15.841678056784755,6.0,0.975,0.025487256371814093,0.8855,,,,,,,,,,,,,
FIRST_5a45,FIRST,comum,todas,"BASE_V6_MOM (fixo, sem flag)",-,450,-0.051153117431392725,-0.17780113511658385,0.07044077370541645,0.7940199335548173,-0.03526602185190597,0.10706087399762981,-0.1470814938798947,0.11437150021934545,-0.054618090875366614,0.16978908691664485,0.024409589091853024,0.1170869928568777,-23.01890284412672,419,-0.05493771561844086,1.1961527837200892,-0.04276470207451612,-0.07124171580174689,34.74487272665965,-0.6625122223131465,9,0.0,-0.08995112553374215,3191.0,0.22444054119397885,0.22367752980154385,-0.0007630113924350029,0.6477606483326892,0.6490904170371834,0.0013297687044941412,34.74487272665965,11.0,0.1655,0.8345827086456772,0.157,,,,,,,,,,,,,
FIRST_5a45,FIRST,comum,todas,FIXO_TUDO_INI (sem flag),-,450,0.00489298050506209,-0.08249167692008412,0.12015109965985019,0.5049833887043189,0.0,0.0,0.01908239143510235,0.11880708748629773,-0.13086745356661297,0.1319104365251987,0.13380347440429002,0.1347810352395574,2.201841227277937,261,0.008436173284589796,0.9944237010465382,0.004920418228077915,0.008835684483509063,27.510664961729276,0.08003591444775941,8,0.3333333333333333,-0.04063313074374641,2004.0,0.22805224908941163,0.22280665051107196,-0.00524559857833967,0.6496641489208074,0.6456533104965984,-0.00401083842420908,27.510664961729276,8.0,0.792,0.20839580209895053,0.3715,,,,,,,,,,,,,
FIRST_5a45,FIRST,comum,todas,FIXO_TUDO_INI_CALR (sem flag),-,450,0.06400703048081577,-0.06001628212264624,0.21578717461578314,0.17940199335548174,0.0,0.0,0.09464993862273863,0.17166235408438546,0.07223007629415587,0.16559702861214068,0.12115162224677649,0.21255328595618392,28.803163716367088,264,0.10910289286502685,1.2677950310871167,0.050486891738273046,0.10293410954434108,24.431598891685447,1.1789307709275372,20,0.6666666666666666,0.0,2004.0,0.21690037043928737,0.22280665051107196,0.005906280071784577,0.6233390220942955,0.6456533104965984,0.022314288402302842,24.431598891685447,21.0,0.996,0.004497751124437781,0.5025,,,,,,,,,,,,,
FIRST_5a45,FIRST,comum,todas,FIXO_TUDO_MOM (sem flag),-,450,0.006673156743319202,-0.08419037370026285,0.09554971826674233,0.4053156146179402,0.0,0.0,0.027720389041520313,0.11149957580987081,-0.11870358585470617,0.1355194231284223,0.12101240215812227,0.13463599142205426,3.0029205344936454,261,0.011505442660895194,0.9819464816635622,0.006795845667692489,0.012138586812797572,27.49742951767485,0.10920731818090205,7,0.6666666666666666,0.0,2004.0,0.22857094135855271,0.22280665051107196,-0.005764290847480764,0.6515468573918222,0.6456533104965984,-0.005893546895223805,27.49742951767485,7.0,0.809,0.19140429785107446,0.3725,,,,,,,,,,,,,
FIRST_5a45,FIRST,comum,todas,FIXO_V6E_INI (sem flag),-,450,-0.04931583094782889,-0.16096535137290505,0.05936666252267267,0.7774086378737541,-0.1213716671234738,0.09209545261031786,-0.18853564382503787,0.11819360516895815,-0.04126250805834612,0.13708921067038937,0.18993441330336477,0.14826561406013244,-22.192123926522967,417,-0.05321852260557067,1.2015314652803377,-0.041044144388114434,-0.06838875275942728,48.14772511265155,-0.46091739276569993,11,0.3333333333333333,-0.15986015744342058,3191.0,0.21888445342546553,0.22367752980154385,0.00479307637607831,0.6298160414257797,0.6490904170371834,0.019274375611403584,48.14772511265155,11.0,0.184,0.8160919540229885,0.0145,,,,,,,,,,,,,
FIRST_5a45,FIRST,comum,todas,FIXO_V6E_MOM (sem flag),-,450,-0.032181954974882236,-0.1377180706234742,0.09713536625317966,0.7541528239202658,-0.09028224498037403,0.0860151873648549,-0.13403001443194434,0.10969614363464253,-0.0036627290418840743,0.16567470147839075,0.12829731355741944,0.12470944984330551,-14.481879738697025,420,-0.034480666044516724,1.2176212952842442,-0.026430184080650142,-0.04491720144582366,38.407843240533076,-0.37705527092481506,9,0.3333333333333333,-0.09028224498037406,3191.0,0.21895695371366689,0.22367752980154385,0.004720576087876949,0.6301043101886806,0.6490904170371834,0.018986106848502726,38.407843240533076,9.0,0.3585,0.6416791604197901,0.086,,,,,,,,,,,,,
FIRST_5a45,FIRST,comum,todas,FIXO_V6WR_INI (sem flag),-,450,-0.08394647820499808,-0.2088799962944278,0.0316569100759088,0.9269102990033222,-0.12449202493874194,0.08885866761709674,-0.2403406295714227,0.10725408988292626,-0.05197290624046765,0.138806335307876,0.10129242129751198,0.14158011319428576,-37.775915192249116,418,-0.09037300285227061,1.170381327166123,-0.07172574976760782,-0.11591849564621405,53.90010186901795,-0.7008505342726059,10,0.3333333333333333,-0.1919235804978523,3191.0,0.2241890737874341,0.22367752980154385,-0.0005115439858902553,0.646267281268438,0.6490904170371834,0.0028231357687453548,53.90010186901795,15.0,0.0215,0.9785107446276862,0.003,,,,,,,,,,,,,
FIRST_5a45,FIRST,comum,todas,FIXO_V6WR_MOM (sem flag),-,450,-0.05109257909786785,-0.17384325348250193,0.05851543437428935,0.7475083056478405,-0.044750201342088416,0.10415644506683974,-0.1470814938798947,0.11437150021934545,-0.054618090875366614,0.16978908691664485,0.03890828082798858,0.1129406776630228,-22.991660594040532,420,-0.054742049033429836,1.1930532058190948,-0.04282506333218397,-0.07131125717865147,36.014047634644996,-0.6384081241654961,9,0.0,-0.08995112553374215,3191.0,0.2245370331017582,0.22367752980154385,-0.0008595033002143717,0.6481059662340917,0.6490904170371834,0.0009844508030916912,36.014047634644996,11.0,0.167,0.8330834582708646,0.1315,,,,,,,,,,,,,
FIRST_5a45,FIRST,comum,todas,FIXO_V6_INI (sem flag),-,450,-0.08394647820499808,-0.2088799962944278,0.0316569100759088,0.9269102990033222,-0.12449202493874194,0.08885866761709674,-0.2403406295714227,0.10725408988292626,-0.05197290624046765,0.138806335307876,0.10129242129751198,0.14158011319428576,-37.775915192249116,418,-0.09037300285227061,1.170381327166123,-0.07172574976760782,-0.11591849564621405,53.90010186901795,-0.7008505342726059,10,0.3333333333333333,-0.1919235804978523,3191.0,0.22412451480232756,0.22367752980154385,-0.0004469850007837134,0.646047512632195,0.6490904170371834,0.003042904404988451,53.90010186901795,15.0,0.0215,0.9785107446276862,0.003,,,,,,,,,,,,,
FIRST_5a45,FIRST,comum,todas,FIXO_V6_MOM (sem flag),-,450,-0.051153117431392725,-0.17780113511658385,0.07044077370541645,0.7940199335548173,-0.03526602185190597,0.10706087399762981,-0.1470814938798947,0.11437150021934545,-0.054618090875366614,0.16978908691664485,0.024409589091853024,0.1170869928568777,-23.01890284412672,419,-0.05493771561844086,1.1961527837200892,-0.04276470207451612,-0.07124171580174689,34.74487272665965,-0.6625122223131465,9,0.0,-0.08995112553374215,3191.0,0.22444054119397885,0.22367752980154385,-0.0007630113924350029,0.6477606483326892,0.6490904170371834,0.0013297687044941412,34.74487272665965,11.0,0.1655,0.8345827086456772,0.157,,,,,,,,,,,,,
FIRST_5a45,FIRST,comum,todas,FAVORITO (todos os jogos),-,450,-0.0448563000977254,-0.10625840802824962,0.008644100894730302,0.9169435215946844,-0.025901123875201475,0.04894662387202781,-0.022633541166189288,0.05466175718643217,0.005489505617389989,0.08856362770454847,-0.14585762907816277,0.04816703090630772,-20.18533504397643,450,-0.0448563000977254,0.7194244136202699,-0.06235026119283418,-0.07692792001487686,24.189215963283196,-0.8344766144804256,4,0.0,-0.08588948275148399,,,,,,,,,,0.227,0.7731134432783608,0.512,,,,,,,,,,,,,
FIRST_5a45,FIRST,comum,todas,ZEBRA (todos os jogos),-,450,-0.001161210825530286,-0.10916867403823567,0.1268005323754926,0.5016611295681063,-0.04216349102995488,0.0810249366871287,0.010679276433328253,0.142693618426604,-0.08178994696775005,0.16351677121077987,0.12913045836446777,0.14181124042250304,-0.5225448714886367,427,-0.001223758481238025,1.4436156400184856,-0.0008043767283620012,-0.0014827324482306209,33.022415280979956,-0.015823944646157027,9,0.3333333333333333,-0.04785005223558231,,,,,,,,,,0.736,0.26436781609195403,0.192,,,,,,,,,,,,,
FIRST_5a45,FIRST,comum,todas,VIG_MERCADO (dutching: perde a margem 1/S − 1),-,450,-0.03208852208298098,-0.03816915073605481,-0.0260193744479218,1.0,-0.035676131505944966,0.004950224390916952,-0.034358284756318073,0.0058064318052340365,-0.02563154151154088,0.004070682372358242,-0.03089432584663801,0.007833986804358062,-14.439834937341445,450,-0.03208852208298099,0.058957143953029645,-0.5442685980268221,-0.5372307955547628,14.439834937341445,-1.0,21,0.0,-0.03567613150594496,,,,,,,,,,0.359,0.6411794102948526,0.931,,,,,,,,,,,,,
FIRST_5a45,FIRST,comum,so_INI,bsskill_todas,a_cada_2,450,-0.013071537552969564,-0.07825348550937244,0.07241829289966623,0.6112956810631229,-0.12363323322783903,0.06069423990922489,0.021217392243169736,0.03546126224284186,0.026986823991291438,0.10692016614559187,0.07842371461893435,0.11009835735373327,-5.882191898836301,211,-0.02787768672434266,0.8709956604503254,-0.015007580573032097,-0.025419057943160458,23.030334201288422,-0.2554106183360216,4,0.6666666666666666,-0.12363323322783903,1618.0,0.21970699891757814,0.22266219521861155,0.0029551963010334284,0.6335197497222647,0.6457658906841964,0.012246140961931785,23.030334201288422,9.0,0.676,0.3243378310844578,0.7545,0.044688804732048,0.05776034228501756,0.5444444444444444,0.5,6.0,25.0,9.0,0.0,0.0,1.0,V6E_INI|cPROBSgrande 38% · V6E_INI|cWRgrande 31% · V6_INI|cPROBSgrande 12%,t5 113 · t10 57 · t15 27 · t20 9 · t25 4 · t30 1,True
FIRST_5a45,FIRST,comum,so_INI,bsskill_todas,bloco_motor,450,-0.03218908042407851,-0.10177658098564991,0.04181037032224146,0.7840531561461794,-0.0819182532817698,0.03992695459605199,-0.05729076350293967,0.049838926064837634,-0.02987953777500217,0.07939711454171983,0.06519681929224327,0.11555585545744838,-14.485086190835332,171,-0.08470810637915399,0.7608333851066,-0.04230766032903316,-0.06828335114407519,27.66801823766835,-0.5235317566443829,3,0.3333333333333333,-0.0932070269812849,1351.0,0.2196875065534293,0.22437921711702494,0.004691710563595645,0.6327806016061623,0.6508052580981746,0.018024656492012254,27.66801823766835,9.0,0.438,0.5622188905547226,0.549,0.0319195360790954,0.06813225155618371,0.3981481481481482,0.5,6.0,4.0,4.0,0.0,0.1111111111111111,1.0,V6E_INI|cPROBSgrande 50% · V6E_INI|cWRgrande 25% · TUDO_INI_CALR|bipro30 12%,t5 94 · t10 44 · t15 23 · t20 8 · t25 2,
FIRST_5a45,FIRST,comum,so_INI,llskill_todas,a_cada_2,450,-0.008512692094062413,-0.08001926111411001,0.06556956604694321,0.5780730897009967,-0.09490713082692981,0.052361872571581716,0.07730292325316039,0.05848620735532568,-0.0711446141668613,0.07341347312385853,0.09789527273081472,0.11444513280839329,-3.830711442328089,205,-0.018686397279649214,0.8697258479134933,-0.009787787858075851,-0.016623871698615816,18.620122052756464,-0.205729663397185,4,0.3333333333333333,-0.09490713082692981,1543.0,0.2154955643244614,0.21482610325761117,-0.0006694610668502241,0.6234590891341735,0.6244212889299295,0.0009621997957560735,18.620122052756464,7.0,0.727,0.2733633183408296,0.899,0.07402847038322811,0.08254116247729053,0.5148148148148147,0.3333333333333333,6.0,32.0,9.0,0.0,0.0,1.0,V6E_INI|cWRgrande 44% · TUDO_INI_CALR|bipro30 25% · V6E_INI|cPROBSgrande 19%,t5 116 · t10 45 · t15 32 · t20 7 · t25 5,True
FIRST_5a45,FIRST,comum,so_INI,llskill_todas,bloco_motor,450,-0.0035395527366507405,-0.0787473926999271,0.07482511234512512,0.5415282392026578,-0.0819182532817698,0.03992695459605199,0.04125304551823904,0.09465865503236197,0.0004995277972440615,0.09901002952073888,0.06519681929224327,0.11555585545744838,-1.5927987314928331,177,-0.008998862889790018,0.8256469772890506,-0.0042870050203206635,-0.007434547805248307,18.81363733555048,-0.08466192385260138,4,0.3333333333333333,-0.0819182532817698,1335.0,0.22299056889450025,0.22772944569288972,0.004738876798389453,0.6403296368381061,0.6568837133279383,0.016554076489832238,18.81363733555048,8.0,0.7785,0.22188905547226387,0.8915,0.048108184486885516,0.0520901813156176,0.4759259259259259,0.5,6.0,6.0,5.0,0.0,0.1111111111111111,1.0,V6E_INI|cWRgrande 38% · V6E_INI|cPROBSgrande 25% · TUDO_INI_CALR|bipro30 12%,t5 97 · t10 46 · t15 21 · t20 9 · t25 3 · t30 1,
FIRST_5a45,FIRST,comum,so_INI,brier_todas,a_cada_2,450,-0.018148701999934645,-0.09366397624315934,0.04218074395454427,0.6677740863787376,-0.11086046656578058,0.046604510052994555,0.0019244487773086316,0.0586414711550559,-0.06397008118809977,0.10503811643904258,0.14666717325975612,0.0912381715584726,-8.166915899970594,188,-0.04344104202112018,0.8665488460852674,-0.02094365722362157,-0.03605781455646676,29.74742980444477,-0.274541900045103,5,0.3333333333333333,-0.11086046656578058,1444.0,0.22187268939491162,0.23021463421557903,0.00834194482066741,0.6372649488677591,0.6635654651615935,0.02630051629383451,29.74742980444477,14.0,0.6215,0.37881059470264866,0.456,-0.03708753164103844,-0.018938829641103792,0.4814814814814814,0.5,6.0,23.0,7.0,0.0,0.0,0.9955555555555555,V6E_INI|cPROBSgrande 44% · TUDO_INI_CALR|bisolo30 32% · V6E_INI|bisolo30 13%,t5 100 · t10 40 · t15 32 · t20 12 · t25 4,True
FIRST_5a45,FIRST,comum,so_INI,brier_todas,bloco_motor,450,0.0008544941965262806,-0.06708742946997195,0.07103847925081673,0.5282392026578073,-0.0819182532817698,0.03992695459605199,-0.05729076350293967,0.049838926064837634,0.05058786544061656,0.07671109157338357,0.13342550186934612,0.11895508472445732,0.38452238843682585,163,0.002359033057894637,0.8387061214747463,0.0010188243231416664,0.0018126559225448504,25.439116452053455,0.015115398727057089,4,0.3333333333333333,-0.0819182532817698,1262.0,0.21642116423573124,0.22517398562932212,0.00875282139359087,0.6220020446389368,0.6472008059122477,0.02519876127331095,25.439116452053455,11.0,0.8155,0.18490754622688654,0.6415,-0.032618088795207945,-0.03357939476630002,0.5296296296296296,0.5,6.0,3.0,3.0,0.0,0.1111111111111111,1.0,V6E_INI|cPROBSgrande 50% · TUDO_INI_CALR|bisolo30 38% · TUDO_INI_CALR|bisolo35mais 12%,t5 82 · t10 36 · t15 32 · t20 7 · t25 4 · t30 2,
FIRST_5a45,FIRST,comum,so_INI,ll_todas,a_cada_2,450,-0.0042519097333452455,-0.07525985718603888,0.064700794700905,0.5083056478405316,-0.11086046656578058,0.046604510052994555,0.011924448777308631,0.05460538799212593,-0.04369509483160565,0.0858587029822981,0.17892775210291426,0.08419163667242976,-1.9133593800053705,187,-0.010231868342274708,0.87655964115342,-0.0048506793305591565,-0.008522780068750317,26.443352036785093,-0.07235691516505603,4,0.3333333333333333,-0.11086046656578058,1430.0,0.2218107989171423,0.23147283470649696,0.009662035789354654,0.6372524189516104,0.6663643989624736,0.029111980010863122,26.443352036785093,9.0,0.7715,0.2288855572213893,0.6025,-0.032784405887179555,-0.02853249615383431,0.537037037037037,0.6666666666666666,6.0,12.0,7.0,0.0,0.0,0.9955555555555555,V6E_INI|cPROBSgrande 44% · TUDO_INI_CALR|bisolo30 36% · V6E_INI|bisolo30 8%,t5 99 · t10 37 · t15 33 · t20 12 · t25 4 · t30 2,True
FIRST_5a45,FIRST,comum,so_INI,ll_todas,bloco_motor,450,0.0008544941965262806,-0.06708742946997195,0.07103847925081673,0.5282392026578073,-0.0819182532817698,0.03992695459605199,-0.05729076350293967,0.049838926064837634,0.05058786544061656,0.07671109157338357,0.13342550186934612,0.11895508472445732,0.38452238843682585,163,0.002359033057894637,0.8387061214747463,0.0010188243231416664,0.0018126559225448504,25.439116452053455,0.015115398727057089,4,0.3333333333333333,-0.0819182532817698,1262.0,0.21642116423573124,0.22517398562932212,0.00875282139359087,0.6220020446389368,0.6472008059122477,0.02519876127331095,25.439116452053455,11.0,0.8155,0.18490754622688654,0.6415,-0.032618088795207945,-0.03357939476630002,0.5296296296296296,0.5,6.0,3.0,3.0,0.0,0.1111111111111111,1.0,V6E_INI|cPROBSgrande 50% · TUDO_INI_CALR|bisolo30 38% · TUDO_INI_CALR|bisolo35mais 12%,t5 82 · t10 36 · t15 32 · t20 7 · t25 4 · t30 2,
FIRST_5a45,FIRST,comum,so_INI,bsskill_entradas,a_cada_2,450,0.001577456068339092,-0.07627253706001032,0.0785342507548226,0.4850498338870432,-0.11655228127984668,0.04575646356062775,0.03551775041954721,0.07552671528741517,0.1299122909551128,0.09397110336582214,0.016496932852635912,0.10504840883106194,0.7098552307525927,217,0.003271222261532685,0.9034003905988385,0.0017461317094333347,0.0030547305410255667,22.056702492749277,0.03218319832649256,6,0.6666666666666666,-0.11655228127984667,1656.0,0.23781392024224063,0.2454982581150042,0.007684337872763568,0.679144394744667,0.7065268069523238,0.027382412207656758,22.056702492749277,7.0,0.818,0.18240879560219891,0.7905,0.05359838168421452,0.05202092561587543,0.5925925925925926,0.5,6.0,30.0,9.0,0.0,0.0,0.9733333333333334,V6E_INI|cWRgrande 45% · V6WR_INI|cWRgrande 22% · V6E_INI|cPROBSgrande 21%,t5 136 · t10 50 · t15 25 · t20 5 · t25 1,True
FIRST_5a45,FIRST,comum,so_INI,bsskill_entradas,bloco_motor,450,-0.017928887605407846,-0.08120902869779155,0.0471331134802623,0.7242524916943521,-0.019603072917235405,0.030038413823309636,0.0006014604992517492,0.08824277622316704,-0.02987953777500217,0.07939711454171983,-0.021997307572731745,0.09812443715434084,-8.06799942243353,185,-0.04361080768882989,0.8097788649866022,-0.022140473628815292,-0.037116323561435904,16.302917775981562,-0.49488070376701476,4,0.3333333333333333,-0.05461221097982396,1417.0,0.22861274665663406,0.22460449876077596,-0.004008247895858108,0.6560074595269555,0.6540927752958815,-0.0019146842310740024,16.302917775981562,8.0,0.6245,0.3758120939530235,0.948,0.07102369920425491,0.09119369776033874,0.44629629629629625,0.5,6.0,5.0,4.0,0.0,0.1111111111111111,1.0,V6E_INI|cWRgrande 50% · V6WR_INI|cWRgrande 25% · TUDO_INI_CALR|bipro30 12%,t5 112 · t10 44 · t15 24 · t20 3 · t25 2,
FIRST_5a45,FIRST,comum,so_INI,llskill_entradas,a_cada_2,450,9.081992038597757e-05,-0.07244776055059866,0.0924783876203088,0.5282392026578073,-0.10843067959486066,0.04184264514208806,0.0835968765111766,0.0814890924779305,0.10559825381808753,0.09565454518916487,-0.02614042129523626,0.1042004260468398,0.04086896417368546,219,0.00018661627476568705,0.8970965927934903,0.00010123761601097076,0.00017514376792294664,20.838462240001377,0.00196122745061455,6,0.6666666666666666,-0.10843067959486068,1658.0,0.23449865881776777,0.24181520463233114,0.0073165458145633645,0.6714627868751025,0.6973714468837544,0.025908660008651906,20.838462240001377,7.0,0.81,0.1904047976011994,0.8345,0.054885561462319064,0.05479474154193309,0.6,0.6666666666666666,6.0,31.0,10.0,0.0,0.0,0.9733333333333334,V6E_INI|cWRgrande 36% · V6E_INI|cPROBSgrande 23% · V6WR_INI|cWRgrande 22%,t5 133 · t10 53 · t15 25 · t20 5 · t25 3,True
FIRST_5a45,FIRST,comum,so_INI,llskill_entradas,bloco_motor,450,-0.03870061439358598,-0.10870631300591654,0.032361441310338766,0.8538205980066446,-0.0819182532817698,0.03992695459605199,0.0006014604992517492,0.08824277622316704,-0.02987953777500217,0.07939711454171983,-0.021997307572731745,0.09812443715434084,-17.4152764771137,186,-0.09363051869415968,0.7987402259522536,-0.048452066311606284,-0.07863409043719526,21.878795837449218,-0.7959888015091097,4,0.3333333333333333,-0.0819182532817698,1419.0,0.22652609524468686,0.22236985120688835,-0.004156244037798526,0.650506960102675,0.6473459661591664,-0.0031609939435085312,21.878795837449218,8.0,0.357,0.6431784107946027,0.795,0.06060223011734169,0.10414042131012591,0.3444444444444445,0.3333333333333333,6.0,5.0,5.0,0.0,0.1111111111111111,1.0,V6E_INI|cPROBSgrande 25% · V6WR_INI|cWRgrande 25% · V6E_INI|cWRgrande 25%,t5 112 · t10 44 · t15 22 · t20 6 · t25 2,
FIRST_5a45,FIRST,comum,so_INI,brier_entradas,a_cada_2,450,-0.03391989750100306,-0.12817866549676032,0.06082412742135912,0.7142857142857143,-0.14067494684106654,0.048149101137513896,-0.017142377878677714,0.14035969470626775,-0.043923511392552274,0.10246026594630185,0.11943877077831604,0.11503239862126369,-15.263953875451374,198,-0.0770906761386433,0.8757150547753728,-0.038733943553938055,-0.06596101158797384,39.323191925502066,-0.38816670590650404,6,0.3333333333333333,-0.14067494684106652,1495.0,0.21278697231233754,0.22315675529986065,0.010369782987523104,0.6158553931662223,0.6459140341815186,0.030058641015296303,39.323191925502066,11.0,0.4155,0.5847076461769115,0.134,-0.05331878467736031,-0.019398887176357245,0.4185185185185185,0.5,6.0,13.0,10.0,0.0,0.0,0.9733333333333334,V6E_INI|cPROBSgrande 36% · TUDO_INI_CALR|bisolo30 21% · V6_INI|bisolo30 20%,t5 117 · t10 41 · t15 27 · t20 9 · t25 3 · t30 1,True
FIRST_5a45,FIRST,comum,so_INI,brier_entradas,bloco_motor,450,-0.02451534109372648,-0.09216111495946012,0.056713897253449,0.7840531561461794,-0.0819182532817698,0.03992695459605199,-0.05729076350293967,0.049838926064837634,-0.06849687688370451,0.09506058888110014,0.1383459853875298,0.09737424435311773,-11.03190349217692,162,-0.0680981697047958,0.7877550738231696,-0.0311205118295811,-0.05253287377227103,34.01164359486124,-0.32435667101497295,4,0.3333333333333333,-0.10373991545190853,1248.0,0.20929589538311819,0.2185996408416817,0.009303745458563521,0.6052010771870886,0.631460203886781,0.026259126699692378,34.01164359486124,11.0,0.5445,0.45577211394302847,0.2875,-0.05661712709215516,-0.02903736836171288,0.40925925925925927,0.5,6.0,4.0,3.0,0.0,0.1111111111111111,1.0,V6E_INI|cPROBSgrande 50% · TUDO_INI_CALR|bisolo30 25% · V6_INI|bisolo30 25%,t5 90 · t10 33 · t15 28 · t20 8 · t25 2 · t30 1,
FIRST_5a45,FIRST,comum,so_INI,ll_entradas,a_cada_2,450,-0.031190315022232802,-0.11288196256136585,0.06178495579579318,0.7375415282392026,-0.14067494684106654,0.048149101137513896,-0.017142377878677714,0.14035969470626775,-0.031640390238086076,0.10090075553412765,0.11943877077831604,0.11503239862126369,-14.035641760004747,198,-0.07088707959598357,0.8746107132122676,-0.035661940279323935,-0.06090949718839979,38.09487981005544,-0.36843906136435506,6,0.3333333333333333,-0.14067494684106652,1495.0,0.21393812050882258,0.22315675529986065,0.00921863479103806,0.6182609214894275,0.6459140341815186,0.027653112692091187,38.09487981005544,11.0,0.4485,0.5517241379310345,0.16,-0.05333257982415234,-0.02214226480191954,0.4333333333333333,0.5,6.0,13.0,10.0,0.0,0.0,0.9733333333333334,V6E_INI|cPROBSgrande 37% · V6_INI|bisolo30 21% · TUDO_INI_CALR|bisolo30 20%,t5 116 · t10 42 · t15 27 · t20 9 · t25 3 · t30 1,True
FIRST_5a45,FIRST,comum,so_INI,ll_entradas,bloco_motor,450,-0.02451534109372648,-0.09216111495946012,0.056713897253449,0.7840531561461794,-0.0819182532817698,0.03992695459605199,-0.05729076350293967,0.049838926064837634,-0.06849687688370451,0.09506058888110014,0.1383459853875298,0.09737424435311773,-11.03190349217692,162,-0.0680981697047958,0.7877550738231696,-0.0311205118295811,-0.05253287377227103,34.01164359486124,-0.32435667101497295,4,0.3333333333333333,-0.10373991545190853,1248.0,0.20929589538311819,0.2185996408416817,0.009303745458563521,0.6052010771870886,0.631460203886781,0.026259126699692378,34.01164359486124,11.0,0.5445,0.45577211394302847,0.2875,-0.05661712709215516,-0.02903736836171288,0.40925925925925927,0.5,6.0,4.0,3.0,0.0,0.1111111111111111,1.0,V6E_INI|cPROBSgrande 50% · TUDO_INI_CALR|bisolo30 25% · V6_INI|bisolo30 25%,t5 90 · t10 33 · t15 28 · t20 8 · t25 2 · t30 1,
FIRST_5a45,FIRST,comum,so_INI,ppg,a_cada_2,450,0.027639463934783903,-0.06592228242909358,0.14963718203249438,0.29900332225913623,-0.06730114288496396,0.04749367080674904,0.13894341463491236,0.07162583124765359,0.052218800729892795,0.13375938824110462,0.034167086669168366,0.16876206972221997,12.437758770652763,218,0.057053939314920935,1.0275779589546956,0.026897680797766593,0.05182399487771982,15.067979535009947,0.8254430357934882,6,0.6666666666666666,-0.06730114288496399,1615.0,0.22589389513227845,0.23137354953180259,0.005479654399524137,0.6484896638860003,0.6711663974764898,0.02267673359048952,15.067979535009947,15.0,0.9645,0.035982008995502246,0.968,0.09584095132461101,0.0682014873898271,0.637037037037037,0.6666666666666666,6.0,20.0,9.0,0.0,0.0,0.9955555555555555,V6E_INI|cWRgrande 40% · TUDO_INI_CALR|bipro30 20% · TUDO_INI_CALR|cWRgrande 19%,t5 123 · t10 46 · t15 37 · t20 7 · t25 4 · t30 1,True
FIRST_5a45,FIRST,comum,so_INI,ppg,bloco_motor,450,-0.021620191153788562,-0.09015019156874979,0.05398601785999325,0.7043189368770764,-0.019603072917235405,0.030038413823309636,0.04125304551823904,0.09465865503236197,-0.05895845991113997,0.10332580692834874,-0.050180836423294455,0.12156060275974756,-9.72908601920485,192,-0.050672323016691924,0.8999222285244407,-0.024024510639367308,-0.042220637122634616,25.1636729350447,-0.3866321917439739,6,0.0,-0.027511154300499097,1417.0,0.22087013793403384,0.22460449876077596,0.0037343608267420966,0.6366310885256105,0.6540927752958815,0.01746168677027101,25.1636729350447,14.0,0.58,0.42028985507246375,0.6555,0.08780639941742453,0.11212911446543666,0.4351851851851851,0.3333333333333333,6.0,5.0,5.0,0.0,0.1111111111111111,1.0,V6E_INI|cWRgrande 50% · TUDO_INI_CALR|bipro30 12% · TUDO_INI|cWRgrande 12%,t5 108 · t10 47 · t15 29 · t20 6 · t25 2,
FIRST_5a45,FIRST,comum,so_INI,lucro,a_cada_2,450,0.027639463934783903,-0.06592228242909358,0.14963718203249438,0.29900332225913623,-0.06730114288496396,0.04749367080674904,0.13894341463491236,0.07162583124765359,0.052218800729892795,0.13375938824110462,0.034167086669168366,0.16876206972221997,12.437758770652763,218,0.057053939314920935,1.0275779589546956,0.026897680797766593,0.05182399487771982,15.067979535009947,0.8254430357934882,6,0.6666666666666666,-0.06730114288496399,1615.0,0.22589389513227845,0.23137354953180259,0.005479654399524137,0.6484896638860003,0.6711663974764898,0.02267673359048952,15.067979535009947,15.0,0.9645,0.035982008995502246,0.968,0.09584095132461101,0.0682014873898271,0.637037037037037,0.6666666666666666,6.0,20.0,9.0,0.0,0.0,0.9955555555555555,V6E_INI|cWRgrande 40% · TUDO_INI_CALR|bipro30 20% · TUDO_INI_CALR|cWRgrande 19%,t5 123 · t10 46 · t15 37 · t20 7 · t25 4 · t30 1,True
FIRST_5a45,FIRST,comum,so_INI,lucro,bloco_motor,450,-0.021620191153788562,-0.09015019156874979,0.05398601785999325,0.7043189368770764,-0.019603072917235405,0.030038413823309636,0.04125304551823904,0.09465865503236197,-0.05895845991113997,0.10332580692834874,-0.050180836423294455,0.12156060275974756,-9.72908601920485,192,-0.050672323016691924,0.8999222285244407,-0.024024510639367308,-0.042220637122634616,25.1636729350447,-0.3866321917439739,6,0.0,-0.027511154300499097,1417.0,0.22087013793403384,0.22460449876077596,0.0037343608267420966,0.6366310885256105,0.6540927752958815,0.01746168677027101,25.1636729350447,14.0,0.58,0.42028985507246375,0.6555,0.08780639941742453,0.11212911446543666,0.4351851851851851,0.3333333333333333,6.0,5.0,5.0,0.0,0.1111111111111111,1.0,V6E_INI|cWRgrande 50% · TUDO_INI_CALR|bipro30 12% · TUDO_INI|cWRgrande 12%,t5 108 · t10 47 · t15 29 · t20 6 · t25 2,
FIRST_5a45,FIRST,comum,so_INI,roi,a_cada_2,450,0.04373869189455462,-0.06676416480406427,0.16087764508307476,0.2059800664451827,-0.0606344762182973,0.04409862135713735,0.15849803398965265,0.10522033143042797,0.08511070719412071,0.12801145493787297,0.04416708666916836,0.16799182213947006,19.68241135254958,222,0.08865951059707018,1.0595631292913543,0.04127993008194563,0.08201004730228992,15.0,1.3121607568366387,6,0.6666666666666666,-0.06063447621829732,1650.0,0.22760129578247937,0.23366912231595488,0.006067826533475537,0.6531565485331591,0.6789771708225689,0.02582062228940975,15.0,15.0,0.9915,0.008995502248875561,0.9695,0.0887996565773954,0.04506096468284078,0.6814814814814816,0.8333333333333334,6.0,17.0,9.0,0.0,0.0,0.9688888888888889,V6E_INI|cWRgrande 40% · TUDO_INI_CALR|bipro30 21% · TUDO_INI_CALR|cWRgrande 17%,t5 125 · t10 47 · t15 37 · t20 8 · t25 4 · t30 1,True
FIRST_5a45,FIRST,comum,so_INI,roi,bloco_motor,450,-0.021620191153788562,-0.09015019156874979,0.05398601785999325,0.7043189368770764,-0.019603072917235405,0.030038413823309636,0.04125304551823904,0.09465865503236197,-0.05895845991113997,0.10332580692834874,-0.050180836423294455,0.12156060275974756,-9.72908601920485,192,-0.050672323016691924,0.8999222285244407,-0.024024510639367308,-0.042220637122634616,25.1636729350447,-0.3866321917439739,6,0.0,-0.027511154300499097,1417.0,0.22087013793403384,0.22460449876077596,0.0037343608267420966,0.6366310885256105,0.6540927752958815,0.01746168677027101,25.1636729350447,14.0,0.58,0.42028985507246375,0.6555,0.08780639941742453,0.11212911446543666,0.4351851851851851,0.3333333333333333,6.0,5.0,5.0,0.0,0.1111111111111111,1.0,V6E_INI|cWRgrande 50% · TUDO_INI_CALR|bipro30 12% · TUDO_INI|cWRgrande 12%,t5 108 · t10 47 · t15 29 · t20 6 · t25 2,
FIRST_5a45,FIRST,comum,so_INI,sharpe,a_cada_2,450,0.035056819040266675,-0.0534168282053896,0.12293068065512035,0.24584717607973422,-0.0606344762182973,0.04409862135713735,0.15849803398965265,0.10522033143042797,-0.0026628504053521906,0.0789711560705991,0.09287221642434552,0.16245437267504642,15.775568568120004,221,0.07138266320416292,1.0203528654893592,0.03435754455734634,0.06625116066967118,14.972083141938487,1.0536655733583835,6,0.6666666666666666,-0.06063447621829732,1640.0,0.2273590986926212,0.23298583161133235,0.005626732918711168,0.6519905916016511,0.6759241278897122,0.02393353628806117,14.972083141938487,6.0,0.9805,0.01999000499750125,0.97,0.08809468422730515,0.05303786518703848,0.6074074074074074,0.6666666666666666,6.0,20.0,9.0,0.0,0.0,0.9688888888888889,V6E_INI|cWRgrande 45% · TUDO_INI_CALR|bipro30 22% · TUDO_INI_CALR|cWRgrande 12%,t5 126 · t10 47 · t15 35 · t20 7 · t25 5 · t30 1,True
FIRST_5a45,FIRST,comum,so_INI,sharpe,bloco_motor,450,-0.021620191153788562,-0.09015019156874979,0.05398601785999325,0.7043189368770764,-0.019603072917235405,0.030038413823309636,0.04125304551823904,0.09465865503236197,-0.05895845991113997,0.10332580692834874,-0.050180836423294455,0.12156060275974756,-9.72908601920485,192,-0.050672323016691924,0.8999222285244407,-0.024024510639367308,-0.042220637122634616,25.1636729350447,-0.3866321917439739,6,0.0,-0.027511154300499097,1417.0,0.22087013793403384,0.22460449876077596,0.0037343608267420966,0.6366310885256105,0.6540927752958815,0.01746168677027101,25.1636729350447,14.0,0.58,0.42028985507246375,0.6555,0.08780639941742453,0.11212911446543666,0.4351851851851851,0.3333333333333333,6.0,5.0,5.0,0.0,0.1111111111111111,1.0,V6E_INI|cWRgrande 50% · TUDO_INI_CALR|bipro30 12% · TUDO_INI|cWRgrande 12%,t5 108 · t10 47 · t15 29 · t20 6 · t25 2,
FIRST_5a45,FIRST,comum,so_INI,sortino,a_cada_2,450,0.03211352329779029,-0.06168160951484442,0.13135634427218862,0.30564784053156147,-0.0606344762182973,0.04409862135713735,0.15849803398965265,0.10522033143042797,-0.0026628504053521906,0.0789711560705991,0.07962738558320177,0.15370324076244982,14.451085484005628,220,0.06568675220002558,1.0175075612817004,0.03156096772129986,0.06068885454859423,14.367976000560226,1.0057843556700095,6,0.6666666666666666,-0.06063447621829732,1634.0,0.22663981700961477,0.2323631496618702,0.005723332652255416,0.6505443832429667,0.6746851314683991,0.024140748225432513,14.367976000560226,7.0,0.9755,0.02498750624687656,0.9795,0.08848858160993547,0.05637505831214518,0.6074074074074074,0.6666666666666666,6.0,18.0,9.0,0.0,0.0,0.9688888888888889,V6E_INI|cWRgrande 43% · TUDO_INI_CALR|bipro30 21% · TUDO_INI_CALR|cWRgrande 13%,t5 124 · t10 46 · t15 36 · t20 8 · t25 5 · t30 1,True
FIRST_5a45,FIRST,comum,so_INI,sortino,bloco_motor,450,-0.021620191153788562,-0.09015019156874979,0.05398601785999325,0.7043189368770764,-0.019603072917235405,0.030038413823309636,0.04125304551823904,0.09465865503236197,-0.05895845991113997,0.10332580692834874,-0.050180836423294455,0.12156060275974756,-9.72908601920485,192,-0.050672323016691924,0.8999222285244407,-0.024024510639367308,-0.042220637122634616,25.1636729350447,-0.3866321917439739,6,0.0,-0.027511154300499097,1417.0,0.22087013793403384,0.22460449876077596,0.0037343608267420966,0.6366310885256105,0.6540927752958815,0.01746168677027101,25.1636729350447,14.0,0.58,0.42028985507246375,0.6555,0.08780639941742453,0.11212911446543666,0.4351851851851851,0.3333333333333333,6.0,5.0,5.0,0.0,0.1111111111111111,1.0,V6E_INI|cWRgrande 50% · TUDO_INI_CALR|bipro30 12% · TUDO_INI|cWRgrande 12%,t5 108 · t10 47 · t15 29 · t20 6 · t25 2,
FIRST_5a45,FIRST,comum,so_INI,calmar,a_cada_2,450,0.043557019825695036,-0.05305736686584262,0.14990442536074317,0.20930232558139536,-0.0606344762182973,0.04409862135713735,0.15338355470349152,0.10591075373636456,0.11264234259158204,0.1608642194069417,0.02093240624800005,0.13655010811219234,19.600658921562772,221,0.08869076435096276,1.0362652902095921,0.04203269205020397,0.08166941217317819,13.479223861461591,1.4541385411368497,6,0.6666666666666666,-0.06063447621829732,1661.0,0.22790671297281934,0.23352507384006563,0.005618360867246286,0.6543861133114732,0.6784680465637704,0.024081933252297148,13.479223861461591,11.0,0.9915,0.008995502248875561,0.9885,0.08737264920735868,0.04381562938166365,0.6796296296296296,0.6666666666666666,6.0,20.0,9.0,0.0,0.0,0.9733333333333334,V6E_INI|cWRgrande 43% · TUDO_INI_CALR|cWRgrande 24% · TUDO_INI_CALR|bipro30 21%,t5 120 · t10 48 · t15 37 · t20 10 · t25 5 · t30 1,True
FIRST_5a45,FIRST,comum,so_INI,calmar,bloco_motor,450,-0.0016142237011216685,-0.08380654521003991,0.10374373352680084,0.5348837209302325,-0.019603072917235405,0.030038413823309636,0.04125304551823904,0.09465865503236197,0.05398111479814018,0.1651673262633727,-0.07309355759557361,0.11819154868301722,-0.7264006655047481,189,-0.003843389764575387,0.9100378001494241,-0.0017737985178820266,-0.0032071372855154135,16.863716260397663,-0.043074767998238304,6,0.3333333333333333,-0.027511154300499097,1432.0,0.22153260037049854,0.22688187269868781,0.005349272328189277,0.6373544726111154,0.6577291274761724,0.02037465486505697,16.863716260397663,14.0,0.7945,0.20589705147426288,0.94,0.08433709646284436,0.08615309812660624,0.4944444444444444,0.5,6.0,4.0,3.0,0.0,0.1111111111111111,1.0,V6E_INI|cWRgrande 62% · TUDO_INI_CALR|cWRgrande 25% · TUDO_INI_CALR|bipro30 12%,t5 99 · t10 47 · t15 30 · t20 9 · t25 3 · t30 1,
FIRST_5a45,FIRST,comum,so_INI,maxdd,a_cada_2,450,0.039235409269930875,-0.06873577549575591,0.1694237727169073,0.292358803986711,-0.04558634959507312,0.05038276958788508,0.16849803398965268,0.11287415061398327,0.1919884084267459,0.160010365405306,-0.11554757630909993,0.12680078541518328,17.655934171468893,224,0.07882113469405756,1.0272308925219904,0.038195316705869946,0.07385545594016894,13.898669250478179,1.2703327097924462,6,0.6666666666666666,-0.04558634959507312,1702.0,0.2299884496102638,0.23546832385584512,0.005479874245581315,0.6579556752639211,0.6828302720371392,0.02487459677321806,13.898669250478179,11.0,0.986,0.014492753623188406,0.9815,0.08057090632912368,0.04133549705919281,0.6166666666666667,0.6666666666666666,6.0,13.0,9.0,0.0,0.0,0.9733333333333334,V6E_INI|cWRgrande 54% · TUDO_INI_CALR|cWRgrande 28% · TUDO_INI_CALR|bipro30 10%,t5 125 · t10 50 · t15 35 · t20 10 · t25 3 · t30 1,True
FIRST_5a45,FIRST,comum,so_INI,maxdd,bloco_motor,450,-0.0016142237011216685,-0.08380654521003991,0.10374373352680084,0.5348837209302325,-0.019603072917235405,0.030038413823309636,0.04125304551823904,0.09465865503236197,0.05398111479814018,0.1651673262633727,-0.07309355759557361,0.11819154868301722,-0.7264006655047481,189,-0.003843389764575387,0.9100378001494241,-0.0017737985178820266,-0.0032071372855154135,16.863716260397663,-0.043074767998238304,6,0.3333333333333333,-0.027511154300499097,1432.0,0.22153260037049854,0.22688187269868781,0.005349272328189277,0.6373544726111154,0.6577291274761724,0.02037465486505697,16.863716260397663,14.0,0.7945,0.20589705147426288,0.94,0.08433709646284436,0.08615309812660624,0.4944444444444444,0.5,6.0,4.0,3.0,0.0,0.1111111111111111,1.0,V6E_INI|cWRgrande 62% · TUDO_INI_CALR|cWRgrande 25% · TUDO_INI_CALR|bipro30 12%,t5 99 · t10 47 · t15 30 · t20 9 · t25 3 · t30 1,
FIRST_5a45,FIRST,comum,so_INI,seq_ruim,a_cada_2,450,-0.012126847165311838,-0.10279401958634111,0.09180231644863032,0.6478405315614618,-0.09519728452472095,0.05729316529164702,-0.055767105154118306,0.09310313467711592,0.05398111479814018,0.1651673262633727,0.09001110489915629,0.123122745809978,-5.457081224390334,259,-0.02106981167718276,1.005553244920239,-0.012059875721721477,-0.021290101561503624,29.10828089101874,-0.18747521520840132,6,0.3333333333333333,-0.09519728452472094,1968.0,0.22704375767868956,0.22873776683512562,0.001694009156436066,0.651204601557617,0.6640251666705755,0.012820565112958631,29.10828089101874,8.0,0.6865,0.31384307846076964,0.4825,0.04248762092144331,0.054614468086755144,0.5666666666666667,0.6666666666666666,6.0,9.0,9.0,0.0,0.0,0.7555555555555555,V6E_INI|cPROBSgrande 24% · V6E_INI 22% · TUDO_INI|bipro 20%,t5 157 · t10 55 · t15 33 · t20 11 · t25 2 · t30 1,True
FIRST_5a45,FIRST,comum,so_INI,seq_ruim,bloco_motor,450,-0.08354302923329436,-0.1746316026626196,0.006868145637242696,0.9634551495016611,-0.0819182532817698,0.03992695459605199,-0.18853564382503787,0.11819360516895815,0.0427961099608337,0.13547600186001035,-0.10732671776296573,0.09070513509172523,-37.59436315498246,233,-0.16134919809005346,0.9265545933446695,-0.09016525289861377,-0.1451855323108139,41.79250626987817,-0.8995479455626353,11,0.3333333333333333,-0.1807036138626837,1763.0,0.21675270950390654,0.21750925080202055,0.000756541298114008,0.6269603140101286,0.6366368724650919,0.009676558454963341,41.79250626987817,14.0,0.0345,0.9655172413793104,0.0955,0.05243442790364641,0.14642033579110258,0.23703703703703702,0.16666666666666666,6.0,5.0,5.0,0.0,0.1111111111111111,0.75,V6E_INI|cPROBSgrande 25% · V6E_INI 25% · TUDO_INI_CALR|bipro30 25%,t5 136 · t10 50 · t15 30 · t20 13 · t25 2 · t30 2,
FIRST_5a45,FIRST,comum,so_INI,brier_com_roi>=0,a_cada_2,450,-0.03007915668213089,-0.10383841398784592,0.03752646926270163,0.8205980066445183,-0.13350901837236068,0.04578217675804661,0.03994652714480761,0.09814743734656538,-0.023987302568336238,0.07584924046378498,0.04894809791248065,0.07236935117123779,-13.535620506958896,203,-0.06667793353181722,0.8969270692434135,-0.03353578870967025,-0.056398418778995416,25.255148801008154,-0.5359548903714466,3,0.3333333333333333,-0.13350901837236068,1537.0,0.23137587702133314,0.23967416973713349,0.008298292715800354,0.6596473294203365,0.687121141503217,0.027473812082880453,25.255148801008154,9.0,0.4635,0.5367316341829086,0.652,0.014027086612227027,0.044106243294357916,0.45740740740740743,0.5,6.0,27.0,9.0,0.0,0.0,0.9955555555555555,TUDO_INI_CALR|bisolo35mais 39% · V6E_INI|cPROBSgrande 27% · V6E_INI|cWRgrande 20%,t5 99 · t10 48 · t15 39 · t20 12 · t25 3 · t30 2,True
FIRST_5a45,FIRST,comum,so_INI,brier_com_roi>=0,bloco_motor,450,-0.016603083894410158,-0.06997351550668444,0.04501183174094611,0.7342192691029901,-0.019603072917235405,0.030038413823309636,-0.05729076350293967,0.049838926064837634,-0.003987302568336229,0.0716882327312336,0.01596879792228331,0.09964222024532825,-7.471387752484564,178,-0.041974088497104295,0.8402221166773345,-0.01976035094156673,-0.033735082012180305,20.79076946455302,-0.35936080986434005,4,0.3333333333333333,-0.0653639101026103,1385.0,0.21863009907668182,0.22427523982251776,0.005645140745835943,0.6285527191520915,0.6458117554804139,0.017259036328322434,20.79076946455302,11.0,0.639,0.3613193403298351,0.835,0.005054370960880827,0.02373284034209225,0.5333333333333333,0.6666666666666666,6.0,4.0,3.0,0.0,0.1111111111111111,1.0,V6E_INI|cPROBSgrande 38% · TUDO_INI_CALR|bisolo35mais 38% · V6E_INI|cWRgrande 25%,t5 87 · t10 43 · t15 36 · t20 7 · t25 3 · t30 2,
FIRST_5a45,FIRST,comum,so_INI,bsskill_t_ppg>=1_relaxar,a_cada_2,450,0.006740330715428647,-0.07511495392639972,0.1062039704882916,0.3920265780730897,-0.12363323322783903,0.059505842958379275,0.021217392243169732,0.04306323298236862,0.018604709007985425,0.10627085913676099,0.17595923681003228,0.160243454459664,3.033148821942894,209,0.01451267378920045,0.9450907243886155,0.007131940396292647,0.012998546062689733,24.558522449774113,0.1235069751507299,5,0.6666666666666666,-0.12363323322783903,1587.0,0.2139863866572233,0.21720060615649853,0.0032142194992752205,0.6193585983200582,0.632153002549033,0.01279440422897475,24.558522449774113,9.0,0.86,0.14042978510744628,0.687,0.0679292202238375,0.06118888950840885,0.5851851851851851,0.5,6.0,35.0,11.0,0.0,0.0,0.9777777777777777,V6E_INI|cPROBSgrande 37% · V6E_INI|cWRgrande 28% · TUDO_INI_CALR|bipro30 20%,t5 112 · t10 53 · t15 29 · t20 8 · t25 6 · t30 1,True
FIRST_5a45,FIRST,comum,so_INI,bsskill_t_ppg>=1_relaxar,bloco_motor,450,-0.005352987642347623,-0.07610644208201589,0.08331465315322234,0.521594684385382,-0.0819182532817698,0.03992695459605199,-0.05729076350293967,0.049838926064837634,-0.02987953777500217,0.07939711454171983,0.1859592368100323,0.16402408187016385,-2.4088444390564385,169,-0.014253517390866501,0.823670387614449,-0.006498943901396268,-0.011412607999912434,27.66801823766835,-0.08706241330204638,3,0.3333333333333333,-0.0932070269812849,1320.0,0.2138656060549853,0.2194948248431968,0.005629218788211496,0.6184414523501995,0.6387727466990568,0.02033129434885733,27.66801823766835,9.0,0.7615,0.23888055972013994,0.549,0.04969752003793948,0.055719631135580545,0.4611111111111111,0.5,6.0,4.0,3.0,0.0,0.1111111111111111,1.0,V6E_INI|cPROBSgrande 50% · TUDO_INI_CALR|bipro30 25% · V6E_INI|cWRgrande 25%,t5 92 · t10 40 · t15 26 · t20 7 · t25 4,
FIRST_5a45,FIRST,comum,so_INI,ppg_nao_piorando_ou_nada,a_cada_2,450,0.027639463934783903,-0.06592228242909358,0.14963718203249438,0.29900332225913623,-0.06730114288496396,0.04749367080674904,0.13894341463491236,0.07162583124765359,0.052218800729892795,0.13375938824110462,0.034167086669168366,0.16876206972221997,12.437758770652763,218,0.057053939314920935,1.0275779589546956,0.026897680797766593,0.05182399487771982,15.067979535009947,0.8254430357934882,6,0.6666666666666666,-0.06730114288496399,1615.0,0.22589389513227845,0.23137354953180259,0.005479654399524137,0.6484896638860003,0.6711663974764898,0.02267673359048952,15.067979535009947,15.0,0.9645,0.035982008995502246,0.968,0.09584095132461101,0.0682014873898271,0.637037037037037,0.6666666666666666,6.0,20.0,9.0,0.0,0.0,0.9955555555555555,V6E_INI|cWRgrande 40% · TUDO_INI_CALR|bipro30 20% · TUDO_INI_CALR|cWRgrande 19%,t5 123 · t10 46 · t15 37 · t20 7 · t25 4 · t30 1,True
FIRST_5a45,FIRST,comum,so_INI,ppg_nao_piorando_ou_nada,bloco_motor,450,-0.021620191153788562,-0.09015019156874979,0.05398601785999325,0.7043189368770764,-0.019603072917235405,0.030038413823309636,0.04125304551823904,0.09465865503236197,-0.05895845991113997,0.10332580692834874,-0.050180836423294455,0.12156060275974756,-9.72908601920485,192,-0.050672323016691924,0.8999222285244407,-0.024024510639367308,-0.042220637122634616,25.1636729350447,-0.3866321917439739,6,0.0,-0.027511154300499097,1417.0,0.22087013793403384,0.22460449876077596,0.0037343608267420966,0.6366310885256105,0.6540927752958815,0.01746168677027101,25.1636729350447,14.0,0.58,0.42028985507246375,0.6555,0.08780639941742453,0.11212911446543666,0.4351851851851851,0.3333333333333333,6.0,5.0,5.0,0.0,0.1111111111111111,1.0,V6E_INI|cWRgrande 50% · TUDO_INI_CALR|bipro30 12% · TUDO_INI|cWRgrande 12%,t5 108 · t10 47 · t15 29 · t20 6 · t25 2,
FIRST_5a45,FIRST,comum,so_INI,funcao_menor_vol,a_cada_2,450,-0.035983769471765265,-0.1108755279655275,0.03740605157675085,0.813953488372093,-0.12703072354302505,0.04150726042447847,-0.05162470116265844,0.0619872969957962,-0.02333598622566293,0.10413143130857222,0.10357981007991528,0.0943507297810648,-16.192696262294348,179,-0.09046199029214719,0.7494076614257417,-0.04801628182357577,-0.07710807743949699,34.675671632247294,-0.4669757065998873,5,0.3333333333333333,-0.12703072354302505,1351.0,0.22233164903434233,0.2275659303931083,0.005234281358765967,0.6402190933498945,0.6571653755106592,0.01694628216076474,34.675671632247294,7.0,0.3925,0.607696151924038,0.2665,-0.07737241330788486,-0.04138864383611959,0.4870370370370371,0.6666666666666666,6.0,5.0,5.0,0.0,0.0,1.0,V6WR_INI|cPROBSgrande 30% · TUDO_INI|bisolo30 29% · V6WR_INI|bisolo30 21%,t5 112 · t10 40 · t15 21 · t20 5 · t35 1,True
FIRST_5a45,FIRST,comum,so_INI,funcao_menor_vol,bloco_motor,450,-0.04508214403019612,-0.11111640911749128,0.03341328633490993,0.9003322259136213,-0.0819182532817698,0.03992695459605199,-0.13719767052877171,0.029104493497880187,-0.046374407764371434,0.10617255394549777,0.10357981007991528,0.0943507297810648,-20.286964813588256,162,-0.1252281778616559,0.7297965375752835,-0.06177357894842792,-0.09863859833507121,39.62504318874795,-0.5119733174031973,5,0.3333333333333333,-0.14226287405624116,1248.0,0.21425691109936,0.2185996408416817,0.004342729742321721,0.6170089040800157,0.631460203886781,0.014451299806765223,39.62504318874795,10.0,0.278,0.7221389305347327,0.1265,-0.07480380907141808,-0.024086397037447436,0.4296296296296296,0.5,6.0,4.0,4.0,0.0,0.1111111111111111,1.0,V6E_INI|cPROBSgrande 25% · V6WR_INI|cPROBSgrande 25% · V6WR_INI|bisolo30 25%,t5 101 · t10 34 · t15 21 · t20 5 · t35 1,
FIRST_5a45,FIRST,comum,so_INI,ACASO (média das elegíveis),-,450,-0.0281076775172795,-0.09473819796939979,0.033363613645291536,0.770764119601329,-0.09521025108203279,0.05454006552212582,-0.05325997202979606,0.06191127572079468,0.0010220487549514302,0.06287825518058825,0.0685687510701361,0.0802882296096694,-12.648454882775779,246,-0.05127751979503694,0.6676863130815358,-0.04209712999440664,-0.0699417768416929,24.853887425408747,-0.508912536146959,10,0.3333333333333333,-0.09521025108203279,,,,,,,,,,0.491,0.5092453773113443,0.6685,,,,,,,,,,,,,
FIRST_5a45,FIRST,comum,so_INI,FIXO_RETROSPECTO (V6E_INI|cWRgrande) — ENVIESADO,-,450,0.030159660030437695,-0.05062518863097095,0.11688320450734892,0.2691029900332226,-0.03845514595402842,0.04967364347732005,0.04125304551823904,0.09465865503236197,0.13991229095511282,0.09315312156704283,0.012235852594660406,0.12007594380013238,13.57184701369696,216,0.06283262506341185,0.890339596654611,0.033874333056465776,0.060725515357873926,10.152324321821258,1.3368216561527522,4,0.6666666666666666,-0.03845514595402843,1633.0,0.22625313535554023,0.23377312588157206,0.007519990526031836,0.6481039589164,0.6760666789531661,0.02796272003676601,10.152324321821258,6.0,0.971,0.02948525737131434,0.9995,,,,,,,,,,,,,
FIRST_5a45,FIRST,comum,so_INI,"BASE_V6_MOM (fixo, sem flag)",-,450,-0.051153117431392725,-0.17780113511658385,0.07044077370541645,0.7940199335548173,-0.03526602185190597,0.10706087399762981,-0.1470814938798947,0.11437150021934545,-0.054618090875366614,0.16978908691664485,0.024409589091853024,0.1170869928568777,-23.01890284412672,419,-0.05493771561844086,1.1961527837200892,-0.04276470207451612,-0.07124171580174689,34.74487272665965,-0.6625122223131465,9,0.0,-0.08995112553374215,3191.0,0.22444054119397885,0.22367752980154385,-0.0007630113924350029,0.6477606483326892,0.6490904170371834,0.0013297687044941412,34.74487272665965,11.0,0.2155,0.784607696151924,0.2655,,,,,,,,,,,,,
FIRST_5a45,FIRST,comum,so_INI,FIXO_TUDO_INI (sem flag),-,450,0.00489298050506209,-0.08249167692008412,0.12015109965985019,0.5049833887043189,0.0,0.0,0.01908239143510235,0.11880708748629773,-0.13086745356661297,0.1319104365251987,0.13380347440429002,0.1347810352395574,2.201841227277937,261,0.008436173284589796,0.9944237010465382,0.004920418228077915,0.008835684483509063,27.510664961729276,0.08003591444775941,8,0.3333333333333333,-0.04063313074374641,2004.0,0.22805224908941163,0.22280665051107196,-0.00524559857833967,0.6496641489208074,0.6456533104965984,-0.00401083842420908,27.510664961729276,8.0,0.846,0.15442278860569716,0.5525,,,,,,,,,,,,,
FIRST_5a45,FIRST,comum,so_INI,FIXO_TUDO_INI_CALR (sem flag),-,450,0.06400703048081577,-0.06001628212264624,0.21578717461578314,0.17940199335548174,0.0,0.0,0.09464993862273863,0.17166235408438546,0.07223007629415587,0.16559702861214068,0.12115162224677649,0.21255328595618392,28.803163716367088,264,0.10910289286502685,1.2677950310871167,0.050486891738273046,0.10293410954434108,24.431598891685447,1.1789307709275372,20,0.6666666666666666,0.0,2004.0,0.21690037043928737,0.22280665051107196,0.005906280071784577,0.6233390220942955,0.6456533104965984,0.022314288402302842,24.431598891685447,21.0,0.9995,0.0009995002498750624,0.6905,,,,,,,,,,,,,
FIRST_5a45,FIRST,comum,so_INI,FIXO_V6E_INI (sem flag),-,450,-0.04931583094782889,-0.16096535137290505,0.05936666252267267,0.7774086378737541,-0.1213716671234738,0.09209545261031786,-0.18853564382503787,0.11819360516895815,-0.04126250805834612,0.13708921067038937,0.18993441330336477,0.14826561406013244,-22.192123926522967,417,-0.05321852260557067,1.2015314652803377,-0.041044144388114434,-0.06838875275942728,48.14772511265155,-0.46091739276569993,11,0.3333333333333333,-0.15986015744342058,3191.0,0.21888445342546553,0.22367752980154385,0.00479307637607831,0.6298160414257797,0.6490904170371834,0.019274375611403584,48.14772511265155,11.0,0.2315,0.768615692153923,0.0265,,,,,,,,,,,,,
FIRST_5a45,FIRST,comum,so_INI,FIXO_V6WR_INI (sem flag),-,450,-0.08394647820499808,-0.2088799962944278,0.0316569100759088,0.9269102990033222,-0.12449202493874194,0.08885866761709674,-0.2403406295714227,0.10725408988292626,-0.05197290624046765,0.138806335307876,0.10129242129751198,0.14158011319428576,-37.775915192249116,418,-0.09037300285227061,1.170381327166123,-0.07172574976760782,-0.11591849564621405,53.90010186901795,-0.7008505342726059,10,0.3333333333333333,-0.1919235804978523,3191.0,0.2241890737874341,0.22367752980154385,-0.0005115439858902553,0.646267281268438,0.6490904170371834,0.0028231357687453548,53.90010186901795,15.0,0.032,0.968015992003998,0.006,,,,,,,,,,,,,
FIRST_5a45,FIRST,comum,so_INI,FIXO_V6_INI (sem flag),-,450,-0.08394647820499808,-0.2088799962944278,0.0316569100759088,0.9269102990033222,-0.12449202493874194,0.08885866761709674,-0.2403406295714227,0.10725408988292626,-0.05197290624046765,0.138806335307876,0.10129242129751198,0.14158011319428576,-37.775915192249116,418,-0.09037300285227061,1.170381327166123,-0.07172574976760782,-0.11591849564621405,53.90010186901795,-0.7008505342726059,10,0.3333333333333333,-0.1919235804978523,3191.0,0.22412451480232756,0.22367752980154385,-0.0004469850007837134,0.646047512632195,0.6490904170371834,0.003042904404988451,53.90010186901795,15.0,0.032,0.968015992003998,0.006,,,,,,,,,,,,,
FIRST_5a45,FIRST,comum,so_INI,FAVORITO (todos os jogos),-,450,-0.0448563000977254,-0.10625840802824962,0.008644100894730302,0.9169435215946844,-0.025901123875201475,0.04894662387202781,-0.022633541166189288,0.05466175718643217,0.005489505617389989,0.08856362770454847,-0.14585762907816277,0.04816703090630772,-20.18533504397643,450,-0.0448563000977254,0.7194244136202699,-0.06235026119283418,-0.07692792001487686,24.189215963283196,-0.8344766144804256,4,0.0,-0.08588948275148399,,,,,,,,,,0.2815,0.7186406796601699,0.704,,,,,,,,,,,,,
FIRST_5a45,FIRST,comum,so_INI,ZEBRA (todos os jogos),-,450,-0.001161210825530286,-0.10916867403823567,0.1268005323754926,0.5016611295681063,-0.04216349102995488,0.0810249366871287,0.010679276433328253,0.142693618426604,-0.08178994696775005,0.16351677121077987,0.12913045836446777,0.14181124042250304,-0.5225448714886367,427,-0.001223758481238025,1.4436156400184856,-0.0008043767283620012,-0.0014827324482306209,33.022415280979956,-0.015823944646157027,9,0.3333333333333333,-0.04785005223558231,,,,,,,,,,0.799,0.2013993003498251,0.3225,,,,,,,,,,,,,
FIRST_5a45,FIRST,comum,so_INI,VIG_MERCADO (dutching: perde a margem 1/S − 1),-,450,-0.03208852208298098,-0.03816915073605481,-0.0260193744479218,1.0,-0.035676131505944966,0.004950224390916952,-0.034358284756318073,0.0058064318052340365,-0.02563154151154088,0.004070682372358242,-0.03089432584663801,0.007833986804358062,-14.439834937341445,450,-0.03208852208298099,0.058957143953029645,-0.5442685980268221,-0.5372307955547628,14.439834937341445,-1.0,21,0.0,-0.03567613150594496,,,,,,,,,,0.44,0.5602198900549725,0.978,,,,,,,,,,,,,
MULTI_5a45,MULTI,propria,todas,bsskill_todas,a_cada_2,450,0.29729907585788545,-0.1330140901534141,0.7048650339977004,0.09302325581395349,0.1703625768100021,0.23407221463020497,0.7452649280927394,0.35330878307288566,-0.14495586844385927,0.5591240459940533,0.48199291649660175,0.6084334381455462,133.78458413604844,933,0.14339183723049137,4.350122267437305,0.06834269420041542,0.1382369591176027,58.30417816286956,2.2945968599768003,4,1.0,0.170362576810002,1499.0,0.20862493340742955,0.21141986192424375,0.0027949285168142007,0.6068490573095348,0.6159647770342206,0.009115719724685861,58.30417816286952,35.0,0.131,0.8690654672663668,0.212,0.7218055749395148,0.42450649908162935,0.3045267489711934,0.3333333333333333,6.0,25.0,9.0,0.0,0.0,1.0,V6E_MOM|cPROBSgrande 39% · TUDO_INI_CALR|bipro30 24% · TUDO_INI_CALR|cWRgrande 15%,t5 103 · t10 121 · t15 143 · t20 138 · t25 140 · t30 100 · t35 92 · t40 66 · t45 30,True
MULTI_5a45,MULTI,propria,todas,bsskill_todas,bloco_motor,450,0.3409604333968326,-0.00691000169158033,0.723999740018795,0.04318936877076412,0.3547299941006336,0.1932307615353862,0.48265657674460116,0.43652697431747856,-0.11592033655193218,0.37265678338026864,0.635490718942127,0.5285685664442896,153.43219502857465,730,0.21018108908023925,3.7664496384827104,0.09052568496155075,0.18880790622779564,62.30737636097372,2.462504505721365,3,1.0,0.04906147429935587,1195.0,0.21100972290824874,0.2162581724786576,0.005248449570408901,0.6119238186395032,0.6274070351843098,0.015483216544806694,62.483041183151684,27.0,0.22,0.7801099450274862,0.156,0.7281775682986864,0.34459708072724976,0.4593621399176955,0.3333333333333333,6.0,4.0,3.0,0.0,0.1111111111111111,1.0,V6E_MOM|cPROBSgrande 50% · TUDO_INI_CALR|bipro30 25% · TUDO_INI_CALR|bisolo 25%,t5 84 · t10 96 · t15 110 · t20 107 · t25 105 · t30 78 · t35 68 · t40 54 · t45 28,
MULTI_5a45,MULTI,propria,todas,llskill_todas,a_cada_2,450,0.17941866656535804,-0.20896463492720674,0.6354702136682752,0.2159468438538206,-0.048437012377596525,0.22168701455079884,0.6966763906987806,0.19020421702226592,-0.1767013398227204,0.5736351460755051,0.360064467234446,0.6952410737571819,80.73839995441116,963,0.08384049839502716,4.27488271767393,0.04197043016492022,0.08171377702638201,70.97486738950364,1.1375632378617369,5,0.6666666666666666,-0.048437012377596546,1523.0,0.20715715561691392,0.2065876164449159,-0.00056953917199801,0.6030492060866623,0.6032868554527322,0.00023764936606985118,70.97486738950364,51.0,0.0205,0.9795102448775612,0.0755,0.6870139462523605,0.5075952796870025,0.30246913580246915,0.3333333333333333,6.0,42.0,10.0,0.0,0.0,1.0,TUDO_INI_CALR|bipro30 32% · V6E_MOM|cPROBSgrande 21% · TUDO_INI_CALR|cWRgrande 15%,t5 107 · t10 123 · t15 150 · t20 145 · t25 144 · t30 109 · t35 93 · t40 65 · t45 27,True
MULTI_5a45,MULTI,propria,todas,llskill_todas,bloco_motor,450,0.3097609635311554,-0.035810647141375856,0.6478820123404484,0.04983388704318937,0.3547299941006336,0.1932307615353862,0.48265657674460116,0.43652697431747856,-0.11592033655193218,0.37265678338026864,0.49509310454658,0.6518147534136738,139.39243358901993,767,0.18173720155022155,3.853722740271027,0.08037967036242216,0.163020106600152,62.30737636097372,2.237173858540584,5,1.0,0.04906147429935587,1242.0,0.2111932056403003,0.21651107643228196,0.005317870791981643,0.6124840016657598,0.6298482733341374,0.017364271668377708,62.483041183151684,35.0,0.1565,0.8435782108945528,0.156,0.7153512616913956,0.3668701777188457,0.44084362139917693,0.3333333333333333,6.0,5.0,4.0,0.0,0.1111111111111111,1.0,V6E_MOM|cPROBSgrande 50% · TUDO_INI_CALR|bipro30 25% · TUDO_INI_CALR|bisolo 12%,t5 85 · t10 103 · t15 114 · t20 115 · t25 111 · t30 85 · t35 71 · t40 54 · t45 29,
MULTI_5a45,MULTI,propria,todas,brier_todas,a_cada_2,450,0.6118374282775687,0.1819858906286906,1.0437496119197718,0.006644518272425249,0.6711263074141184,0.3272327275994812,0.722971595282321,0.5145360485446959,0.06046556588759822,0.3724727678543278,0.9631418049579623,0.5409635624086421,275.32684272490593,899,0.30625900191869404,4.674767505734377,0.1308808250949483,0.3122903448004084,63.80814640317291,4.314916797382709,4,1.0,0.3441926592955441,1435.0,0.22140905397361038,0.23181996321047624,0.010410909236865858,0.6354398643963205,0.6673025174399613,0.03186265304364082,64.4769768013634,26.0,0.887,0.11344327836081959,0.1355,0.13466155439353628,-0.47717587388403243,0.5118312757201645,0.3333333333333333,6.0,11.0,6.0,0.0,0.0,0.9955555555555555,V6E_MOM|cPROBSgrande 44% · TUDO_INI_CALR|bisolo30 43% · V6E_INI|bisolo35mais 10%,t5 113 · t10 119 · t15 130 · t20 134 · t25 126 · t30 96 · t35 82 · t40 61 · t45 38,True
MULTI_5a45,MULTI,propria,todas,brier_todas,bloco_motor,450,0.5095361630861985,0.17032215090461095,0.8611174291721475,0.0033222591362126247,0.3547299941006336,0.1932307615353862,0.48265657674460116,0.43652697431747856,0.31501936103437933,0.32420761160638273,0.9631418049579623,0.5409635624086421,229.29127338878936,800,0.28661409173598673,4.277739928835048,0.11911340370450241,0.28379307703300033,57.09487095585439,4.0159697281052935,4,1.0,0.35368517703491814,1262.0,0.2158316489706552,0.22517398562932212,0.009342336658666907,0.6202226558754118,0.6472008059122477,0.026978150036835895,57.09487095585435,26.0,0.6715,0.3288355822088955,0.235,0.1706034384974886,-0.40262474497448464,0.5509259259259259,0.3333333333333333,6.0,3.0,3.0,0.0,0.1111111111111111,1.0,V6E_MOM|cPROBSgrande 50% · TUDO_INI_CALR|bisolo30 38% · V6E_INI|bisolo35mais 12%,t5 91 · t10 100 · t15 124 · t20 115 · t25 113 · t30 90 · t35 73 · t40 58 · t45 36,
MULTI_5a45,MULTI,propria,todas,ll_todas,a_cada_2,450,0.60112800612935,0.2245493445491725,1.0201973922127303,0.0033222591362126247,0.6760103295548529,0.32457754237066994,0.6674531624042355,0.49702448831727425,0.06046556588759822,0.3724727678543278,0.9631418049579623,0.5409635624086421,270.5076027582075,879,0.30774471303550344,4.65317446341685,0.12918664684838374,0.30794754004258706,65.36839487843841,4.138201699173643,4,1.0,0.3071803707101537,1413.0,0.22082151611792727,0.2313108958810824,0.010489379763155103,0.634279273921168,0.6663790107354496,0.03209973681428164,65.70058839390836,26.0,0.8705,0.12993503248375812,0.1225,0.14074840744863426,-0.46037959868071576,0.5164609053497942,0.3333333333333333,6.0,14.0,7.0,0.0,0.0,0.9955555555555555,TUDO_INI_CALR|bisolo30 43% · V6E_MOM|cPROBSgrande 41% · V6E_MOM|bisolo35mais 5%,t5 109 · t10 115 · t15 127 · t20 131 · t25 123 · t30 93 · t35 82 · t40 61 · t45 38,True
MULTI_5a45,MULTI,propria,todas,ll_todas,bloco_motor,450,0.5051199925620024,0.1855484942978273,0.8628075999556334,0.006644518272425249,0.3547299941006336,0.1932307615353862,0.48265657674460116,0.43652697431747856,0.2951465936754969,0.30696452544821556,0.9631418049579623,0.5409635624086421,227.3039966529011,799,0.28448560281965096,4.273432283163187,0.11820006942712415,0.28174321297552263,57.09487095585439,3.9811631561204854,4,1.0,0.34043666546232987,1262.0,0.21591972829453476,0.22517398562932212,0.009254257334787337,0.6204743283242974,0.6472008059122477,0.0267264775879503,57.094870955854404,26.0,0.6615,0.33883058470764615,0.235,0.17660960220462996,-0.39165038942762265,0.5468106995884773,0.3333333333333333,6.0,3.0,3.0,0.0,0.1111111111111111,1.0,V6E_MOM|cPROBSgrande 50% · TUDO_INI_CALR|bisolo30 38% · V6E_MOM|bisolo35mais 12%,t5 92 · t10 100 · t15 123 · t20 115 · t25 113 · t30 90 · t35 73 · t40 58 · t45 35,
MULTI_5a45,MULTI,propria,todas,bsskill_entradas,a_cada_2,450,0.3763552749202204,0.0274818766705527,0.7791154787569547,0.03322259136212625,0.5251386008558245,0.25484989933564944,0.5270727961587963,0.4074478915906487,0.5376030071104956,0.6651928623393772,-0.15878496741203685,0.20083234179736853,169.35987371409925,886,0.191151099000112,4.57017312559585,0.08235033215971485,0.18309555962754748,57.64627022332428,2.9379155504422294,3,1.0,0.05544594001624321,1431.0,0.2113279357870601,0.21695771744836953,0.005629781661309441,0.6140429206048308,0.6336952053712445,0.01965228476641364,57.64627022332428,27.0,0.304,0.696151924037981,0.2255,0.7488365529727793,0.3724812780525589,0.4089506172839507,0.3333333333333333,6.0,17.0,9.0,0.0,0.0,1.0,V6E_MOM|cPROBSgrande 41% · TUDO_INI_CALR|bisolo 35% · TUDO_INI_CALR|cWRgrande 15%,t5 99 · t10 122 · t15 137 · t20 133 · t25 124 · t30 89 · t35 85 · t40 63 · t45 34,True
MULTI_5a45,MULTI,propria,todas,bsskill_entradas,bloco_motor,450,0.4602319611963946,0.10357543626141164,0.8593848600271939,0.013289036544850499,0.3547299941006336,0.1932307615353862,0.48265657674460116,0.43652697431747856,0.9219052621803246,0.6421790538543232,0.13438699530789952,0.3071177407771606,207.1043825383776,801,0.2585572815710082,4.578787551112135,0.10051393650806305,0.23870426448963333,43.087896711877505,4.806555862386472,3,1.0,0.28502068270102315,1297.0,0.21575517995018342,0.22191778702457157,0.006162607074388156,0.6228188325560504,0.6426354341752708,0.019816601619220373,43.087896711877534,23.0,0.5325,0.46776611694152925,0.5715,0.7399576128502349,0.222196656504291,0.5097736625514403,0.3333333333333333,6.0,2.0,2.0,0.0,0.1111111111111111,1.0,V6E_MOM|cPROBSgrande 50% · TUDO_INI_CALR|bisolo 50%,t5 88 · t10 103 · t15 125 · t20 115 · t25 110 · t30 85 · t35 76 · t40 62 · t45 37,
MULTI_5a45,MULTI,propria,todas,llskill_entradas,a_cada_2,450,0.3467547993171188,0.025625915774961733,0.6876698532286939,0.026578073089700997,0.47972941330792573,0.2521747743446331,0.5067283172927048,0.3987478621069396,0.4928591270844779,0.6038503913198461,-0.15878496741203685,0.20083234179736853,156.03965969270348,887,0.17591844384746727,4.547710581237996,0.07624821173706349,0.1683341144545129,57.64627022332428,2.706847452371137,3,1.0,0.0008876002774677024,1450.0,0.21018954276770796,0.21548025255933456,0.005290709791626623,0.611125688075128,0.6296126621041807,0.018486974029052628,57.64627022332428,23.0,0.234,0.7661169415292354,0.2255,0.7523415693907815,0.4055867700736627,0.39043209876543217,0.3333333333333333,6.0,24.0,9.0,0.0,0.0,1.0,V6E_MOM|cPROBSgrande 37% · TUDO_INI_CALR|bisolo 35% · TUDO_INI_CALR|cWRgrande 15%,t5 102 · t10 121 · t15 136 · t20 131 · t25 123 · t30 90 · t35 86 · t40 63 · t45 35,True
MULTI_5a45,MULTI,propria,todas,llskill_entradas,bloco_motor,450,0.4602319611963946,0.10357543626141164,0.8593848600271939,0.013289036544850499,0.3547299941006336,0.1932307615353862,0.48265657674460116,0.43652697431747856,0.9219052621803246,0.6421790538543232,0.13438699530789952,0.3071177407771606,207.1043825383776,801,0.2585572815710082,4.578787551112135,0.10051393650806305,0.23870426448963333,43.087896711877505,4.806555862386472,3,1.0,0.28502068270102315,1297.0,0.21575517995018342,0.22191778702457157,0.006162607074388156,0.6228188325560504,0.6426354341752708,0.019816601619220373,43.087896711877534,23.0,0.5325,0.46776611694152925,0.5715,0.7399576128502349,0.222196656504291,0.5097736625514403,0.3333333333333333,6.0,2.0,2.0,0.0,0.1111111111111111,1.0,V6E_MOM|cPROBSgrande 50% · TUDO_INI_CALR|bisolo 50%,t5 88 · t10 103 · t15 125 · t20 115 · t25 110 · t30 85 · t35 76 · t40 62 · t45 37,
MULTI_5a45,MULTI,propria,todas,brier_entradas,a_cada_2,450,0.8001241994379986,0.37713603810253543,1.2209202962063352,0.0033222591362126247,0.7270997276396052,0.3215883692602825,1.552859531821492,0.426693801701964,-0.006092030767867893,0.40779987844020477,0.9631418049579623,0.5409635624086421,360.05588974709946,945,0.3810115235419042,5.0118242613206165,0.1596472976143752,0.3893904706995528,76.8712017441587,4.683885272737517,4,1.0,0.7270997276396052,1463.0,0.2372340693569753,0.2471874211202745,0.00995335176329921,0.6733556480891763,0.7043229040333584,0.030967255944182197,76.87120174415872,26.0,0.994,0.006496751624187906,0.0465,0.044222693974349615,-0.755901505463649,0.5421810699588477,0.5,6.0,26.0,9.0,0.0,0.0,0.9955555555555555,TUDO_INI_CALR|bisolo30 49% · V6E_MOM|cWRgrande 22% · V6E_MOM|cPROBSgrande 13%,t5 109 · t10 126 · t15 147 · t20 141 · t25 134 · t30 105 · t35 86 · t40 58 · t45 39,True
MULTI_5a45,MULTI,propria,todas,brier_entradas,bloco_motor,450,0.5302729775829778,0.22181181998278307,0.8703834731341157,0.0033222591362126247,0.3547299941006336,0.1932307615353862,0.8970836337823552,0.2369075153467439,-0.006092030767867893,0.40779987844020477,0.9631418049579623,0.5409635624086421,238.62283991234005,833,0.2864619926918848,4.522174081983732,0.11726062906237436,0.2744381206840673,64.13501715190581,3.720632666974335,4,1.0,0.35472999410063366,1310.0,0.21669774429455063,0.2248253826789706,0.008127638384419962,0.6235967987725014,0.6463150062707043,0.022718207498202903,64.80384755009634,26.0,0.723,0.2773613193403298,0.132,0.09135545361503777,-0.5052016461658122,0.51440329218107,0.3333333333333333,6.0,3.0,3.0,0.0,0.1111111111111111,1.0,TUDO_INI_CALR|bisolo30 50% · V6E_MOM|cPROBSgrande 25% · V6E_MOM|cWRgrande 25%,t5 100 · t10 111 · t15 131 · t20 126 · t25 117 · t30 91 · t35 75 · t40 50 · t45 32,
MULTI_5a45,MULTI,propria,todas,ll_entradas,a_cada_2,450,0.8556896548746552,0.43778015136472354,1.306416581213094,0.0033222591362126247,0.6417360416918202,0.3066971374593139,1.930949610208124,0.5560271473409206,-0.006092030767867893,0.40779987844020477,0.9631418049579623,0.5409635624086421,385.0603446935949,948,0.4061817981999946,5.036747722276696,0.16988932185149602,0.4230039943284305,76.87120174415867,5.009162546660136,4,1.0,0.6417360416918202,1486.0,0.2433868138842319,0.253979413918826,0.010592600034594108,0.6865806649296466,0.7197588014094058,0.03317813647975926,76.87120174415867,26.0,0.999,0.0014992503748125937,0.0465,0.057270089196154256,-0.7984195656785009,0.5421810699588477,0.3333333333333333,6.0,31.0,9.0,0.0,0.0,0.9955555555555555,TUDO_INI_CALR|bisolo30 49% · V6E_MOM|cWRgrande 16% · V6E_MOM|cPROBSgrande 15%,t5 109 · t10 126 · t15 148 · t20 139 · t25 133 · t30 106 · t35 86 · t40 59 · t45 42,True
MULTI_5a45,MULTI,propria,todas,ll_entradas,bloco_motor,450,0.5302729775829778,0.22181181998278307,0.8703834731341157,0.0033222591362126247,0.3547299941006336,0.1932307615353862,0.8970836337823552,0.2369075153467439,-0.006092030767867893,0.40779987844020477,0.9631418049579623,0.5409635624086421,238.62283991234005,833,0.2864619926918848,4.522174081983732,0.11726062906237436,0.2744381206840673,64.13501715190581,3.720632666974335,4,1.0,0.35472999410063366,1310.0,0.21669774429455063,0.2248253826789706,0.008127638384419962,0.6235967987725014,0.6463150062707043,0.022718207498202903,64.80384755009634,26.0,0.723,0.2773613193403298,0.132,0.09135545361503777,-0.5052016461658122,0.51440329218107,0.3333333333333333,6.0,3.0,3.0,0.0,0.1111111111111111,1.0,TUDO_INI_CALR|bisolo30 50% · V6E_MOM|cPROBSgrande 25% · V6E_MOM|cWRgrande 25%,t5 100 · t10 111 · t15 131 · t20 126 · t25 117 · t30 91 · t35 75 · t40 50 · t45 32,
MULTI_5a45,MULTI,propria,todas,ppg,a_cada_2,450,0.47603574127481973,0.004610882289939874,0.9330081106339004,0.023255813953488372,0.3844813912877844,0.28574354926164053,0.8452581214795971,0.5241440656086018,0.4704263647046195,0.6811635363707436,0.24975426262079536,0.4144362379497204,214.21608357366893,1126,0.19024518967466156,4.880871646654018,0.09753088704988919,0.20983757828350214,58.89351866375567,3.6373456440377723,8,1.0,0.32859886090962037,1792.0,0.21545182423896833,0.21935172055963625,0.003899896320667911,0.6222014618466759,0.6367374221050329,0.014535960258357048,58.893518663755756,26.0,0.5795,0.4207896051974013,0.202,0.8199872715250394,0.34395153025021963,0.48353909465020584,0.3333333333333333,6.0,28.0,12.0,0.0,0.0,0.7911111111111111,TUDO_INI_CALR|bisolo 26% · V6E_INI|cPROBSgrande 12% · V6E_MOM 11%,t5 131 · t10 158 · t15 182 · t20 167 · t25 143 · t30 120 · t35 107 · t40 74 · t45 44,True
MULTI_5a45,MULTI,propria,todas,ppg,bloco_motor,450,0.12255315797980511,-0.2179259378042204,0.4530587155708865,0.23255813953488372,0.26210509193264037,0.17581341009713614,0.139864914254195,0.5491289124487694,-0.11592033655193218,0.37265678338026864,0.13438699530789952,0.3071177407771606,55.1489210909123,985,0.055988752376560716,4.21328413185965,0.02908732336684658,0.0564178217519023,89.73932982479153,0.6145457203501065,9,0.6666666666666666,-0.17946630069424824,1609.0,0.21831350621672974,0.21183588886961738,-0.00647761734711237,0.6325150235810033,0.6191298041456345,-0.013385219435368786,90.08391295539619,27.0,0.006,0.9940029985007496,0.0065,0.7930687830645092,0.6551964803372285,0.17849794238683128,0.0,6.0,4.0,4.0,0.0,0.1111111111111111,0.75,TUDO_INI_CALR|bisolo 38% · V6E_INI|cPROBSgrande 25% · V6WR_MOM 25%,t5 125 · t10 143 · t15 154 · t20 143 · t25 131 · t30 99 · t35 89 · t40 64 · t45 37,
MULTI_5a45,MULTI,propria,todas,lucro,a_cada_2,450,0.6312892025705843,0.17214707703210058,1.0871889293116586,0.0033222591362126247,0.3844813912877844,0.28574354926164053,0.7251159250969902,0.6009935784146696,0.4128913766797156,0.5745880252389965,1.1260720228592473,0.5478172848303131,284.0801411567629,1694,0.16769784011615285,4.900331270092697,0.12882582172013904,0.28494828525907534,48.47102569884203,5.860823802693938,8,1.0,0.3844813912877844,2678.0,0.21731941640881425,0.22235834427064805,0.0050389278618337965,0.6262041512983455,0.6456835222171013,0.01947937091875585,49.84732277367067,17.0,0.91,0.09045477261369315,0.427,0.5201499951206803,-0.11113920744990402,0.6769547325102881,0.6666666666666666,6.0,10.0,6.0,0.0,0.0,0.29333333333333333,V6E_MOM 67% · V6E_INI|cPROBSgrande 12% · V6E_MOM|cPROBSgrande 10%,t5 223 · t10 232 · t15 264 · t20 251 · t25 218 · t30 189 · t35 140 · t40 108 · t45 69,True
MULTI_5a45,MULTI,propria,todas,lucro,bloco_motor,450,0.4604413225982485,0.03987533536325232,0.8768336040865417,0.016611295681063124,0.26210509193264037,0.17581341009713614,0.139864914254195,0.5491289124487694,0.4128913766797156,0.5745880252389965,1.1260720228592473,0.5478172848303131,207.19859516921179,1532,0.1352471247840808,4.644037308167072,0.09914677511063695,0.2106803469876281,64.80147398288952,3.1974364537436517,9,1.0,0.1937652447015778,2466.0,0.22170155453566662,0.22125850247828802,-0.0004430520573786005,0.637787937335495,0.6425025368494356,0.004714599513940568,65.1460571134942,17.0,0.533,0.4672663668165917,0.126,0.49859082336367805,-0.0194056645593515,0.4871399176954732,0.5,6.0,3.0,3.0,0.0,0.1111111111111111,0.25,V6E_MOM 50% · V6E_INI|cPROBSgrande 25% · V6WR_MOM 25%,t5 204 · t10 205 · t15 235 · t20 224 · t25 202 · t30 169 · t35 129 · t40 101 · t45 63,
MULTI_5a45,MULTI,propria,todas,roi,a_cada_2,450,0.31568405891403645,0.00770134582214844,0.6208827815548131,0.026578073089700997,0.3529992479224822,0.20621863910888266,0.5570052335569996,0.3879204351958348,0.4928591270844779,0.6038503913198461,-0.15878496741203685,0.20083234179736853,142.05782651131642,876,0.1621664686202242,4.379293409544618,0.07208561505059395,0.15615879626723564,57.646270223324294,2.4643021302328476,3,1.0,0.0008876002774677024,1428.0,0.20772571798606174,0.21337227027853772,0.005646552292475985,0.6049563963983651,0.6238797376537187,0.01892334125535357,57.646270223324294,23.0,0.169,0.8310844577711144,0.2255,0.784098575398564,0.46841451648452753,0.3580246913580247,0.3333333333333333,6.0,17.0,7.0,0.0,0.0,1.0,TUDO_INI_CALR|bisolo 35% · V6E_MOM|cPROBSgrande 24% · TUDO_INI_CALR|cWRgrande 15%,t5 101 · t10 120 · t15 139 · t20 127 · t25 121 · t30 89 · t35 84 · t40 61 · t45 34,True
MULTI_5a45,MULTI,propria,todas,roi,bloco_motor,450,0.4293569938070635,0.06044354596497393,0.7932668396417155,0.016611295681063124,0.26210509193264037,0.17581341009713614,0.48265657674460116,0.43652697431747856,0.9219052621803246,0.6421790538543232,0.13438699530789952,0.3071177407771606,193.21064721317856,802,0.2409110314378785,4.5574186080251575,0.09421056758995297,0.22032510235533348,43.087896711877505,4.484104863719621,3,1.0,0.2621050919326403,1297.0,0.21599197954218755,0.22191778702457157,0.00592580748238401,0.6231632015749012,0.6426354341752708,0.019472232600369593,43.087896711877534,23.0,0.442,0.5582208895552224,0.5715,0.7471396727127142,0.2641130546797678,0.4403292181069958,0.3333333333333333,6.0,3.0,3.0,0.0,0.1111111111111111,1.0,TUDO_INI_CALR|bisolo 50% · V6E_INI|cPROBSgrande 25% · V6E_MOM|cPROBSgrande 25%,t5 87 · t10 103 · t15 127 · t20 113 · t25 110 · t30 85 · t35 78 · t40 62 · t45 37,
MULTI_5a45,MULTI,propria,todas,sharpe,a_cada_2,450,0.3398119964419505,-0.004669599360582519,0.7730523330875471,0.08305647840531562,0.3529992479224822,0.20621863910888266,0.5570052335569996,0.3879204351958348,0.6014348459600911,0.6879900839327702,-0.15878496741203685,0.20083234179736853,152.91539839887776,887,0.1723961650494676,4.439307862839686,0.0765461659657421,0.16700788079194395,57.64627022332428,2.6526503415828384,3,1.0,0.0008876002774677024,1439.0,0.2095777375035089,0.21549350212037668,0.005915764616867804,0.6090730331198533,0.6288062639620726,0.019733230842219333,57.64627022332428,23.0,0.2185,0.7816091954022989,0.2255,0.7849324382269447,0.4451204417849942,0.37654320987654316,0.3333333333333333,6.0,15.0,7.0,0.0,0.0,1.0,TUDO_INI_CALR|bisolo 36% · V6E_MOM|cPROBSgrande 24% · TUDO_INI_CALR|cWRgrande 14%,t5 100 · t10 120 · t15 141 · t20 129 · t25 122 · t30 90 · t35 86 · t40 63 · t45 36,True
MULTI_5a45,MULTI,propria,todas,sharpe,bloco_motor,450,0.4293569938070635,0.06044354596497393,0.7932668396417155,0.016611295681063124,0.26210509193264037,0.17581341009713614,0.48265657674460116,0.43652697431747856,0.9219052621803246,0.6421790538543232,0.13438699530789952,0.3071177407771606,193.21064721317856,802,0.2409110314378785,4.5574186080251575,0.09421056758995297,0.22032510235533348,43.087896711877505,4.484104863719621,3,1.0,0.2621050919326403,1297.0,0.21599197954218755,0.22191778702457157,0.00592580748238401,0.6231632015749012,0.6426354341752708,0.019472232600369593,43.087896711877534,23.0,0.442,0.5582208895552224,0.5715,0.7471396727127142,0.2641130546797678,0.4403292181069958,0.3333333333333333,6.0,3.0,3.0,0.0,0.1111111111111111,1.0,TUDO_INI_CALR|bisolo 50% · V6E_INI|cPROBSgrande 25% · V6E_MOM|cPROBSgrande 25%,t5 87 · t10 103 · t15 127 · t20 113 · t25 110 · t30 85 · t35 78 · t40 62 · t45 37,
MULTI_5a45,MULTI,propria,todas,sortino,a_cada_2,450,0.31568405891403645,0.00770134582214844,0.6208827815548131,0.026578073089700997,0.3529992479224822,0.20621863910888266,0.5570052335569996,0.3879204351958348,0.4928591270844779,0.6038503913198461,-0.15878496741203685,0.20083234179736853,142.05782651131642,876,0.1621664686202242,4.379293409544618,0.07208561505059395,0.15615879626723564,57.646270223324294,2.4643021302328476,3,1.0,0.0008876002774677024,1428.0,0.20772571798606174,0.21337227027853772,0.005646552292475985,0.6049563963983651,0.6238797376537187,0.01892334125535357,57.646270223324294,23.0,0.169,0.8310844577711144,0.2255,0.784098575398564,0.46841451648452753,0.3580246913580247,0.3333333333333333,6.0,17.0,7.0,0.0,0.0,1.0,TUDO_INI_CALR|bisolo 35% · V6E_MOM|cPROBSgrande 24% · TUDO_INI_CALR|cWRgrande 15%,t5 101 · t10 120 · t15 139 · t20 127 · t25 121 · t30 89 · t35 84 · t40 61 · t45 34,True
MULTI_5a45,MULTI,propria,todas,sortino,bloco_motor,450,0.4293569938070635,0.06044354596497393,0.7932668396417155,0.016611295681063124,0.26210509193264037,0.17581341009713614,0.48265657674460116,0.43652697431747856,0.9219052621803246,0.6421790538543232,0.13438699530789952,0.3071177407771606,193.21064721317856,802,0.2409110314378785,4.5574186080251575,0.09421056758995297,0.22032510235533348,43.087896711877505,4.484104863719621,3,1.0,0.2621050919326403,1297.0,0.21599197954218755,0.22191778702457157,0.00592580748238401,0.6231632015749012,0.6426354341752708,0.019472232600369593,43.087896711877534,23.0,0.442,0.5582208895552224,0.5715,0.7471396727127142,0.2641130546797678,0.4403292181069958,0.3333333333333333,6.0,3.0,3.0,0.0,0.1111111111111111,1.0,TUDO_INI_CALR|bisolo 50% · V6E_INI|cPROBSgrande 25% · V6E_MOM|cPROBSgrande 25%,t5 87 · t10 103 · t15 127 · t20 113 · t25 110 · t30 85 · t35 78 · t40 62 · t45 37,
MULTI_5a45,MULTI,propria,todas,calmar,a_cada_2,450,0.20625883822823035,-0.07124055027180899,0.5026467477725872,0.059800664451827246,0.16765759916721112,0.21813987274133118,0.2800892501339953,0.2819456251574456,0.14581306720237522,0.4081038821067063,0.25077605593984936,0.33179235057918066,92.81647720270371,980,0.09471069102316705,3.6500630345855205,0.0565082948633658,0.10880894258515561,32.58602187737368,2.848352509919336,5,1.0,0.16765759916721112,1568.0,0.22134674792722525,0.22389243276490567,0.0025456848376804162,0.640122012914192,0.654257480975341,0.014135468061149023,32.586021877373696,22.0,0.0335,0.9665167416291854,0.897,0.5871669121289749,0.38090807390074455,0.2716049382716049,0.16666666666666666,6.0,22.0,9.0,0.0,0.0,1.0,V6_INI|cWRgrande 36% · V6WR_MOM|cWRgrande 16% · V6E_INI|cPROBSgrande 13%,t5 121 · t10 135 · t15 159 · t20 152 · t25 127 · t30 105 · t35 85 · t40 63 · t45 33,True
MULTI_5a45,MULTI,propria,todas,calmar,bloco_motor,450,0.14156253797802246,-0.1313978917532943,0.4302803626748112,0.11960132890365449,0.26210509193264037,0.17581341009713614,0.3989442189209871,0.22483196664831429,-0.2299141414748234,0.35600093446953524,0.07484370555597696,0.37678549069115647,63.70314209011016,896,0.07109725679699795,3.367473326456853,0.042038206172510355,0.07832860590216768,56.47957852581629,1.1278969098714513,4,0.6666666666666666,-0.006746764249720201,1419.0,0.2249271102249893,0.22236985120688835,-0.002557259018100944,0.6465216708459143,0.6473459661591664,0.0008242953132521519,57.148408924006766,18.0,0.008,0.9920039980009995,0.246,0.5568353123616334,0.39757745713635817,0.1949588477366255,0.0,6.0,5.0,4.0,0.0,0.1111111111111111,1.0,V6_INI|cWRgrande 50% · V6E_INI|cPROBSgrande 25% · TUDO_INI_CALR|bipro30 12%,t5 109 · t10 131 · t15 142 · t20 141 · t25 121 · t30 93 · t35 75 · t40 52 · t45 32,
MULTI_5a45,MULTI,propria,todas,maxdd,a_cada_2,450,0.36222993603388104,0.016162484516505288,0.6682163721833145,0.016611295681063124,0.3122647695961586,0.27022579919726003,0.44072305185152877,0.3411362226834865,0.2779852374602651,0.4370493702407217,0.44292926844643277,0.467503699012757,163.0034712152465,1034,0.15764358918302368,3.89860632416168,0.0929126733799601,0.2019647508207381,41.4466777683364,3.9328476971385777,4,1.0,0.16860800331724818,1573.0,0.22433370289635732,0.22755150638629978,0.003217803489942485,0.6470030831813538,0.6594909313015446,0.012487848120190739,41.93313274452778,15.0,0.266,0.7341329335332334,0.6205,0.3858672048949266,0.023637268861045557,0.5370370370370371,0.5,6.0,11.0,9.0,0.0,0.0,1.0,V6_INI|cWRgrande 41% · V6WR_INI|bipro35mais 18% · TUDO_MOM|cWRgrande 17%,t5 140 · t10 157 · t15 162 · t20 159 · t25 132 · t30 108 · t35 84 · t40 61 · t45 31,True
MULTI_5a45,MULTI,propria,todas,maxdd,bloco_motor,450,0.317480633643877,0.04401288926127894,0.5975302711398036,0.016611295681063124,0.3658237225829604,0.2245061249522117,0.3989442189209871,0.22483196664831429,0.3414009769726236,0.33252102351780566,0.13958207162939512,0.30374454547170804,142.8662851397447,904,0.1580379260395406,3.6914042300529752,0.08600538273732239,0.18549716523212784,33.29626915301853,4.290759558771554,4,1.0,0.18046459687406186,1364.0,0.23014192812459117,0.23222219963018267,0.0020802715055915086,0.6616929914989961,0.6721553817818589,0.010462390282862772,34.67256622784721,15.0,0.173,0.8270864567716142,0.882,0.2986224539280417,-0.05854325892131995,0.41409465020576136,0.16666666666666666,6.0,5.0,4.0,0.0,0.1111111111111111,1.0,V6_INI|cWRgrande 50% · V6WR_INI|bipro35mais 25% · TUDO_MOM|cWRgrande 12%,t5 118 · t10 137 · t15 144 · t20 140 · t25 121 · t30 98 · t35 65 · t40 54 · t45 27,
MULTI_5a45,MULTI,propria,todas,seq_ruim,a_cada_2,450,0.39276617274181186,0.0652312267709478,0.706685194333717,0.009966777408637873,0.3218053740893135,0.2298517961272877,0.4625853520852252,0.41196902096808097,0.4394559265851665,0.4160090228118044,0.3826984375337913,0.4091279327392086,176.74477773381537,1011,0.1748217386091151,3.958280500420155,0.09922646277850228,0.22016824331695695,22.46816695063786,7.866452929699175,3,1.0,0.32180537408931353,1565.0,0.2312997483639429,0.23030509594939808,-0.0009946524145448166,0.6653507353698866,0.6643451001164322,-0.0010056352534544208,22.680082486379035,16.0,0.3425,0.657671164417791,0.9975,0.33790343026395253,-0.05486274247785933,0.46193415637860086,0.5,6.0,9.0,8.0,0.0,0.0,1.0,V6WR_MOM|cPROBSgrande 32% · V6WR_INI|bipro35mais 28% · TUDO_MOM|cWRgrande 14%,t5 131 · t10 152 · t15 152 · t20 155 · t25 134 · t30 102 · t35 88 · t40 64 · t45 33,True
MULTI_5a45,MULTI,propria,todas,seq_ruim,bloco_motor,450,0.2926133494938922,0.011770601720807789,0.5686333125337029,0.023255813953488372,0.30419912453241316,0.17225154807546295,0.4008562325018035,0.4066735030526292,0.3414009769726236,0.33252102351780566,0.11820417644946798,0.3007480154615729,131.6760072722515,897,0.14679599472937738,3.598721215167634,0.0813103688778687,0.1750479321029781,29.381524066828362,4.481592138404871,4,1.0,0.16621266675411037,1358.0,0.2179532424770363,0.2204844652010109,0.0025312227239746065,0.63178777833121,0.6421392307305965,0.010351452399386485,30.557188889006355,14.0,0.122,0.8780609695152424,0.962,0.3367853531853446,0.007595335004715764,0.34413580246913583,0.16666666666666666,6.0,5.0,4.0,0.0,0.1111111111111111,1.0,V6WR_MOM|cPROBSgrande 25% · V6WR_INI|cPROBSgrande 25% · V6WR_INI|bipro35mais 25%,t5 111 · t10 130 · t15 140 · t20 138 · t25 119 · t30 90 · t35 75 · t40 60 · t45 34,
MULTI_5a45,MULTI,propria,todas,brier_com_roi>=0,a_cada_2,450,0.36207854534541106,0.007307359803932649,0.7198552245958452,0.026578073089700997,0.41355420537040705,0.26633691517131924,0.4311184238512826,0.5115885926463164,-0.2294537269167154,0.420724032288369,0.807357449064172,0.42135389504894905,162.93534540543504,937,0.17389044333557635,4.103276711925713,0.08824131804054804,0.19207854486588016,57.29570010894132,2.8437621862658427,4,1.0,0.051168363524722,1483.0,0.21481454003575662,0.2189794311416751,0.0041648911059184715,0.6226867675709894,0.6363085382310695,0.01362177066008009,58.29570010894132,30.0,0.266,0.7341329335332334,0.2305,0.2706859417295765,-0.09139260361583457,0.40997942386831276,0.3333333333333333,6.0,27.0,8.0,0.0,0.0,1.0,V6E_MOM|cPROBSgrande 40% · V6E_INI|bisolo35mais 33% · TUDO_INI_CALR|bisolo30 12%,t5 121 · t10 128 · t15 137 · t20 137 · t25 129 · t30 100 · t35 80 · t40 66 · t45 39,True
MULTI_5a45,MULTI,propria,todas,brier_com_roi>=0,bloco_motor,450,0.49063874301446847,0.20114155026734962,0.8347801165686359,0.006644518272425249,0.3547299941006336,0.1932307615353862,0.48265657674460116,0.43652697431747856,0.6298508674954517,0.5167151395088139,0.5632719081741044,0.30068556029423443,220.7874343565108,855,0.25823091737603604,4.01816390294795,0.12210520896235927,0.2860730535034674,35.188544938789406,6.274412162837971,3,1.0,0.35368517703491814,1367.0,0.22461171535945207,0.2335350870769151,0.008923371717463012,0.640521345538063,0.6712620202803925,0.030740674742329558,35.36420976096737,23.0,0.6215,0.37881059470264866,0.827,0.27516768441675926,-0.2768009014745177,0.617798353909465,0.5,6.0,4.0,3.0,0.0,0.1111111111111111,1.0,V6E_MOM|cPROBSgrande 50% · V6E_INI|bisolo35mais 38% · TUDO_INI_CALR|cPROBSgrande 12%,t5 99 · t10 112 · t15 134 · t20 121 · t25 119 · t30 92 · t35 75 · t40 63 · t45 40,
MULTI_5a45,MULTI,propria,todas,bsskill_t_ppg>=1_relaxar,a_cada_2,450,0.3516388042532965,-0.07417525176125016,0.7727782792882197,0.05647840531561462,0.3333817619962351,0.24300019798336564,0.7452649280927394,0.35330878307288566,-0.14495586844385927,0.5591240459940533,0.48199291649660175,0.6084334381455462,158.23746191398345,933,0.1696007094469276,4.377789597360419,0.08032336786247483,0.1646971940346361,58.30417816286955,2.7139986687052806,4,1.0,0.333381761996235,1500.0,0.20744097685208465,0.21194818106168298,0.004507204209598323,0.6038535469883697,0.6170824236508253,0.013228876662455605,58.30417816286949,35.0,0.2415,0.7586206896551724,0.212,0.7271161964295688,0.3754773921762723,0.37860082304526754,0.3333333333333333,6.0,26.0,10.0,0.0,0.0,1.0,V6E_MOM|cPROBSgrande 38% · TUDO_INI_CALR|bipro30 24% · TUDO_INI_CALR|cWRgrande 15%,t5 104 · t10 123 · t15 142 · t20 136 · t25 137 · t30 102 · t35 92 · t40 66 · t45 31,True
MULTI_5a45,MULTI,propria,todas,bsskill_t_ppg>=1_relaxar,bloco_motor,450,0.3409604333968326,-0.00691000169158033,0.723999740018795,0.04318936877076412,0.3547299941006336,0.1932307615353862,0.48265657674460116,0.43652697431747856,-0.11592033655193218,0.37265678338026864,0.635490718942127,0.5285685664442896,153.43219502857465,730,0.21018108908023925,3.7664496384827104,0.09052568496155075,0.18880790622779564,62.30737636097372,2.462504505721365,3,1.0,0.04906147429935587,1195.0,0.21100972290824874,0.2162581724786576,0.005248449570408901,0.6119238186395032,0.6274070351843098,0.015483216544806694,62.483041183151684,27.0,0.22,0.7801099450274862,0.156,0.7281775682986864,0.34459708072724976,0.4593621399176955,0.3333333333333333,6.0,4.0,3.0,0.0,0.1111111111111111,1.0,V6E_MOM|cPROBSgrande 50% · TUDO_INI_CALR|bipro30 25% · TUDO_INI_CALR|bisolo 25%,t5 84 · t10 96 · t15 110 · t20 107 · t25 105 · t30 78 · t35 68 · t40 54 · t45 28,
MULTI_5a45,MULTI,propria,todas,ppg_nao_piorando_ou_nada,a_cada_2,450,0.47603574127481973,0.004610882289939874,0.9330081106339004,0.023255813953488372,0.3844813912877844,0.28574354926164053,0.8452581214795971,0.5241440656086018,0.4704263647046195,0.6811635363707436,0.24975426262079536,0.4144362379497204,214.21608357366893,1126,0.19024518967466156,4.880871646654018,0.09753088704988919,0.20983757828350214,58.89351866375567,3.6373456440377723,8,1.0,0.32859886090962037,1792.0,0.21545182423896833,0.21935172055963625,0.003899896320667911,0.6222014618466759,0.6367374221050329,0.014535960258357048,58.893518663755756,26.0,0.5795,0.4207896051974013,0.202,0.8199872715250394,0.34395153025021963,0.48353909465020584,0.3333333333333333,6.0,28.0,12.0,0.0,0.0,0.7911111111111111,TUDO_INI_CALR|bisolo 26% · V6E_INI|cPROBSgrande 12% · V6E_MOM 11%,t5 131 · t10 158 · t15 182 · t20 167 · t25 143 · t30 120 · t35 107 · t40 74 · t45 44,True
MULTI_5a45,MULTI,propria,todas,ppg_nao_piorando_ou_nada,bloco_motor,450,0.12255315797980511,-0.2179259378042204,0.4530587155708865,0.23255813953488372,0.26210509193264037,0.17581341009713614,0.139864914254195,0.5491289124487694,-0.11592033655193218,0.37265678338026864,0.13438699530789952,0.3071177407771606,55.1489210909123,985,0.055988752376560716,4.21328413185965,0.02908732336684658,0.0564178217519023,89.73932982479153,0.6145457203501065,9,0.6666666666666666,-0.17946630069424824,1609.0,0.21831350621672974,0.21183588886961738,-0.00647761734711237,0.6325150235810033,0.6191298041456345,-0.013385219435368786,90.08391295539619,27.0,0.006,0.9940029985007496,0.0065,0.7930687830645092,0.6551964803372285,0.17849794238683128,0.0,6.0,4.0,4.0,0.0,0.1111111111111111,0.75,TUDO_INI_CALR|bisolo 38% · V6E_INI|cPROBSgrande 25% · V6WR_MOM 25%,t5 125 · t10 143 · t15 154 · t20 143 · t25 131 · t30 99 · t35 89 · t40 64 · t45 37,
MULTI_5a45,MULTI,propria,todas,funcao_menor_vol,a_cada_2,450,0.3704061381106519,0.06572713200332249,0.7252254939822083,0.013289036544850499,0.20604688016097883,0.28368124520306315,0.5064945426225159,0.3256991127028022,0.22072346081121752,0.3525107657456952,0.6305392978227319,0.4207791653843753,166.68276214979338,906,0.1839765586642311,3.615692965978666,0.1024440243117804,0.22899017807341607,44.28714480426706,3.7636827320088044,4,1.0,0.20604688016097875,1404.0,0.22584822754482678,0.23090795034417536,0.005059722799348571,0.6494290051264738,0.6677856215662967,0.018356616439822858,46.93378396986103,15.0,0.2875,0.7126436781609196,0.535,-0.08751844672865905,-0.4579245848393109,0.49485596707818935,0.5,6.0,17.0,9.0,0.0,0.0,1.0,V6WR_INI|bisolo30 42% · V6_INI|cWRgrande 21% · TUDO_MOM|bisolo30 9%,t5 120 · t10 129 · t15 142 · t20 137 · t25 123 · t30 99 · t35 74 · t40 53 · t45 29,True
MULTI_5a45,MULTI,propria,todas,funcao_menor_vol,bloco_motor,450,0.48730669776551017,0.20606284043631473,0.7635056581323126,0.006644518272425249,0.3658237225829604,0.2245061249522117,0.849068069908823,0.24551168913079885,0.1527479015644798,0.3590215807630762,0.642328584597052,0.452972200724405,219.28801399447963,822,0.2667737396526516,3.6553265088265046,0.13331413666845146,0.32868574751874935,44.044333525155864,4.978801958014271,5,1.0,0.3658237225829605,1308.0,0.2155911236208011,0.22725000549762728,0.011658881876826182,0.6231998981015358,0.653622473110879,0.03042257500934325,45.713163923346414,14.0,0.613,0.3873063468265867,0.5415,-0.09066888658340107,-0.6388889215696,0.5632716049382717,0.5,6.0,3.0,3.0,0.0,0.1111111111111111,1.0,V6WR_INI|bisolo30 50% · V6_INI|cWRgrande 25% · V6E_INI|cWRgrande 25%,t5 106 · t10 116 · t15 131 · t20 125 · t25 112 · t30 91 · t35 64 · t40 49 · t45 28,
MULTI_5a45,MULTI,propria,todas,ACASO (média das elegíveis),-,450,0.4559977974734131,0.21064517343032874,0.754202869001952,0.0033222591362126247,0.44665382880875937,0.25323671437225137,0.41832056882980206,0.34260398561345623,0.4143734950485922,0.29862455643201885,0.5493152815388258,0.27036608374558874,205.19900886303577,1203,0.17048438837364438,3.3041487818233866,0.13800764662351914,0.325853679065651,29.167175637080277,7.035271821182643,11,1.0,0.34352529434369783,,,,,,,,,,0.52,0.4802598700649675,0.965,,,,,,,,,,,,,
MULTI_5a45,MULTI,propria,todas,FIXO_RETROSPECTO (V6E_MOM) — ENVIESADO,-,450,0.7733606861981848,0.296350303978454,1.256509691439652,0.0033222591362126247,0.7917116564222215,0.46985363229050914,0.7535922037195367,0.6010065108873163,0.4128913766797156,0.5745880252389965,1.1260720228592473,0.5478172848303131,348.01230878918307,2041,0.17051068534501865,5.360055498066744,0.14428221619666423,0.3256905858257296,48.47102569884203,7.17980079380695,10,1.0,0.6029167710118056,3191.0,0.21895695371366689,0.22367752980154385,0.004720576087876949,0.6301043101886806,0.6490904170371834,0.018986106848502726,49.847322773670726,17.0,0.9895,0.010994502748625687,0.427,,,,,,,,,,,,,
MULTI_5a45,MULTI,propria,todas,"BASE_V6_MOM (fixo, sem flag)",-,450,0.5839183834415212,0.13421417087995743,1.0313637777308047,0.006644518272425249,0.6895217855309852,0.33718120786279127,0.16620769783531786,0.535588344401914,0.6785395083587119,0.553049281653126,0.7486028409963381,0.4596077925831781,262.7632725486846,2041,0.12874241673134962,5.1999835348348205,0.11229235237570222,0.23811929343020768,73.92672795764824,3.554374443560097,9,1.0,0.16743505938607472,3191.0,0.22444054119397885,0.22367752980154385,-0.0007630113924350029,0.6477606483326892,0.6490904170371834,0.0013297687044941412,75.80179547351308,16.0,0.837,0.1634182908545727,0.0585,,,,,,,,,,,,,
MULTI_5a45,MULTI,propria,todas,FIXO_TUDO_INI (sem flag),-,450,0.35123761543705256,-0.06903840389149832,0.7331511545418903,0.046511627906976744,0.0,0.0,0.19019956610504735,0.43105381849303387,0.3957542817640464,0.5176654928348702,0.9946154215976426,0.5806495183649125,158.05692694667366,1330,0.1188397946967471,4.633028407786118,0.07581166885287687,0.15473946752515605,65.76550126956492,2.4033410206791737,9,0.6666666666666666,0.0,2004.0,0.22805224908941163,0.22280665051107196,-0.00524559857833967,0.6496641489208074,0.6456533104965984,-0.00401083842420908,66.76550126956492,17.0,0.2415,0.7586206896551724,0.118,,,,,,,,,,,,,
MULTI_5a45,MULTI,propria,todas,FIXO_TUDO_INI_CALR (sem flag),-,450,0.5648797596552494,0.014072165597691689,1.2065880642818065,0.053156146179401995,0.0,0.0,0.8057937713009835,0.8499963199918834,0.4387552111480217,0.796738501715979,1.2974099359996174,0.830356323975003,254.19589184486233,1235,0.20582663307276303,6.325529047452424,0.08930158338024738,0.1899295673477976,98.2227548153974,2.5879531919320042,13,0.6666666666666666,0.0,2004.0,0.21690037043928737,0.22280665051107196,0.005906280071784577,0.6233390220942955,0.6456533104965984,0.022314288402302842,98.22275481539741,38.0,0.799,0.2013993003498251,0.002,,,,,,,,,,,,,
MULTI_5a45,MULTI,propria,todas,FIXO_TUDO_MOM (sem flag),-,450,0.24460306271472745,-0.11809955748238765,0.6229806954938091,0.09966777408637874,0.0,0.0,-0.11739445360311862,0.5549704820738548,0.339724300746714,0.5391790475766807,0.8783839350726781,0.5292405741375369,110.07137822162733,1315,0.08370447013051507,4.5211017583828195,0.054102534246480004,0.10625143804959218,79.89243397788243,1.3777447092436774,10,0.3333333333333333,-0.06394670021165845,2004.0,0.22857094135855271,0.22280665051107196,-0.005764290847480764,0.6515468573918222,0.6456533104965984,-0.005893546895223805,80.89243397788243,19.0,0.064,0.936031984007996,0.0285,,,,,,,,,,,,,
MULTI_5a45,MULTI,propria,todas,FIXO_V6E_INI (sem flag),-,450,0.6851947387869777,0.227096699982405,1.1646085545867255,0.009966777408637873,0.6959635018154935,0.45040387799381165,0.577494031550221,0.6138895491452095,0.3263368075903289,0.5643684643607974,1.1356002326776096,0.5249602668498616,308.33763245413996,1999,0.15424593919666832,5.255503748442337,0.1303766054757473,0.28852204753178134,47.96496656369882,6.428392523627822,9,1.0,0.43582664713744457,3191.0,0.21888445342546553,0.22367752980154385,0.00479307637607831,0.6298160414257797,0.6490904170371834,0.019274375611403584,49.1406313858769,17.0,0.9585,0.041979010494752625,0.441,,,,,,,,,,,,,
MULTI_5a45,MULTI,propria,todas,FIXO_V6E_MOM (sem flag),-,450,0.7733606861981848,0.296350303978454,1.256509691439652,0.0033222591362126247,0.7917116564222215,0.46985363229050914,0.7535922037195367,0.6010065108873163,0.4128913766797156,0.5745880252389965,1.1260720228592473,0.5478172848303131,348.01230878918307,2041,0.17051068534501865,5.360055498066744,0.14428221619666423,0.3256905858257296,48.47102569884203,7.17980079380695,10,1.0,0.6029167710118056,3191.0,0.21895695371366689,0.22367752980154385,0.004720576087876949,0.6301043101886806,0.6490904170371834,0.018986106848502726,49.847322773670726,17.0,0.9895,0.010994502748625687,0.427,,,,,,,,,,,,,
MULTI_5a45,MULTI,propria,todas,FIXO_V6WR_INI (sem flag),-,450,0.5497024991314099,0.11572488972040665,0.9607126310076369,0.006644518272425249,0.6641979785571398,0.3224147234953524,0.11463381324002726,0.5007627852258872,0.4833407760121753,0.47420148104237664,0.8793896890034324,0.5257810544901762,247.36612460913452,2033,0.12167541790906765,5.163103783314311,0.10646745101423154,0.22713181060939175,61.32254292169608,4.0338530142985265,9,1.0,0.06643967678805102,3191.0,0.2241890737874341,0.22367752980154385,-0.0005115439858902553,0.646267281268438,0.6490904170371834,0.0028231357687453548,62.49820774387403,15.0,0.7645,0.23588205897051473,0.168,,,,,,,,,,,,,
MULTI_5a45,MULTI,propria,todas,FIXO_V6WR_MOM (sem flag),-,450,0.5875383868901146,0.13591737829596862,1.0223515195689197,0.006644518272425249,0.6933854625211107,0.342596760147826,0.139864914254195,0.5491289124487694,0.6922563000100646,0.5555578907982076,0.7717233329595904,0.45266161016556195,264.39227410055173,2042,0.12947711758107333,5.208853016801763,0.11279611557380118,0.23900362719729085,74.05668291485924,3.5701338987126343,9,1.0,0.14568439809956138,3191.0,0.2245370331017582,0.22367752980154385,-0.0008595033002143717,0.6481059662340917,0.6490904170371834,0.0009844508030916912,75.40126604546397,16.0,0.844,0.15642178910544727,0.057,,,,,,,,,,,,,
MULTI_5a45,MULTI,propria,todas,FIXO_V6_INI (sem flag),-,450,0.5530537270500094,0.15914680973031983,0.936398891098863,0.0033222591362126247,0.6747068209188504,0.31917242071760277,0.1287542478343366,0.49355607403711443,0.4758754009147549,0.4626417587223914,0.8720518915976756,0.5217419393970611,248.87417717250423,2037,0.12217681746318322,5.164750394633026,0.10708237277540415,0.2291322608989532,60.24756516823996,4.130858674164321,9,1.0,0.08301981820729802,3191.0,0.22412451480232756,0.22367752980154385,-0.0004469850007837134,0.646047512632195,0.6490904170371834,0.003042904404988451,61.42322999041794,15.0,0.771,0.22938530734632684,0.1835,,,,,,,,,,,,,
MULTI_5a45,MULTI,propria,todas,FIXO_V6_MOM (sem flag),-,450,0.5839183834415212,0.13421417087995743,1.0313637777308047,0.006644518272425249,0.6895217855309852,0.33718120786279127,0.16620769783531786,0.535588344401914,0.6785395083587119,0.553049281653126,0.7486028409963381,0.4596077925831781,262.7632725486846,2041,0.12874241673134962,5.1999835348348205,0.11229235237570222,0.23811929343020768,73.92672795764824,3.554374443560097,9,1.0,0.16743505938607472,3191.0,0.22444054119397885,0.22367752980154385,-0.0007630113924350029,0.6477606483326892,0.6490904170371834,0.0013297687044941412,75.80179547351308,16.0,0.837,0.1634182908545727,0.0585,,,,,,,,,,,,,
MULTI_5a45,MULTI,propria,todas,FAVORITO (todos os jogos),-,450,-0.6330390609088642,-1.0252666762484073,-0.22574687583233938,0.9966777408637874,-0.38287591954466405,0.34507922999301616,-0.6337642361293977,0.4254220203906782,-0.4769483915675697,0.4379905491453913,-1.163649267075925,0.4200133480831586,-284.86757740898895,3136,-0.09083787544929495,4.056121340167539,-0.1560700501338346,-0.17454308115649117,304.809794553352,-0.9345748807921838,5,0.0,-0.9133893967534973,,,,,,,,,,0.0,1.0,0.0,,,,,,,,,,,,,
MULTI_5a45,MULTI,propria,todas,ZEBRA (todos os jogos),-,450,0.5828896040472313,-0.2505696708866736,1.3950066038001705,0.07641196013289037,0.2451344515406744,0.7090269381808548,0.7155004331682825,0.9146438889237685,0.08263366224557413,0.9072769166250987,1.4571674454876722,0.9111153703357531,262.30032182125393,2642,0.09928096965225357,8.782122805141114,0.06637229027428355,0.13097162128419007,112.50436605069832,2.331467933458266,13,1.0,0.24513445154067445,,,,,,,,,,0.836,0.16441779110444776,0.0,,,,,,,,,,,,,
MULTI_5a45,MULTI,propria,todas,VIG_MERCADO (dutching: perde a margem 1/S − 1),-,450,-0.2469580257867729,-0.2632348726499335,-0.23219898746878503,1.0,-0.24679811191685563,0.011311141426037154,-0.24582257617059028,0.021823265242831017,-0.24924840123177783,0.01747047425383349,-0.24604297076282652,0.012669811285979205,-111.1311116040478,3136,-0.03543721671047443,0.16210493112626467,-1.5234454872592096,-0.8398957187366903,111.1311116040478,-1.0,60,0.0,-0.25779506971590604,,,,,,,,,,0.0,1.0,0.0,,,,,,,,,,,,,
MULTI_5a45,MULTI,propria,so_INI,bsskill_todas,a_cada_2,450,0.256917729336659,-0.14224587261805924,0.6258875235260579,0.10299003322259136,0.06668757413705187,0.23577183293530804,0.7190613727566455,0.3451480921217261,-0.14495586844385927,0.5591240459940533,0.48199291649660175,0.6084334381455462,115.61297820149653,957,0.12080770971943211,4.345687569488525,0.05912015652954488,0.11726493489955506,58.30417816286956,1.9829278422986762,4,1.0,0.0666875741370519,1535.0,0.20923677593180057,0.21123893944744748,0.002002163515646919,0.608606096922293,0.616203495978472,0.007597399056179065,58.30417816286956,35.0,0.058,0.9420289855072463,0.235,0.7103411633999146,0.4534234340632556,0.29259259259259257,0.3333333333333333,6.0,27.0,9.0,0.0,0.0,1.0,V6E_INI|cPROBSgrande 37% · TUDO_INI_CALR|bipro30 24% · TUDO_INI_CALR|cWRgrande 15%,t5 104 · t10 125 · t15 148 · t20 139 · t25 143 · t30 103 · t35 96 · t40 68 · t45 31,True
MULTI_5a45,MULTI,propria,so_INI,bsskill_todas,bloco_motor,450,0.2955709712726639,-0.04999073743412017,0.6815669297322655,0.07973421926910298,0.26210509193264037,0.17581341009713614,0.4173413504378318,0.4345492532750685,-0.11592033655193218,0.37265678338026864,0.635490718942127,0.5285685664442896,133.00693707269866,724,0.18371123905068876,3.71048178958439,0.07965838078018724,0.16175371637143926,61.334623250061924,2.1685457580855747,3,1.0,0.0055179900948431285,1195.0,0.21113522581839006,0.2162581724786576,0.005122946660267556,0.6119899516718692,0.6274070351843098,0.015417083512440673,62.51028807223989,27.0,0.107,0.8930534732633684,0.1845,0.7215834889359064,0.3890661462541596,0.39259259259259255,0.3333333333333333,6.0,4.0,3.0,0.0,0.1111111111111111,1.0,V6E_INI|cPROBSgrande 50% · TUDO_INI_CALR|bipro30 25% · TUDO_INI_CALR|bisolo 25%,t5 81 · t10 96 · t15 110 · t20 104 · t25 105 · t30 77 · t35 70 · t40 54 · t45 27,
MULTI_5a45,MULTI,propria,so_INI,llskill_todas,a_cada_2,450,0.20043176440003543,-0.20078242188439432,0.6155012890511885,0.1893687707641196,-0.07630109443746504,0.2209107583257959,0.8330314540446315,0.26527035067497756,-0.1767013398227204,0.5736351460755051,0.360064467234446,0.6952410737571819,90.19429398001594,968,0.09317592353307431,4.361777949928603,0.04595184961291215,0.09029744710029411,70.97486738950364,1.2707920042321155,5,0.6666666666666666,-0.076301094437465,1521.0,0.2111167926469223,0.21105774339485184,-5.904925207045725e-05,0.6128839978385175,0.6154303874830526,0.0025463896445350005,70.97486738950364,51.0,0.02,0.9800099950024987,0.0845,0.6670357452463315,0.46660398084629606,0.3055555555555555,0.3333333333333333,6.0,30.0,8.0,0.0,0.0,1.0,TUDO_INI_CALR|bipro30 32% · V6E_INI|cWRgrande 25% · V6E_INI|cPROBSgrande 18%,t5 106 · t10 128 · t15 151 · t20 144 · t25 143 · t30 110 · t35 96 · t40 63 · t45 27,True
MULTI_5a45,MULTI,propria,so_INI,llskill_todas,bloco_motor,450,0.3603107724005403,-0.015533399857500114,0.6724211901657215,0.019933554817275746,0.26210509193264037,0.17581341009713614,0.849068069908823,0.24551168913079885,-0.11592033655193218,0.37265678338026864,0.49509310454658,0.6518147534136738,162.13984758024318,818,0.19821497259198434,4.046778714488144,0.08903644054234237,0.1819276098457557,55.35326130591902,2.9291832812551064,5,1.0,0.2621050919326403,1304.0,0.21729937377139488,0.22286476723000526,0.005565393458610358,0.6265423137660721,0.6448480669056126,0.01830575313954045,55.954595224339485,35.0,0.2425,0.7576211894052973,0.275,0.6526184337497213,0.24726881479911345,0.42777777777777776,0.3333333333333333,6.0,6.0,5.0,0.0,0.1111111111111111,1.0,V6E_INI|cPROBSgrande 25% · V6E_INI|cWRgrande 25% · TUDO_INI_CALR|bipro30 25%,t5 92 · t10 116 · t15 126 · t20 125 · t25 117 · t30 90 · t35 76 · t40 49 · t45 27,
MULTI_5a45,MULTI,propria,so_INI,brier_todas,a_cada_2,450,0.5660033348067022,0.15190510587178668,0.9724387323196311,0.0033222591362126247,0.5814746213325495,0.32919602554637284,0.6639602657119759,0.4974297168340896,0.047701003961396767,0.378607947474067,0.9631418049579623,0.5409635624086421,254.70150066301596,898,0.2836319606492383,4.634226169591275,0.12213545780753768,0.2862896116119898,65.08460259579306,3.913391040348449,4,1.0,0.296342064964513,1435.0,0.2217914689765019,0.23181996321047624,0.010028494233974354,0.6361536949887854,0.6673025174399613,0.03114882245117595,65.75343299398355,28.0,0.802,0.1984007996001999,0.137,0.13036026793789662,-0.43564306686880555,0.4611111111111111,0.3333333333333333,6.0,10.0,5.0,0.0,0.0,0.9955555555555555,V6E_INI|cPROBSgrande 44% · TUDO_INI_CALR|bisolo30 43% · V6E_INI|bisolo35mais 11%,t5 110 · t10 118 · t15 134 · t20 132 · t25 127 · t30 95 · t35 84 · t40 61 · t45 37,True
MULTI_5a45,MULTI,propria,so_INI,brier_todas,bloco_motor,450,0.46414670096202987,0.1585682292695775,0.8429242231121433,0.006644518272425249,0.26210509193264037,0.17581341009713614,0.4173413504378318,0.4345492532750685,0.31501936103437933,0.32420761160638273,0.9631418049579623,0.5409635624086421,208.8660154329134,794,0.2630554350540471,4.23035794424494,0.10971806808770496,0.2554462152085507,57.094870955854404,3.6582272967112583,4,1.0,0.2621050919326403,1262.0,0.21595048888952914,0.22517398562932212,0.009223496739792971,0.6202852778830803,0.6472008059122477,0.026915528029167413,57.09487095585439,26.0,0.5405,0.45977011494252873,0.25,0.16400935913470863,-0.35815567944757487,0.4833333333333334,0.3333333333333333,6.0,3.0,3.0,0.0,0.1111111111111111,1.0,V6E_INI|cPROBSgrande 50% · TUDO_INI_CALR|bisolo30 38% · V6E_INI|bisolo35mais 12%,t5 88 · t10 100 · t15 124 · t20 112 · t25 113 · t30 89 · t35 75 · t40 58 · t45 35,
MULTI_5a45,MULTI,propria,so_INI,ll_todas,a_cada_2,450,0.5484776600391089,0.16579503361142234,0.9829089309163724,0.006644518272425249,0.5814746213325495,0.32919602554637284,0.5850947292578067,0.49697853779704737,0.047701003961396767,0.378607947474067,0.9631418049579623,0.5409635624086421,246.81494701759908,878,0.2811104180154887,4.604434195469421,0.1191194480700341,0.2791413098094154,69.9795614286669,3.5269576141769323,4,1.0,0.24376504066173355,1413.0,0.22114827163364073,0.2313108958810824,0.010162624247441665,0.6348526829765654,0.6663790107354496,0.031526327758884275,70.31175494413688,28.0,0.7595,0.24087956021989004,0.0915,0.13292328966578942,-0.4155543703733195,0.4611111111111111,0.3333333333333333,6.0,8.0,5.0,0.0,0.0,0.9955555555555555,V6E_INI|cPROBSgrande 44% · TUDO_INI_CALR|bisolo30 43% · V6E_INI|bisolo35mais 10%,t5 106 · t10 115 · t15 130 · t20 129 · t25 123 · t30 93 · t35 84 · t40 61 · t45 37,True
MULTI_5a45,MULTI,propria,so_INI,ll_todas,bloco_motor,450,0.46414670096202987,0.1585682292695775,0.8429242231121433,0.006644518272425249,0.26210509193264037,0.17581341009713614,0.4173413504378318,0.4345492532750685,0.31501936103437933,0.32420761160638273,0.9631418049579623,0.5409635624086421,208.8660154329134,794,0.2630554350540471,4.23035794424494,0.10971806808770496,0.2554462152085507,57.094870955854404,3.6582272967112583,4,1.0,0.2621050919326403,1262.0,0.21595048888952914,0.22517398562932212,0.009223496739792971,0.6202852778830803,0.6472008059122477,0.026915528029167413,57.09487095585439,26.0,0.5405,0.45977011494252873,0.25,0.16400935913470863,-0.35815567944757487,0.4833333333333334,0.3333333333333333,6.0,3.0,3.0,0.0,0.1111111111111111,1.0,V6E_INI|cPROBSgrande 50% · TUDO_INI_CALR|bisolo30 38% · V6E_INI|bisolo35mais 12%,t5 88 · t10 100 · t15 124 · t20 112 · t25 113 · t30 89 · t35 75 · t40 58 · t45 35,
MULTI_5a45,MULTI,propria,so_INI,bsskill_entradas,a_cada_2,450,0.3382396847535245,-0.021552347352288344,0.7598389440323193,0.06976744186046512,0.4764462786430276,0.24356956843103367,0.4285911237278603,0.38853600151829637,0.5376030071104956,0.6651928623393772,-0.15878496741203685,0.20083234179736853,152.20785813908606,888,0.17140524565212395,4.523480173132303,0.07477421626882227,0.16299949715276935,57.64627022332428,2.640376516111552,3,1.0,0.05544594001624321,1431.0,0.21153573337479692,0.21695771744836953,0.00542198407357263,0.6142506284915179,0.6336952053712445,0.019444576879726498,57.64627022332428,27.0,0.1925,0.8075962018990505,0.242,0.7384413696887949,0.4002016849352704,0.362962962962963,0.3333333333333333,6.0,15.0,7.0,0.0,0.0,1.0,V6E_INI|cPROBSgrande 41% · TUDO_INI_CALR|bisolo 35% · TUDO_INI_CALR|cWRgrande 15%,t5 98 · t10 122 · t15 140 · t20 131 · t25 124 · t30 88 · t35 87 · t40 64 · t45 34,True
MULTI_5a45,MULTI,propria,so_INI,bsskill_entradas,bloco_motor,450,0.4148424990722259,0.05933694928115293,0.8787816697988281,0.03986710963455149,0.26210509193264037,0.17581341009713614,0.4173413504378318,0.4345492532750685,0.9219052621803246,0.6421790538543232,0.13438699530789952,0.3071177407771606,186.67912458250163,795,0.2348165089088071,4.534057688777523,0.0914947553708952,0.21294394324550792,43.087896711877505,4.332518847016316,3,1.0,0.2621050919326403,1297.0,0.21587081293215635,0.22191778702457157,0.006046974092415212,0.6228797646868736,0.6426354341752708,0.019755669488397225,43.087896711877534,23.0,0.388,0.6121939030484758,0.577,0.7333635334874549,0.2666657220312008,0.4388888888888889,0.3333333333333333,6.0,2.0,2.0,0.0,0.1111111111111111,1.0,V6E_INI|cPROBSgrande 50% · TUDO_INI_CALR|bisolo 50%,t5 85 · t10 103 · t15 125 · t20 112 · t25 110 · t30 84 · t35 78 · t40 62 · t45 36,
MULTI_5a45,MULTI,propria,so_INI,llskill_entradas,a_cada_2,450,0.3131602044539987,-0.015020661018292195,0.6445171836547846,0.03986710963455149,0.4310370910951286,0.2429391420977934,0.4285911237278603,0.38853600151829637,0.4928591270844779,0.6038503913198461,-0.15878496741203685,0.20083234179736853,140.92209200429943,890,0.15833942921831395,4.504174759294263,0.06952665497887259,0.150835740511999,57.646270223324294,2.444600343757901,3,1.0,0.0008876002774677024,1450.0,0.2103507988738663,0.21548025255933456,0.005129453685468269,0.6112553526053436,0.6296126621041807,0.018357309498837116,57.646270223324294,23.0,0.1355,0.8645677161419291,0.242,0.7444344133415663,0.4312742088875676,0.3370370370370371,0.3333333333333333,6.0,19.0,7.0,0.0,0.0,1.0,V6E_INI|cPROBSgrande 40% · TUDO_INI_CALR|bisolo 35% · TUDO_INI_CALR|cWRgrande 15%,t5 101 · t10 121 · t15 140 · t20 129 · t25 123 · t30 89 · t35 88 · t40 64 · t45 35,True
MULTI_5a45,MULTI,propria,so_INI,llskill_entradas,bloco_motor,450,0.4148424990722259,0.05933694928115293,0.8787816697988281,0.03986710963455149,0.26210509193264037,0.17581341009713614,0.4173413504378318,0.4345492532750685,0.9219052621803246,0.6421790538543232,0.13438699530789952,0.3071177407771606,186.67912458250163,795,0.2348165089088071,4.534057688777523,0.0914947553708952,0.21294394324550792,43.087896711877505,4.332518847016316,3,1.0,0.2621050919326403,1297.0,0.21587081293215635,0.22191778702457157,0.006046974092415212,0.6228797646868736,0.6426354341752708,0.019755669488397225,43.087896711877534,23.0,0.388,0.6121939030484758,0.577,0.7333635334874549,0.2666657220312008,0.4388888888888889,0.3333333333333333,6.0,2.0,2.0,0.0,0.1111111111111111,1.0,V6E_INI|cPROBSgrande 50% · TUDO_INI_CALR|bisolo 50%,t5 85 · t10 103 · t15 125 · t20 112 · t25 110 · t30 84 · t35 78 · t40 62 · t45 36,
MULTI_5a45,MULTI,propria,so_INI,brier_entradas,a_cada_2,450,0.6973415876989626,0.2917183515718178,1.190500964680868,0.006644518272425249,0.5165381591304969,0.3165726907231238,1.4061801317594922,0.446957340361529,-0.006092030767867893,0.40779987844020477,0.9631418049579623,0.5409635624086421,313.8037144645331,931,0.3370609177921945,4.951445487412282,0.14083596183614785,0.3319362094521564,76.87120174415872,4.0822012319896945,4,1.0,0.5165381591304968,1463.0,0.23855666810331747,0.24708702917183503,0.008530361068517548,0.6790077504197598,0.7055817296011263,0.02657397918136653,76.87120174415875,26.0,0.969,0.031484257871064465,0.0445,0.04623380492399521,-0.6511077827749674,0.4611111111111111,0.3333333333333333,6.0,33.0,9.0,0.0,0.0,0.9911111111111112,TUDO_INI_CALR|bisolo30 49% · V6E_INI|cWRgrande 19% · V6_INI|cWRgrande 11%,t5 106 · t10 124 · t15 149 · t20 138 · t25 130 · t30 102 · t35 85 · t40 60 · t45 37,True
MULTI_5a45,MULTI,propria,so_INI,brier_entradas,bloco_motor,450,0.388700362446676,0.030054314304954935,0.6558437222607401,0.006644518272425249,0.26210509193264037,0.17581341009713614,0.3989442189209871,0.22483196664831429,-0.006092030767867893,0.40779987844020477,0.9631418049579623,0.5409635624086421,174.91516310100423,834,0.2097304113920914,4.373351988567154,0.0888792769168407,0.19410981391151574,72.57367739968433,2.410173624490538,4,1.0,0.08380267728434394,1310.0,0.22374199463060504,0.2248253826789706,0.0010833880483655499,0.6415458972978473,0.6463150062707043,0.004769108972856991,73.24250779787482,26.0,0.3065,0.6936531734132934,0.069,0.1342221167732586,-0.3030657909792518,0.35925925925925933,0.16666666666666666,6.0,3.0,3.0,0.0,0.1111111111111111,1.0,TUDO_INI_CALR|bisolo30 50% · V6E_INI|cPROBSgrande 25% · V6_INI|cWRgrande 25%,t5 96 · t10 116 · t15 131 · t20 124 · t25 119 · t30 93 · t35 74 · t40 51 · t45 30,
MULTI_5a45,MULTI,propria,so_INI,ll_entradas,a_cada_2,450,0.7364064489393536,0.27301022015340753,1.1913671609578371,0.0033222591362126247,0.31830407314716697,0.2639250564229907,1.8793231363162461,0.5289450772892519,-0.006092030767867893,0.40779987844020477,0.9631418049579623,0.5409635624086421,331.3829020227091,934,0.354799680966498,4.90889288264684,0.150014772484155,0.3573852170617983,76.87120174415872,4.310884889319298,4,1.0,0.31830407314716697,1465.0,0.24079763325634432,0.2500946222539051,0.009296988997560797,0.6824249418388255,0.7114445548332309,0.029019612994405353,76.87120174415875,26.0,0.985,0.015492253873063468,0.0445,0.05380360498618258,-0.6826028439531711,0.44259259259259265,0.3333333333333333,6.0,27.0,9.0,0.0,0.0,0.9955555555555555,TUDO_INI_CALR|bisolo30 49% · V6_INI|cWRgrande 14% · V6E_INI|cWRgrande 13%,t5 107 · t10 123 · t15 148 · t20 142 · t25 132 · t30 102 · t35 85 · t40 57 · t45 38,True
MULTI_5a45,MULTI,propria,so_INI,ll_entradas,bloco_motor,450,0.48872788488841734,0.14282207289418836,0.8396325390039854,0.0033222591362126247,0.26210509193264037,0.17581341009713614,0.849068069908823,0.24551168913079885,-0.006092030767867893,0.40779987844020477,0.9631418049579623,0.5409635624086421,219.92754819978785,828,0.2656129809176182,4.485837696404238,0.10894907884878943,0.25069996146314716,64.13501715190583,3.4291336927357867,4,1.0,0.2621050919326403,1310.0,0.21691762479061458,0.2248253826789706,0.007907757888356017,0.6238820377950859,0.6463150062707043,0.02243296847561842,64.80384755009632,26.0,0.612,0.38830584707646176,0.1485,0.09134311562829138,-0.45847575487117803,0.4518518518518519,0.3333333333333333,6.0,3.0,3.0,0.0,0.1111111111111111,1.0,TUDO_INI_CALR|bisolo30 50% · V6E_INI|cPROBSgrande 25% · V6E_INI|cWRgrande 25%,t5 96 · t10 111 · t15 132 · t20 123 · t25 117 · t30 91 · t35 77 · t40 49 · t45 32,
MULTI_5a45,MULTI,propria,so_INI,ppg,a_cada_2,450,0.3858187672272676,-0.0040199769613043935,0.8299504342568171,0.04983388704318937,0.21107066910925948,0.25759046413655795,0.6993978215333998,0.5131131660950935,0.4704263647046195,0.6811635363707436,0.24975426262079536,0.4144362379497204,173.61844525227042,1129,0.15378073095860975,4.811997352434468,0.08017850779408171,0.16926187138574636,58.89351866375567,2.9480059808197354,9,1.0,0.21107066910925956,1800.0,0.2136632633060366,0.21648221901862724,0.002818955712590644,0.618265191368804,0.6299209210851815,0.011655729716377563,58.89351866375567,26.0,0.301,0.6991504247876063,0.2225,0.7947287312971654,0.40890996406989777,0.4185185185185185,0.3333333333333333,6.0,27.0,12.0,0.0,0.0,0.7866666666666666,TUDO_INI_CALR|bisolo 26% · V6E_INI|cPROBSgrande 21% · V6E_INI 13%,t5 130 · t10 160 · t15 181 · t20 168 · t25 144 · t30 117 · t35 109 · t40 76 · t45 44,True
MULTI_5a45,MULTI,propria,so_INI,ppg,bloco_motor,450,0.11694624664332336,-0.19663265705057253,0.3994481946671049,0.24584717607973422,0.26210509193264037,0.17581341009713614,0.11463381324002726,0.5007627852258872,-0.11592033655193218,0.37265678338026864,0.13438699530789952,0.3071177407771606,52.62581098949554,989,0.053211133457528356,4.215939234972279,0.02773907310457057,0.05383337903800867,80.21260082581679,0.6560791003869019,9,0.6666666666666666,-0.1962870347036934,1609.0,0.21756654709252415,0.21183588886961738,-0.005730658222906795,0.6304174251465495,0.6191298041456345,-0.011287621000914976,80.38826564799481,27.0,0.003,0.9970014992503748,0.028,0.7780137331019494,0.6464492056282107,0.18333333333333335,0.0,6.0,4.0,4.0,0.0,0.1111111111111111,0.75,TUDO_INI_CALR|bisolo 38% · V6E_INI|cPROBSgrande 25% · V6WR_INI 25%,t5 122 · t10 146 · t15 154 · t20 143 · t25 132 · t30 100 · t35 91 · t40 65 · t45 36,
MULTI_5a45,MULTI,propria,so_INI,lucro,a_cada_2,450,0.33183470709434826,-0.03501559874438334,0.7810826936567861,0.07973421926910298,0.21107066910925948,0.25759046413655795,0.545636052683827,0.6140956097086879,0.04756785496978127,0.4313470947506216,0.5834462706070696,0.5385137945300937,149.32561819245677,1485,0.10055597184677224,4.610809219991326,0.0719688651735134,0.14623440730547524,65.88303452261243,2.266526113656849,9,1.0,0.21107066910925956,2360.0,0.2116463817669503,0.2143662689792487,0.0027198872122984187,0.6144802443508202,0.6254389080348389,0.010958663684018806,65.8830345226124,22.0,0.1795,0.8205897051474262,0.1255,0.5190873888533669,0.18725268175901866,0.3796296296296296,0.3333333333333333,6.0,25.0,8.0,0.0,0.0,0.49333333333333335,V6E_INI 48% · V6E_INI|cPROBSgrande 21% · TUDO_INI_CALR|bisolo 10%,t5 183 · t10 209 · t15 235 · t20 219 · t25 194 · t30 157 · t35 132 · t40 96 · t45 60,True
MULTI_5a45,MULTI,propria,so_INI,lucro,bloco_motor,450,0.36670824933039103,0.02424497267566304,0.748683160861402,0.03322259136212625,0.26210509193264037,0.17581341009713614,0.11463381324002726,0.5007627852258872,0.36938996789958073,0.42751107427695223,0.7730057029481909,0.4407632578303845,165.018712198676,1242,0.13286530772840258,4.500855150351121,0.08147523905580106,0.17028672850078558,56.05027980195909,2.9441193296756425,9,1.0,0.12725316826398192,2025.0,0.22362495873132035,0.22157989759089688,-0.002045061140423474,0.6425101918144203,0.6416913161445708,-0.0008188756698494633,56.22594462413713,15.0,0.26,0.7401299350324838,0.2655,0.6144753116822926,0.20192853118560283,0.3944444444444444,0.16666666666666666,6.0,5.0,4.0,0.0,0.1111111111111111,0.5,V6E_INI|cPROBSgrande 25% · V6WR_INI 25% · V6E_INI 25%,t5 158 · t10 173 · t15 196 · t20 178 · t25 164 · t30 130 · t35 111 · t40 83 · t45 49,
MULTI_5a45,MULTI,propria,so_INI,roi,a_cada_2,450,0.26357301993277127,-0.061140521478258825,0.6234379346391914,0.08637873754152824,0.2682035817835127,0.2108985513484227,0.4496990573497604,0.37663027801567944,0.4928591270844779,0.6038503913198461,-0.15878496741203685,0.20083234179736853,118.60785896974699,880,0.13478165792016703,4.355894496389893,0.06050950502846592,0.12836467935759632,57.646270223324294,2.0575114141861164,3,1.0,0.0008876002774677024,1441.0,0.20755969730016713,0.21195623030834884,0.004396533008181699,0.6046131632750702,0.6204813235818692,0.01586816030679907,57.64627022332424,23.0,0.064,0.936031984007996,0.242,0.7608724643808511,0.49729944444807983,0.3370370370370371,0.3333333333333333,6.0,19.0,7.0,0.0,0.0,1.0,V6E_INI|cPROBSgrande 36% · TUDO_INI_CALR|bisolo 35% · TUDO_INI_CALR|cWRgrande 15%,t5 98 · t10 122 · t15 140 · t20 129 · t25 123 · t30 87 · t35 87 · t40 61 · t45 33,True
MULTI_5a45,MULTI,propria,so_INI,roi,bloco_motor,450,0.4148424990722259,0.05933694928115293,0.8787816697988281,0.03986710963455149,0.26210509193264037,0.17581341009713614,0.4173413504378318,0.4345492532750685,0.9219052621803246,0.6421790538543232,0.13438699530789952,0.3071177407771606,186.67912458250163,795,0.2348165089088071,4.534057688777523,0.0914947553708952,0.21294394324550792,43.087896711877505,4.332518847016316,3,1.0,0.2621050919326403,1297.0,0.21587081293215635,0.22191778702457157,0.006046974092415212,0.6228797646868736,0.6426354341752708,0.019755669488397225,43.087896711877534,23.0,0.388,0.6121939030484758,0.577,0.7333635334874549,0.2666657220312008,0.4388888888888889,0.3333333333333333,6.0,2.0,2.0,0.0,0.1111111111111111,1.0,V6E_INI|cPROBSgrande 50% · TUDO_INI_CALR|bisolo 50%,t5 85 · t10 103 · t15 125 · t20 112 · t25 110 · t30 84 · t35 78 · t40 62 · t45 36,
MULTI_5a45,MULTI,propria,so_INI,sharpe,a_cada_2,450,0.2960626100506352,-0.019171082590014245,0.6936584610388298,0.07641196013289037,0.2682035817835127,0.2108985513484227,0.48732649400453504,0.36627559420011496,0.6014348459600911,0.6879900839327702,-0.15878496741203685,0.20083234179736853,133.22817452278582,902,0.14770307596761179,4.444010005533323,0.06662059934203612,0.14222969041653466,57.646270223324294,2.311132602450319,3,1.0,0.0008876002774677024,1465.0,0.2109761381034367,0.21545793811734976,0.004481800013913049,0.6128192790480841,0.6291986366366978,0.016379357588613776,57.646270223324294,23.0,0.108,0.8920539730134932,0.242,0.7615942786255849,0.4655316685749497,0.35185185185185186,0.3333333333333333,6.0,18.0,8.0,0.0,0.0,1.0,TUDO_INI_CALR|bisolo 36% · V6E_INI|cPROBSgrande 35% · TUDO_INI_CALR|cWRgrande 14%,t5 99 · t10 124 · t15 144 · t20 132 · t25 125 · t30 90 · t35 90 · t40 63 · t45 35,True
MULTI_5a45,MULTI,propria,so_INI,sharpe,bloco_motor,450,0.4148424990722259,0.05933694928115293,0.8787816697988281,0.03986710963455149,0.26210509193264037,0.17581341009713614,0.4173413504378318,0.4345492532750685,0.9219052621803246,0.6421790538543232,0.13438699530789952,0.3071177407771606,186.67912458250163,795,0.2348165089088071,4.534057688777523,0.0914947553708952,0.21294394324550792,43.087896711877505,4.332518847016316,3,1.0,0.2621050919326403,1297.0,0.21587081293215635,0.22191778702457157,0.006046974092415212,0.6228797646868736,0.6426354341752708,0.019755669488397225,43.087896711877534,23.0,0.388,0.6121939030484758,0.577,0.7333635334874549,0.2666657220312008,0.4388888888888889,0.3333333333333333,6.0,2.0,2.0,0.0,0.1111111111111111,1.0,V6E_INI|cPROBSgrande 50% · TUDO_INI_CALR|bisolo 50%,t5 85 · t10 103 · t15 125 · t20 112 · t25 110 · t30 84 · t35 78 · t40 62 · t45 36,
MULTI_5a45,MULTI,propria,so_INI,sortino,a_cada_2,450,0.2516896456624667,-0.05405836543043337,0.5713117216753058,0.06976744186046512,0.2682035817835127,0.2108985513484227,0.3962238731333897,0.396983881673887,0.4928591270844779,0.6038503913198461,-0.15878496741203685,0.20083234179736853,113.26034054811001,887,0.1276892227148929,4.363902112994748,0.05767536464967669,0.12166381656402339,57.64627022332425,1.9647470705274486,3,1.0,0.0008876002774677024,1448.0,0.20710361170095892,0.21125230615404575,0.00414869445308683,0.6036638424225211,0.6188472170994659,0.015183374676944751,57.64627022332425,23.0,0.0565,0.9435282358820589,0.242,0.7609348655176594,0.5092452198551927,0.26296296296296295,0.16666666666666666,6.0,20.0,8.0,0.0,0.0,1.0,V6E_INI|cPROBSgrande 36% · TUDO_INI_CALR|bisolo 35% · TUDO_INI_CALR|cWRgrande 15%,t5 99 · t10 123 · t15 141 · t20 130 · t25 124 · t30 88 · t35 88 · t40 61 · t45 33,True
MULTI_5a45,MULTI,propria,so_INI,sortino,bloco_motor,450,0.4148424990722259,0.05933694928115293,0.8787816697988281,0.03986710963455149,0.26210509193264037,0.17581341009713614,0.4173413504378318,0.4345492532750685,0.9219052621803246,0.6421790538543232,0.13438699530789952,0.3071177407771606,186.67912458250163,795,0.2348165089088071,4.534057688777523,0.0914947553708952,0.21294394324550792,43.087896711877505,4.332518847016316,3,1.0,0.2621050919326403,1297.0,0.21587081293215635,0.22191778702457157,0.006046974092415212,0.6228797646868736,0.6426354341752708,0.019755669488397225,43.087896711877534,23.0,0.388,0.6121939030484758,0.577,0.7333635334874549,0.2666657220312008,0.4388888888888889,0.3333333333333333,6.0,2.0,2.0,0.0,0.1111111111111111,1.0,V6E_INI|cPROBSgrande 50% · TUDO_INI_CALR|bisolo 50%,t5 85 · t10 103 · t15 125 · t20 112 · t25 110 · t30 84 · t35 78 · t40 62 · t45 36,
MULTI_5a45,MULTI,propria,so_INI,calmar,a_cada_2,450,0.21022305801496904,-0.08183405456225466,0.4896948471525744,0.09302325581395349,0.28118212700058315,0.19143976349481756,0.45616299046754705,0.28859808368602596,0.14581306720237522,0.4081038821067063,-0.07774548710343628,0.3479924475273892,94.6003761067361,996,0.09498029729591978,3.5179514661209788,0.05975723657346775,0.11170354584404371,43.03265693779156,2.1983391879216607,5,0.6666666666666666,-0.01693468605679513,1570.0,0.22340797035948842,0.22531116966403236,0.0019031993045439395,0.6452213188866248,0.6572450189288951,0.012023700042270283,44.17403668772704,22.0,0.027,0.9730134932533733,0.578,0.5491066401011623,0.33888358208619324,0.30370370370370364,0.3333333333333333,6.0,16.0,10.0,0.0,0.0,1.0,V6_INI|cWRgrande 53% · V6E_INI|cPROBSgrande 14% · V6WR_INI|cWRgrande 9%,t5 119 · t10 139 · t15 159 · t20 154 · t25 132 · t30 104 · t35 90 · t40 64 · t45 35,True
MULTI_5a45,MULTI,propria,so_INI,calmar,bloco_motor,450,0.13264691094973458,-0.10845209751123637,0.41283127635158534,0.16943521594684385,0.26210509193264037,0.17581341009713614,0.3989442189209871,0.22483196664831429,-0.2299141414748234,0.35600093446953524,0.03472338392868151,0.3635099177376194,59.6911099273806,889,0.06714410565509629,3.333389469309612,0.03979340313246008,0.0736304485074305,56.47957852581629,1.056861815994189,4,0.6666666666666666,-0.006746764249720201,1419.0,0.22487851102658535,0.22236985120688835,-0.0025086598196970016,0.646379431265624,0.6473459661591664,0.0009665348935423384,57.148408924006766,18.0,0.0035,0.9965017491254373,0.2575,0.5431387850921433,0.3939110102736919,0.18148148148148147,0.0,6.0,5.0,4.0,0.0,0.1111111111111111,1.0,V6_INI|cWRgrande 50% · V6E_INI|cPROBSgrande 25% · TUDO_INI_CALR|bipro30 12%,t5 107 · t10 131 · t15 140 · t20 140 · t25 122 · t30 92 · t35 75 · t40 50 · t45 32,
MULTI_5a45,MULTI,propria,so_INI,maxdd,a_cada_2,450,0.27687908961701796,-0.05995524075662539,0.587247818687931,0.046511627906976744,0.3357163521343255,0.26724221642985196,0.31145825733941174,0.3705547700040369,-0.012006150710752115,0.2722123264579733,0.44292926844643277,0.467503699012757,124.59559032765807,956,0.13033011540550007,3.457562186928378,0.08007927974912037,0.1656757562706101,43.140892416380375,2.8881087837754085,4,1.0,0.09399847440677846,1493.0,0.2215317369724824,0.22281033529879418,0.001278598326311752,0.6398002057051536,0.6473628536741823,0.007562647969028795,44.316557238558374,18.0,0.0785,0.9215392303848076,0.573,0.3678105592335498,0.09093146961653187,0.34814814814814815,0.16666666666666666,6.0,8.0,6.0,0.0,0.0,1.0,V6_INI|cWRgrande 41% · V6WR_INI|bipro35mais 20% · V6E_INI|bipro30 20%,t5 121 · t10 143 · t15 156 · t20 143 · t25 124 · t30 102 · t35 76 · t40 61 · t45 30,True
MULTI_5a45,MULTI,propria,so_INI,maxdd,bloco_motor,450,0.3235560939409423,0.0922608879344017,0.578504762779332,0.006644518272425249,0.3658237225829604,0.2245061249522117,0.3989442189209871,0.22483196664831429,0.3687405483094179,0.29230430960520404,0.13958207162939512,0.30374454547170804,145.6002422734241,866,0.16812961001550128,3.5613752977762756,0.09085144554772727,0.20302728444107504,33.29626915301853,4.372869572993119,4,1.0,0.19869097776525807,1355.0,0.23000827183269398,0.2333799573234272,0.003371685490733222,0.6609189754555305,0.6752889542672804,0.014369978811749968,34.67256622784721,15.0,0.16,0.84007996001999,0.893,0.25541368150345456,-0.10858692418010563,0.3962962962962963,0.16666666666666666,6.0,4.0,3.0,0.0,0.1111111111111111,1.0,V6_INI|cWRgrande 50% · V6WR_INI|bipro35mais 25% · V6E_INI|bipro30 25%,t5 108 · t10 130 · t15 141 · t20 134 · t25 116 · t30 96 · t35 61 · t40 53 · t45 27,
MULTI_5a45,MULTI,propria,so_INI,seq_ruim,a_cada_2,450,0.47357290387804923,0.15400370512157943,0.8254305796485102,0.009966777408637873,0.4989897820989328,0.2998641507912775,0.4625853520852252,0.41196902096808097,0.48065129788493166,0.2945649883781735,0.43935674433266575,0.40495440935302945,213.10780674512222,966,0.2206084955953646,3.885295058030114,0.12188853016433601,0.2962891278679046,28.494357007660053,7.4789477329786065,4,1.0,0.4450134538099921,1516.0,0.22463598949210611,0.2301559284356318,0.005519938943525701,0.6450580210558519,0.6626385272195172,0.017580506163665282,28.500681162769983,16.0,0.571,0.4292853573213393,0.978,0.3220837866909052,-0.15148911718714403,0.5333333333333334,0.5,6.0,9.0,8.0,0.0,0.0,1.0,V6WR_INI|bipro35mais 42% · V6E_INI|cPROBSgrande 23% · V6WR_INI|cPROBSgrande 19%,t5 116 · t10 143 · t15 145 · t20 143 · t25 137 · t30 98 · t35 87 · t40 64 · t45 33,True
MULTI_5a45,MULTI,propria,so_INI,seq_ruim,bloco_motor,450,0.37151560097926184,0.04903158634522133,0.6723527711819631,0.009966777408637873,0.26210509193264037,0.17581341009713614,0.4008562325018035,0.4066735030526292,0.4384495896732484,0.28204312506470586,0.43935674433266575,0.40495440935302945,167.18202044066786,844,0.19808296260742636,3.5780443635259447,0.10383202756411769,0.2484657584006967,29.381524066828362,5.690039089204898,4,1.0,0.2621050919326403,1319.0,0.21866820549327873,0.22257914732969392,0.003910941836415199,0.6295165831538287,0.6440283523357005,0.01451176918187181,30.557188889006355,11.0,0.27,0.7301349325337332,0.964,0.30487171823758813,-0.11308333286408134,0.42962962962962964,0.3333333333333333,6.0,3.0,3.0,0.0,0.1111111111111111,1.0,V6WR_INI|bipro35mais 50% · V6E_INI|cPROBSgrande 25% · V6WR_INI|cPROBSgrande 25%,t5 98 · t10 116 · t15 131 · t20 125 · t25 122 · t30 86 · t35 76 · t40 57 · t45 33,
MULTI_5a45,MULTI,propria,so_INI,brier_com_roi>=0,a_cada_2,450,0.3075671383066675,-0.023626274677281553,0.6639291905934455,0.053156146179401995,0.32387493443483717,0.2704799576671631,0.35298123028643813,0.4988091010739599,-0.26209895862286237,0.436111972942545,0.807357449064172,0.42135389504894905,138.4052122380004,936,0.14786881649359016,4.052946534613411,0.07588729228968344,0.16200262638862425,61.560223279556006,2.2482896400404124,4,0.6666666666666666,-0.0226865866559388,1471.0,0.21461253844287723,0.2198618874980421,0.005249349055164871,0.6200512768659304,0.6377784766035862,0.017727199737655745,62.56022327955601,33.0,0.1295,0.8705647176411794,0.1805,0.2646181015792085,-0.04294903672745898,0.26666666666666666,0.16666666666666666,6.0,28.0,9.0,0.0,0.0,1.0,V6E_INI|cPROBSgrande 39% · V6E_INI|bisolo35mais 35% · TUDO_INI_CALR|bisolo30 12%,t5 119 · t10 126 · t15 139 · t20 132 · t25 132 · t30 100 · t35 83 · t40 66 · t45 39,True
MULTI_5a45,MULTI,propria,so_INI,brier_com_roi>=0,bloco_motor,450,0.4452492808902997,0.12504640054607002,0.7541890037191945,0.006644518272425249,0.26210509193264037,0.17581341009713614,0.4173413504378318,0.4345492532750685,0.6298508674954517,0.5167151395088139,0.5632719081741044,0.30068556029423443,200.36217640063484,849,0.23599785206199628,3.9674666073567058,0.11222508591873029,0.256238931446646,34.21579182787761,5.855839239628177,3,1.0,0.2621050919326403,1367.0,0.22472142712069484,0.2335350870769151,0.008813659956220254,0.6405791575158812,0.6712620202803925,0.030682862764511338,35.391456650055574,23.0,0.48,0.52023988005997,0.8655,0.26857360505397937,-0.2323318359476078,0.5592592592592592,0.5,6.0,4.0,3.0,0.0,0.1111111111111111,1.0,V6E_INI|cPROBSgrande 50% · V6E_INI|bisolo35mais 38% · TUDO_INI_CALR|cPROBSgrande 12%,t5 96 · t10 112 · t15 134 · t20 118 · t25 119 · t30 91 · t35 77 · t40 63 · t45 39,
MULTI_5a45,MULTI,propria,so_INI,bsskill_t_ppg>=1_relaxar,a_cada_2,450,0.2841838750390971,-0.08113426031548376,0.7360020843426934,0.10299003322259136,0.14848601124436608,0.24653507346899042,0.7190613727566455,0.3451480921217261,-0.14495586844385927,0.5591240459940533,0.48199291649660175,0.6084334381455462,127.88274376759367,959,0.13335009777642717,4.370277820953664,0.06502650098731794,0.1298234925189387,58.30417816286956,2.193371861110196,4,1.0,0.1484860112443661,1536.0,0.20893237818458987,0.21175499389317384,0.0028226157085839607,0.6079837748901102,0.6172947923365207,0.00931101744641046,58.30417816286952,35.0,0.0885,0.9115442278860569,0.235,0.7114562570527543,0.4272723820136572,0.31111111111111106,0.3333333333333333,6.0,25.0,9.0,0.0,0.0,1.0,V6E_INI|cPROBSgrande 38% · TUDO_INI_CALR|bipro30 24% · TUDO_INI_CALR|cWRgrande 15%,t5 105 · t10 126 · t15 148 · t20 139 · t25 142 · t30 103 · t35 96 · t40 68 · t45 32,True
MULTI_5a45,MULTI,propria,so_INI,bsskill_t_ppg>=1_relaxar,bloco_motor,450,0.2955709712726639,-0.04999073743412017,0.6815669297322655,0.07973421926910298,0.26210509193264037,0.17581341009713614,0.4173413504378318,0.4345492532750685,-0.11592033655193218,0.37265678338026864,0.635490718942127,0.5285685664442896,133.00693707269866,724,0.18371123905068876,3.71048178958439,0.07965838078018724,0.16175371637143926,61.334623250061924,2.1685457580855747,3,1.0,0.0055179900948431285,1195.0,0.21113522581839006,0.2162581724786576,0.005122946660267556,0.6119899516718692,0.6274070351843098,0.015417083512440673,62.51028807223989,27.0,0.107,0.8930534732633684,0.1845,0.7215834889359064,0.3890661462541596,0.39259259259259255,0.3333333333333333,6.0,4.0,3.0,0.0,0.1111111111111111,1.0,V6E_INI|cPROBSgrande 50% · TUDO_INI_CALR|bipro30 25% · TUDO_INI_CALR|bisolo 25%,t5 81 · t10 96 · t15 110 · t20 104 · t25 105 · t30 77 · t35 70 · t40 54 · t45 27,
MULTI_5a45,MULTI,propria,so_INI,ppg_nao_piorando_ou_nada,a_cada_2,450,0.3858187672272676,-0.0040199769613043935,0.8299504342568171,0.04983388704318937,0.21107066910925948,0.25759046413655795,0.6993978215333998,0.5131131660950935,0.4704263647046195,0.6811635363707436,0.24975426262079536,0.4144362379497204,173.61844525227042,1129,0.15378073095860975,4.811997352434468,0.08017850779408171,0.16926187138574636,58.89351866375567,2.9480059808197354,9,1.0,0.21107066910925956,1800.0,0.2136632633060366,0.21648221901862724,0.002818955712590644,0.618265191368804,0.6299209210851815,0.011655729716377563,58.89351866375567,26.0,0.301,0.6991504247876063,0.2225,0.7947287312971654,0.40890996406989777,0.4185185185185185,0.3333333333333333,6.0,27.0,12.0,0.0,0.0,0.7866666666666666,TUDO_INI_CALR|bisolo 26% · V6E_INI|cPROBSgrande 21% · V6E_INI 13%,t5 130 · t10 160 · t15 181 · t20 168 · t25 144 · t30 117 · t35 109 · t40 76 · t45 44,True
MULTI_5a45,MULTI,propria,so_INI,ppg_nao_piorando_ou_nada,bloco_motor,450,0.11694624664332336,-0.19663265705057253,0.3994481946671049,0.24584717607973422,0.26210509193264037,0.17581341009713614,0.11463381324002726,0.5007627852258872,-0.11592033655193218,0.37265678338026864,0.13438699530789952,0.3071177407771606,52.62581098949554,989,0.053211133457528356,4.215939234972279,0.02773907310457057,0.05383337903800867,80.21260082581679,0.6560791003869019,9,0.6666666666666666,-0.1962870347036934,1609.0,0.21756654709252415,0.21183588886961738,-0.005730658222906795,0.6304174251465495,0.6191298041456345,-0.011287621000914976,80.38826564799481,27.0,0.003,0.9970014992503748,0.028,0.7780137331019494,0.6464492056282107,0.18333333333333335,0.0,6.0,4.0,4.0,0.0,0.1111111111111111,0.75,TUDO_INI_CALR|bisolo 38% · V6E_INI|cPROBSgrande 25% · V6WR_INI 25%,t5 122 · t10 146 · t15 154 · t20 143 · t25 132 · t30 100 · t35 91 · t40 65 · t45 36,
MULTI_5a45,MULTI,propria,so_INI,funcao_menor_vol,a_cada_2,450,0.33848520888278943,-0.013107222140175788,0.6493298884701809,0.023255813953488372,0.22824812269481806,0.28145703264812505,0.37322351681476307,0.3449084874934967,0.16525915451851034,0.36823839869608294,0.642328584597052,0.452972200724405,152.31834399725528,899,0.16943086095356538,3.552974098435087,0.09526813297960032,0.21155167210001422,61.24809161486312,2.4869075914243193,5,1.0,0.11244045376106139,1404.0,0.22674969089724958,0.23090795034417536,0.00415825944692577,0.6525954761371163,0.6677856215662967,0.015190145429180433,63.89473078045706,15.0,0.1935,0.8065967016491754,0.1855,-0.08341947956517257,-0.42190468844796203,0.3962962962962963,0.3333333333333333,6.0,10.0,7.0,0.0,0.0,1.0,V6WR_INI|bisolo30 51% · V6_INI|cWRgrande 22% · V6WR_INI|cWRgrande 14%,t5 116 · t10 132 · t15 139 · t20 135 · t25 123 · t30 97 · t35 73 · t40 54 · t45 30,True
MULTI_5a45,MULTI,propria,so_INI,funcao_menor_vol,bloco_motor,450,0.48730669776551017,0.20606284043631473,0.7635056581323126,0.006644518272425249,0.3658237225829604,0.2245061249522117,0.849068069908823,0.24551168913079885,0.1527479015644798,0.3590215807630762,0.642328584597052,0.452972200724405,219.28801399447963,822,0.2667737396526516,3.6553265088265046,0.13331413666845146,0.32868574751874935,44.044333525155864,4.978801958014271,5,1.0,0.3658237225829605,1308.0,0.2155911236208011,0.22725000549762728,0.011658881876826182,0.6231998981015358,0.653622473110879,0.03042257500934325,45.713163923346414,14.0,0.608,0.392303848075962,0.546,-0.09066888658340107,-0.6388889215696,0.5574074074074074,0.5,6.0,3.0,3.0,0.0,0.1111111111111111,1.0,V6WR_INI|bisolo30 50% · V6_INI|cWRgrande 25% · V6E_INI|cWRgrande 25%,t5 106 · t10 116 · t15 131 · t20 125 · t25 112 · t30 91 · t35 64 · t40 49 · t45 28,
MULTI_5a45,MULTI,propria,so_INI,ACASO (média das elegíveis),-,450,0.4546242575640815,0.16658832736033732,0.704902095803549,0.0033222591362126247,0.4378328023033832,0.24568426256834608,0.41333359273579034,0.3259936436774482,0.38647866836081124,0.29596996098183215,0.5892476944866902,0.28901897714814767,204.5809159038367,1199,0.17062628515749517,3.3475165464210086,0.13580941311556538,0.32072244354053053,27.05754208146557,7.560957136752445,11,1.0,0.32965100929435615,,,,,,,,,,0.5055,0.4947526236881559,0.989,,,,,,,,,,,,,
MULTI_5a45,MULTI,propria,so_INI,FIXO_RETROSPECTO (V6E_INI) — ENVIESADO,-,450,0.6851947387869777,0.227096699982405,1.1646085545867255,0.009966777408637873,0.6959635018154935,0.45040387799381165,0.577494031550221,0.6138895491452095,0.3263368075903289,0.5643684643607974,1.1356002326776096,0.5249602668498616,308.33763245413996,1999,0.15424593919666832,5.255503748442337,0.1303766054757473,0.28852204753178134,47.96496656369882,6.428392523627822,9,1.0,0.43582664713744457,3191.0,0.21888445342546553,0.22367752980154385,0.00479307637607831,0.6298160414257797,0.6490904170371834,0.019274375611403584,49.1406313858769,17.0,0.9615,0.038980509745127435,0.443,,,,,,,,,,,,,
MULTI_5a45,MULTI,propria,so_INI,"BASE_V6_MOM (fixo, sem flag)",-,450,0.5839183834415212,0.13421417087995743,1.0313637777308047,0.006644518272425249,0.6895217855309852,0.33718120786279127,0.16620769783531786,0.535588344401914,0.6785395083587119,0.553049281653126,0.7486028409963381,0.4596077925831781,262.7632725486846,2041,0.12874241673134962,5.1999835348348205,0.11229235237570222,0.23811929343020768,73.92672795764824,3.554374443560097,9,1.0,0.16743505938607472,3191.0,0.22444054119397885,0.22367752980154385,-0.0007630113924350029,0.6477606483326892,0.6490904170371834,0.0013297687044941412,75.80179547351308,16.0,0.8305,0.16991504247876063,0.059,,,,,,,,,,,,,
MULTI_5a45,MULTI,propria,so_INI,FIXO_TUDO_INI (sem flag),-,450,0.35123761543705256,-0.06903840389149832,0.7331511545418903,0.046511627906976744,0.0,0.0,0.19019956610504735,0.43105381849303387,0.3957542817640464,0.5176654928348702,0.9946154215976426,0.5806495183649125,158.05692694667366,1330,0.1188397946967471,4.633028407786118,0.07581166885287687,0.15473946752515605,65.76550126956492,2.4033410206791737,9,0.6666666666666666,0.0,2004.0,0.22805224908941163,0.22280665051107196,-0.00524559857833967,0.6496641489208074,0.6456533104965984,-0.00401083842420908,66.76550126956492,17.0,0.224,0.776111944027986,0.1275,,,,,,,,,,,,,
MULTI_5a45,MULTI,propria,so_INI,FIXO_TUDO_INI_CALR (sem flag),-,450,0.5648797596552494,0.014072165597691689,1.2065880642818065,0.053156146179401995,0.0,0.0,0.8057937713009835,0.8499963199918834,0.4387552111480217,0.796738501715979,1.2974099359996174,0.830356323975003,254.19589184486233,1235,0.20582663307276303,6.325529047452424,0.08930158338024738,0.1899295673477976,98.2227548153974,2.5879531919320042,13,0.6666666666666666,0.0,2004.0,0.21690037043928737,0.22280665051107196,0.005906280071784577,0.6233390220942955,0.6456533104965984,0.022314288402302842,98.22275481539741,38.0,0.797,0.20339830084957522,0.003,,,,,,,,,,,,,
MULTI_5a45,MULTI,propria,so_INI,FIXO_V6E_INI (sem flag),-,450,0.6851947387869777,0.227096699982405,1.1646085545867255,0.009966777408637873,0.6959635018154935,0.45040387799381165,0.577494031550221,0.6138895491452095,0.3263368075903289,0.5643684643607974,1.1356002326776096,0.5249602668498616,308.33763245413996,1999,0.15424593919666832,5.255503748442337,0.1303766054757473,0.28852204753178134,47.96496656369882,6.428392523627822,9,1.0,0.43582664713744457,3191.0,0.21888445342546553,0.22367752980154385,0.00479307637607831,0.6298160414257797,0.6490904170371834,0.019274375611403584,49.1406313858769,17.0,0.9615,0.038980509745127435,0.443,,,,,,,,,,,,,
MULTI_5a45,MULTI,propria,so_INI,FIXO_V6WR_INI (sem flag),-,450,0.5497024991314099,0.11572488972040665,0.9607126310076369,0.006644518272425249,0.6641979785571398,0.3224147234953524,0.11463381324002726,0.5007627852258872,0.4833407760121753,0.47420148104237664,0.8793896890034324,0.5257810544901762,247.36612460913452,2033,0.12167541790906765,5.163103783314311,0.10646745101423154,0.22713181060939175,61.32254292169608,4.0338530142985265,9,1.0,0.06643967678805102,3191.0,0.2241890737874341,0.22367752980154385,-0.0005115439858902553,0.646267281268438,0.6490904170371834,0.0028231357687453548,62.49820774387403,15.0,0.762,0.2383808095952024,0.1845,,,,,,,,,,,,,
MULTI_5a45,MULTI,propria,so_INI,FIXO_V6_INI (sem flag),-,450,0.5530537270500094,0.15914680973031983,0.936398891098863,0.0033222591362126247,0.6747068209188504,0.31917242071760277,0.1287542478343366,0.49355607403711443,0.4758754009147549,0.4626417587223914,0.8720518915976756,0.5217419393970611,248.87417717250423,2037,0.12217681746318322,5.164750394633026,0.10708237277540415,0.2291322608989532,60.24756516823996,4.130858674164321,9,1.0,0.08301981820729802,3191.0,0.22412451480232756,0.22367752980154385,-0.0004469850007837134,0.646047512632195,0.6490904170371834,0.003042904404988451,61.42322999041794,15.0,0.77,0.2303848075962019,0.197,,,,,,,,,,,,,
MULTI_5a45,MULTI,propria,so_INI,FAVORITO (todos os jogos),-,450,-0.6330390609088642,-1.0252666762484073,-0.22574687583233938,0.9966777408637874,-0.38287591954466405,0.34507922999301616,-0.6337642361293977,0.4254220203906782,-0.4769483915675697,0.4379905491453913,-1.163649267075925,0.4200133480831586,-284.86757740898895,3136,-0.09083787544929495,4.056121340167539,-0.1560700501338346,-0.17454308115649117,304.809794553352,-0.9345748807921838,5,0.0,-0.9133893967534973,,,,,,,,,,0.0,1.0,0.0,,,,,,,,,,,,,
MULTI_5a45,MULTI,propria,so_INI,ZEBRA (todos os jogos),-,450,0.5828896040472313,-0.2505696708866736,1.3950066038001705,0.07641196013289037,0.2451344515406744,0.7090269381808548,0.7155004331682825,0.9146438889237685,0.08263366224557413,0.9072769166250987,1.4571674454876722,0.9111153703357531,262.30032182125393,2642,0.09928096965225357,8.782122805141114,0.06637229027428355,0.13097162128419007,112.50436605069832,2.331467933458266,13,1.0,0.24513445154067445,,,,,,,,,,0.8285,0.17191404297851073,0.0005,,,,,,,,,,,,,
MULTI_5a45,MULTI,propria,so_INI,VIG_MERCADO (dutching: perde a margem 1/S − 1),-,450,-0.2469580257867729,-0.2632348726499335,-0.23219898746878503,1.0,-0.24679811191685563,0.011311141426037154,-0.24582257617059028,0.021823265242831017,-0.24924840123177783,0.01747047425383349,-0.24604297076282652,0.012669811285979205,-111.1311116040478,3136,-0.03543721671047443,0.16210493112626467,-1.5234454872592096,-0.8398957187366903,111.1311116040478,-1.0,60,0.0,-0.25779506971590604,,,,,,,,,,0.0,1.0,0.0005,,,,,,,,,,,,,
MULTI_5a45,MULTI,comum,todas,bsskill_todas,a_cada_2,450,0.35476836907708215,0.03303433114604335,0.6513903659051679,0.013289036544850499,0.1703625768100021,0.23407221463020497,0.8491886148540833,0.30623320514306956,0.13686054840895404,0.37197537800726804,0.35486463236882904,0.4025756092496649,159.64576608468698,989,0.16142140150120018,3.720776107524624,0.09534794860664275,0.20457870335999792,41.882708206490406,3.8117345539739302,4,1.0,0.170362576810002,1588.0,0.21802523474472327,0.2223018133596306,0.004276578614907338,0.629264330158165,0.6442032850271703,0.014938954869005348,43.575659223432496,18.0,0.2035,0.7966016991504248,0.578,0.6939035712075323,0.3391352021304502,0.35802469135802467,0.3333333333333333,6.0,32.0,11.0,0.0,0.0,1.0,V6E_MOM|cPROBSgrande 39% · V6E_MOM|cWRgrande 25% · TUDO_INI_CALR|bipro30 9%,t5 118 · t10 136 · t15 156 · t20 146 · t25 133 · t30 108 · t35 87 · t40 66 · t45 39,True
MULTI_5a45,MULTI,comum,todas,bsskill_todas,bloco_motor,450,0.27049899618202256,-0.0365311065989094,0.5514284963163802,0.03322259136212625,0.3547299941006336,0.1932307615353862,0.48265657674460116,0.43652697431747856,-0.18509627150312227,0.37429835345096407,0.3875901864266723,0.3894083867910165,121.72454828191016,833,0.14612790910193296,3.263253092428239,0.0828924354073744,0.16741503602280589,54.062529812862515,2.2515510965406125,3,1.0,0.04906147429935587,1351.0,0.21944291189868026,0.22437921711702494,0.004936305218344692,0.6325279915476743,0.6508052580981746,0.018277266550500364,54.23819463504048,18.0,0.0725,0.927536231884058,0.2755,0.667960811474475,0.3636494407696996,0.37602880658436216,0.3333333333333333,6.0,4.0,4.0,0.0,0.1111111111111111,1.0,V6E_MOM|cPROBSgrande 50% · V6E_MOM|cWRgrande 25% · TUDO_INI_CALR|bipro30 12%,t5 99 · t10 111 · t15 130 · t20 127 · t25 112 · t30 91 · t35 72 · t40 56 · t45 35,
MULTI_5a45,MULTI,comum,todas,llskill_todas,a_cada_2,450,0.18256894388659434,-0.1423524853710384,0.46799373992956883,0.11627906976744186,-0.048437012377596525,0.22168701455079884,0.6266763906987807,0.18882205896281307,-0.1624551347545711,0.37672726102617793,0.4299945101118597,0.5036732135756276,82.15602474896747,1002,0.0819920406676322,3.870761050266642,0.04716616229100938,0.09245453470012803,46.35326130591902,1.7723893084190963,5,0.6666666666666666,-0.048437012377596546,1576.0,0.21469834615986388,0.2146788930463321,-1.9453113531805574e-05,0.6212128613085192,0.6255153472091656,0.004302485900646416,46.35326130591902,18.0,0.0205,0.9795102448775612,0.4585,0.6706130618568154,0.488044117970221,0.28703703703703703,0.3333333333333333,6.0,42.0,11.0,0.0,0.0,1.0,V6E_MOM|cWRgrande 28% · TUDO_INI_CALR|bipro30 25% · V6E_MOM|cPROBSgrande 21%,t5 123 · t10 129 · t15 155 · t20 151 · t25 138 · t30 114 · t35 91 · t40 67 · t45 34,True
MULTI_5a45,MULTI,comum,todas,llskill_todas,bloco_motor,450,0.27049899618202256,-0.0365311065989094,0.5514284963163802,0.03322259136212625,0.3547299941006336,0.1932307615353862,0.48265657674460116,0.43652697431747856,-0.18509627150312227,0.37429835345096407,0.3875901864266723,0.3894083867910165,121.72454828191016,833,0.14612790910193296,3.263253092428239,0.0828924354073744,0.16741503602280589,54.062529812862515,2.2515510965406125,3,1.0,0.04906147429935587,1351.0,0.21944291189868026,0.22437921711702494,0.004936305218344692,0.6325279915476743,0.6508052580981746,0.018277266550500364,54.23819463504048,18.0,0.0725,0.927536231884058,0.2755,0.667960811474475,0.3636494407696996,0.37602880658436216,0.3333333333333333,6.0,4.0,4.0,0.0,0.1111111111111111,1.0,V6E_MOM|cPROBSgrande 50% · V6E_MOM|cWRgrande 25% · TUDO_INI_CALR|bipro30 12%,t5 99 · t10 111 · t15 130 · t20 127 · t25 112 · t30 91 · t35 72 · t40 56 · t45 35,
MULTI_5a45,MULTI,comum,todas,brier_todas,a_cada_2,450,0.5300582221731287,0.16072678389996475,0.9484406434361365,0.006644518272425249,0.6711263074141184,0.3272327275994812,0.6513633173949573,0.45252492717746384,-0.20606627568652866,0.4173631002185951,0.9332754969494728,0.46896027962547115,238.52619997790794,885,0.26952112991854005,4.389532518815702,0.12075505077158846,0.289206377436363,65.22197552206266,3.6571446674015813,5,1.0,0.2321555911627101,1444.0,0.22190233070409177,0.23021463421557903,0.008312303511487252,0.6375544013295291,0.6635654651615935,0.026011063832064415,66.22197552206269,27.0,0.714,0.2863568215892054,0.1085,0.14503865627891593,-0.38501956589421277,0.4202674897119341,0.3333333333333333,6.0,21.0,8.0,0.0,0.0,0.9955555555555555,V6E_MOM|cPROBSgrande 44% · TUDO_INI_CALR|bisolo30 26% · V6E_MOM|bisolo30 18%,t5 104 · t10 113 · t15 127 · t20 133 · t25 122 · t30 100 · t35 85 · t40 63 · t45 38,True
MULTI_5a45,MULTI,comum,todas,brier_todas,bloco_motor,450,0.523516160391262,0.2036330585703103,0.8424065977462457,0.0033222591362126247,0.3547299941006336,0.1932307615353862,0.48265657674460116,0.43652697431747856,0.30935513036828005,0.2919690492670603,1.0317160234968472,0.4332961832999863,235.58227217606793,792,0.29745236385867163,4.24939581245971,0.12319778704922081,0.30215578462322384,35.55591538971041,6.625684350802667,4,1.0,0.34990902325751866,1262.0,0.216433609721435,0.22517398562932212,0.00874037590788711,0.6219437187977117,0.6472008059122477,0.02525708711453602,35.731580211888385,21.0,0.6945,0.3058470764617691,0.7965,0.18433068476579273,-0.40462499567437693,0.5859053497942387,0.3333333333333333,6.0,5.0,4.0,0.0,0.1111111111111111,1.0,V6E_MOM|cPROBSgrande 50% · TUDO_INI_CALR|bisolo30 25% · TUDO_INI_CALR|bisolo35mais 12%,t5 86 · t10 98 · t15 121 · t20 117 · t25 115 · t30 91 · t35 71 · t40 56 · t45 37,
MULTI_5a45,MULTI,comum,todas,ll_todas,a_cada_2,450,0.5690288423836631,0.14234655319172845,0.9422173352929202,0.0033222591362126247,0.6760103295548529,0.32457754237066994,0.7213633173949573,0.4462480506103189,-0.0661894633465865,0.3972668247084475,0.8914404423458342,0.4720172299668955,256.06297907264843,874,0.29297823692522706,4.450584289005585,0.12785486251532244,0.305199925300034,52.36277023119082,4.890172501227216,4,1.0,0.317883626435189,1430.0,0.22256991158506223,0.23147283470649696,0.00890292312143473,0.639346894561957,0.6663643989624736,0.027017504400516444,53.36277023119085,27.0,0.796,0.20439780109945027,0.31,0.1497051858949617,-0.4193236564887014,0.4331275720164609,0.3333333333333333,6.0,26.0,9.0,0.0,0.0,0.9955555555555555,V6E_MOM|cPROBSgrande 41% · TUDO_INI_CALR|bisolo30 31% · V6E_MOM|bisolo30 12%,t5 104 · t10 110 · t15 125 · t20 131 · t25 120 · t30 98 · t35 85 · t40 63 · t45 38,True
MULTI_5a45,MULTI,comum,todas,ll_todas,bloco_motor,450,0.5082774451603986,0.1698158866874238,0.8688139404539639,0.006644518272425249,0.3547299941006336,0.1932307615353862,0.48265657674460116,0.43652697431747856,0.30935513036828005,0.2919690492670603,0.9631418049579623,0.5409635624086421,228.7248503221794,796,0.28734277678665754,4.477589096035273,0.11351587523081519,0.26636026060237245,57.09487095585439,4.006048993420598,4,1.0,0.34990902325751866,1262.0,0.21630232431685736,0.22517398562932212,0.00887166131246476,0.6219394226312684,0.6472008059122477,0.025261383280979252,57.09487095585435,26.0,0.654,0.34632683658170915,0.2235,0.18898793505816833,-0.38282419074728014,0.5509259259259259,0.3333333333333333,6.0,3.0,3.0,0.0,0.1111111111111111,1.0,V6E_MOM|cPROBSgrande 50% · TUDO_INI_CALR|bisolo30 38% · TUDO_INI_CALR|bisolo35mais 12%,t5 85 · t10 100 · t15 123 · t20 116 · t25 116 · t30 89 · t35 73 · t40 57 · t45 37,
MULTI_5a45,MULTI,comum,todas,bsskill_entradas,a_cada_2,450,0.40391738894241713,0.09013110235462128,0.7282962283140253,0.009966777408637873,0.5251386008558245,0.25484989933564944,0.518548559506613,0.4125924753654473,0.18974566483067157,0.43358698735325496,0.32162612461985596,0.3788873870802157,181.7628250240878,1008,0.180320262920722,4.0678293960615015,0.09929555780620804,0.21687663369371715,49.03009715533864,3.7071683633059367,3,1.0,0.2015349118072297,1603.0,0.22116581604699923,0.22703820216613574,0.0058723861191365325,0.6368720694382835,0.6580704526280922,0.021198383189808687,49.167835525741225,22.0,0.3415,0.6586706646676662,0.3845,0.681915864781286,0.27799847583886883,0.4151234567901234,0.3333333333333333,6.0,36.0,13.0,0.0,0.0,1.0,V6E_MOM|cPROBSgrande 40% · V6E_INI|cWRgrande 16% · TUDO_INI_CALR|bisolo 12%,t5 120 · t10 142 · t15 159 · t20 150 · t25 133 · t30 106 · t35 90 · t40 68 · t45 40,True
MULTI_5a45,MULTI,comum,todas,bsskill_entradas,bloco_motor,450,0.4987133044780029,0.1721111929430836,0.8309761957315125,0.006644518272425249,0.3547299941006336,0.1932307615353862,0.48265657674460116,0.43652697431747856,0.8527293272291344,0.6500267242571484,0.37672897502632696,0.2450541184678001,224.4209870151013,864,0.2597465127489598,4.10274860465444,0.12155590130777894,0.29040803256951025,38.265278347924976,5.8648727176257704,3,1.0,0.35472999410063366,1407.0,0.2274242219719596,0.23439774985828227,0.006973527886322676,0.6504340099734062,0.6739564109226697,0.02352240094926354,38.440943170102955,15.0,0.6265,0.37381309345327335,0.697,0.6689530488182435,0.1079005812804903,0.5344650205761318,0.5,6.0,5.0,4.0,0.0,0.1111111111111111,1.0,V6E_MOM|cPROBSgrande 50% · TUDO_INI_CALR|bisolo 25% · V6E_MOM|cWRgrande 12%,t5 97 · t10 108 · t15 141 · t20 126 · t25 116 · t30 94 · t35 77 · t40 65 · t45 40,
MULTI_5a45,MULTI,comum,todas,llskill_entradas,a_cada_2,450,0.32713301780745174,-0.03160986939088499,0.6385697059585237,0.019933554817275746,0.47972941330792573,0.2521747743446331,0.45672831729270486,0.3887597024525491,0.2161327588490876,0.4097034486625203,0.07964338402985187,0.3425854236017778,147.20985801335323,962,0.1530248004296811,4.045598900859296,0.08086145607216964,0.17097816177569927,55.33901772840498,2.6601458438571424,3,1.0,0.0551775927694892,1561.0,0.21387516350037494,0.2188911508752025,0.00501598737482755,0.6191761980492129,0.6365948297559855,0.017418631706772613,56.58565080051801,22.0,0.1505,0.8495752123938031,0.2495,0.7162949739101115,0.3891619561026598,0.37294238683127573,0.3333333333333333,6.0,35.0,11.0,0.0,0.0,1.0,V6E_MOM|cPROBSgrande 36% · TUDO_INI_CALR|bisolo 19% · V6E_INI|cWRgrande 13%,t5 115 · t10 133 · t15 151 · t20 145 · t25 129 · t30 97 · t35 90 · t40 66 · t45 36,True
MULTI_5a45,MULTI,comum,todas,llskill_entradas,bloco_motor,450,0.44485953120724125,0.0829842346907754,0.9037543238213188,0.036544850498338874,0.3547299941006336,0.1932307615353862,0.48265657674460116,0.43652697431747856,0.8527293272291344,0.6500267242571484,0.13438699530789952,0.3071177407771606,200.18678904325856,852,0.2349610200038246,4.421974348054368,0.10060201534253037,0.2383584092287859,42.04632235023283,4.761101039367122,3,1.0,0.2389033927335631,1375.0,0.21804507609517995,0.22447547755272365,0.006430401457543708,0.6283940743745486,0.6504775478451509,0.02208347347060234,42.04632235023283,23.0,0.4485,0.5517241379310345,0.574,0.7101237831273204,0.20965681051917395,0.47685185185185186,0.3333333333333333,6.0,4.0,3.0,0.0,0.1111111111111111,1.0,V6E_MOM|cPROBSgrande 50% · TUDO_INI_CALR|bisolo 38% · V6E_MOM|cWRgrande 12%,t5 96 · t10 107 · t15 135 · t20 122 · t25 114 · t30 92 · t35 80 · t40 65 · t45 41,
MULTI_5a45,MULTI,comum,todas,brier_entradas,a_cada_2,450,0.8001241994379986,0.37713603810253543,1.2209202962063352,0.0033222591362126247,0.7270997276396052,0.3215883692602825,1.552859531821492,0.426693801701964,-0.006092030767867893,0.40779987844020477,0.9631418049579623,0.5409635624086421,360.05588974709946,945,0.3810115235419042,5.0118242613206165,0.1596472976143752,0.3893904706995528,76.8712017441587,4.683885272737517,4,1.0,0.7270997276396052,1463.0,0.2372340693569753,0.2471874211202745,0.00995335176329921,0.6733556480891763,0.7043229040333584,0.030967255944182197,76.87120174415872,26.0,0.997,0.0034982508745627187,0.037,0.044222693974349615,-0.755901505463649,0.5421810699588477,0.5,6.0,26.0,9.0,0.0,0.0,0.9955555555555555,TUDO_INI_CALR|bisolo30 49% · V6E_MOM|cWRgrande 22% · V6E_MOM|cPROBSgrande 13%,t5 109 · t10 126 · t15 147 · t20 141 · t25 134 · t30 105 · t35 86 · t40 58 · t45 39,True
MULTI_5a45,MULTI,comum,todas,brier_entradas,bloco_motor,450,0.5302729775829778,0.22181181998278307,0.8703834731341157,0.0033222591362126247,0.3547299941006336,0.1932307615353862,0.8970836337823552,0.2369075153467439,-0.006092030767867893,0.40779987844020477,0.9631418049579623,0.5409635624086421,238.62283991234005,833,0.2864619926918848,4.522174081983732,0.11726062906237436,0.2744381206840673,64.13501715190581,3.720632666974335,4,1.0,0.35472999410063366,1310.0,0.21669774429455063,0.2248253826789706,0.008127638384419962,0.6235967987725014,0.6463150062707043,0.022718207498202903,64.80384755009634,26.0,0.7145,0.28585707146426786,0.1215,0.09135545361503777,-0.5052016461658122,0.51440329218107,0.3333333333333333,6.0,3.0,3.0,0.0,0.1111111111111111,1.0,TUDO_INI_CALR|bisolo30 50% · V6E_MOM|cPROBSgrande 25% · V6E_MOM|cWRgrande 25%,t5 100 · t10 111 · t15 131 · t20 126 · t25 117 · t30 91 · t35 75 · t40 50 · t45 32,
MULTI_5a45,MULTI,comum,todas,ll_entradas,a_cada_2,450,0.8556896548746552,0.43778015136472354,1.306416581213094,0.0033222591362126247,0.6417360416918202,0.3066971374593139,1.930949610208124,0.5560271473409206,-0.006092030767867893,0.40779987844020477,0.9631418049579623,0.5409635624086421,385.0603446935949,948,0.4061817981999946,5.036747722276696,0.16988932185149602,0.4230039943284305,76.87120174415867,5.009162546660136,4,1.0,0.6417360416918202,1486.0,0.2433868138842319,0.253979413918826,0.010592600034594108,0.6865806649296466,0.7197588014094058,0.03317813647975926,76.87120174415867,26.0,0.9995,0.0009995002498750624,0.037,0.057270089196154256,-0.7984195656785009,0.5421810699588477,0.3333333333333333,6.0,31.0,9.0,0.0,0.0,0.9955555555555555,TUDO_INI_CALR|bisolo30 49% · V6E_MOM|cWRgrande 16% · V6E_MOM|cPROBSgrande 15%,t5 109 · t10 126 · t15 148 · t20 139 · t25 133 · t30 106 · t35 86 · t40 59 · t45 42,True
MULTI_5a45,MULTI,comum,todas,ll_entradas,bloco_motor,450,0.5302729775829778,0.22181181998278307,0.8703834731341157,0.0033222591362126247,0.3547299941006336,0.1932307615353862,0.8970836337823552,0.2369075153467439,-0.006092030767867893,0.40779987844020477,0.9631418049579623,0.5409635624086421,238.62283991234005,833,0.2864619926918848,4.522174081983732,0.11726062906237436,0.2744381206840673,64.13501715190581,3.720632666974335,4,1.0,0.35472999410063366,1310.0,0.21669774429455063,0.2248253826789706,0.008127638384419962,0.6235967987725014,0.6463150062707043,0.022718207498202903,64.80384755009634,26.0,0.7145,0.28585707146426786,0.1215,0.09135545361503777,-0.5052016461658122,0.51440329218107,0.3333333333333333,6.0,3.0,3.0,0.0,0.1111111111111111,1.0,TUDO_INI_CALR|bisolo30 50% · V6E_MOM|cPROBSgrande 25% · V6E_MOM|cWRgrande 25%,t5 100 · t10 111 · t15 131 · t20 126 · t25 117 · t30 91 · t35 75 · t40 50 · t45 32,
MULTI_5a45,MULTI,comum,todas,ppg,a_cada_2,450,0.47810231003789,-0.0006312439928834908,0.9904549262829941,0.03986710963455149,0.3844813912877844,0.28574354926164053,0.7245846151149472,0.5196599363948274,0.48439183843482847,0.7116245043986388,0.3657618546890532,0.4432298507970222,215.1460395170506,1161,0.18531097288290319,4.87917145577453,0.09798842167599028,0.2110266792010353,57.49697129073476,3.741867348614933,8,1.0,0.3844813912877844,1840.0,0.21572936209432012,0.21981763086049821,0.004088268766178114,0.6227630205908276,0.6377415697169598,0.014978549126132263,57.49697129073482,26.0,0.562,0.4382808595702149,0.216,0.8215938566744552,0.34349154663656517,0.507201646090535,0.5,6.0,36.0,13.0,0.0,0.0,0.7644444444444445,TUDO_INI_CALR|bisolo 25% · V6E_MOM 14% · V6E_INI|cPROBSgrande 12%,t5 136 · t10 163 · t15 187 · t20 172 · t25 149 · t30 124 · t35 109 · t40 76 · t45 45,True
MULTI_5a45,MULTI,comum,todas,ppg,bloco_motor,450,0.12255315797980511,-0.2179259378042204,0.4530587155708865,0.23255813953488372,0.26210509193264037,0.17581341009713614,0.139864914254195,0.5491289124487694,-0.11592033655193218,0.37265678338026864,0.13438699530789952,0.3071177407771606,55.1489210909123,985,0.055988752376560716,4.21328413185965,0.02908732336684658,0.0564178217519023,89.73932982479153,0.6145457203501065,9,0.6666666666666666,-0.17946630069424824,1609.0,0.21831350621672974,0.21183588886961738,-0.00647761734711237,0.6325150235810033,0.6191298041456345,-0.013385219435368786,90.08391295539619,27.0,0.002,0.9980009995002499,0.0085,0.7930687830645092,0.6551964803372285,0.17849794238683128,0.0,6.0,4.0,4.0,0.0,0.1111111111111111,0.75,TUDO_INI_CALR|bisolo 38% · V6E_INI|cPROBSgrande 25% · V6WR_MOM 25%,t5 125 · t10 143 · t15 154 · t20 143 · t25 131 · t30 99 · t35 89 · t40 64 · t45 37,
MULTI_5a45,MULTI,comum,todas,lucro,a_cada_2,450,0.47810231003789,-0.0006312439928834908,0.9904549262829941,0.03986710963455149,0.3844813912877844,0.28574354926164053,0.7245846151149472,0.5196599363948274,0.48439183843482847,0.7116245043986388,0.3657618546890532,0.4432298507970222,215.1460395170506,1161,0.18531097288290319,4.87917145577453,0.09798842167599028,0.2110266792010353,57.49697129073476,3.741867348614933,8,1.0,0.3844813912877844,1840.0,0.21572936209432012,0.21981763086049821,0.004088268766178114,0.6227630205908276,0.6377415697169598,0.014978549126132263,57.49697129073482,26.0,0.562,0.4382808595702149,0.216,0.8215938566744552,0.34349154663656517,0.507201646090535,0.5,6.0,36.0,13.0,0.0,0.0,0.7644444444444445,TUDO_INI_CALR|bisolo 25% · V6E_MOM 14% · V6E_INI|cPROBSgrande 12%,t5 136 · t10 163 · t15 187 · t20 172 · t25 149 · t30 124 · t35 109 · t40 76 · t45 45,True
MULTI_5a45,MULTI,comum,todas,lucro,bloco_motor,450,0.12255315797980511,-0.2179259378042204,0.4530587155708865,0.23255813953488372,0.26210509193264037,0.17581341009713614,0.139864914254195,0.5491289124487694,-0.11592033655193218,0.37265678338026864,0.13438699530789952,0.3071177407771606,55.1489210909123,985,0.055988752376560716,4.21328413185965,0.02908732336684658,0.0564178217519023,89.73932982479153,0.6145457203501065,9,0.6666666666666666,-0.17946630069424824,1609.0,0.21831350621672974,0.21183588886961738,-0.00647761734711237,0.6325150235810033,0.6191298041456345,-0.013385219435368786,90.08391295539619,27.0,0.002,0.9980009995002499,0.0085,0.7930687830645092,0.6551964803372285,0.17849794238683128,0.0,6.0,4.0,4.0,0.0,0.1111111111111111,0.75,TUDO_INI_CALR|bisolo 38% · V6E_INI|cPROBSgrande 25% · V6WR_MOM 25%,t5 125 · t10 143 · t15 154 · t20 143 · t25 131 · t30 99 · t35 89 · t40 64 · t45 37,
MULTI_5a45,MULTI,comum,todas,roi,a_cada_2,450,0.3023507255807031,0.004254656341243017,0.6417995768826522,0.03986710963455149,0.3529992479224822,0.20621863910888266,0.49700523355699966,0.384063418769385,0.4928591270844779,0.6038503913198461,-0.15878496741203685,0.20083234179736853,136.05782651131636,882,0.1542605742758689,4.38937897171338,0.06888234703112943,0.14812046781767274,57.646270223324294,2.3602190737444437,3,1.0,0.0008876002774677024,1437.0,0.20728777030516957,0.21264156288827737,0.005353792583107806,0.6040595684285087,0.622267182029618,0.018207613601109177,57.646270223324294,23.0,0.1085,0.8915542228885557,0.213,0.7807438498441811,0.478393124263478,0.3580246913580247,0.3333333333333333,6.0,20.0,8.0,0.0,0.0,1.0,TUDO_INI_CALR|bisolo 35% · V6E_MOM|cPROBSgrande 24% · TUDO_INI_CALR|cWRgrande 14%,t5 101 · t10 120 · t15 139 · t20 128 · t25 122 · t30 90 · t35 85 · t40 62 · t45 35,True
MULTI_5a45,MULTI,comum,todas,roi,bloco_motor,450,0.4293569938070635,0.06044354596497393,0.7932668396417155,0.016611295681063124,0.26210509193264037,0.17581341009713614,0.48265657674460116,0.43652697431747856,0.9219052621803246,0.6421790538543232,0.13438699530789952,0.3071177407771606,193.21064721317856,802,0.2409110314378785,4.5574186080251575,0.09421056758995297,0.22032510235533348,43.087896711877505,4.484104863719621,3,1.0,0.2621050919326403,1297.0,0.21599197954218755,0.22191778702457157,0.00592580748238401,0.6231632015749012,0.6426354341752708,0.019472232600369593,43.087896711877534,23.0,0.409,0.5912043978010995,0.5465,0.7471396727127142,0.2641130546797678,0.4403292181069958,0.3333333333333333,6.0,3.0,3.0,0.0,0.1111111111111111,1.0,TUDO_INI_CALR|bisolo 50% · V6E_INI|cPROBSgrande 25% · V6E_MOM|cPROBSgrande 25%,t5 87 · t10 103 · t15 127 · t20 113 · t25 110 · t30 85 · t35 78 · t40 62 · t45 37,
MULTI_5a45,MULTI,comum,todas,sharpe,a_cada_2,450,0.26105330802456994,-0.06054096106268347,0.6221592314960421,0.07308970099667775,0.3529992479224822,0.20621863910888266,0.49700523355699966,0.384063418769385,0.3615407815013952,0.5205176406425803,-0.21330500083155343,0.19155316011421522,117.47398861105643,889,0.13214171947250442,4.249868473567988,0.061426208751679784,0.12817562315729764,63.09827356527596,1.8617623268175174,3,0.6666666666666666,-0.03545908866887672,1439.0,0.20783411809388097,0.2126676925267883,0.004833574432907333,0.605908840664819,0.6225980657434896,0.016689225078670752,63.09827356527593,23.0,0.0655,0.9345327336331835,0.134,0.7811315796932925,0.5200782716687226,0.3148148148148148,0.3333333333333333,6.0,22.0,8.0,0.0,0.0,1.0,TUDO_INI_CALR|bisolo 34% · V6E_MOM|cPROBSgrande 24% · V6E_INI|cPROBSgrande 13%,t5 103 · t10 121 · t15 139 · t20 129 · t25 123 · t30 91 · t35 85 · t40 62 · t45 36,True
MULTI_5a45,MULTI,comum,todas,sharpe,bloco_motor,450,0.4293569938070635,0.06044354596497393,0.7932668396417155,0.016611295681063124,0.26210509193264037,0.17581341009713614,0.48265657674460116,0.43652697431747856,0.9219052621803246,0.6421790538543232,0.13438699530789952,0.3071177407771606,193.21064721317856,802,0.2409110314378785,4.5574186080251575,0.09421056758995297,0.22032510235533348,43.087896711877505,4.484104863719621,3,1.0,0.2621050919326403,1297.0,0.21599197954218755,0.22191778702457157,0.00592580748238401,0.6231632015749012,0.6426354341752708,0.019472232600369593,43.087896711877534,23.0,0.409,0.5912043978010995,0.5465,0.7471396727127142,0.2641130546797678,0.4403292181069958,0.3333333333333333,6.0,3.0,3.0,0.0,0.1111111111111111,1.0,TUDO_INI_CALR|bisolo 50% · V6E_INI|cPROBSgrande 25% · V6E_MOM|cPROBSgrande 25%,t5 87 · t10 103 · t15 127 · t20 113 · t25 110 · t30 85 · t35 78 · t40 62 · t45 37,
MULTI_5a45,MULTI,comum,todas,sortino,a_cada_2,450,0.26287825441533574,-0.03390767024312824,0.5357892178077637,0.036544850498338874,0.3529992479224822,0.20621863910888266,0.49700523355699966,0.384063418769385,0.3152330068403247,0.522349646217745,-0.15878496741203685,0.20083234179736853,118.29521448690105,882,0.13412155837517126,4.2445735299531195,0.06193278372026204,0.12976046583328113,57.646270223324294,2.0520879152913096,3,1.0,0.0008876002774677024,1437.0,0.20791255556168597,0.21264156288827737,0.004729007326591407,0.6059009574852964,0.622267182029618,0.016366224544321566,57.64627022332421,23.0,0.0665,0.9335332333833083,0.213,0.7806269964192789,0.5177487420039432,0.3209876543209877,0.3333333333333333,6.0,22.0,8.0,0.0,0.0,1.0,TUDO_INI_CALR|bisolo 34% · V6E_MOM|cPROBSgrande 24% · TUDO_INI_CALR|cWRgrande 13%,t5 102 · t10 120 · t15 139 · t20 128 · t25 122 · t30 90 · t35 84 · t40 62 · t45 35,True
MULTI_5a45,MULTI,comum,todas,sortino,bloco_motor,450,0.4293569938070635,0.06044354596497393,0.7932668396417155,0.016611295681063124,0.26210509193264037,0.17581341009713614,0.48265657674460116,0.43652697431747856,0.9219052621803246,0.6421790538543232,0.13438699530789952,0.3071177407771606,193.21064721317856,802,0.2409110314378785,4.5574186080251575,0.09421056758995297,0.22032510235533348,43.087896711877505,4.484104863719621,3,1.0,0.2621050919326403,1297.0,0.21599197954218755,0.22191778702457157,0.00592580748238401,0.6231632015749012,0.6426354341752708,0.019472232600369593,43.087896711877534,23.0,0.409,0.5912043978010995,0.5465,0.7471396727127142,0.2641130546797678,0.4403292181069958,0.3333333333333333,6.0,3.0,3.0,0.0,0.1111111111111111,1.0,TUDO_INI_CALR|bisolo 50% · V6E_INI|cPROBSgrande 25% · V6E_MOM|cPROBSgrande 25%,t5 87 · t10 103 · t15 127 · t20 113 · t25 110 · t30 85 · t35 78 · t40 62 · t45 37,
MULTI_5a45,MULTI,comum,todas,calmar,a_cada_2,450,0.27552718749591143,-0.08392863254320918,0.6017359193564633,0.059800664451827246,0.16765759916721112,0.21813987274133118,0.19689342139108273,0.2891880600766166,0.34571091386353153,0.4068760950632938,0.44578160972617004,0.49876859723822065,123.98723437316013,995,0.12461028580217098,3.6818073733034677,0.07483476444035071,0.14753346161066883,38.42678723891585,3.2265834143842995,5,1.0,0.16765759916721112,1581.0,0.22276904243959164,0.2264170771424432,0.0036480347028515665,0.643273726173936,0.6610015542730613,0.017727828099125258,38.426787238915836,26.0,0.0765,0.9235382308845578,0.69,0.7053392616828152,0.4298120741869038,0.34465020576131694,0.3333333333333333,6.0,20.0,12.0,0.0,0.0,1.0,V6E_MOM|cWRgrande 25% · V6_INI|cWRgrande 19% · V6E_MOM|bipro 14%,t5 131 · t10 135 · t15 162 · t20 148 · t25 127 · t30 106 · t35 84 · t40 67 · t45 35,True
MULTI_5a45,MULTI,comum,todas,calmar,bloco_motor,450,0.1389693125311528,-0.11280530788775224,0.40873504359648016,0.15282392026578073,0.26210509193264037,0.17581341009713614,0.3989442189209871,0.22483196664831429,-0.18509627150312227,0.37429835345096407,0.018356321073362363,0.3845233682823602,62.53619063901877,890,0.07026538274047053,3.3415063170091206,0.041588822329547456,0.07601624999189949,55.47957852581629,1.127192965424545,4,0.6666666666666666,-0.006746764249720201,1419.0,0.22418261046527624,0.22236985120688835,-0.0018127592583878933,0.6452422687754764,0.6473459661591664,0.002103697383689943,56.148408924006766,18.0,0.006,0.9940029985007496,0.247,0.6834072370362806,0.5270667604387337,0.20421810699588475,0.0,6.0,5.0,5.0,0.0,0.1111111111111111,1.0,V6E_INI|cPROBSgrande 25% · V6_INI|cWRgrande 25% · V6E_MOM|cWRgrande 25%,t5 111 · t10 125 · t15 140 · t20 139 · t25 119 · t30 94 · t35 74 · t40 55 · t45 33,
MULTI_5a45,MULTI,comum,todas,maxdd,a_cada_2,450,0.4865562521346145,0.20922437364872842,0.7876296178764978,0.0033222591362126247,0.3122647695961586,0.27022579919726003,0.6575274524087028,0.34312121346392316,0.6658742388660744,0.4171240081583194,0.39770428893675036,0.42704779726751696,218.95031346057655,1043,0.20992359871579727,3.854494067882504,0.12623089919604102,0.2880517533975486,33.01716343336946,6.63140896105236,4,1.0,0.3122647695961587,1614.0,0.2290376646218676,0.23430289188860828,0.005265227266740706,0.6574019735349664,0.677087981695435,0.01968600816046859,34.01716343336943,17.0,0.589,0.4112943528235882,0.885,0.5299393310527213,0.04338307891810678,0.5987654320987655,0.5,6.0,9.0,9.0,0.0,0.0,1.0,V6_INI|cWRgrande 41% · V6E_INI|cWRgrande 24% · V6WR_INI|bipro35mais 12%,t5 138 · t10 150 · t15 163 · t20 161 · t25 132 · t30 115 · t35 86 · t40 63 · t45 35,True
MULTI_5a45,MULTI,comum,todas,maxdd,bloco_motor,450,0.35296899734248094,0.04699336512354468,0.6288896739565037,0.009966777408637873,0.3658237225829604,0.2245061249522117,0.3989442189209871,0.22483196664831429,0.642344913536909,0.418797716784084,-0.0016642282911722317,0.35831461346696264,158.8360488041165,903,0.17589817143313013,3.4831935558024187,0.10133487895167168,0.21724140336225023,42.98672224942959,3.69500256108092,4,1.0,0.1398410769037559,1428.0,0.23060494038071042,0.23302418391142188,0.002419243530711464,0.6620548129976558,0.674139186920608,0.012084373922952269,43.98672224942962,17.0,0.201,0.7991004497751124,0.549,0.496160048332288,0.0990699263219969,0.426440329218107,0.16666666666666666,6.0,4.0,4.0,0.0,0.1111111111111111,1.0,V6_INI|cWRgrande 50% · V6E_INI|cWRgrande 25% · V6E_MOM|cWRgrande 12%,t5 114 · t10 130 · t15 141 · t20 145 · t25 118 · t30 100 · t35 69 · t40 56 · t45 30,
MULTI_5a45,MULTI,comum,todas,seq_ruim,a_cada_2,450,0.3903168391307179,0.061940985656722125,0.7460686178161537,0.019933554817275746,0.3218053740893135,0.2298517961272877,0.45156335083530236,0.41646991943226097,0.4394559265851665,0.4160090228118044,0.3826984375337913,0.4091279327392086,175.64257760882307,1031,0.17036137498430948,4.017556550843253,0.09715279279610727,0.2150861748250302,22.46816695063786,7.817396852832121,3,1.0,0.32180537408931353,1602.0,0.2274095048396167,0.22623950124604977,-0.001170003593566899,0.6556702306135401,0.6558155613547022,0.00014533074116197792,22.68008248637905,16.0,0.2955,0.704647676161919,0.999,0.3414981211984691,-0.04881871793224879,0.46193415637860086,0.5,6.0,10.0,7.0,0.0,0.0,1.0,V6WR_MOM|cPROBSgrande 32% · V6WR_INI|bipro35mais 28% · V6WR_INI|cPROBSgrande 16%,t5 134 · t10 154 · t15 153 · t20 158 · t25 138 · t30 104 · t35 89 · t40 65 · t45 36,True
MULTI_5a45,MULTI,comum,todas,seq_ruim,bloco_motor,450,0.2926133494938922,0.011770601720807789,0.5686333125337029,0.023255813953488372,0.30419912453241316,0.17225154807546295,0.4008562325018035,0.4066735030526292,0.3414009769726236,0.33252102351780566,0.11820417644946798,0.3007480154615729,131.6760072722515,897,0.14679599472937738,3.598721215167634,0.0813103688778687,0.1750479321029781,29.381524066828362,4.481592138404871,4,1.0,0.16621266675411037,1358.0,0.2179532424770363,0.2204844652010109,0.0025312227239746065,0.63178777833121,0.6421392307305965,0.010351452399386485,30.557188889006355,14.0,0.096,0.904047976011994,0.9585,0.3367853531853446,0.007595335004715764,0.34413580246913583,0.16666666666666666,6.0,5.0,4.0,0.0,0.1111111111111111,1.0,V6WR_MOM|cPROBSgrande 25% · V6WR_INI|cPROBSgrande 25% · V6WR_INI|bipro35mais 25%,t5 111 · t10 130 · t15 140 · t20 138 · t25 119 · t30 90 · t35 75 · t40 60 · t45 34,
MULTI_5a45,MULTI,comum,todas,brier_com_roi>=0,a_cada_2,450,0.5829332788660224,0.20845209064612918,0.9112563387183804,0.0033222591362126247,0.41355420537040705,0.26633691517131924,0.49334331223909095,0.4856760635446584,0.3961010240182476,0.4431186486808214,1.1134241105841516,0.4280996473252368,262.31997548971003,937,0.2799572844073746,4.505491001429063,0.12938285276368905,0.31570666037315953,31.66780648453002,8.283490541659571,4,1.0,0.36462393664173404,1509.0,0.22213071665923856,0.2305671669377091,0.008436450278470531,0.6390416571761275,0.6658555913100429,0.026813934133915418,31.66780648453002,27.0,0.8215,0.17891054472763618,0.9205,0.30032135394028825,-0.28261192492573417,0.6867283950617283,0.6666666666666666,6.0,29.0,10.0,0.0,0.0,1.0,V6E_MOM|cPROBSgrande 39% · V6E_INI|bisolo35mais 20% · TUDO_INI_CALR|bisolo30 11%,t5 112 · t10 127 · t15 140 · t20 139 · t25 125 · t30 102 · t35 85 · t40 67 · t45 40,True
MULTI_5a45,MULTI,comum,todas,brier_com_roi>=0,bloco_motor,450,0.48938002508866857,0.1612045710691887,0.8048061647607232,0.009966777408637873,0.3547299941006336,0.1932307615353862,0.48265657674460116,0.43652697431747856,0.6241866368293525,0.4975178244314581,0.5632719081741044,0.30068556029423443,220.22101128990084,851,0.25877909669788585,4.230288250951946,0.11568479405121929,0.2670096738502019,35.55591538971041,6.193653260678841,3,1.0,0.34990902325751866,1367.0,0.22504623788096417,0.2335350870769151,0.008488849195950905,0.6421062465226212,0.6712620202803925,0.029155773757771425,35.731580211888385,23.0,0.595,0.4052973513243378,0.7965,0.306482586865212,-0.24406994135954008,0.617798353909465,0.5,6.0,4.0,4.0,0.0,0.1111111111111111,1.0,V6E_MOM|cPROBSgrande 50% · V6E_INI|bisolo35mais 25% · TUDO_INI_CALR|bisolo35mais 12%,t5 93 · t10 112 · t15 133 · t20 122 · t25 122 · t30 91 · t35 75 · t40 62 · t45 41,
MULTI_5a45,MULTI,comum,todas,bsskill_t_ppg>=1_relaxar,a_cada_2,450,0.40910809747249316,0.0919321157488573,0.7664501203589639,0.016611295681063124,0.3333817619962351,0.24300019798336564,0.8491886148540833,0.30623320514306956,0.13686054840895404,0.37197537800726804,0.35486463236882904,0.4025756092496649,184.09864386262194,989,0.18614625264168042,3.752251752953791,0.10903002367856614,0.23857843570873657,41.882708206490435,4.395576402437432,4,1.0,0.333381761996235,1589.0,0.21690167581813138,0.22279369300388702,0.0058920171857556195,0.6264224920495457,0.6452405609346052,0.01881806888505958,43.57565922343255,18.0,0.3565,0.6436781609195402,0.578,0.6992141926975863,0.2901060952250932,0.43209876543209874,0.3333333333333333,6.0,33.0,11.0,0.0,0.0,1.0,V6E_MOM|cPROBSgrande 38% · V6E_MOM|cWRgrande 23% · TUDO_INI_CALR|bipro30 9%,t5 119 · t10 138 · t15 155 · t20 144 · t25 130 · t30 110 · t35 87 · t40 66 · t45 40,True
MULTI_5a45,MULTI,comum,todas,bsskill_t_ppg>=1_relaxar,bloco_motor,450,0.27049899618202256,-0.0365311065989094,0.5514284963163802,0.03322259136212625,0.3547299941006336,0.1932307615353862,0.48265657674460116,0.43652697431747856,-0.18509627150312227,0.37429835345096407,0.3875901864266723,0.3894083867910165,121.72454828191016,833,0.14612790910193296,3.263253092428239,0.0828924354073744,0.16741503602280589,54.062529812862515,2.2515510965406125,3,1.0,0.04906147429935587,1351.0,0.21944291189868026,0.22437921711702494,0.004936305218344692,0.6325279915476743,0.6508052580981746,0.018277266550500364,54.23819463504048,18.0,0.0725,0.927536231884058,0.2755,0.667960811474475,0.3636494407696996,0.37602880658436216,0.3333333333333333,6.0,4.0,4.0,0.0,0.1111111111111111,1.0,V6E_MOM|cPROBSgrande 50% · V6E_MOM|cWRgrande 25% · TUDO_INI_CALR|bipro30 12%,t5 99 · t10 111 · t15 130 · t20 127 · t25 112 · t30 91 · t35 72 · t40 56 · t45 35,
MULTI_5a45,MULTI,comum,todas,ppg_nao_piorando_ou_nada,a_cada_2,450,0.47810231003789,-0.0006312439928834908,0.9904549262829941,0.03986710963455149,0.3844813912877844,0.28574354926164053,0.7245846151149472,0.5196599363948274,0.48439183843482847,0.7116245043986388,0.3657618546890532,0.4432298507970222,215.1460395170506,1161,0.18531097288290319,4.87917145577453,0.09798842167599028,0.2110266792010353,57.49697129073476,3.741867348614933,8,1.0,0.3844813912877844,1840.0,0.21572936209432012,0.21981763086049821,0.004088268766178114,0.6227630205908276,0.6377415697169598,0.014978549126132263,57.49697129073482,26.0,0.562,0.4382808595702149,0.216,0.8215938566744552,0.34349154663656517,0.507201646090535,0.5,6.0,36.0,13.0,0.0,0.0,0.7644444444444445,TUDO_INI_CALR|bisolo 25% · V6E_MOM 14% · V6E_INI|cPROBSgrande 12%,t5 136 · t10 163 · t15 187 · t20 172 · t25 149 · t30 124 · t35 109 · t40 76 · t45 45,True
MULTI_5a45,MULTI,comum,todas,ppg_nao_piorando_ou_nada,bloco_motor,450,0.12255315797980511,-0.2179259378042204,0.4530587155708865,0.23255813953488372,0.26210509193264037,0.17581341009713614,0.139864914254195,0.5491289124487694,-0.11592033655193218,0.37265678338026864,0.13438699530789952,0.3071177407771606,55.1489210909123,985,0.055988752376560716,4.21328413185965,0.02908732336684658,0.0564178217519023,89.73932982479153,0.6145457203501065,9,0.6666666666666666,-0.17946630069424824,1609.0,0.21831350621672974,0.21183588886961738,-0.00647761734711237,0.6325150235810033,0.6191298041456345,-0.013385219435368786,90.08391295539619,27.0,0.002,0.9980009995002499,0.0085,0.7930687830645092,0.6551964803372285,0.17849794238683128,0.0,6.0,4.0,4.0,0.0,0.1111111111111111,0.75,TUDO_INI_CALR|bisolo 38% · V6E_INI|cPROBSgrande 25% · V6WR_MOM 25%,t5 125 · t10 143 · t15 154 · t20 143 · t25 131 · t30 99 · t35 89 · t40 64 · t45 37,
MULTI_5a45,MULTI,comum,todas,funcao_menor_vol,a_cada_2,450,0.3519033345978696,0.032435026358669176,0.6667521008339027,0.019933554817275746,0.20604688016097883,0.28368124520306315,0.4477871877987055,0.3155055182531125,-0.010118514243926518,0.36213602673308737,0.8368260118941658,0.44678376150645727,158.3565005690414,905,0.17497955863982476,3.623250752396488,0.09712364907814176,0.2178759179667375,56.49931815622702,2.802803745899512,5,1.0,0.16214956775035635,1404.0,0.22495263142784921,0.23090795034417536,0.005955318916326123,0.6460369034081804,0.6677856215662967,0.021748718158116253,58.35095008151278,15.0,0.2,0.8000999500249875,0.232,-0.03240614676665661,-0.3843094813645262,0.44238683127572015,0.3333333333333333,6.0,14.0,11.0,0.0,0.0,1.0,V6WR_INI|bisolo30 30% · V6_INI|cWRgrande 21% · V6E_INI|bisolo30 14%,t5 117 · t10 133 · t15 139 · t20 138 · t25 122 · t30 98 · t35 75 · t40 52 · t45 31,True
MULTI_5a45,MULTI,comum,todas,funcao_menor_vol,bloco_motor,450,0.4948583058741787,0.19926368434937994,0.8162977720745959,0.0033222591362126247,0.3658237225829604,0.2245061249522117,0.849068069908823,0.24551168913079885,0.1527479015644798,0.3590215807630762,0.6763108210860607,0.4552571116921533,222.68623764338048,828,0.26894473145335807,3.68190068852663,0.13440294775365166,0.3358941779859335,44.044333525155864,5.0559565742138775,5,1.0,0.3658237225829605,1308.0,0.215383486077664,0.22725000549762728,0.011866519419963296,0.6233559971675369,0.653622473110879,0.03026647594334214,45.713163923346414,14.0,0.6125,0.38780609695152424,0.524,-0.062041432935555994,-0.6187570270440069,0.5848765432098765,0.5,6.0,5.0,4.0,0.0,0.1111111111111111,1.0,V6WR_INI|bisolo30 38% · V6_INI|cWRgrande 25% · V6E_INI|cWRgrande 25%,t5 106 · t10 116 · t15 131 · t20 128 · t25 112 · t30 93 · t35 65 · t40 48 · t45 29,
MULTI_5a45,MULTI,comum,todas,ACASO (média das elegíveis),-,450,0.4559977974734131,0.21064517343032874,0.754202869001952,0.0033222591362126247,0.44665382880875937,0.25323671437225137,0.41832056882980206,0.34260398561345623,0.4143734950485922,0.29862455643201885,0.5493152815388258,0.27036608374558874,205.19900886303577,1203,0.17048438837364438,3.3041487818233866,0.13800764662351914,0.325853679065651,29.167175637080277,7.035271821182643,11,1.0,0.34352529434369783,,,,,,,,,,0.484,0.5162418790604698,0.9625,,,,,,,,,,,,,
MULTI_5a45,MULTI,comum,todas,FIXO_RETROSPECTO (V6E_MOM) — ENVIESADO,-,450,0.7733606861981848,0.296350303978454,1.256509691439652,0.0033222591362126247,0.7917116564222215,0.46985363229050914,0.7535922037195367,0.6010065108873163,0.4128913766797156,0.5745880252389965,1.1260720228592473,0.5478172848303131,348.01230878918307,2041,0.17051068534501865,5.360055498066744,0.14428221619666423,0.3256905858257296,48.47102569884203,7.17980079380695,10,1.0,0.6029167710118056,3191.0,0.21895695371366689,0.22367752980154385,0.004720576087876949,0.6301043101886806,0.6490904170371834,0.018986106848502726,49.847322773670726,17.0,0.9935,0.0069965017491254375,0.3995,,,,,,,,,,,,,
MULTI_5a45,MULTI,comum,todas,"BASE_V6_MOM (fixo, sem flag)",-,450,0.5839183834415212,0.13421417087995743,1.0313637777308047,0.006644518272425249,0.6895217855309852,0.33718120786279127,0.16620769783531786,0.535588344401914,0.6785395083587119,0.553049281653126,0.7486028409963381,0.4596077925831781,262.7632725486846,2041,0.12874241673134962,5.1999835348348205,0.11229235237570222,0.23811929343020768,73.92672795764824,3.554374443560097,9,1.0,0.16743505938607472,3191.0,0.22444054119397885,0.22367752980154385,-0.0007630113924350029,0.6477606483326892,0.6490904170371834,0.0013297687044941412,75.80179547351308,16.0,0.824,0.17641179410294852,0.0465,,,,,,,,,,,,,
MULTI_5a45,MULTI,comum,todas,FIXO_TUDO_INI (sem flag),-,450,0.35123761543705256,-0.06903840389149832,0.7331511545418903,0.046511627906976744,0.0,0.0,0.19019956610504735,0.43105381849303387,0.3957542817640464,0.5176654928348702,0.9946154215976426,0.5806495183649125,158.05692694667366,1330,0.1188397946967471,4.633028407786118,0.07581166885287687,0.15473946752515605,65.76550126956492,2.4033410206791737,9,0.6666666666666666,0.0,2004.0,0.22805224908941163,0.22280665051107196,-0.00524559857833967,0.6496641489208074,0.6456533104965984,-0.00401083842420908,66.76550126956492,17.0,0.1985,0.8015992003998001,0.103,,,,,,,,,,,,,
MULTI_5a45,MULTI,comum,todas,FIXO_TUDO_INI_CALR (sem flag),-,450,0.5648797596552494,0.014072165597691689,1.2065880642818065,0.053156146179401995,0.0,0.0,0.8057937713009835,0.8499963199918834,0.4387552111480217,0.796738501715979,1.2974099359996174,0.830356323975003,254.19589184486233,1235,0.20582663307276303,6.325529047452424,0.08930158338024738,0.1899295673477976,98.2227548153974,2.5879531919320042,13,0.6666666666666666,0.0,2004.0,0.21690037043928737,0.22280665051107196,0.005906280071784577,0.6233390220942955,0.6456533104965984,0.022314288402302842,98.22275481539741,38.0,0.791,0.20939530234882558,0.003,,,,,,,,,,,,,
MULTI_5a45,MULTI,comum,todas,FIXO_TUDO_MOM (sem flag),-,450,0.24460306271472745,-0.11809955748238765,0.6229806954938091,0.09966777408637874,0.0,0.0,-0.11739445360311862,0.5549704820738548,0.339724300746714,0.5391790475766807,0.8783839350726781,0.5292405741375369,110.07137822162733,1315,0.08370447013051507,4.5211017583828195,0.054102534246480004,0.10625143804959218,79.89243397788243,1.3777447092436774,10,0.3333333333333333,-0.06394670021165845,2004.0,0.22857094135855271,0.22280665051107196,-0.005764290847480764,0.6515468573918222,0.6456533104965984,-0.005893546895223805,80.89243397788243,19.0,0.047,0.953023488255872,0.0285,,,,,,,,,,,,,
MULTI_5a45,MULTI,comum,todas,FIXO_V6E_INI (sem flag),-,450,0.6851947387869777,0.227096699982405,1.1646085545867255,0.009966777408637873,0.6959635018154935,0.45040387799381165,0.577494031550221,0.6138895491452095,0.3263368075903289,0.5643684643607974,1.1356002326776096,0.5249602668498616,308.33763245413996,1999,0.15424593919666832,5.255503748442337,0.1303766054757473,0.28852204753178134,47.96496656369882,6.428392523627822,9,1.0,0.43582664713744457,3191.0,0.21888445342546553,0.22367752980154385,0.00479307637607831,0.6298160414257797,0.6490904170371834,0.019274375611403584,49.1406313858769,17.0,0.959,0.04147926036981509,0.411,,,,,,,,,,,,,
MULTI_5a45,MULTI,comum,todas,FIXO_V6E_MOM (sem flag),-,450,0.7733606861981848,0.296350303978454,1.256509691439652,0.0033222591362126247,0.7917116564222215,0.46985363229050914,0.7535922037195367,0.6010065108873163,0.4128913766797156,0.5745880252389965,1.1260720228592473,0.5478172848303131,348.01230878918307,2041,0.17051068534501865,5.360055498066744,0.14428221619666423,0.3256905858257296,48.47102569884203,7.17980079380695,10,1.0,0.6029167710118056,3191.0,0.21895695371366689,0.22367752980154385,0.004720576087876949,0.6301043101886806,0.6490904170371834,0.018986106848502726,49.847322773670726,17.0,0.9935,0.0069965017491254375,0.3995,,,,,,,,,,,,,
MULTI_5a45,MULTI,comum,todas,FIXO_V6WR_INI (sem flag),-,450,0.5497024991314099,0.11572488972040665,0.9607126310076369,0.006644518272425249,0.6641979785571398,0.3224147234953524,0.11463381324002726,0.5007627852258872,0.4833407760121753,0.47420148104237664,0.8793896890034324,0.5257810544901762,247.36612460913452,2033,0.12167541790906765,5.163103783314311,0.10646745101423154,0.22713181060939175,61.32254292169608,4.0338530142985265,9,1.0,0.06643967678805102,3191.0,0.2241890737874341,0.22367752980154385,-0.0005115439858902553,0.646267281268438,0.6490904170371834,0.0028231357687453548,62.49820774387403,15.0,0.753,0.24737631184407796,0.164,,,,,,,,,,,,,
MULTI_5a45,MULTI,comum,todas,FIXO_V6WR_MOM (sem flag),-,450,0.5875383868901146,0.13591737829596862,1.0223515195689197,0.006644518272425249,0.6933854625211107,0.342596760147826,0.139864914254195,0.5491289124487694,0.6922563000100646,0.5555578907982076,0.7717233329595904,0.45266161016556195,264.39227410055173,2042,0.12947711758107333,5.208853016801763,0.11279611557380118,0.23900362719729085,74.05668291485924,3.5701338987126343,9,1.0,0.14568439809956138,3191.0,0.2245370331017582,0.22367752980154385,-0.0008595033002143717,0.6481059662340917,0.6490904170371834,0.0009844508030916912,75.40126604546397,16.0,0.829,0.1714142928535732,0.0455,,,,,,,,,,,,,
MULTI_5a45,MULTI,comum,todas,FIXO_V6_INI (sem flag),-,450,0.5530537270500094,0.15914680973031983,0.936398891098863,0.0033222591362126247,0.6747068209188504,0.31917242071760277,0.1287542478343366,0.49355607403711443,0.4758754009147549,0.4626417587223914,0.8720518915976756,0.5217419393970611,248.87417717250423,2037,0.12217681746318322,5.164750394633026,0.10708237277540415,0.2291322608989532,60.24756516823996,4.130858674164321,9,1.0,0.08301981820729802,3191.0,0.22412451480232756,0.22367752980154385,-0.0004469850007837134,0.646047512632195,0.6490904170371834,0.003042904404988451,61.42322999041794,15.0,0.761,0.23938030984507747,0.1765,,,,,,,,,,,,,
MULTI_5a45,MULTI,comum,todas,FIXO_V6_MOM (sem flag),-,450,0.5839183834415212,0.13421417087995743,1.0313637777308047,0.006644518272425249,0.6895217855309852,0.33718120786279127,0.16620769783531786,0.535588344401914,0.6785395083587119,0.553049281653126,0.7486028409963381,0.4596077925831781,262.7632725486846,2041,0.12874241673134962,5.1999835348348205,0.11229235237570222,0.23811929343020768,73.92672795764824,3.554374443560097,9,1.0,0.16743505938607472,3191.0,0.22444054119397885,0.22367752980154385,-0.0007630113924350029,0.6477606483326892,0.6490904170371834,0.0013297687044941412,75.80179547351308,16.0,0.824,0.17641179410294852,0.0465,,,,,,,,,,,,,
MULTI_5a45,MULTI,comum,todas,FAVORITO (todos os jogos),-,450,-0.6330390609088642,-1.0252666762484073,-0.22574687583233938,0.9966777408637874,-0.38287591954466405,0.34507922999301616,-0.6337642361293977,0.4254220203906782,-0.4769483915675697,0.4379905491453913,-1.163649267075925,0.4200133480831586,-284.86757740898895,3136,-0.09083787544929495,4.056121340167539,-0.1560700501338346,-0.17454308115649117,304.809794553352,-0.9345748807921838,5,0.0,-0.9133893967534973,,,,,,,,,,0.0,1.0,0.0,,,,,,,,,,,,,
MULTI_5a45,MULTI,comum,todas,ZEBRA (todos os jogos),-,450,0.5828896040472313,-0.2505696708866736,1.3950066038001705,0.07641196013289037,0.2451344515406744,0.7090269381808548,0.7155004331682825,0.9146438889237685,0.08263366224557413,0.9072769166250987,1.4571674454876722,0.9111153703357531,262.30032182125393,2642,0.09928096965225357,8.782122805141114,0.06637229027428355,0.13097162128419007,112.50436605069832,2.331467933458266,13,1.0,0.24513445154067445,,,,,,,,,,0.8215,0.17891054472763618,0.0,,,,,,,,,,,,,
MULTI_5a45,MULTI,comum,todas,VIG_MERCADO (dutching: perde a margem 1/S − 1),-,450,-0.2469580257867729,-0.2632348726499335,-0.23219898746878503,1.0,-0.24679811191685563,0.011311141426037154,-0.24582257617059028,0.021823265242831017,-0.24924840123177783,0.01747047425383349,-0.24604297076282652,0.012669811285979205,-111.1311116040478,3136,-0.03543721671047443,0.16210493112626467,-1.5234454872592096,-0.8398957187366903,111.1311116040478,-1.0,60,0.0,-0.25779506971590604,,,,,,,,,,0.0,1.0,0.0,,,,,,,,,,,,,
MULTI_5a45,MULTI,comum,so_INI,bsskill_todas,a_cada_2,450,0.28941751172919883,-0.005201746098593637,0.5934447179244566,0.04318936877076412,0.06668757413705187,0.23577183293530804,0.8229850595179896,0.2866474043360004,0.04345671675374385,0.3958037654506444,0.3359056653040835,0.40471037248473435,130.23788027813944,1004,0.12971900426109506,3.7318326976605816,0.07755372096681329,0.1589420170108115,42.26414739474362,3.081521533173933,4,1.0,0.0666875741370519,1618.0,0.21970699891757814,0.22266219521861155,0.0029551963010334284,0.6335197497222647,0.6457658906841964,0.012246140961931785,43.95709841168572,18.0,0.111,0.889055472263868,0.623,0.6662181369810567,0.37680062525185787,0.31111111111111106,0.3333333333333333,6.0,25.0,9.0,0.0,0.0,1.0,V6E_INI|cPROBSgrande 38% · V6E_INI|cWRgrande 31% · V6_INI|cPROBSgrande 12%,t5 113 · t10 138 · t15 160 · t20 145 · t25 137 · t30 112 · t35 93 · t40 68 · t45 38,True
MULTI_5a45,MULTI,comum,so_INI,bsskill_todas,bloco_motor,450,0.2237522982623347,-0.0730147773456322,0.5107758694503649,0.07308970099667775,0.26210509193264037,0.17581341009713614,0.4173413504378318,0.4345492532750685,-0.19763852164876117,0.38395130422065543,0.39402487549247495,0.37275128074578506,100.68853421805059,820,0.12279089538786657,3.1655023137366793,0.07068461055654986,0.13811412961212857,52.85201638216733,1.9051029858536044,3,1.0,0.0055179900948431285,1351.0,0.2196875065534293,0.22437921711702494,0.004691710563595645,0.6327806016061623,0.6508052580981746,0.018024656492012254,54.0276812043453,18.0,0.0365,0.9635182408795602,0.3395,0.6366573967861121,0.3849360612409856,0.3055555555555555,0.3333333333333333,6.0,4.0,4.0,0.0,0.1111111111111111,1.0,V6E_INI|cPROBSgrande 50% · V6E_INI|cWRgrande 25% · TUDO_INI_CALR|bipro30 12%,t5 94 · t10 111 · t15 128 · t20 122 · t25 112 · t30 90 · t35 74 · t40 56 · t45 33,
MULTI_5a45,MULTI,comum,so_INI,llskill_todas,a_cada_2,450,0.19108937941679388,-0.1105906318129183,0.524570772202733,0.14285714285714285,-0.07630109443746504,0.2209107583257959,0.7630314540446315,0.2737289414354406,-0.19771018183841313,0.35533987582831394,0.40903257682555166,0.5000875141443699,85.99022073755722,990,0.08685880882581537,3.9243012624280453,0.04869386080174767,0.09620037598129838,46.35326130591902,1.855106163297658,5,0.6666666666666666,-0.076301094437465,1543.0,0.2154955643244614,0.21482610325761117,-0.0006694610668502241,0.6234590891341735,0.6244212889299295,0.0009621997957560735,46.35326130591902,18.0,0.0205,0.9795102448775612,0.49,0.6424343913707423,0.45134501195394844,0.27037037037037037,0.3333333333333333,6.0,32.0,9.0,0.0,0.0,1.0,V6E_INI|cWRgrande 44% · TUDO_INI_CALR|bipro30 25% · V6E_INI|cPROBSgrande 19%,t5 116 · t10 134 · t15 152 · t20 144 · t25 138 · t30 114 · t35 94 · t40 65 · t45 33,True
MULTI_5a45,MULTI,comum,so_INI,llskill_todas,bloco_motor,450,0.3378511659440725,0.06976028046780568,0.6212632704516786,0.013289036544850499,0.26210509193264037,0.17581341009713614,0.849068069908823,0.24551168913079885,-0.11592033655193218,0.37265678338026864,0.39402487549247495,0.37275128074578506,152.0330246748327,831,0.1829518949155628,3.667127684021932,0.09212964343077723,0.19156599995946938,55.35326130591902,2.7465956131219955,4,1.0,0.2621050919326403,1335.0,0.22299056889450025,0.22772944569288972,0.004738876798389453,0.6403296368381061,0.6568837133279383,0.016554076489832238,55.954595224339485,27.0,0.1905,0.8095952023988006,0.2855,0.6241940980326626,0.24411153634558097,0.38888888888888884,0.3333333333333333,6.0,6.0,5.0,0.0,0.1111111111111111,1.0,V6E_INI|cWRgrande 38% · V6E_INI|cPROBSgrande 25% · TUDO_INI_CALR|bipro30 12%,t5 97 · t10 120 · t15 133 · t20 128 · t25 114 · t30 89 · t35 73 · t40 48 · t45 29,
MULTI_5a45,MULTI,comum,so_INI,brier_todas,a_cada_2,450,0.5033316867654916,0.1199892650211519,0.8470350078966322,0.006644518272425249,0.5814746213325495,0.32919602554637284,0.6023519878246121,0.43312921724693787,-0.09344269199388121,0.45300906036633976,0.8838713626151566,0.4691868427886508,226.49925904447122,886,0.2556425045648659,4.420736959268081,0.11385696353415826,0.26415121151964016,65.84788113340683,3.4397349640694905,5,1.0,0.19530866737351882,1444.0,0.22187268939491162,0.23021463421557903,0.00834194482066741,0.6372649488677591,0.6635654651615935,0.02630051629383451,66.84788113340686,43.0,0.6625,0.3378310844577711,0.1345,0.13746706794037955,-0.365864618825112,0.40740740740740744,0.3333333333333333,6.0,23.0,7.0,0.0,0.0,0.9955555555555555,V6E_INI|cPROBSgrande 44% · TUDO_INI_CALR|bisolo30 32% · V6E_INI|bisolo30 13%,t5 100 · t10 112 · t15 132 · t20 131 · t25 124 · t30 98 · t35 88 · t40 64 · t45 37,True
MULTI_5a45,MULTI,comum,so_INI,brier_todas,bloco_motor,450,0.46288798303623,0.13507369588745463,0.8645757603226696,0.009966777408637873,0.26210509193264037,0.17581341009713614,0.4173413504378318,0.4345492532750685,0.30935513036828005,0.2919690492670603,0.9631418049579623,0.5409635624086421,208.29959236630344,790,0.2636703700839284,4.432331105758395,0.10443443235431019,0.24002152516943404,57.094870955854404,3.648306562026563,4,1.0,0.2621050919326403,1262.0,0.21642116423573124,0.22517398562932212,0.00875282139359087,0.6220020446389368,0.6472008059122477,0.02519876127331095,57.09487095585439,26.0,0.53,0.4702648675662169,0.254,0.18239385569538835,-0.33835512522037037,0.4833333333333334,0.3333333333333333,6.0,3.0,3.0,0.0,0.1111111111111111,1.0,V6E_INI|cPROBSgrande 50% · TUDO_INI_CALR|bisolo30 38% · TUDO_INI_CALR|bisolo35mais 12%,t5 82 · t10 100 · t15 123 · t20 113 · t25 116 · t30 88 · t35 75 · t40 57 · t45 36,
MULTI_5a45,MULTI,comum,so_INI,ll_todas,a_cada_2,450,0.5557859006327863,0.16221423174907634,0.9226839096504158,0.006644518272425249,0.5814746213325495,0.32919602554637284,0.6723519878246119,0.4273784210250768,0.002706091775981552,0.3926529419031937,0.9537665412481204,0.4602206956688965,250.10365528475387,873,0.28648757764576616,4.494394448692224,0.12366202098583239,0.2930276734341789,56.64429085658867,4.415337388863483,4,1.0,0.2994078565534273,1430.0,0.2218107989171423,0.23147283470649696,0.009662035789354654,0.6372524189516104,0.6663643989624736,0.029111980010863122,56.6442908565887,27.0,0.78,0.22038980509745126,0.2595,0.14114767108374776,-0.41463822954903856,0.4444444444444445,0.3333333333333333,6.0,12.0,7.0,0.0,0.0,0.9955555555555555,V6E_INI|cPROBSgrande 44% · TUDO_INI_CALR|bisolo30 36% · V6E_INI|bisolo30 8%,t5 99 · t10 111 · t15 131 · t20 128 · t25 121 · t30 96 · t35 87 · t40 62 · t45 38,True
MULTI_5a45,MULTI,comum,so_INI,ll_todas,bloco_motor,450,0.46288798303623,0.13507369588745463,0.8645757603226696,0.009966777408637873,0.26210509193264037,0.17581341009713614,0.4173413504378318,0.4345492532750685,0.30935513036828005,0.2919690492670603,0.9631418049579623,0.5409635624086421,208.29959236630344,790,0.2636703700839284,4.432331105758395,0.10443443235431019,0.24002152516943404,57.094870955854404,3.648306562026563,4,1.0,0.2621050919326403,1262.0,0.21642116423573124,0.22517398562932212,0.00875282139359087,0.6220020446389368,0.6472008059122477,0.02519876127331095,57.09487095585439,26.0,0.53,0.4702648675662169,0.254,0.18239385569538835,-0.33835512522037037,0.4833333333333334,0.3333333333333333,6.0,3.0,3.0,0.0,0.1111111111111111,1.0,V6E_INI|cPROBSgrande 50% · TUDO_INI_CALR|bisolo30 38% · TUDO_INI_CALR|bisolo35mais 12%,t5 82 · t10 100 · t15 123 · t20 113 · t25 116 · t30 88 · t35 75 · t40 57 · t45 36,
MULTI_5a45,MULTI,comum,so_INI,bsskill_entradas,a_cada_2,450,0.3587089007602439,0.018040743956723324,0.7138133650252635,0.026578073089700997,0.4764462786430276,0.24356956843103367,0.43006688707567703,0.3891880254681868,0.16774350768863222,0.44579393740363704,0.3017102406922473,0.37051033648002835,161.41900534210978,999,0.1615805859280378,4.008708101221889,0.08948241969798358,0.1892329727965979,54.459661582086866,2.964010437317967,3,1.0,0.17358955109413102,1603.0,0.22135260280579236,0.22703820216613574,0.005685599360343385,0.6371923503453816,0.6580704526280922,0.020878102282710552,54.597399952489354,23.0,0.24,0.760119940029985,0.302,0.6669638705413408,0.30825496978109684,0.35185185185185186,0.3333333333333333,6.0,29.0,9.0,0.0,0.0,1.0,V6E_INI|cPROBSgrande 42% · V6E_INI|cWRgrande 26% · TUDO_INI_CALR|bisolo 12%,t5 114 · t10 140 · t15 158 · t20 147 · t25 134 · t30 105 · t35 93 · t40 69 · t45 39,True
MULTI_5a45,MULTI,comum,so_INI,bsskill_entradas,bloco_motor,450,0.4505366756548033,0.1497203985608952,0.8301850263567703,0.013289036544850499,0.26210509193264037,0.17581341009713614,0.4173413504378318,0.4345492532750685,0.8401870770834957,0.6596847415334172,0.37672897502632696,0.2450541184678001,202.74150404466144,853,0.23768054401484343,4.046147208456662,0.11134955117627895,0.25971645839228,37.29252523701318,5.436518518285767,3,1.0,0.2621050919326403,1407.0,0.22755522597813344,0.23439774985828227,0.006842523880148829,0.6505098793645441,0.6739564109226697,0.023446531558125646,38.46819005919116,15.0,0.496,0.504247876061969,0.7855,0.648517349352933,0.14166358924127942,0.4611111111111112,0.5,6.0,5.0,4.0,0.0,0.1111111111111111,1.0,V6E_INI|cPROBSgrande 50% · TUDO_INI_CALR|bisolo 25% · V6E_INI|cWRgrande 12%,t5 93 · t10 108 · t15 138 · t20 123 · t25 116 · t30 93 · t35 79 · t40 65 · t45 38,
MULTI_5a45,MULTI,comum,so_INI,llskill_entradas,a_cada_2,450,0.2950435430501889,0.015704678665318005,0.6344344404827793,0.046511627906976744,0.4310370910951286,0.2429391420977934,0.3885911237278603,0.37263222153523823,0.2185103620469215,0.42018241089989183,0.07403882130837515,0.3396934167160317,132.76959437258486,963,0.13787081450943392,3.984075351019347,0.07405571357346452,0.15307570881430976,56.899474000552644,2.3334063575226605,3,1.0,0.05302628642039399,1561.0,0.21398275945870385,0.2188911508752025,0.004908391416498627,0.6191516450018408,0.6365948297559855,0.017443184754144716,58.146107072665615,22.0,0.1165,0.8835582208895553,0.256,0.6970745426691517,0.4020309996189628,0.25925925925925924,0.16666666666666666,6.0,21.0,8.0,0.0,0.0,1.0,V6E_INI|cPROBSgrande 40% · V6E_INI|cWRgrande 21% · TUDO_INI_CALR|bisolo 19%,t5 112 · t10 132 · t15 156 · t20 143 · t25 129 · t30 96 · t35 92 · t40 67 · t45 36,True
MULTI_5a45,MULTI,comum,so_INI,llskill_entradas,bloco_motor,450,0.3966829023840417,0.03629742738283995,0.7425013848032288,0.023255813953488372,0.26210509193264037,0.17581341009713614,0.4173413504378318,0.4345492532750685,0.8401870770834957,0.6596847415334172,0.13438699530789952,0.3071177407771606,178.50730607281866,841,0.21225601197719224,4.368914935210407,0.09079666422137318,0.2107317481400001,45.707515770539544,3.9054256846720663,3,1.0,0.23054189263647037,1375.0,0.21817912892186112,0.22447547755272365,0.006296348630862543,0.6284717094533347,0.6504775478451509,0.022005838391816145,45.707515770539516,23.0,0.323,0.6771614192903548,0.5115,0.6896880836620098,0.24341981847996302,0.4018518518518519,0.3333333333333333,6.0,4.0,3.0,0.0,0.1111111111111111,1.0,V6E_INI|cPROBSgrande 50% · TUDO_INI_CALR|bisolo 38% · V6E_INI|cWRgrande 12%,t5 92 · t10 107 · t15 132 · t20 119 · t25 114 · t30 91 · t35 82 · t40 65 · t45 39,
MULTI_5a45,MULTI,comum,so_INI,brier_entradas,a_cada_2,450,0.6973415876989626,0.2917183515718178,1.190500964680868,0.006644518272425249,0.5165381591304969,0.3165726907231238,1.4061801317594922,0.446957340361529,-0.006092030767867893,0.40779987844020477,0.9631418049579623,0.5409635624086421,313.8037144645331,931,0.3370609177921945,4.951445487412282,0.14083596183614785,0.3319362094521564,76.87120174415872,4.0822012319896945,4,1.0,0.5165381591304968,1463.0,0.23855666810331747,0.24708702917183503,0.008530361068517548,0.6790077504197598,0.7055817296011263,0.02657397918136653,76.87120174415875,26.0,0.965,0.03548225887056472,0.0495,0.04623380492399521,-0.6511077827749674,0.4611111111111111,0.3333333333333333,6.0,33.0,9.0,0.0,0.0,0.9911111111111112,TUDO_INI_CALR|bisolo30 49% · V6E_INI|cWRgrande 19% · V6_INI|cWRgrande 11%,t5 106 · t10 124 · t15 149 · t20 138 · t25 130 · t30 102 · t35 85 · t40 60 · t45 37,True
MULTI_5a45,MULTI,comum,so_INI,brier_entradas,bloco_motor,450,0.388700362446676,0.030054314304954935,0.6558437222607401,0.006644518272425249,0.26210509193264037,0.17581341009713614,0.3989442189209871,0.22483196664831429,-0.006092030767867893,0.40779987844020477,0.9631418049579623,0.5409635624086421,174.91516310100423,834,0.2097304113920914,4.373351988567154,0.0888792769168407,0.19410981391151574,72.57367739968433,2.410173624490538,4,1.0,0.08380267728434394,1310.0,0.22374199463060504,0.2248253826789706,0.0010833880483655499,0.6415458972978473,0.6463150062707043,0.004769108972856991,73.24250779787482,26.0,0.3115,0.688655672163918,0.07,0.1342221167732586,-0.3030657909792518,0.35925925925925933,0.16666666666666666,6.0,3.0,3.0,0.0,0.1111111111111111,1.0,TUDO_INI_CALR|bisolo30 50% · V6E_INI|cPROBSgrande 25% · V6_INI|cWRgrande 25%,t5 96 · t10 116 · t15 131 · t20 124 · t25 119 · t30 93 · t35 74 · t40 51 · t45 30,
MULTI_5a45,MULTI,comum,so_INI,ll_entradas,a_cada_2,450,0.7364064489393536,0.27301022015340753,1.1913671609578371,0.0033222591362126247,0.31830407314716697,0.2639250564229907,1.8793231363162461,0.5289450772892519,-0.006092030767867893,0.40779987844020477,0.9631418049579623,0.5409635624086421,331.3829020227091,934,0.354799680966498,4.90889288264684,0.150014772484155,0.3573852170617983,76.87120174415872,4.310884889319298,4,1.0,0.31830407314716697,1465.0,0.24079763325634432,0.2500946222539051,0.009296988997560797,0.6824249418388255,0.7114445548332309,0.029019612994405353,76.87120174415875,26.0,0.981,0.019490254872563718,0.0495,0.05380360498618258,-0.6826028439531711,0.44259259259259265,0.3333333333333333,6.0,27.0,9.0,0.0,0.0,0.9955555555555555,TUDO_INI_CALR|bisolo30 49% · V6_INI|cWRgrande 14% · V6E_INI|cWRgrande 13%,t5 107 · t10 123 · t15 148 · t20 142 · t25 132 · t30 102 · t35 85 · t40 57 · t45 38,True
MULTI_5a45,MULTI,comum,so_INI,ll_entradas,bloco_motor,450,0.48872788488841734,0.14282207289418836,0.8396325390039854,0.0033222591362126247,0.26210509193264037,0.17581341009713614,0.849068069908823,0.24551168913079885,-0.006092030767867893,0.40779987844020477,0.9631418049579623,0.5409635624086421,219.92754819978785,828,0.2656129809176182,4.485837696404238,0.10894907884878943,0.25069996146314716,64.13501715190583,3.4291336927357867,4,1.0,0.2621050919326403,1310.0,0.21691762479061458,0.2248253826789706,0.007907757888356017,0.6238820377950859,0.6463150062707043,0.02243296847561842,64.80384755009632,26.0,0.616,0.3843078460769615,0.156,0.09134311562829138,-0.45847575487117803,0.4518518518518519,0.3333333333333333,6.0,3.0,3.0,0.0,0.1111111111111111,1.0,TUDO_INI_CALR|bisolo30 50% · V6E_INI|cPROBSgrande 25% · V6E_INI|cWRgrande 25%,t5 96 · t10 111 · t15 132 · t20 123 · t25 117 · t30 91 · t35 77 · t40 49 · t45 32,
MULTI_5a45,MULTI,comum,so_INI,ppg,a_cada_2,450,0.3858187672272676,-0.0040199769613043935,0.8299504342568171,0.04983388704318937,0.21107066910925948,0.25759046413655795,0.6993978215333998,0.5131131660950935,0.4704263647046195,0.6811635363707436,0.24975426262079536,0.4144362379497204,173.61844525227042,1129,0.15378073095860975,4.811997352434468,0.08017850779408171,0.16926187138574636,58.89351866375567,2.9480059808197354,9,1.0,0.21107066910925956,1800.0,0.2136632633060366,0.21648221901862724,0.002818955712590644,0.618265191368804,0.6299209210851815,0.011655729716377563,58.89351866375567,26.0,0.308,0.6921539230384808,0.226,0.7947287312971654,0.40890996406989777,0.4185185185185185,0.3333333333333333,6.0,27.0,12.0,0.0,0.0,0.7866666666666666,TUDO_INI_CALR|bisolo 26% · V6E_INI|cPROBSgrande 21% · V6E_INI 13%,t5 130 · t10 160 · t15 181 · t20 168 · t25 144 · t30 117 · t35 109 · t40 76 · t45 44,True
MULTI_5a45,MULTI,comum,so_INI,ppg,bloco_motor,450,0.11694624664332336,-0.19663265705057253,0.3994481946671049,0.24584717607973422,0.26210509193264037,0.17581341009713614,0.11463381324002726,0.5007627852258872,-0.11592033655193218,0.37265678338026864,0.13438699530789952,0.3071177407771606,52.62581098949554,989,0.053211133457528356,4.215939234972279,0.02773907310457057,0.05383337903800867,80.21260082581679,0.6560791003869019,9,0.6666666666666666,-0.1962870347036934,1609.0,0.21756654709252415,0.21183588886961738,-0.005730658222906795,0.6304174251465495,0.6191298041456345,-0.011287621000914976,80.38826564799481,27.0,0.0045,0.9955022488755623,0.0385,0.7780137331019494,0.6464492056282107,0.18333333333333335,0.0,6.0,4.0,4.0,0.0,0.1111111111111111,0.75,TUDO_INI_CALR|bisolo 38% · V6E_INI|cPROBSgrande 25% · V6WR_INI 25%,t5 122 · t10 146 · t15 154 · t20 143 · t25 132 · t30 100 · t35 91 · t40 65 · t45 36,
MULTI_5a45,MULTI,comum,so_INI,lucro,a_cada_2,450,0.3858187672272676,-0.0040199769613043935,0.8299504342568171,0.04983388704318937,0.21107066910925948,0.25759046413655795,0.6993978215333998,0.5131131660950935,0.4704263647046195,0.6811635363707436,0.24975426262079536,0.4144362379497204,173.61844525227042,1129,0.15378073095860975,4.811997352434468,0.08017850779408171,0.16926187138574636,58.89351866375567,2.9480059808197354,9,1.0,0.21107066910925956,1800.0,0.2136632633060366,0.21648221901862724,0.002818955712590644,0.618265191368804,0.6299209210851815,0.011655729716377563,58.89351866375567,26.0,0.308,0.6921539230384808,0.226,0.7947287312971654,0.40890996406989777,0.4185185185185185,0.3333333333333333,6.0,27.0,12.0,0.0,0.0,0.7866666666666666,TUDO_INI_CALR|bisolo 26% · V6E_INI|cPROBSgrande 21% · V6E_INI 13%,t5 130 · t10 160 · t15 181 · t20 168 · t25 144 · t30 117 · t35 109 · t40 76 · t45 44,True
MULTI_5a45,MULTI,comum,so_INI,lucro,bloco_motor,450,0.11694624664332336,-0.19663265705057253,0.3994481946671049,0.24584717607973422,0.26210509193264037,0.17581341009713614,0.11463381324002726,0.5007627852258872,-0.11592033655193218,0.37265678338026864,0.13438699530789952,0.3071177407771606,52.62581098949554,989,0.053211133457528356,4.215939234972279,0.02773907310457057,0.05383337903800867,80.21260082581679,0.6560791003869019,9,0.6666666666666666,-0.1962870347036934,1609.0,0.21756654709252415,0.21183588886961738,-0.005730658222906795,0.6304174251465495,0.6191298041456345,-0.011287621000914976,80.38826564799481,27.0,0.0045,0.9955022488755623,0.0385,0.7780137331019494,0.6464492056282107,0.18333333333333335,0.0,6.0,4.0,4.0,0.0,0.1111111111111111,0.75,TUDO_INI_CALR|bisolo 38% · V6E_INI|cPROBSgrande 25% · V6WR_INI 25%,t5 122 · t10 146 · t15 154 · t20 143 · t25 132 · t30 100 · t35 91 · t40 65 · t45 36,
MULTI_5a45,MULTI,comum,so_INI,roi,a_cada_2,450,0.25226393331912506,-0.0842520575665474,0.5864804789931419,0.07308970099667775,0.2682035817835127,0.2108985513484227,0.39880816758835247,0.3738785215230962,0.4928591270844779,0.6038503913198461,-0.15878496741203685,0.20083234179736853,113.51876999360627,888,0.12783645269550256,4.363180563452629,0.05781652389822392,0.12202689932704663,57.64627022332425,1.969230091623091,3,1.0,0.0008876002774677024,1450.0,0.20710620959803236,0.21124086330140238,0.004134653703369999,0.6036909540974508,0.6189043189576029,0.0152133648601521,57.64627022332425,23.0,0.0625,0.9375312343828086,0.2435,0.7579848925251164,0.5057209592059912,0.26296296296296295,0.16666666666666666,6.0,21.0,8.0,0.0,0.0,1.0,V6E_INI|cPROBSgrande 36% · TUDO_INI_CALR|bisolo 35% · TUDO_INI_CALR|cWRgrande 15%,t5 99 · t10 122 · t15 141 · t20 130 · t25 124 · t30 88 · t35 88 · t40 62 · t45 34,True
MULTI_5a45,MULTI,comum,so_INI,roi,bloco_motor,450,0.4148424990722259,0.05933694928115293,0.8787816697988281,0.03986710963455149,0.26210509193264037,0.17581341009713614,0.4173413504378318,0.4345492532750685,0.9219052621803246,0.6421790538543232,0.13438699530789952,0.3071177407771606,186.67912458250163,795,0.2348165089088071,4.534057688777523,0.0914947553708952,0.21294394324550792,43.087896711877505,4.332518847016316,3,1.0,0.2621050919326403,1297.0,0.21587081293215635,0.22191778702457157,0.006046974092415212,0.6228797646868736,0.6426354341752708,0.019755669488397225,43.087896711877534,23.0,0.3805,0.6196901549225388,0.596,0.7333635334874549,0.2666657220312008,0.4388888888888889,0.3333333333333333,6.0,2.0,2.0,0.0,0.1111111111111111,1.0,V6E_INI|cPROBSgrande 50% · TUDO_INI_CALR|bisolo 50%,t5 85 · t10 103 · t15 125 · t20 112 · t25 110 · t30 84 · t35 78 · t40 62 · t45 36,
MULTI_5a45,MULTI,comum,so_INI,sharpe,a_cada_2,450,0.26995115369355616,-0.05692840424729393,0.6122318831890506,0.07308970099667775,0.2682035817835127,0.2108985513484227,0.4364356042431271,0.3640349612945522,0.534824182114643,0.6355191924854092,-0.15878496741203685,0.20083234179736853,121.47801916210017,898,0.13527619060367502,4.383117974860747,0.061588840465133174,0.13060117573580143,57.646270223324294,2.1073005884246934,3,1.0,0.0008876002774677024,1456.0,0.20957599826765394,0.21361969285881835,0.004043694591164421,0.6099720334503699,0.6252704950169623,0.015298461566592439,57.646270223324294,23.0,0.0825,0.9175412293853074,0.2435,0.758469009600544,0.4885178559069878,0.3407407407407408,0.3333333333333333,6.0,21.0,9.0,0.0,0.0,1.0,V6E_INI|cPROBSgrande 35% · TUDO_INI_CALR|bisolo 35% · TUDO_INI_CALR|cWRgrande 13%,t5 100 · t10 125 · t15 142 · t20 131 · t25 125 · t30 90 · t35 89 · t40 62 · t45 34,True
MULTI_5a45,MULTI,comum,so_INI,sharpe,bloco_motor,450,0.4148424990722259,0.05933694928115293,0.8787816697988281,0.03986710963455149,0.26210509193264037,0.17581341009713614,0.4173413504378318,0.4345492532750685,0.9219052621803246,0.6421790538543232,0.13438699530789952,0.3071177407771606,186.67912458250163,795,0.2348165089088071,4.534057688777523,0.0914947553708952,0.21294394324550792,43.087896711877505,4.332518847016316,3,1.0,0.2621050919326403,1297.0,0.21587081293215635,0.22191778702457157,0.006046974092415212,0.6228797646868736,0.6426354341752708,0.019755669488397225,43.087896711877534,23.0,0.3805,0.6196901549225388,0.596,0.7333635334874549,0.2666657220312008,0.4388888888888889,0.3333333333333333,6.0,2.0,2.0,0.0,0.1111111111111111,1.0,V6E_INI|cPROBSgrande 50% · TUDO_INI_CALR|bisolo 50%,t5 85 · t10 103 · t15 125 · t20 112 · t25 110 · t30 84 · t35 78 · t40 62 · t45 36,
MULTI_5a45,MULTI,comum,so_INI,sortino,a_cada_2,450,0.2474839046110794,-0.09841052083580189,0.6511671418388488,0.12624584717607973,0.2682035817835127,0.2108985513484227,0.34533298337198176,0.3936006861897979,0.524824182114643,0.6278661943478236,-0.15878496741203685,0.20083234179736853,111.36775707498572,895,0.12443324812847566,4.363571165044568,0.05671590888527464,0.11970049405371841,57.64627022332428,1.9319160917704121,3,1.0,0.0008876002774677024,1457.0,0.20666143982182442,0.21054472424417364,0.0038832844223492223,0.6028167300432338,0.6172878830247613,0.014471152981527602,57.64627022332422,23.0,0.0585,0.9415292353823088,0.2435,0.7580612885383039,0.5105773839272245,0.24814814814814812,0.16666666666666666,6.0,23.0,9.0,0.0,0.0,1.0,V6E_INI|cPROBSgrande 36% · TUDO_INI_CALR|bisolo 35% · TUDO_INI_CALR|cWRgrande 14%,t5 100 · t10 124 · t15 141 · t20 131 · t25 125 · t30 89 · t35 89 · t40 62 · t45 34,True
MULTI_5a45,MULTI,comum,so_INI,sortino,bloco_motor,450,0.4148424990722259,0.05933694928115293,0.8787816697988281,0.03986710963455149,0.26210509193264037,0.17581341009713614,0.4173413504378318,0.4345492532750685,0.9219052621803246,0.6421790538543232,0.13438699530789952,0.3071177407771606,186.67912458250163,795,0.2348165089088071,4.534057688777523,0.0914947553708952,0.21294394324550792,43.087896711877505,4.332518847016316,3,1.0,0.2621050919326403,1297.0,0.21587081293215635,0.22191778702457157,0.006046974092415212,0.6228797646868736,0.6426354341752708,0.019755669488397225,43.087896711877534,23.0,0.3805,0.6196901549225388,0.596,0.7333635334874549,0.2666657220312008,0.4388888888888889,0.3333333333333333,6.0,2.0,2.0,0.0,0.1111111111111111,1.0,V6E_INI|cPROBSgrande 50% · TUDO_INI_CALR|bisolo 50%,t5 85 · t10 103 · t15 125 · t20 112 · t25 110 · t30 84 · t35 78 · t40 62 · t45 36,
MULTI_5a45,MULTI,comum,so_INI,calmar,a_cada_2,450,0.2732218035034954,0.0001144249025286188,0.5318847836850008,0.016611295681063124,0.28118212700058315,0.19143976349481756,0.3729671617246346,0.3035400720463196,0.2472313785251078,0.3640797791239301,0.18752638501511223,0.38569046628997866,122.94981157657297,986,0.12469554926630119,3.517315394557728,0.07767907419569085,0.15173173843467033,37.72572391274396,3.2590444615706855,5,1.0,0.26596815244127886,1577.0,0.2212381757549301,0.2242818822930185,0.00304370653808839,0.6399435368115683,0.6547149336548751,0.01477139684330677,37.725723912743945,26.0,0.0865,0.9135432283858071,0.77,0.6570506989264706,0.3838288954229752,0.3111111111111111,0.16666666666666666,6.0,19.0,10.0,0.0,0.0,1.0,V6_INI|cWRgrande 30% · V6E_INI|cWRgrande 29% · V6E_INI|cPROBSgrande 14%,t5 123 · t10 139 · t15 160 · t20 148 · t25 128 · t30 103 · t35 85 · t40 63 · t45 37,True
MULTI_5a45,MULTI,comum,so_INI,calmar,bloco_motor,450,0.12869644970734578,-0.12492890288741536,0.36408398939973163,0.19269102990033224,0.26210509193264037,0.17581341009713614,0.3989442189209871,0.22483196664831429,-0.19763852164876117,0.38395130422065543,-0.015329311488130397,0.35388651818243433,57.91340236830563,876,0.06611118991815712,3.2761915164716835,0.03928233409442019,0.07130653308376733,55.241818206032896,1.0483616261924735,4,0.6666666666666666,-0.006746764249720201,1419.0,0.2242611933676102,0.22236985120688835,-0.0018913421607218335,0.6452848404815426,0.6473459661591664,0.002061125677623833,55.91064860422338,18.0,0.0055,0.9945027486256871,0.2895,0.6450013744412074,0.5002178685204435,0.18333333333333332,0.0,6.0,5.0,5.0,0.0,0.1111111111111111,1.0,V6E_INI|cPROBSgrande 25% · V6_INI|cWRgrande 25% · V6E_INI|cWRgrande 25%,t5 107 · t10 125 · t15 136 · t20 136 · t25 120 · t30 93 · t35 74 · t40 53 · t45 32,
MULTI_5a45,MULTI,comum,so_INI,maxdd,a_cada_2,450,0.4985596487040247,0.16049988817576705,0.8470292421203154,0.0033222591362126247,0.3357163521343255,0.26724221642985196,0.6227567967002627,0.3744971439608614,0.642344913536909,0.418797716784084,0.47484218072945156,0.463561657134633,224.35184191681117,1030,0.21781732224933123,3.8293626995439016,0.13019389590946973,0.29863910984946296,24.27003055721761,9.243986792183568,4,1.0,0.33571635213432555,1598.0,0.23084845186087954,0.23616614604608166,0.0053176941852021205,0.6616313302614111,0.6815791940224407,0.0199478637610297,27.27003055721758,16.0,0.6475,0.35282358820589704,0.9985,0.5252738592546401,0.026714210550615403,0.6074074074074073,0.5,6.0,8.0,7.0,0.0,0.0,1.0,V6_INI|cWRgrande 41% · V6E_INI|cWRgrande 35% · V6WR_INI|bipro35mais 14%,t5 132 · t10 148 · t15 165 · t20 156 · t25 133 · t30 115 · t35 83 · t40 64 · t45 34,True
MULTI_5a45,MULTI,comum,so_INI,maxdd,bloco_motor,450,0.3543989282459926,0.06151207171381674,0.6166102027606427,0.009966777408637873,0.3658237225829604,0.2245061249522117,0.3989442189209871,0.22483196664831429,0.642344913536909,0.418797716784084,0.004770460774630405,0.34093918253409405,159.47951771069677,901,0.17700279435149474,3.462242637800652,0.1023610894212545,0.22005735502630272,40.78279707070166,3.910460516825776,4,1.0,0.144130869614291,1428.0,0.23070726863132618,0.23302418391142188,0.002316915280095704,0.6622190482607412,0.674139186920608,0.01192013865986694,41.78279707070169,16.0,0.226,0.7741129435282359,0.667,0.4852923331092354,0.08659353883249366,0.39444444444444443,0.16666666666666666,6.0,3.0,3.0,0.0,0.1111111111111111,1.0,V6_INI|cWRgrande 50% · V6E_INI|cWRgrande 38% · V6WR_INI|bipro35mais 12%,t5 113 · t10 130 · t15 142 · t20 143 · t25 118 · t30 100 · t35 69 · t40 56 · t45 30,
MULTI_5a45,MULTI,comum,so_INI,seq_ruim,a_cada_2,450,0.4711235702669553,0.16957837617214877,0.7900407300936969,0.0033222591362126247,0.4989897820989328,0.2998641507912775,0.45156335083530236,0.41646991943226097,0.48065129788493166,0.2945649883781735,0.43935674433266575,0.40495440935302945,212.00560662012992,986,0.21501582821514192,3.945717999815852,0.11940122692218318,0.28857056806991976,28.494357007660053,7.4402663854859785,4,1.0,0.4450134538099921,1553.0,0.22078176473504718,0.22596561065278917,0.005183845917741993,0.635555549587695,0.6538805247088246,0.018324975121129645,28.500681162769983,16.0,0.5575,0.4427786106946527,0.977,0.3256784776254218,-0.1454450926415335,0.5333333333333334,0.5,6.0,10.0,6.0,0.0,0.0,1.0,V6WR_INI|bipro35mais 42% · V6E_INI|cPROBSgrande 24% · V6WR_INI|cPROBSgrande 22%,t5 119 · t10 145 · t15 146 · t20 146 · t25 141 · t30 100 · t35 88 · t40 65 · t45 36,True
MULTI_5a45,MULTI,comum,so_INI,seq_ruim,bloco_motor,450,0.37151560097926184,0.04903158634522133,0.6723527711819631,0.009966777408637873,0.26210509193264037,0.17581341009713614,0.4008562325018035,0.4066735030526292,0.4384495896732484,0.28204312506470586,0.43935674433266575,0.40495440935302945,167.18202044066786,844,0.19808296260742636,3.5780443635259447,0.10383202756411769,0.2484657584006967,29.381524066828362,5.690039089204898,4,1.0,0.2621050919326403,1319.0,0.21866820549327873,0.22257914732969392,0.003910941836415199,0.6295165831538287,0.6440283523357005,0.01451176918187181,30.557188889006355,11.0,0.271,0.729135432283858,0.968,0.30487171823758813,-0.11308333286408134,0.42962962962962964,0.3333333333333333,6.0,3.0,3.0,0.0,0.1111111111111111,1.0,V6WR_INI|bipro35mais 50% · V6E_INI|cPROBSgrande 25% · V6WR_INI|cPROBSgrande 25%,t5 98 · t10 116 · t15 131 · t20 125 · t25 122 · t30 86 · t35 76 · t40 57 · t45 33,
MULTI_5a45,MULTI,comum,so_INI,brier_com_roi>=0,a_cada_2,450,0.44680087336845564,0.05520615601399105,0.8575332783255724,0.013289036544850499,0.32387493443483717,0.2704799576671631,0.42520611867424646,0.4747872755634937,-0.013838700752603622,0.5384369882126931,1.1134241105841516,0.4280996473252368,201.06039301580512,928,0.21665990626703138,4.313818907509635,0.10357432311093316,0.2378058833781077,52.26141796739181,3.847205086192945,4,1.0,0.11039361913399558,1475.0,0.22125139192283402,0.22973887407478646,0.008487482151952433,0.6351205066425792,0.6635243148381939,0.028403808195614562,53.26141796739183,32.0,0.485,0.5152423788105946,0.3575,0.29311784809093183,-0.1536830252775238,0.5,0.5,6.0,29.0,10.0,0.0,0.0,1.0,V6E_INI|cPROBSgrande 45% · V6E_INI|bisolo35mais 21% · TUDO_INI_CALR|bisolo30 12%,t5 109 · t10 125 · t15 140 · t20 132 · t25 126 · t30 102 · t35 88 · t40 66 · t45 40,True
MULTI_5a45,MULTI,comum,so_INI,brier_com_roi>=0,bloco_motor,450,0.44399056296449985,0.15232866065809988,0.795324011369932,0.009966777408637873,0.26210509193264037,0.17581341009713614,0.4173413504378318,0.4345492532750685,0.6241866368293525,0.4975178244314581,0.5632719081741044,0.30068556029423443,199.79575333402488,845,0.2364446785018046,4.18214948275783,0.10616324566947799,0.23948521800172115,34.58316227879861,5.777255177630495,3,1.0,0.2621050919326403,1367.0,0.22515594964220695,0.2335350870769151,0.008379137434708145,0.6421640585004393,0.6712620202803925,0.0290979617799532,35.75882710097659,23.0,0.4695,0.5307346326836582,0.8635,0.29988850750243207,-0.19960087583263025,0.5592592592592592,0.5,6.0,4.0,4.0,0.0,0.1111111111111111,1.0,V6E_INI|cPROBSgrande 50% · V6E_INI|bisolo35mais 25% · TUDO_INI_CALR|bisolo35mais 12%,t5 90 · t10 112 · t15 133 · t20 119 · t25 122 · t30 90 · t35 77 · t40 62 · t45 40,
MULTI_5a45,MULTI,comum,so_INI,bsskill_t_ppg>=1_relaxar,a_cada_2,450,0.3166836574316369,-0.0243381297536079,0.6100717436102061,0.016611295681063124,0.14848601124436608,0.24653507346899042,0.8229850595179896,0.2866474043360004,0.04345671675374385,0.3958037654506444,0.3359056653040835,0.40471037248473435,142.50764584423658,1006,0.14165769964635844,3.7602030303227822,0.08421982932247471,0.17413640284150847,42.26414739474362,3.371832974961663,4,1.0,0.1484860112443661,1619.0,0.2194117393976885,0.22314473775898488,0.003732998361296392,0.6329139434874081,0.6467829807467395,0.01386903725933128,43.95709841168572,18.0,0.149,0.8510744627686156,0.623,0.6673332306338965,0.3506495732022596,0.3296296296296296,0.3333333333333333,6.0,23.0,9.0,0.0,0.0,1.0,V6E_INI|cPROBSgrande 38% · V6E_INI|cWRgrande 30% · V6_INI|cPROBSgrande 12%,t5 114 · t10 139 · t15 160 · t20 145 · t25 136 · t30 112 · t35 93 · t40 68 · t45 39,True
MULTI_5a45,MULTI,comum,so_INI,bsskill_t_ppg>=1_relaxar,bloco_motor,450,0.2237522982623347,-0.0730147773456322,0.5107758694503649,0.07308970099667775,0.26210509193264037,0.17581341009713614,0.4173413504378318,0.4345492532750685,-0.19763852164876117,0.38395130422065543,0.39402487549247495,0.37275128074578506,100.68853421805059,820,0.12279089538786657,3.1655023137366793,0.07068461055654986,0.13811412961212857,52.85201638216733,1.9051029858536044,3,1.0,0.0055179900948431285,1351.0,0.2196875065534293,0.22437921711702494,0.004691710563595645,0.6327806016061623,0.6508052580981746,0.018024656492012254,54.0276812043453,18.0,0.0365,0.9635182408795602,0.3395,0.6366573967861121,0.3849360612409856,0.3055555555555555,0.3333333333333333,6.0,4.0,4.0,0.0,0.1111111111111111,1.0,V6E_INI|cPROBSgrande 50% · V6E_INI|cWRgrande 25% · TUDO_INI_CALR|bipro30 12%,t5 94 · t10 111 · t15 128 · t20 122 · t25 112 · t30 90 · t35 74 · t40 56 · t45 33,
MULTI_5a45,MULTI,comum,so_INI,ppg_nao_piorando_ou_nada,a_cada_2,450,0.3858187672272676,-0.0040199769613043935,0.8299504342568171,0.04983388704318937,0.21107066910925948,0.25759046413655795,0.6993978215333998,0.5131131660950935,0.4704263647046195,0.6811635363707436,0.24975426262079536,0.4144362379497204,173.61844525227042,1129,0.15378073095860975,4.811997352434468,0.08017850779408171,0.16926187138574636,58.89351866375567,2.9480059808197354,9,1.0,0.21107066910925956,1800.0,0.2136632633060366,0.21648221901862724,0.002818955712590644,0.618265191368804,0.6299209210851815,0.011655729716377563,58.89351866375567,26.0,0.308,0.6921539230384808,0.226,0.7947287312971654,0.40890996406989777,0.4185185185185185,0.3333333333333333,6.0,27.0,12.0,0.0,0.0,0.7866666666666666,TUDO_INI_CALR|bisolo 26% · V6E_INI|cPROBSgrande 21% · V6E_INI 13%,t5 130 · t10 160 · t15 181 · t20 168 · t25 144 · t30 117 · t35 109 · t40 76 · t45 44,True
MULTI_5a45,MULTI,comum,so_INI,ppg_nao_piorando_ou_nada,bloco_motor,450,0.11694624664332336,-0.19663265705057253,0.3994481946671049,0.24584717607973422,0.26210509193264037,0.17581341009713614,0.11463381324002726,0.5007627852258872,-0.11592033655193218,0.37265678338026864,0.13438699530789952,0.3071177407771606,52.62581098949554,989,0.053211133457528356,4.215939234972279,0.02773907310457057,0.05383337903800867,80.21260082581679,0.6560791003869019,9,0.6666666666666666,-0.1962870347036934,1609.0,0.21756654709252415,0.21183588886961738,-0.005730658222906795,0.6304174251465495,0.6191298041456345,-0.011287621000914976,80.38826564799481,27.0,0.0045,0.9955022488755623,0.0385,0.7780137331019494,0.6464492056282107,0.18333333333333335,0.0,6.0,4.0,4.0,0.0,0.1111111111111111,0.75,TUDO_INI_CALR|bisolo 38% · V6E_INI|cPROBSgrande 25% · V6WR_INI 25%,t5 122 · t10 146 · t15 154 · t20 143 · t25 132 · t30 100 · t35 91 · t40 65 · t45 36,
MULTI_5a45,MULTI,comum,so_INI,funcao_menor_vol,a_cada_2,450,0.354917594978937,0.022036138986254637,0.6760996300741234,0.026578073089700997,0.22824812269481806,0.28145703264812505,0.4771818103674306,0.3006220755916728,-0.010118514243926518,0.36213602673308737,0.7876936972394851,0.4500814967871179,159.71291774052165,900,0.1774587974894685,3.561183019309752,0.09966283480923963,0.223322552426187,52.64726949990459,3.0336410464898105,5,1.0,0.1817459827961731,1404.0,0.22604700316124104,0.23090795034417536,0.0048609471829342945,0.6487565860010949,0.6677856215662967,0.019029035565201892,53.64726949990462,15.0,0.2265,0.7736131934032984,0.345,-0.045165770253077595,-0.4000833652320146,0.4666666666666666,0.3333333333333333,6.0,12.0,7.0,0.0,0.0,1.0,V6WR_INI|bisolo30 34% · V6_INI|cWRgrande 22% · V6E_INI|bisolo30 17%,t5 116 · t10 133 · t15 139 · t20 137 · t25 122 · t30 98 · t35 74 · t40 50 · t45 31,True
MULTI_5a45,MULTI,comum,so_INI,funcao_menor_vol,bloco_motor,450,0.4948583058741787,0.19926368434937994,0.8162977720745959,0.0033222591362126247,0.3658237225829604,0.2245061249522117,0.849068069908823,0.24551168913079885,0.1527479015644798,0.3590215807630762,0.6763108210860607,0.4552571116921533,222.68623764338048,828,0.26894473145335807,3.68190068852663,0.13440294775365166,0.3358941779859335,44.044333525155864,5.0559565742138775,5,1.0,0.3658237225829605,1308.0,0.215383486077664,0.22725000549762728,0.011866519419963296,0.6233559971675369,0.653622473110879,0.03026647594334214,45.713163923346414,14.0,0.6365,0.3638180909545227,0.559,-0.062041432935555994,-0.6187570270440069,0.5814814814814814,0.5,6.0,5.0,4.0,0.0,0.1111111111111111,1.0,V6WR_INI|bisolo30 38% · V6_INI|cWRgrande 25% · V6E_INI|cWRgrande 25%,t5 106 · t10 116 · t15 131 · t20 128 · t25 112 · t30 93 · t35 65 · t40 48 · t45 29,
MULTI_5a45,MULTI,comum,so_INI,ACASO (média das elegíveis),-,450,0.4546242575640815,0.16658832736033732,0.704902095803549,0.0033222591362126247,0.4378328023033832,0.24568426256834608,0.41333359273579034,0.3259936436774482,0.38647866836081124,0.29596996098183215,0.5892476944866902,0.28901897714814767,204.5809159038367,1199,0.17062628515749517,3.3475165464210086,0.13580941311556538,0.32072244354053053,27.05754208146557,7.560957136752445,11,1.0,0.32965100929435615,,,,,,,,,,0.5045,0.495752123938031,0.9875,,,,,,,,,,,,,
MULTI_5a45,MULTI,comum,so_INI,FIXO_RETROSPECTO (V6E_INI) — ENVIESADO,-,450,0.6851947387869777,0.227096699982405,1.1646085545867255,0.009966777408637873,0.6959635018154935,0.45040387799381165,0.577494031550221,0.6138895491452095,0.3263368075903289,0.5643684643607974,1.1356002326776096,0.5249602668498616,308.33763245413996,1999,0.15424593919666832,5.255503748442337,0.1303766054757473,0.28852204753178134,47.96496656369882,6.428392523627822,9,1.0,0.43582664713744457,3191.0,0.21888445342546553,0.22367752980154385,0.00479307637607831,0.6298160414257797,0.6490904170371834,0.019274375611403584,49.1406313858769,17.0,0.9565,0.04397801099450275,0.454,,,,,,,,,,,,,
MULTI_5a45,MULTI,comum,so_INI,"BASE_V6_MOM (fixo, sem flag)",-,450,0.5839183834415212,0.13421417087995743,1.0313637777308047,0.006644518272425249,0.6895217855309852,0.33718120786279127,0.16620769783531786,0.535588344401914,0.6785395083587119,0.553049281653126,0.7486028409963381,0.4596077925831781,262.7632725486846,2041,0.12874241673134962,5.1999835348348205,0.11229235237570222,0.23811929343020768,73.92672795764824,3.554374443560097,9,1.0,0.16743505938607472,3191.0,0.22444054119397885,0.22367752980154385,-0.0007630113924350029,0.6477606483326892,0.6490904170371834,0.0013297687044941412,75.80179547351308,16.0,0.839,0.16141929035482258,0.063,,,,,,,,,,,,,
MULTI_5a45,MULTI,comum,so_INI,FIXO_TUDO_INI (sem flag),-,450,0.35123761543705256,-0.06903840389149832,0.7331511545418903,0.046511627906976744,0.0,0.0,0.19019956610504735,0.43105381849303387,0.3957542817640464,0.5176654928348702,0.9946154215976426,0.5806495183649125,158.05692694667366,1330,0.1188397946967471,4.633028407786118,0.07581166885287687,0.15473946752515605,65.76550126956492,2.4033410206791737,9,0.6666666666666666,0.0,2004.0,0.22805224908941163,0.22280665051107196,-0.00524559857833967,0.6496641489208074,0.6456533104965984,-0.00401083842420908,66.76550126956492,17.0,0.2215,0.7786106946526736,0.1345,,,,,,,,,,,,,
MULTI_5a45,MULTI,comum,so_INI,FIXO_TUDO_INI_CALR (sem flag),-,450,0.5648797596552494,0.014072165597691689,1.2065880642818065,0.053156146179401995,0.0,0.0,0.8057937713009835,0.8499963199918834,0.4387552111480217,0.796738501715979,1.2974099359996174,0.830356323975003,254.19589184486233,1235,0.20582663307276303,6.325529047452424,0.08930158338024738,0.1899295673477976,98.2227548153974,2.5879531919320042,13,0.6666666666666666,0.0,2004.0,0.21690037043928737,0.22280665051107196,0.005906280071784577,0.6233390220942955,0.6456533104965984,0.022314288402302842,98.22275481539741,38.0,0.8015,0.19890054972513743,0.003,,,,,,,,,,,,,
MULTI_5a45,MULTI,comum,so_INI,FIXO_V6E_INI (sem flag),-,450,0.6851947387869777,0.227096699982405,1.1646085545867255,0.009966777408637873,0.6959635018154935,0.45040387799381165,0.577494031550221,0.6138895491452095,0.3263368075903289,0.5643684643607974,1.1356002326776096,0.5249602668498616,308.33763245413996,1999,0.15424593919666832,5.255503748442337,0.1303766054757473,0.28852204753178134,47.96496656369882,6.428392523627822,9,1.0,0.43582664713744457,3191.0,0.21888445342546553,0.22367752980154385,0.00479307637607831,0.6298160414257797,0.6490904170371834,0.019274375611403584,49.1406313858769,17.0,0.9565,0.04397801099450275,0.454,,,,,,,,,,,,,
MULTI_5a45,MULTI,comum,so_INI,FIXO_V6WR_INI (sem flag),-,450,0.5497024991314099,0.11572488972040665,0.9607126310076369,0.006644518272425249,0.6641979785571398,0.3224147234953524,0.11463381324002726,0.5007627852258872,0.4833407760121753,0.47420148104237664,0.8793896890034324,0.5257810544901762,247.36612460913452,2033,0.12167541790906765,5.163103783314311,0.10646745101423154,0.22713181060939175,61.32254292169608,4.0338530142985265,9,1.0,0.06643967678805102,3191.0,0.2241890737874341,0.22367752980154385,-0.0005115439858902553,0.646267281268438,0.6490904170371834,0.0028231357687453548,62.49820774387403,15.0,0.77,0.2303848075962019,0.1895,,,,,,,,,,,,,
MULTI_5a45,MULTI,comum,so_INI,FIXO_V6_INI (sem flag),-,450,0.5530537270500094,0.15914680973031983,0.936398891098863,0.0033222591362126247,0.6747068209188504,0.31917242071760277,0.1287542478343366,0.49355607403711443,0.4758754009147549,0.4626417587223914,0.8720518915976756,0.5217419393970611,248.87417717250423,2037,0.12217681746318322,5.164750394633026,0.10708237277540415,0.2291322608989532,60.24756516823996,4.130858674164321,9,1.0,0.08301981820729802,3191.0,0.22412451480232756,0.22367752980154385,-0.0004469850007837134,0.646047512632195,0.6490904170371834,0.003042904404988451,61.42322999041794,15.0,0.777,0.22338830584707647,0.205,,,,,,,,,,,,,
MULTI_5a45,MULTI,comum,so_INI,FAVORITO (todos os jogos),-,450,-0.6330390609088642,-1.0252666762484073,-0.22574687583233938,0.9966777408637874,-0.38287591954466405,0.34507922999301616,-0.6337642361293977,0.4254220203906782,-0.4769483915675697,0.4379905491453913,-1.163649267075925,0.4200133480831586,-284.86757740898895,3136,-0.09083787544929495,4.056121340167539,-0.1560700501338346,-0.17454308115649117,304.809794553352,-0.9345748807921838,5,0.0,-0.9133893967534973,,,,,,,,,,0.0,1.0,0.0,,,,,,,,,,,,,
MULTI_5a45,MULTI,comum,so_INI,ZEBRA (todos os jogos),-,450,0.5828896040472313,-0.2505696708866736,1.3950066038001705,0.07641196013289037,0.2451344515406744,0.7090269381808548,0.7155004331682825,0.9146438889237685,0.08263366224557413,0.9072769166250987,1.4571674454876722,0.9111153703357531,262.30032182125393,2642,0.09928096965225357,8.782122805141114,0.06637229027428355,0.13097162128419007,112.50436605069832,2.331467933458266,13,1.0,0.24513445154067445,,,,,,,,,,0.8375,0.1629185407296352,0.0005,,,,,,,,,,,,,
MULTI_5a45,MULTI,comum,so_INI,VIG_MERCADO (dutching: perde a margem 1/S − 1),-,450,-0.2469580257867729,-0.2632348726499335,-0.23219898746878503,1.0,-0.24679811191685563,0.011311141426037154,-0.24582257617059028,0.021823265242831017,-0.24924840123177783,0.01747047425383349,-0.24604297076282652,0.012669811285979205,-111.1311116040478,3136,-0.03543721671047443,0.16210493112626467,-1.5234454872592096,-0.8398957187366903,111.1311116040478,-1.0,60,0.0,-0.25779506971590604,,,,,,,,,,0.0,1.0,0.0005,,,,,,,,,,,,,
FIRST_10a35,FIRST,propria,todas,bsskill_todas,a_cada_2,450,0.023285173233591985,-0.08645993134344002,0.1210051027106472,0.2956810631229236,0.00822575630609429,0.06634499138434304,0.0584092857213002,0.06191794032031368,0.018578447599569215,0.1527446818515597,0.015456911771153053,0.15573860145623217,10.478327955116395,188,0.05573578699529998,0.929961098536859,0.025038868045370262,0.04688395503729835,17.640933339821995,0.5939780936342525,6,0.6666666666666666,-0.001438036638218024,1126.0,0.2105733846495996,0.21346002195363653,0.0028866373040369493,0.6111416224841499,0.6219643826093688,0.010822760125218897,17.640933339821995,16.0,0.16,0.84007996001999,0.554,0.11253724097454088,0.08925206774094889,0.5025720164609053,0.5,6.0,20.0,7.0,0.0,0.0,1.0,V6E_MOM|cPROBSgrande 36% · TUDO_INI_CALR|bipro30 26% · TUDO_INI_CALR|cWRgrande 15%,t10 123 · t15 46 · t20 11 · t25 7 · t30 1,True
FIRST_10a35,FIRST,propria,todas,bsskill_todas,bloco_motor,450,0.010426541002368967,-0.07108787463390515,0.09446964089818223,0.3488372093023256,-0.028086061570504056,0.043832028655663914,0.04793275320907091,0.09799352278182472,0.018386271082198667,0.09656076532410841,0.022729502575146877,0.08568553143876777,4.691943451066036,150,0.03127962300710691,0.8859481917697732,0.011768793140760151,0.02318599917943485,14.136637624159013,0.33189953479798273,3,0.3333333333333333,-0.028086061570504056,919.0,0.21898769679717653,0.22230444094200502,0.0033167441448284794,0.6293127624289232,0.6437443146735252,0.014431552244602052,14.136637624159013,7.0,0.096,0.904047976011994,0.7955,0.09711729100306325,0.08538743237539817,0.4737654320987654,0.5,6.0,4.0,4.0,0.0,0.1111111111111111,1.0,V6E_MOM|cPROBSgrande 50% · TUDO_INI_CALR|bisolo 25% · TUDO_INI_CALR|bipro30 12%,t10 100 · t15 37 · t20 8 · t25 4 · t30 1,
FIRST_10a35,FIRST,propria,todas,llskill_todas,a_cada_2,450,0.07418313476231164,-0.011982052636792587,0.18792031751531624,0.08970099667774087,0.03821315666549063,0.07300451265623528,0.07556167642097492,0.06873774879898026,-0.004419502481889616,0.11977354263821625,0.20536219749308102,0.17649652906130853,33.38241064304023,191,0.17477701907350907,0.9964794887689504,0.07444521999540342,0.15284755839649086,14.165290120477803,2.356634446532199,3,1.0,0.009996890494898446,1135.0,0.2161109439459584,0.2211754145967961,0.005064470650837711,0.623027841564115,0.6436558607378311,0.020628019173716188,14.165290120477803,9.0,0.675,0.32533733133433285,0.795,0.1174501563762004,0.04326702161388876,0.5236625514403292,0.5,6.0,20.0,8.0,0.0,0.0,1.0,TUDO_INI_CALR|bipro30 47% · V6E_MOM|cPROBSgrande 32% · V6E_MOM|cWRgrande 12%,t10 126 · t15 49 · t20 10 · t25 5 · t30 1,True
FIRST_10a35,FIRST,propria,todas,llskill_todas,bloco_motor,450,0.05345803553438826,-0.04351859563366884,0.17732036921652247,0.17275747508305647,-0.028086061570504056,0.043832028655663914,0.04793275320907091,0.09799352278182472,0.018386271082198667,0.09656076532410841,0.2163712279692337,0.17875993854388397,24.056115990474716,148,0.1625413242599643,0.9349036915488574,0.057180259333262644,0.12157929645657371,14.136637624159013,1.7016858343573626,3,0.3333333333333333,-0.028086061570504056,892.0,0.21448085209383402,0.2210559831340513,0.006575131040217288,0.6196694679203483,0.6426148539909063,0.022945386070558172,14.136637624159013,9.0,0.449,0.551224387806097,0.7955,0.10316397578769095,0.043023685811504155,0.5324074074074074,0.5,6.0,4.0,3.0,0.0,0.1111111111111111,1.0,V6E_MOM|cPROBSgrande 50% · TUDO_INI_CALR|bipro30 38% · TUDO_INI_CALR|bisolo 12%,t10 102 · t15 32 · t20 9 · t25 4 · t30 1,
FIRST_10a35,FIRST,propria,todas,brier_todas,a_cada_2,450,0.07763564395561509,-0.005170639100501075,0.16855984990373657,0.05647840531561462,0.0050040077105393856,0.056507966179396414,0.11563049963057273,0.10275163538691459,0.03785598697147998,0.08575893580292976,0.18836789963240608,0.12482827029176002,34.93603978002679,183,0.19090732120233217,1.0153184640646042,0.07646432789650831,0.16149190101094393,15.500827400881956,2.2538177399510313,4,1.0,0.0050040077105393795,1099.0,0.22034374248127703,0.23007306457352636,0.009729322092249344,0.6330146862725445,0.6632318608827535,0.030217174610208956,15.500827400881956,10.0,0.713,0.28735632183908044,0.707,-0.00787989797658884,-0.08551554193220393,0.5565843621399177,0.5,6.0,12.0,4.0,0.0,0.0,0.9911111111111112,TUDO_INI_CALR|bisolo30 47% · V6E_MOM|cPROBSgrande 44% · V6E_INI|bisolo35mais 9%,t10 120 · t15 45 · t20 11 · t25 5 · t30 2,True
FIRST_10a35,FIRST,propria,todas,brier_todas,bloco_motor,450,0.05662323996456351,-0.028372444396890382,0.13093873049075513,0.07973421926910298,-0.028086061570504056,0.043832028655663914,0.04793275320907091,0.09799352278182472,0.06063301935481487,0.08425558465722725,0.18836789963240608,0.12482827029176002,25.48045798405358,156,0.1633362691285486,0.970798404514575,0.05832646582570007,0.12522961896305088,11.972896186582233,2.1281783109928725,4,0.6666666666666666,-0.028086061570504056,946.0,0.213827547203988,0.22202023856986383,0.008192691365875833,0.6153091354878765,0.6391499048827936,0.023840769394917038,11.972896186582233,10.0,0.489,0.5112443778110944,0.9025,-0.0018714599753375217,-0.06557260493547147,0.566358024691358,0.5,6.0,3.0,3.0,0.0,0.1111111111111111,1.0,V6E_MOM|cPROBSgrande 50% · TUDO_INI_CALR|bisolo30 38% · V6E_INI|bisolo35mais 12%,t10 100 · t15 44 · t20 7 · t25 4 · t30 1,
FIRST_10a35,FIRST,propria,todas,ll_todas,a_cada_2,450,0.08751707406323735,4.312707203408693e-05,0.17706687304312785,0.036544850498338874,0.034648298033406216,0.0646047935335636,0.11563049963057273,0.10275163538691459,0.03785598697147998,0.08575893580292976,0.18836789963240608,0.12482827029176002,39.38268332845682,186,0.21173485660460656,1.0463165652933062,0.08364301681365843,0.18032091972698203,15.500827400881954,2.540682655831395,4,1.0,0.03227717916170811,1116.0,0.22216077641653662,0.232173763509969,0.01001298709343238,0.6373737499782105,0.6683166416748784,0.03094289169666788,15.500827400881954,10.0,0.803,0.19740129935032483,0.707,-0.007210665270583261,-0.0947277393338206,0.5843621399176956,0.5,6.0,14.0,4.0,0.0,0.0,0.9822222222222222,TUDO_INI_CALR|bisolo30 47% · V6E_MOM|cPROBSgrande 43% · V6E_INI|bisolo35mais 9%,t10 121 · t15 46 · t20 12 · t25 5 · t30 2,True
FIRST_10a35,FIRST,propria,todas,ll_todas,bloco_motor,450,0.05662323996456351,-0.028372444396890382,0.13093873049075513,0.07973421926910298,-0.028086061570504056,0.043832028655663914,0.04793275320907091,0.09799352278182472,0.06063301935481487,0.08425558465722725,0.18836789963240608,0.12482827029176002,25.48045798405358,156,0.1633362691285486,0.970798404514575,0.05832646582570007,0.12522961896305088,11.972896186582233,2.1281783109928725,4,0.6666666666666666,-0.028086061570504056,946.0,0.213827547203988,0.22202023856986383,0.008192691365875833,0.6153091354878765,0.6391499048827936,0.023840769394917038,11.972896186582233,10.0,0.489,0.5112443778110944,0.9025,-0.0018714599753375217,-0.06557260493547147,0.566358024691358,0.5,6.0,3.0,3.0,0.0,0.1111111111111111,1.0,V6E_MOM|cPROBSgrande 50% · TUDO_INI_CALR|bisolo30 38% · V6E_INI|bisolo35mais 12%,t10 100 · t15 44 · t20 7 · t25 4 · t30 1,
FIRST_10a35,FIRST,propria,todas,bsskill_entradas,a_cada_2,450,0.03418726310756471,-0.05906773225020192,0.12504647447517478,0.19601328903654486,0.05695520660954704,0.06160167782365953,-0.007060524962122962,0.09013977698284918,0.0013585196215034178,0.1084975953309539,0.07411187941034023,0.14402292102362205,15.38426839840412,204,0.07541308038433392,1.036318858883768,0.03298913535587709,0.06592921520063914,21.91755013947715,0.7019155106525568,4,0.6666666666666666,-0.021055117044210564,1186.0,0.23226103422285835,0.23454742194285036,0.002286387719991995,0.6675676092418575,0.6839885193934243,0.016420910151566756,21.91755013947715,13.0,0.2495,0.750624687656172,0.283,0.13473024585632296,0.10054298274875825,0.45884773662551437,0.5,6.0,39.0,13.0,0.0,0.0,0.9955555555555555,V6WR_INI|cWRgrande 27% · TUDO_INI_CALR|bipro30 24% · V6_MOM|cWRgrande 14%,t10 130 · t15 55 · t20 14 · t25 5,True
FIRST_10a35,FIRST,propria,todas,bsskill_entradas,bloco_motor,450,-0.032927249115714055,-0.09440316416608475,0.022837852085728194,0.8438538205980066,0.024365901671744905,0.02612720153852749,-0.007704301609519519,0.08586668814569806,-0.03274140123843315,0.07321137454252567,-0.14427577068037792,0.08357452805486915,-14.817262102071325,181,-0.08186332653078081,0.8945629073862184,-0.036808198555787035,-0.064853394379018,28.635264614568094,-0.5174480592902604,6,0.3333333333333333,-0.06966492996654892,1075.0,0.22292863492231746,0.22481078084030062,0.0018821459179831743,0.6433185117133846,0.6550688267764393,0.011750315063054692,28.635264614568094,14.0,0.0035,0.9965017491254373,0.083,0.14040400554864857,0.1774471608038269,0.2767489711934156,0.16666666666666666,6.0,5.0,5.0,0.0,0.1111111111111111,1.0,V6WR_INI|cWRgrande 50% · TUDO_INI_CALR|bipro30 12% · V6E_INI|cWRgrande 12%,t10 123 · t15 45 · t20 11 · t25 2,
FIRST_10a35,FIRST,propria,todas,llskill_entradas,a_cada_2,450,0.06580253421694231,-0.0270945936348613,0.16855398731534454,0.08970099667774087,0.07136175230626106,0.05882698971932772,0.045282783154621635,0.07729774225267423,0.10753151740460767,0.15773428092929334,0.03625447495761956,0.1089651990455016,29.611140397624048,208,0.14236125191165408,1.0501556150799447,0.06265979372203137,0.12796034309577214,15.646326049222242,1.8925299335108754,3,1.0,0.0184131083508532,1218.0,0.2284950776752504,0.23155918086553237,0.0030641031902819728,0.6585003842187025,0.6763684279793934,0.017868043760690892,15.646326049222242,10.0,0.585,0.41529235382308843,0.6995,0.13154341845756856,0.06574088424062625,0.6080246913580246,0.6666666666666666,6.0,32.0,11.0,0.0,0.0,0.9955555555555555,V6WR_INI|cWRgrande 27% · TUDO_INI_CALR|bipro30 26% · TUDO_INI_CALR|cPROBSgrande 16%,t10 138 · t15 55 · t20 9 · t25 5 · t30 1,True
FIRST_10a35,FIRST,propria,todas,llskill_entradas,bloco_motor,450,-0.015971784253531626,-0.07830475851070688,0.04404507849150617,0.6943521594684385,0.024365901671744905,0.02612720153852749,-0.007704301609519519,0.08586668814569806,-0.03274140123843315,0.07321137454252567,-0.06797617880055698,0.07510725181995057,-7.187302914089231,174,-0.04130633858671972,0.9076481779154237,-0.017596889017299285,-0.03230452424107079,21.125582894633673,-0.34021796936618265,2,0.3333333333333333,-0.05348271905233813,1047.0,0.22311192450641182,0.2256636883513522,0.002551763844940384,0.6439675432449088,0.6577257026002158,0.013758159355307024,21.125582894633673,9.0,0.0155,0.9845077461269365,0.331,0.13485269652916218,0.15282095381438526,0.2860082304526749,0.16666666666666666,6.0,5.0,5.0,0.0,0.1111111111111111,1.0,V6WR_INI|cWRgrande 50% · TUDO_INI_CALR|bipro30 12% · V6E_INI|cWRgrande 12%,t10 123 · t15 41 · t20 9 · t25 1,
FIRST_10a35,FIRST,propria,todas,brier_entradas,a_cada_2,450,0.0579717271333616,-0.040368796238819046,0.14189956140182103,0.11627906976744186,-0.007717808527108859,0.05339311452891474,0.03677935248167337,0.10150575536841855,0.03785598697147998,0.08575893580292976,0.19781414543763712,0.1271517103031913,26.08727721001271,177,0.14738574694922435,0.9870985801773345,0.05872942003720322,0.12176498241232867,17.00672692964887,1.5339387360029377,4,0.3333333333333333,-0.020290252270891453,1049.0,0.21763692374157825,0.22451751933415015,0.006880595592571906,0.6284905626967747,0.648062609701569,0.019572047004794316,17.00672692964887,11.0,0.5025,0.49775112443778113,0.5955,-0.0007796099889359532,-0.058751337122297555,0.4927983539094651,0.5,6.0,17.0,9.0,0.0,0.0,0.9955555555555555,V6E_MOM|cPROBSgrande 46% · TUDO_INI_CALR|bisolo30 37% · V6WR_INI|cPROBSgrande 5%,t10 112 · t15 45 · t20 12 · t25 5 · t30 2 · t35 1,True
FIRST_10a35,FIRST,propria,todas,brier_entradas,bloco_motor,450,0.057441594820941265,-0.02559517615801888,0.13999515676135582,0.08305647840531562,-0.028086061570504056,0.043832028655663914,0.04793275320907091,0.09799352278182472,0.06431561620851474,0.07683639199153854,0.18836789963240608,0.12482827029176002,25.848717669423564,158,0.1635994789204023,0.9560932486814674,0.06007949004990678,0.12635466244074817,11.90773583854412,2.170750008221875,4,0.6666666666666666,-0.028086061570504056,946.0,0.2141573276986203,0.22202023856986383,0.007862910871243524,0.616850591242836,0.6391499048827936,0.022299313639957484,11.90773583854412,10.0,0.4975,0.5027486256871564,0.906,0.0064838799332181726,-0.05813791424034074,0.5704732510288065,0.5,6.0,3.0,3.0,0.0,0.1111111111111111,1.0,V6E_MOM|cPROBSgrande 50% · TUDO_INI_CALR|bisolo30 38% · TUDO_INI_CALR|bisolo35mais 12%,t10 100 · t15 43 · t20 7 · t25 5 · t30 2 · t35 1,
FIRST_10a35,FIRST,propria,todas,ll_entradas,a_cada_2,450,0.05290223095608838,-0.0523568936861776,0.13726625469504236,0.07973421926910298,-0.0010511418604421921,0.056842668365324575,0.03677935248167337,0.10150575536841855,0.03785598697147998,0.08575893580292976,0.16500141263990759,0.12750407571031686,23.80600393023977,182,0.1308022193969218,0.987116437573364,0.053592695798013804,0.11004329209535481,17.00672692964887,1.39979926935484,4,0.3333333333333333,-0.020290252270891453,1084.0,0.21508403864485656,0.22207395665101673,0.006989918006160168,0.6209075869597805,0.6419749761692525,0.021067389209471873,17.00672692964887,11.0,0.442,0.5582208895552224,0.5955,-0.0016654124493250993,-0.05456764340541347,0.4933127572016461,0.5,6.0,8.0,7.0,0.0,0.0,0.9955555555555555,V6E_MOM|cPROBSgrande 52% · TUDO_INI_CALR|bisolo30 36% · TUDO_MOM|bisolo35mais 7%,t10 116 · t15 46 · t20 11 · t25 6 · t30 2 · t35 1,True
FIRST_10a35,FIRST,propria,todas,ll_entradas,bloco_motor,450,0.057441594820941265,-0.02559517615801888,0.13999515676135582,0.08305647840531562,-0.028086061570504056,0.043832028655663914,0.04793275320907091,0.09799352278182472,0.06431561620851474,0.07683639199153854,0.18836789963240608,0.12482827029176002,25.848717669423564,158,0.1635994789204023,0.9560932486814674,0.06007949004990678,0.12635466244074817,11.90773583854412,2.170750008221875,4,0.6666666666666666,-0.028086061570504056,946.0,0.2141573276986203,0.22202023856986383,0.007862910871243524,0.616850591242836,0.6391499048827936,0.022299313639957484,11.90773583854412,10.0,0.4975,0.5027486256871564,0.906,0.0064838799332181726,-0.05813791424034074,0.5704732510288065,0.5,6.0,3.0,3.0,0.0,0.1111111111111111,1.0,V6E_MOM|cPROBSgrande 50% · TUDO_INI_CALR|bisolo30 38% · TUDO_INI_CALR|bisolo35mais 12%,t10 100 · t15 43 · t20 7 · t25 5 · t30 2 · t35 1,
FIRST_10a35,FIRST,propria,todas,ppg,a_cada_2,450,0.08235659491819788,-0.02925516501866291,0.1924922928564569,0.09302325581395349,0.07096396749878067,0.08006881491673806,0.16722192678735986,0.07975846579881166,0.003682774224035481,0.12445819486080596,0.09325402487232413,0.14714799008819937,37.06046771318905,277,0.13379230221367888,1.21021326505721,0.06805130739853911,0.1385498554078912,14.700361294956174,2.5210582903091523,5,1.0,0.07062641944904519,1629.0,0.22339591243893,0.22533232132511544,0.0019364088861854188,0.6423946979891298,0.6556844775172025,0.01328977952807255,14.700361294956174,12.0,0.7595,0.24087956021989004,0.762,0.1600470108383841,0.07769041592018622,0.6018518518518519,0.5,6.0,31.0,10.0,0.0,0.0,0.6755555555555556,TUDO_INI_CALR|bipro30 31% · V6E_INI 28% · TUDO_INI_CALR|cWRgrande 14%,t10 197 · t15 58 · t20 16 · t25 5 · t30 1,True
FIRST_10a35,FIRST,propria,todas,ppg,bloco_motor,450,-0.020510176237510783,-0.09847613287881027,0.045623403767168794,0.6777408637873754,0.024365901671744905,0.02612720153852749,0.01888883415937217,0.12492705060864867,-0.0034577090554101676,0.07533278642909087,-0.14427577068037792,0.08357452805486915,-9.229579306879849,215,-0.04292827584595278,1.0339597738590756,-0.019836532093468306,-0.03677152413234501,31.158978568238886,-0.2962093024540858,8,0.3333333333333333,-0.05014246851120025,1282.0,0.2110271645017637,0.21392739729511542,0.0029002327933517194,0.6150739062962178,0.6275113115235762,0.012437405227358369,31.158978568238886,14.0,0.0095,0.9905047476261869,0.047,0.163855491819253,0.18692944008645263,0.32510288065843623,0.16666666666666666,6.0,6.0,6.0,0.0,0.1111111111111111,0.75,V6WR_INI|cWRgrande 25% · V6E_INI 25% · TUDO_INI_CALR|bipro30 12%,t10 146 · t15 50 · t20 16 · t25 2 · t30 1,
FIRST_10a35,FIRST,propria,todas,lucro,a_cada_2,450,0.038783185315596505,-0.05808106368343272,0.1349578362803746,0.1893687707641196,0.07096396749878067,0.08006881491673806,0.01888883415937217,0.12492705060864867,-0.013563176298434216,0.10038987716208736,0.06275272481107538,0.1028396351008705,17.452433392018424,318,0.05488186601263655,1.2639943242171066,0.030683037552101396,0.06032443461007791,22.029253092702362,0.7922389977806328,8,0.6666666666666666,-0.012902903319547103,1894.0,0.22402421473987408,0.22701929389535855,0.0029950791554844525,0.6426616813891776,0.6591200475638863,0.01645836617470876,22.029253092702362,11.0,0.285,0.7151424287856072,0.279,0.12089055530793863,0.08210736999234212,0.4495884773662551,0.5,6.0,20.0,8.0,0.0,0.0,0.4577777777777778,V6E_INI 49% · V6E_INI|cWRgrande 18% · V6WR_INI|cWRgrande 11%,t10 223 · t15 74 · t20 20 · t25 1,True
FIRST_10a35,FIRST,propria,todas,lucro,bloco_motor,450,0.01870923583574705,-0.05928268762271059,0.09411369026495144,0.36212624584717606,0.024365901671744905,0.02612720153852749,0.01888883415937217,0.12492705060864867,-0.008864191036632347,0.10357318489676447,0.037618065630504495,0.1002692726320533,8.419156126086175,267,0.031532419947888295,1.1895537352296202,0.015727945095423197,0.030991341975536303,27.58702636027509,0.30518534386908897,8,0.6666666666666666,-0.019835821738543112,1619.0,0.2182401067878974,0.22420610294287488,0.00596599615497748,0.6294971192527212,0.6516820620170858,0.022184942764364557,27.58702636027509,11.0,0.137,0.8630684657671165,0.1065,0.12486719213877842,0.103819301823563,0.42283950617283944,0.16666666666666666,6.0,5.0,4.0,0.0,0.1111111111111111,0.5,V6E_INI 50% · V6WR_INI|cWRgrande 25% · V6E_INI|cWRgrande 12%,t10 180 · t15 69 · t20 17 · t25 1,
FIRST_10a35,FIRST,propria,todas,roi,a_cada_2,450,0.0711611498106325,-0.028490992194102338,0.16744108559788762,0.08970099667774087,0.0724537524433398,0.06204271176048331,0.023237649507595545,0.09574409638756504,0.024632735586263794,0.1520577931049196,0.1636741603889772,0.1563401619981234,32.02251741478462,205,0.15620740202333963,1.0492271623170053,0.0678224433815529,0.13955849672850562,15.62510382031418,2.049427497124991,3,0.6666666666666666,-0.02536309873746436,1209.0,0.22473380932058126,0.2257849041307411,0.0010510948101598262,0.6492618799128316,0.6593044768127642,0.010042596899932515,15.62510382031418,10.0,0.648,0.3523238380809595,0.701,0.14537667919644512,0.07421552938581262,0.5606995884773663,0.5,6.0,26.0,11.0,0.0,0.0,0.9955555555555555,TUDO_INI_CALR|bipro30 31% · V6WR_MOM|cWRgrande 21% · TUDO_INI_CALR|cWRgrande 17%,t10 135 · t15 52 · t20 11 · t25 6 · t30 1,True
FIRST_10a35,FIRST,propria,todas,roi,bloco_motor,450,-0.020253492882962264,-0.08772435496680311,0.04341183578410438,0.7408637873754153,0.024365901671744905,0.02612720153852749,0.020043909254840547,0.08522219695159886,-0.0034577090554101676,0.07533278642909087,-0.14427577068037792,0.08357452805486915,-9.114071797333018,175,-0.052080410270474393,0.9177987776020164,-0.022067465524283746,-0.04023961000060514,22.932074309829787,-0.39743774044139957,6,0.3333333333333333,-0.05014246851120025,1022.0,0.219360019866179,0.21873101500119038,-0.0006290048649886496,0.6352702629460959,0.6380445493372733,0.0027742863911773925,22.932074309829787,14.0,0.0095,0.9905047476261869,0.242,0.14916023152065955,0.1719454110139921,0.3343621399176954,0.16666666666666666,6.0,6.0,6.0,0.0,0.1111111111111111,1.0,V6WR_INI|cWRgrande 25% · V6WR_MOM|cWRgrande 25% · TUDO_INI_CALR|bipro30 12%,t10 117 · t15 42 · t20 13 · t25 2 · t30 1,
FIRST_10a35,FIRST,propria,todas,sharpe,a_cada_2,450,0.05190321518830453,-0.05294436154866109,0.17206026331374494,0.1893687707641196,0.0530231085049587,0.06491988508825998,-0.010258143660042358,0.10578339611919199,0.030613788860997526,0.16003660204894138,0.1336741603889772,0.1637821174177534,23.356446834737035,210,0.11122117540350969,1.0596921671524975,0.04897952140929176,0.09887572380949337,18.97468313707797,1.2309268442589572,5,0.6666666666666666,-0.04769362751588966,1238.0,0.22179164855204195,0.22364057124886044,0.0018489226968185037,0.6421850947931745,0.6544061464128867,0.012221051619712247,18.97468313707797,13.0,0.4295,0.5707146426786607,0.4635,0.14446152457584424,0.09255830938753971,0.4259259259259259,0.3333333333333333,6.0,25.0,11.0,0.0,0.0,0.9955555555555555,TUDO_INI_CALR|bipro30 26% · V6WR_MOM|cWRgrande 21% · V6E_MOM|cWRgrande 21%,t10 141 · t15 50 · t20 12 · t25 6 · t30 1,True
FIRST_10a35,FIRST,propria,todas,sharpe,bloco_motor,450,-0.0036475490675471414,-0.08323198947091844,0.08449409729781641,0.5149501661129569,0.027184717494664393,0.02886845768199795,0.020043909254840547,0.08522219695159886,0.06704081437957866,0.1602883499682591,-0.14427577068037792,0.08357452805486915,-1.6413970803962132,182,-0.00901866527690227,0.9711132113340002,-0.0037560492689998224,-0.007153432258542323,18.47712453967435,-0.088834010772173,6,0.3333333333333333,-0.03498391180943142,1075.0,0.22578042522998598,0.22481078084030062,-0.0009696443896853473,0.6487744253788678,0.6550688267764393,0.006294401397571545,18.47712453967435,14.0,0.0395,0.960519740129935,0.489,0.14718071453749904,0.15128420723848957,0.35802469135802467,0.16666666666666666,6.0,5.0,5.0,0.0,0.1111111111111111,1.0,V6E_MOM|cWRgrande 25% · V6WR_MOM|cWRgrande 25% · TUDO_INI_CALR|cWRgrande 25%,t10 121 · t15 42 · t20 15 · t25 3 · t30 1,
FIRST_10a35,FIRST,propria,todas,sortino,a_cada_2,450,0.05838009650109823,-0.05357430951197354,0.15791045036042892,0.15614617940199335,0.06578708577667314,0.062369769195545086,0.009741856339957642,0.10007634224093781,0.010613788860997526,0.15170929876194314,0.14367416038897718,0.167992274221441,26.271043425494206,209,0.12569877237078567,1.0581305511131858,0.05517286731744073,0.1121220810927299,17.71290359476144,1.4831584943116736,5,0.6666666666666666,-0.041026960849222964,1229.0,0.22540763424475052,0.22794645182033924,0.0025388175755887183,0.6512847688781184,0.666605702567994,0.01532093368987569,17.71290359476144,12.0,0.5065,0.49375312343828087,0.5475,0.14461197069781379,0.08623187419671555,0.4742798353909465,0.3333333333333333,6.0,26.0,11.0,0.0,0.0,0.9955555555555555,TUDO_INI_CALR|bipro30 28% · V6WR_MOM|cWRgrande 21% · V6E_MOM|cWRgrande 20%,t10 140 · t15 51 · t20 11 · t25 6 · t30 1,True
FIRST_10a35,FIRST,propria,todas,sortino,bloco_motor,450,-0.0036475490675471414,-0.08323198947091844,0.08449409729781641,0.5149501661129569,0.027184717494664393,0.02886845768199795,0.020043909254840547,0.08522219695159886,0.06704081437957866,0.1602883499682591,-0.14427577068037792,0.08357452805486915,-1.6413970803962132,182,-0.00901866527690227,0.9711132113340002,-0.0037560492689998224,-0.007153432258542323,18.47712453967435,-0.088834010772173,6,0.3333333333333333,-0.03498391180943142,1075.0,0.22578042522998598,0.22481078084030062,-0.0009696443896853473,0.6487744253788678,0.6550688267764393,0.006294401397571545,18.47712453967435,14.0,0.0395,0.960519740129935,0.489,0.14718071453749904,0.15128420723848957,0.35802469135802467,0.16666666666666666,6.0,5.0,5.0,0.0,0.1111111111111111,1.0,V6E_MOM|cWRgrande 25% · V6WR_MOM|cWRgrande 25% · TUDO_INI_CALR|cWRgrande 25%,t10 121 · t15 42 · t20 15 · t25 3 · t30 1,
FIRST_10a35,FIRST,propria,todas,calmar,a_cada_2,450,0.09241465467047817,0.013623752677098094,0.18510593640027018,0.029900332225913623,0.07705897949090548,0.06034954322707095,0.09629852335848518,0.07859123208727892,0.08712630040792498,0.13813116028325076,0.1168526530143834,0.13722913974574236,41.586594601715184,208,0.19993555096978455,1.0644871587729738,0.08681612916496224,0.18280925623598424,11.187902811101335,3.717103670265206,6,1.0,0.04118424850286154,1224.0,0.2278524903922079,0.2317044509029149,0.0038519605107070055,0.6560661289956684,0.6733790481829383,0.01731291918726984,11.187902811101335,11.0,0.837,0.1634182908545727,0.9335,0.13644325183663586,0.04402859716615769,0.6399176954732511,0.6666666666666666,6.0,14.0,8.0,0.0,0.0,0.9955555555555555,V6E_MOM|cWRgrande 26% · V6WR_MOM|cWRgrande 22% · TUDO_INI_CALR|bipro30 22%,t10 131 · t15 60 · t20 10 · t25 6 · t30 1,True
FIRST_10a35,FIRST,propria,todas,calmar,bloco_motor,450,-0.015657256903965706,-0.08594795741908676,0.05948902994495352,0.6644518272425249,0.024365901671744905,0.02612720153852749,0.020043909254840547,0.08522219695159886,-0.011399133685472984,0.07521131518273493,-0.11565128414483059,0.12165549377663357,-7.045765606784566,185,-0.03808521949613279,0.9536585210844103,-0.016418095741609642,-0.030576018379114216,20.863768119281332,-0.3377034084400696,6,0.3333333333333333,-0.03635376057421059,1085.0,0.22427344032171595,0.2270309095732778,0.0027574692515618562,0.6458208238572285,0.6585984581090816,0.012777634251853066,20.863768119281332,14.0,0.017,0.9830084957521239,0.351,0.1366872035059172,0.15430161752287863,0.33641975308641975,0.16666666666666666,6.0,6.0,6.0,0.0,0.1111111111111111,1.0,V6WR_INI|cWRgrande 25% · V6WR_MOM|cWRgrande 25% · TUDO_INI_CALR|bipro30 12%,t10 120 · t15 50 · t20 13 · t25 2,
FIRST_10a35,FIRST,propria,todas,maxdd,a_cada_2,450,0.0882567160057887,-0.023925404219181486,0.20395378829721134,0.0664451827242525,0.0774152902738593,0.06121690830128069,0.06719964374286336,0.08037866665760189,0.17008953573148333,0.1588918498052606,0.04374310714091357,0.1383637399753563,39.715522202604916,204,0.19468393236571038,1.050883851799917,0.08398332113927309,0.17770208808176874,12.819433804070982,3.098071475667882,5,1.0,0.06515239208385355,1198.0,0.23427667222662535,0.23972273813489098,0.005446065908265643,0.6701427221767967,0.694715269330712,0.024572547153915315,12.819433804070982,6.0,0.8085,0.191904047976012,0.8665,0.119992204616282,0.0317354886104933,0.6481481481481481,0.5,6.0,12.0,10.0,0.0,0.0,0.9955555555555555,V6WR_INI|cWRgrande 38% · TUDO_INI_CALR|cWRgrande 21% · TUDO_INI|bipro30 18%,t10 136 · t15 51 · t20 13 · t25 3 · t30 1,True
FIRST_10a35,FIRST,propria,todas,maxdd,bloco_motor,450,0.010548330346519632,-0.06619883401110571,0.09711366502933437,0.4219269102990033,0.024365901671744905,0.02612720153852749,-0.007704301609519519,0.08586668814569806,0.06704081437957866,0.1602883499682591,-0.04841787871833816,0.11490293255058112,4.746748655933835,179,0.026518148915831482,0.9503998546821663,0.011098834132342346,0.021238727353393494,17.135977647949193,0.27700483470821513,6,0.6666666666666666,-0.05348271905233813,1049.0,0.22758556723527584,0.22915429877279855,0.0015687315375227076,0.6536082860680923,0.6636497392350927,0.010041453167000444,17.135977647949193,14.0,0.0975,0.9025487256371814,0.5875,0.13558011644305124,0.12371324480321666,0.397119341563786,0.16666666666666666,6.0,4.0,4.0,0.0,0.1111111111111111,1.0,V6WR_INI|cWRgrande 50% · TUDO_INI_CALR|cWRgrande 25% · TUDO_INI_CALR|bipro30 12%,t10 123 · t15 42 · t20 10 · t25 3 · t30 1,
FIRST_10a35,FIRST,propria,todas,seq_ruim,a_cada_2,450,0.02210886868229486,-0.05525253424464364,0.11725810605225231,0.292358803986711,0.053318336448080025,0.05963493694406567,-0.027489141411532664,0.07450191784212234,0.06704081437957866,0.1602883499682591,-0.020039268569839185,0.08126593182280682,9.948990907032684,210,0.04737614717634611,1.0219673454242808,0.021633635146254233,0.041617013999229416,17.258005170274135,0.576485567646556,5,0.6666666666666666,-0.06667261225368024,1231.0,0.21789330091432138,0.2219280768461541,0.004034775931832716,0.627738148782821,0.644784364400012,0.01704621561719106,17.258005170274135,8.0,0.157,0.8430784607696152,0.579,0.09616741855959463,0.07405854987729976,0.34670781893004116,0.16666666666666666,6.0,12.0,11.0,0.0,0.0,0.9022222222222223,V6E_INI|cPROBSgrande 27% · TUDO_INI_CALR|cWRgrande 19% · V6WR_MOM|bisolo 14%,t10 143 · t15 44 · t20 19 · t25 3 · t30 1,True
FIRST_10a35,FIRST,propria,todas,seq_ruim,bloco_motor,450,-0.0040156917039649775,-0.10621317817435388,0.09816456298737831,0.5581395348837209,-0.003002945731085977,0.04324560145913535,0.01888883415937217,0.12492705060864867,0.05609085301735034,0.13398212768526985,-0.08854588124793594,0.09431800399454676,-1.80706126678424,219,-0.008251421309517079,1.0818616039140612,-0.003711834942137357,-0.007148623888840284,22.588060819922287,-0.08000072609997767,8,0.3333333333333333,-0.03575396187307701,1302.0,0.21402917031461363,0.21664429423648215,0.002615123921868503,0.6197648025835234,0.6348725424147152,0.015107739831191885,22.588060819922287,14.0,0.0385,0.9615192403798101,0.2545,0.11656792137087557,0.12108557453783617,0.3168724279835391,0.16666666666666666,6.0,5.0,5.0,0.0,0.1111111111111111,0.75,V6E_INI|cPROBSgrande 25% · V6E_INI 25% · TUDO_INI_CALR|bipro30 25%,t10 154 · t15 43 · t20 18 · t25 2 · t30 2,
FIRST_10a35,FIRST,propria,todas,brier_com_roi>=0,a_cada_2,450,0.07234543510558605,-0.01698120392971582,0.17953276566270218,0.08637873754152824,0.011712835411272252,0.05756040506549843,0.025388694915534984,0.09916414628656829,0.05466611797969758,0.15020259623499274,0.2279303919629963,0.10933495114380193,32.555445797513734,195,0.16695100408981403,1.050753111759021,0.0688510310328519,0.14566523051462196,22.305845626166455,1.4595028739607037,5,0.6666666666666666,-0.07177984089741972,1147.0,0.2276034305234262,0.23681970322321194,0.00921627269978578,0.6499314430857446,0.6819483199017832,0.03201687681603866,22.305845626166455,11.0,0.657,0.34332833583208394,0.265,0.03181723653033749,-0.040528198575248565,0.5349794238683128,0.6666666666666666,6.0,33.0,13.0,0.0,0.0,0.9866666666666667,V6E_MOM|cPROBSgrande 51% · TUDO_INI_CALR|bisolo35mais 16% · TUDO_INI_CALR|bisolo30 9%,t10 129 · t15 46 · t20 16 · t25 1 · t30 2 · t35 1,True
FIRST_10a35,FIRST,propria,todas,brier_com_roi>=0,bloco_motor,450,0.05541002894286907,-0.02640436883669269,0.1391077018184261,0.07641196013289037,-0.028086061570504056,0.043832028655663914,0.04793275320907091,0.09799352278182472,0.16968251734567183,0.11570651909830414,0.07385895204392413,0.07966296109617334,24.93451302429109,167,0.14930846122329994,0.9955659184342085,0.05565681580383551,0.11813457863904793,11.90773583854412,2.0939759969800997,4,0.6666666666666666,-0.028086061570504056,991.0,0.22113077520769786,0.23026202394892428,0.009131248741226441,0.632894318162848,0.6628385058944909,0.02994418773164283,11.90773583854412,10.0,0.4715,0.5287356321839081,0.906,0.03018363780196709,-0.032152644758760625,0.5632716049382717,0.5,6.0,5.0,4.0,0.0,0.1111111111111111,1.0,V6E_MOM|cPROBSgrande 50% · TUDO_INI_CALR|bisolo35mais 25% · TUDO_INI_CALR|cPROBSgrande 12%,t10 111 · t15 44 · t20 7 · t25 3 · t30 1 · t35 1,
FIRST_10a35,FIRST,propria,todas,bsskill_t_ppg>=1_relaxar,a_cada_2,450,0.061624748695018695,-0.04090756785980115,0.16585030326251954,0.12624584717607973,0.05933968451774807,0.06462978927762056,0.10344408713602574,0.08612901006307276,0.04222400574807967,0.15259978114933037,0.0426337494668566,0.14812096363788463,27.731136912758394,209,0.13268486561128418,1.041745453653919,0.05915528450723742,0.11787151414897279,15.640933339821999,1.7729847899904154,6,1.0,0.0285851643049323,1234.0,0.22161316564213307,0.22538993939713775,0.0037767737550046766,0.6390278813797299,0.6561688537386526,0.017140972358922764,15.640933339821999,14.0,0.5415,0.4587706146926537,0.7,0.132617112589652,0.07099236389463331,0.5617283950617284,0.5,6.0,27.0,10.0,0.0,0.0,0.9644444444444444,TUDO_INI_CALR|bipro30 24% · V6E_MOM|cWRgrande 24% · V6E_INI|cWRgrande 17%,t10 141 · t15 49 · t20 11 · t25 7 · t30 1,True
FIRST_10a35,FIRST,propria,todas,bsskill_t_ppg>=1_relaxar,bloco_motor,450,0.033464733878125034,-0.04150377664497322,0.12366107766383308,0.26578073089701,0.027184717494664393,0.02886845768199795,0.020043909254840547,0.08522219695159886,0.06704081437957866,0.1602883499682591,0.022729502575146877,0.08568553143876777,15.059130245156265,174,0.08654672554687508,0.9992755490450204,0.03348899501254318,0.06895102076838082,14.361156561513187,1.0486014953359393,3,0.6666666666666666,-0.03498391180943142,1035.0,0.23426562798927106,0.23290176249687175,-0.0013638654923993174,0.6668510402824697,0.6719185863110226,0.00506754602855295,14.361156561513187,7.0,0.242,0.7581209395302348,0.781,0.1367051404068082,0.09905731479391755,0.4732510288065844,0.3333333333333333,6.0,6.0,6.0,0.0,0.1111111111111111,1.0,V6E_MOM|cWRgrande 25% · V6_MOM|cWRgrande 25% · TUDO_INI_CALR|bipro30 12%,t10 119 · t15 40 · t20 10 · t25 4 · t30 1,
FIRST_10a35,FIRST,propria,todas,ppg_nao_piorando_ou_nada,a_cada_2,450,0.08235659491819788,-0.02925516501866291,0.1924922928564569,0.09302325581395349,0.07096396749878067,0.08006881491673806,0.16722192678735986,0.07975846579881166,0.003682774224035481,0.12445819486080596,0.09325402487232413,0.14714799008819937,37.06046771318905,277,0.13379230221367888,1.21021326505721,0.06805130739853911,0.1385498554078912,14.700361294956174,2.5210582903091523,5,1.0,0.07062641944904519,1629.0,0.22339591243893,0.22533232132511544,0.0019364088861854188,0.6423946979891298,0.6556844775172025,0.01328977952807255,14.700361294956174,12.0,0.7595,0.24087956021989004,0.762,0.1600470108383841,0.07769041592018622,0.6018518518518519,0.5,6.0,31.0,10.0,0.0,0.0,0.6755555555555556,TUDO_INI_CALR|bipro30 31% · V6E_INI 28% · TUDO_INI_CALR|cWRgrande 14%,t10 197 · t15 58 · t20 16 · t25 5 · t30 1,True
FIRST_10a35,FIRST,propria,todas,ppg_nao_piorando_ou_nada,bloco_motor,450,-0.020510176237510783,-0.09847613287881027,0.045623403767168794,0.6777408637873754,0.024365901671744905,0.02612720153852749,0.01888883415937217,0.12492705060864867,-0.0034577090554101676,0.07533278642909087,-0.14427577068037792,0.08357452805486915,-9.229579306879849,215,-0.04292827584595278,1.0339597738590756,-0.019836532093468306,-0.03677152413234501,31.158978568238886,-0.2962093024540858,8,0.3333333333333333,-0.05014246851120025,1282.0,0.2110271645017637,0.21392739729511542,0.0029002327933517194,0.6150739062962178,0.6275113115235762,0.012437405227358369,31.158978568238886,14.0,0.0095,0.9905047476261869,0.047,0.163855491819253,0.18692944008645263,0.32510288065843623,0.16666666666666666,6.0,6.0,6.0,0.0,0.1111111111111111,0.75,V6WR_INI|cWRgrande 25% · V6E_INI 25% · TUDO_INI_CALR|bipro30 12%,t10 146 · t15 50 · t20 16 · t25 2 · t30 1,
FIRST_10a35,FIRST,propria,todas,funcao_menor_vol,a_cada_2,450,0.11404222397384839,0.00721963940778041,0.21046725167372476,0.009966777408637873,0.121952354639167,0.08031337656521792,0.13900297141810913,0.11889321386183527,0.05216561155126818,0.12093695010286544,0.13909289295418995,0.15541549521998194,51.31900078823178,187,0.2744331592953571,1.0659406495232449,0.10698740499750636,0.2495215204551957,18.120328126162782,2.8321231509122375,5,1.0,0.027348422192844276,1118.0,0.21720094789547847,0.2185227259636501,0.0013217780681716211,0.6259415183732244,0.6387461299579557,0.012804611584731273,18.120328126162782,8.0,0.934,0.06646676661669165,0.5155,-0.01932457854996047,-0.13336680252380886,0.6275720164609053,0.6666666666666666,6.0,15.0,10.0,0.0,0.0,1.0,TUDO_INI|bisolo30 23% · V6E_INI|cWRgrande 18% · V6WR_MOM|cWRgrande 17%,t10 138 · t15 41 · t20 6 · t25 1 · t35 1,True
FIRST_10a35,FIRST,propria,todas,funcao_menor_vol,bloco_motor,450,0.06269085095317348,-0.019868310236758023,0.1691683203636375,0.132890365448505,0.07494380231840189,0.08050372590033242,0.06274787651242661,0.09750186454174052,-0.01665262208982178,0.10228862927607044,0.12359787138907308,0.1542160825939437,28.21088292892807,174,0.1621315110857935,1.0224622819985134,0.061313607413113966,0.13298737748203232,21.145915402219234,1.3341055420077665,5,0.6666666666666666,-0.023488307744277404,1020.0,0.20833783717321058,0.2128465763534569,0.004508739180246333,0.6054180128880331,0.6197636311527396,0.014345618264706459,21.145915402219234,12.0,0.5515,0.44877561219390305,0.329,0.004083447324587927,-0.06644375999773224,0.5612139917695473,0.6666666666666666,6.0,5.0,5.0,0.0,0.1111111111111111,1.0,V6WR_MOM|cWRgrande 25% · V6E_INI|cWRgrande 25% · TUDO_INI|bisolo30 25%,t10 125 · t15 40 · t20 7 · t25 1 · t35 1,
FIRST_10a35,FIRST,propria,todas,ACASO (média das elegíveis),-,450,0.05972034652724078,-0.007997951194754157,0.11572658500304302,0.026578073089700997,0.0925797999768984,0.055307218356918486,0.033953470305185036,0.06174411029665849,-0.018038020694699144,0.05253591108147584,0.11395640979675005,0.09861340536197177,26.874155937258347,239,0.11206788668234792,0.8062750471524414,0.0740694465718093,0.15651489929602974,13.479522925891144,1.9937023057128462,16,0.6666666666666666,-0.003894092727940451,,,,,,,,,,0.5185,0.4817591204397801,0.8315,,,,,,,,,,,,,
FIRST_10a35,FIRST,propria,todas,FIXO_RETROSPECTO (V6E_INI) — ENVIESADO,-,450,0.10142997706556454,-0.002902282143864463,0.22173894243691444,0.06976744186046512,0.20333534568914427,0.08088740769385899,0.01888883415937217,0.12492705060864867,-0.09462468032643397,0.12667692227504804,0.2271677244283858,0.17502921724497938,45.64348967950404,402,0.11354101910324389,1.4335670784264507,0.07075356193091345,0.14344364919731337,27.587026360275097,1.6545273522205344,8,0.6666666666666666,-0.019835821738543112,2415.0,0.21902401209723374,0.22377047666124036,0.004746464564006618,0.6300596341481643,0.6501694067042133,0.02010977255604896,27.587026360275097,10.0,0.888,0.11244377811094453,0.1065,,,,,,,,,,,,,
FIRST_10a35,FIRST,propria,todas,"BASE_V6_MOM (fixo, sem flag)",-,450,0.0755499783373435,-0.040887796568185,0.21252402065021336,0.1362126245847176,0.18866773632002057,0.0954310325732576,0.004566843661573712,0.11742803601360327,-0.11686298329505304,0.1127871950116523,0.16926943767149424,0.15937995769398972,33.997490251804564,410,0.08292070793123064,1.4252210300698376,0.05300930644676318,0.105906559541517,28.539953623416224,1.1912244392685554,8,0.6666666666666666,-0.060715685774431497,2415.0,0.22340858586309767,0.22377047666124036,0.00036189079814267865,0.6429454625315041,0.6501694067042133,0.007223944172709205,28.539953623416224,8.0,0.69,0.3103448275862069,0.0855,,,,,,,,,,,,,
FIRST_10a35,FIRST,propria,todas,FIXO_TUDO_INI (sem flag),-,450,0.04567226947107509,-0.044662288286854694,0.15191145274338916,0.1760797342192691,0.0,0.0,0.08816798392915814,0.06846113948417032,-0.07711887139054002,0.11145021791469144,0.19447610008121985,0.19735706604389172,20.552521261983795,254,0.08091543803930629,1.175005030434867,0.038869850160702615,0.0801830222091816,19.37386808767531,1.0608372664134267,8,0.3333333333333333,-0.02835834203889906,1508.0,0.22658588821728462,0.22315742731633906,-0.003428460900945556,0.645263776931139,0.6471551492364742,0.0018913723053351646,19.37386808767531,8.0,0.362,0.6381809095452274,0.438,,,,,,,,,,,,,
FIRST_10a35,FIRST,propria,todas,FIXO_TUDO_INI_CALR (sem flag),-,450,0.08417755695280031,-0.047620113440959434,0.20818744231165415,0.11960132890365449,0.0,0.0,0.08307105012443015,0.13832223218407924,0.09420779412922359,0.15082798061748642,0.2015201620339476,0.2218196419964864,37.879900628760126,258,0.14682132026651212,1.301730738542946,0.06466587479298674,0.1369550697587023,22.027568046652696,1.7196587725223869,12,0.6666666666666666,0.0,1508.0,0.2170853007727562,0.22315742731633906,0.006072126543582856,0.6239120387814127,0.6471551492364742,0.02324311045506159,22.027568046652696,20.0,0.7735,0.22688655672163918,0.279,,,,,,,,,,,,,
FIRST_10a35,FIRST,propria,todas,FIXO_TUDO_MOM (sem flag),-,450,0.013923493923698434,-0.0878705838643971,0.12177778696374322,0.3521594684385382,0.0,0.0,0.016307466146376955,0.11806591391788444,-0.11916000037090045,0.09739711119072403,0.1655082568811665,0.19889794632043517,6.265572265664304,251,0.02496243930543547,1.129744670609892,0.01232446081483336,0.024278599375407876,28.033892857754914,0.2234999005473862,10,0.3333333333333333,-0.0702314484481505,1508.0,0.22698443826099804,0.22315742731633906,-0.003827010944658974,0.6462939954557806,0.6471551492364742,0.0008611537806936169,28.033892857754914,10.0,0.11,0.8900549725137431,0.0975,,,,,,,,,,,,,
FIRST_10a35,FIRST,propria,todas,FIXO_V6E_INI (sem flag),-,450,0.10142997706556454,-0.002902282143864463,0.22173894243691444,0.06976744186046512,0.20333534568914427,0.08088740769385899,0.01888883415937217,0.12492705060864867,-0.09462468032643397,0.12667692227504804,0.2271677244283858,0.17502921724497938,45.64348967950404,402,0.11354101910324389,1.4335670784264507,0.07075356193091345,0.14344364919731337,27.587026360275097,1.6545273522205344,8,0.6666666666666666,-0.019835821738543112,2415.0,0.21902401209723374,0.22377047666124036,0.004746464564006618,0.6300596341481643,0.6501694067042133,0.02010977255604896,27.587026360275097,10.0,0.888,0.11244377811094453,0.1065,,,,,,,,,,,,,
FIRST_10a35,FIRST,propria,todas,FIXO_V6E_MOM (sem flag),-,450,0.08754910774932001,-0.022611926516957,0.21723092041709727,0.07308970099667775,0.16786246339261163,0.09029193330418721,0.036088009659080045,0.11552425627932994,-0.06903532603685915,0.11052808073599497,0.1751246061608018,0.16999243965616664,39.397098487194,404,0.09751757051285644,1.444622214133228,0.0606034622012575,0.12245994590008534,25.343034948111033,1.5545532951305228,8,0.6666666666666666,-0.029671995598978155,2415.0,0.21907024862605726,0.22377047666124036,0.004700228035183097,0.6302103765209512,0.6501694067042133,0.019959030183262057,25.343034948111033,10.0,0.8035,0.1969015492253873,0.1565,,,,,,,,,,,,,
FIRST_10a35,FIRST,propria,todas,FIXO_V6WR_INI (sem flag),-,450,0.05464482560567665,-0.06239317879972306,0.18018031321228575,0.16279069767441862,0.1586423033968211,0.09230080579317697,-0.038833201386672025,0.11323804495431991,-0.12952642736293887,0.13071446704341227,0.17629788887992426,0.18067884415464872,24.59017152255448,409,0.06012266875930191,1.3832153117550794,0.039505654066496046,0.0767693525079492,32.550352711816224,0.755450232452563,10,0.6666666666666666,-0.09302665886939551,2415.0,0.22314813262205443,0.22377047666124036,0.000622344039185926,0.6421255526815696,0.6501694067042133,0.008043854022643702,32.550352711816224,10.0,0.46,0.5402298850574713,0.0365,,,,,,,,,,,,,
FIRST_10a35,FIRST,propria,todas,FIXO_V6WR_MOM (sem flag),-,450,0.07857625682044174,-0.04193370454117211,0.18252505592445722,0.06976744186046512,0.19628394587504014,0.09489804198041198,0.004566843661573712,0.11742803601360327,-0.11686298329505304,0.1127871950116523,0.17146337651290708,0.15829535019633417,35.35931556919879,411,0.08603239797858586,1.4243288697755048,0.055167214881227895,0.11039011089783757,28.539953623416228,1.2389408909265875,8,0.6666666666666666,-0.060715685774431497,2415.0,0.22348211638166307,0.22377047666124036,0.00028836027957727717,0.6431567242118499,0.6501694067042133,0.007012682492363327,28.539953623416228,8.0,0.721,0.27936031984008,0.0855,,,,,,,,,,,,,
FIRST_10a35,FIRST,propria,todas,FIXO_V6_INI (sem flag),-,450,0.05464482560567665,-0.06239317879972306,0.18018031321228575,0.16279069767441862,0.1586423033968211,0.09230080579317697,-0.038833201386672025,0.11323804495431991,-0.12952642736293887,0.13071446704341227,0.17629788887992426,0.18067884415464872,24.59017152255448,409,0.06012266875930191,1.3832153117550794,0.039505654066496046,0.0767693525079492,32.550352711816224,0.755450232452563,10,0.6666666666666666,-0.09302665886939551,2415.0,0.2231027793703854,0.22377047666124036,0.0006676972908549532,0.641997535542296,0.6501694067042133,0.008171871161917282,32.550352711816224,10.0,0.46,0.5402298850574713,0.0365,,,,,,,,,,,,,
FIRST_10a35,FIRST,propria,todas,FIXO_V6_MOM (sem flag),-,450,0.0755499783373435,-0.040887796568185,0.21252402065021336,0.1362126245847176,0.18866773632002057,0.0954310325732576,0.004566843661573712,0.11742803601360327,-0.11686298329505304,0.1127871950116523,0.16926943767149424,0.15937995769398972,33.997490251804564,410,0.08292070793123064,1.4252210300698376,0.05300930644676318,0.105906559541517,28.539953623416224,1.1912244392685554,8,0.6666666666666666,-0.060715685774431497,2415.0,0.22340858586309767,0.22377047666124036,0.00036189079814267865,0.6429454625315041,0.6501694067042133,0.007223944172709205,28.539953623416224,8.0,0.69,0.3103448275862069,0.0855,,,,,,,,,,,,,
FIRST_10a35,FIRST,propria,todas,FAVORITO (todos os jogos),-,450,-0.04007594349752468,-0.10958502292349674,0.04010072174763831,0.8704318936877077,-0.014445230000646686,0.0651814747459023,-0.017252729612159446,0.0831046567910281,0.031132436027985388,0.06882540744801009,-0.17255360715371693,0.07019898655202038,-18.034174573886098,448,-0.04025485395956718,0.6884877478826897,-0.05820865167284451,-0.07109220651313325,21.587795480070028,-0.8353875035797587,5,0.0,-0.10241289176237378,,,,,,,,,,0.0025,0.9975012493753124,0.2995,,,,,,,,,,,,,
FIRST_10a35,FIRST,propria,todas,ZEBRA (todos os jogos),-,450,0.019937974516958584,-0.1331494878754722,0.1497853552702815,0.4053156146179402,-0.026196627942547145,0.12828816142954916,-0.0004842444173687177,0.14443243548572268,-0.10051178351008111,0.14043658899011946,0.23001185516758413,0.19798295938842872,8.972088532631357,419,0.021413099123225195,1.541908910778235,0.012930708407992436,0.02527599599051443,39.435784563934476,0.22751134868600212,18,0.3333333333333333,-0.08280753792226124,,,,,,,,,,0.144,0.856071964017991,0.007,,,,,,,,,,,,,
FIRST_10a35,FIRST,propria,todas,VIG_MERCADO (dutching: perde a margem 1/S − 1),-,450,-0.03628993016737471,-0.04097135065123943,-0.030637878809465217,1.0,-0.036792961162656714,0.005282796927992184,-0.033714432482089884,0.003182030700974989,-0.038363148474014334,0.0071460624706136625,-0.03603766305309693,0.005277645254829173,-16.330468575318626,448,-0.03645193878419336,0.058874790673650916,-0.6163916635990022,-0.5759626994349364,16.330468575318626,-1.0,14,0.0,-0.037654591110797095,,,,,,,,,,0.0025,0.9975012493753124,0.6475,,,,,,,,,,,,,
FIRST_10a35,FIRST,propria,so_INI,bsskill_todas,a_cada_2,450,0.040575752811266734,-0.05483795772977568,0.13635799425315692,0.18272425249169436,0.0332700333988874,0.0649496494898027,0.09865047818164692,0.0784769815420252,0.018578447599569215,0.1527446818515597,0.015456911771153053,0.15573860145623217,18.25908876507003,190,0.0961004671845791,0.9700842158134024,0.041827041559731507,0.08169798658244741,17.640933339821995,1.035040970528052,6,1.0,0.02538942500201312,1142.0,0.21190250780361608,0.21418490129199108,0.0022823934883749917,0.6144359840971052,0.6243093035362571,0.009873319439151922,17.640933339821995,16.0,0.2895,0.7106446776611695,0.543,0.10416046264182736,0.06358470983056064,0.5111111111111112,0.5,6.0,22.0,8.0,0.0,0.0,1.0,V6E_INI|cPROBSgrande 34% · TUDO_INI_CALR|bipro30 26% · TUDO_INI_CALR|cWRgrande 15%,t10 125 · t15 46 · t20 11 · t25 7 · t30 1,True
FIRST_10a35,FIRST,propria,so_INI,bsskill_todas,bloco_motor,450,0.01772996597593783,-0.04672871920262364,0.09858090696993803,0.2823920265780731,-0.003002945731085977,0.04324560145913535,0.04317349183100367,0.10683617631127598,0.018386271082198667,0.09656076532410841,0.022729502575146877,0.08568553143876777,7.978484689172021,150,0.05318989792781347,0.8902002706490234,0.019916828336854292,0.039645409160955394,14.136637624159015,0.5643834765586034,3,0.3333333333333333,-0.019564190091989318,919.0,0.21900403563566917,0.22230444094200502,0.003300405306335852,0.6292764674255066,0.6437443146735252,0.014467847248018657,14.136637624159015,7.0,0.1035,0.896551724137931,0.79,0.0892395359758279,0.06929332425289784,0.4555555555555555,0.5,6.0,4.0,4.0,0.0,0.1111111111111111,1.0,V6E_INI|cPROBSgrande 50% · TUDO_INI_CALR|bisolo 25% · TUDO_INI_CALR|bipro30 12%,t10 100 · t15 36 · t20 9 · t25 4 · t30 1,
FIRST_10a35,FIRST,propria,so_INI,llskill_todas,a_cada_2,450,0.06971167875030317,-0.030504904393838954,0.17625397212250285,0.09966777408637874,0.0699241004249504,0.07006601010086738,0.00787370872774713,0.07176986018977975,-0.004419502481889616,0.11977354263821625,0.20536219749308102,0.17649652906130853,31.370255437636416,191,0.16424217506615924,0.9810920479314998,0.07105518681685458,0.14363453260427228,14.165290120477803,2.2145861589016493,3,0.6666666666666666,-0.035128421300586736,1135.0,0.21496939473529855,0.21939084168138057,0.004421446946082021,0.6201449044055883,0.6388772459012213,0.01873234149563303,14.165290120477803,9.0,0.6015,0.3988005997001499,0.7885,0.10973242024860402,0.04002074149830086,0.47222222222222215,0.3333333333333333,6.0,20.0,6.0,0.0,0.0,1.0,TUDO_INI_CALR|bipro30 47% · V6E_INI|cPROBSgrande 29% · V6E_INI|cWRgrande 16%,t10 126 · t15 49 · t20 10 · t25 5 · t30 1,True
FIRST_10a35,FIRST,propria,so_INI,llskill_todas,bloco_motor,450,0.060761460507957124,-0.030077669998954,0.1876376842619189,0.15282392026578073,-0.003002945731085977,0.04324560145913535,0.04317349183100367,0.10683617631127598,0.018386271082198667,0.09656076532410841,0.2163712279692337,0.17875993854388397,27.342657228580705,148,0.18474768397689667,0.9385985730612766,0.0647363657391692,0.1389905378817672,14.136637624159015,1.9341697761179837,3,0.3333333333333333,-0.019564190091989318,892.0,0.21449768549358147,0.2210559831340513,0.006558297640469839,0.6196320743013574,0.6426148539909063,0.022982779689549045,14.136637624159015,9.0,0.5,0.5002498750624688,0.79,0.09528622076045559,0.026929577689003822,0.5222222222222221,0.5,6.0,4.0,3.0,0.0,0.1111111111111111,1.0,V6E_INI|cPROBSgrande 50% · TUDO_INI_CALR|bipro30 38% · TUDO_INI_CALR|bisolo 12%,t10 102 · t15 31 · t20 10 · t25 4 · t30 1,
FIRST_10a35,FIRST,propria,so_INI,brier_todas,a_cada_2,450,0.07682290187356267,-0.0036547278362585476,0.1669965791055504,0.05647840531561462,0.009148275240534373,0.0557353844487485,0.10575675896634439,0.11195901757900212,0.03785598697147998,0.08575893580292976,0.18836789963240608,0.12482827029176002,34.57030584310321,186,0.18586185937152266,1.0197436438096341,0.07533550450636982,0.15828655688291052,15.500827400881956,2.2302232615748148,4,1.0,0.00914827524053437,1111.0,0.21904131652558034,0.22818001256907977,0.009138696043499423,0.6300099191965796,0.6586623407838985,0.028652421587318923,15.500827400881956,10.0,0.675,0.32533733133433285,0.693,-0.014782913088040047,-0.09160581496160271,0.5333333333333333,0.5,6.0,14.0,4.0,0.0,0.0,0.9822222222222222,TUDO_INI_CALR|bisolo30 47% · V6E_INI|cPROBSgrande 43% · V6E_INI|bisolo35mais 9%,t10 121 · t15 46 · t20 12 · t25 5 · t30 2,True
FIRST_10a35,FIRST,propria,so_INI,brier_todas,bloco_motor,450,0.06392666493813237,-0.02104999889963015,0.1362356603696314,0.053156146179401995,-0.003002945731085977,0.04324560145913535,0.04317349183100367,0.10683617631127598,0.06063301935481487,0.08425558465722725,0.18836789963240608,0.12482827029176002,28.76699922215957,156,0.18440384116768954,0.9743334000497781,0.06561066769841452,0.14215679010544138,11.972896186582235,2.402676743693654,4,0.3333333333333333,-0.00300294573108598,946.0,0.21384341971199514,0.22202023856986383,0.008176818857868695,0.615273876388363,0.6391499048827936,0.02387602849443063,11.972896186582235,10.0,0.538,0.4622688655672164,0.901,-0.009749215002572875,-0.0816667130579718,0.5555555555555555,0.5,6.0,3.0,3.0,0.0,0.1111111111111111,1.0,V6E_INI|cPROBSgrande 50% · TUDO_INI_CALR|bisolo30 38% · V6E_INI|bisolo35mais 12%,t10 100 · t15 43 · t20 8 · t25 4 · t30 1,
FIRST_10a35,FIRST,propria,so_INI,ll_todas,a_cada_2,450,0.08934808985937025,0.013331567242930172,0.180284275369726,0.029900332225913623,0.04672383919795711,0.06549001931755062,0.10575675896634439,0.11195901757900212,0.03785598697147998,0.08575893580292976,0.18836789963240608,0.12482827029176002,40.20664043671661,195,0.2061878996754698,1.0567392888205844,0.08455074094868821,0.18071540968362246,15.500827400881954,2.5938383414571122,4,1.0,0.025694685385555877,1165.0,0.22195316874333565,0.2307484682860673,0.008795299542731649,0.6366458288659659,0.6645719568585855,0.027926127992619638,15.500827400881954,10.0,0.7895,0.2108945527236382,0.693,-0.011899795581022594,-0.10124788544039284,0.5888888888888889,0.5,6.0,22.0,4.0,0.0,0.0,0.9511111111111111,TUDO_INI_CALR|bisolo30 47% · V6E_INI|cPROBSgrande 40% · V6E_INI|bisolo35mais 9%,t10 128 · t15 48 · t20 12 · t25 5 · t30 2,True
FIRST_10a35,FIRST,propria,so_INI,ll_todas,bloco_motor,450,0.06392666493813237,-0.02104999889963015,0.1362356603696314,0.053156146179401995,-0.003002945731085977,0.04324560145913535,0.04317349183100367,0.10683617631127598,0.06063301935481487,0.08425558465722725,0.18836789963240608,0.12482827029176002,28.76699922215957,156,0.18440384116768954,0.9743334000497781,0.06561066769841452,0.14215679010544138,11.972896186582235,2.402676743693654,4,0.3333333333333333,-0.00300294573108598,946.0,0.21384341971199514,0.22202023856986383,0.008176818857868695,0.615273876388363,0.6391499048827936,0.02387602849443063,11.972896186582235,10.0,0.538,0.4622688655672164,0.901,-0.009749215002572875,-0.0816667130579718,0.5555555555555555,0.5,6.0,3.0,3.0,0.0,0.1111111111111111,1.0,V6E_INI|cPROBSgrande 50% · TUDO_INI_CALR|bisolo30 38% · V6E_INI|bisolo35mais 12%,t10 100 · t15 43 · t20 8 · t25 4 · t30 1,
FIRST_10a35,FIRST,propria,so_INI,bsskill_entradas,a_cada_2,450,0.039906312266560336,-0.06625712961049765,0.12498197366927762,0.1893687707641196,0.06614339655962695,0.06580319119880404,-0.01706052496212296,0.0953375878856253,0.02331195591186384,0.12159789007377925,0.07411187941034023,0.14402292102362205,17.957840519952153,208,0.0863357717305392,1.0433049585816645,0.03824990185114382,0.07664219568357358,20.722206510441104,0.8665988590985185,4,0.6666666666666666,-0.006419492850636944,1209.0,0.22952668244828134,0.23216608854998488,0.002639406101703542,0.660751749702195,0.677987986723048,0.017236237020853078,20.722206510441104,13.0,0.282,0.7181409295352323,0.357,0.12933135602403267,0.08942504375747234,0.4962962962962963,0.3333333333333333,6.0,33.0,9.0,0.0,0.0,0.9955555555555555,V6WR_INI|cWRgrande 43% · TUDO_INI_CALR|bipro30 24% · V6E_INI|cWRgrande 12%,t10 133 · t15 56 · t20 12 · t25 6 · t30 1,True
FIRST_10a35,FIRST,propria,so_INI,bsskill_entradas,bloco_motor,450,-0.032927249115714055,-0.09440316416608475,0.022837852085728194,0.8438538205980066,0.024365901671744905,0.02612720153852749,-0.007704301609519519,0.08586668814569806,-0.03274140123843315,0.07321137454252567,-0.14427577068037792,0.08357452805486915,-14.817262102071325,181,-0.08186332653078081,0.8945629073862184,-0.036808198555787035,-0.064853394379018,28.635264614568094,-0.5174480592902604,6,0.3333333333333333,-0.06966492996654892,1075.0,0.22292863492231746,0.22481078084030062,0.0018821459179831743,0.6433185117133846,0.6550688267764393,0.011750315063054692,28.635264614568094,14.0,0.0035,0.9965017491254373,0.0905,0.14040400554864857,0.1774471608038269,0.3074074074074074,0.16666666666666666,6.0,5.0,5.0,0.0,0.1111111111111111,1.0,V6WR_INI|cWRgrande 50% · TUDO_INI_CALR|bipro30 12% · V6E_INI|cWRgrande 12%,t10 123 · t15 45 · t20 11 · t25 2,
FIRST_10a35,FIRST,propria,so_INI,llskill_entradas,a_cada_2,450,0.06782038020614173,-0.020818071819020897,0.15227810526216704,0.08305647840531562,0.0774152902738593,0.06121690830128069,0.045282783154621635,0.07729774225267423,0.10753151740460767,0.15773428092929334,0.03625447495761956,0.1089651990455016,30.51917109276379,207,0.14743560914378642,1.048382828253108,0.06469047220007314,0.1324419216201452,15.646326049222242,1.9505646882694776,3,1.0,0.0184131083508532,1215.0,0.22733745720781573,0.23127434841242925,0.003936891204613517,0.6560374670797985,0.6759332941546397,0.019895827074841086,15.646326049222242,10.0,0.578,0.4222888555722139,0.6815,0.12781325570948784,0.059992875503346116,0.6333333333333333,0.6666666666666666,6.0,27.0,8.0,0.0,0.0,0.9955555555555555,V6WR_INI|cWRgrande 44% · TUDO_INI_CALR|bipro30 26% · TUDO_INI_CALR|cPROBSgrande 16%,t10 138 · t15 55 · t20 8 · t25 5 · t30 1,True
FIRST_10a35,FIRST,propria,so_INI,llskill_entradas,bloco_motor,450,-0.015971784253531626,-0.07830475851070688,0.04404507849150617,0.6943521594684385,0.024365901671744905,0.02612720153852749,-0.007704301609519519,0.08586668814569806,-0.03274140123843315,0.07321137454252567,-0.06797617880055698,0.07510725181995057,-7.187302914089231,174,-0.04130633858671972,0.9076481779154237,-0.017596889017299285,-0.03230452424107079,21.125582894633673,-0.34021796936618265,2,0.3333333333333333,-0.05348271905233813,1047.0,0.22311192450641182,0.2256636883513522,0.002551763844940384,0.6439675432449088,0.6577257026002158,0.013758159355307024,21.125582894633673,9.0,0.0115,0.9885057471264368,0.3315,0.13485269652916218,0.15282095381438526,0.32407407407407407,0.16666666666666666,6.0,5.0,5.0,0.0,0.1111111111111111,1.0,V6WR_INI|cWRgrande 50% · TUDO_INI_CALR|bipro30 12% · V6E_INI|cWRgrande 12%,t10 123 · t15 41 · t20 9 · t25 1,
FIRST_10a35,FIRST,propria,so_INI,brier_entradas,a_cada_2,450,0.07241759142883235,-0.018770453856907742,0.15472032806389394,0.06976744186046512,0.0041437349703993456,0.05681988900319253,0.03202009110360613,0.1100178894728099,0.03785598697147998,0.08575893580292976,0.2497874808990604,0.13994921004328073,32.58791614297455,179,0.1820553974467852,0.9976559247248901,0.07258774256144668,0.1528585185738236,17.00672692964887,1.9161780087244205,4,0.6666666666666666,-0.02346309318960293,1060.0,0.21794451407854626,0.2241926162626024,0.00624810218405615,0.6287537162724243,0.6470624588537923,0.018308742581368005,17.00672692964887,11.0,0.6315,0.36881559220389803,0.596,-0.0053150273061700025,-0.07773261873500235,0.512962962962963,0.5,6.0,17.0,7.0,0.0,0.0,0.9955555555555555,V6E_INI|cPROBSgrande 45% · TUDO_INI_CALR|bisolo30 39% · V6WR_INI|cPROBSgrande 8%,t10 113 · t15 45 · t20 13 · t25 5 · t30 2 · t35 1,True
FIRST_10a35,FIRST,propria,so_INI,brier_entradas,bloco_motor,450,0.06474501979451013,-0.007934939312251591,0.1509292837301119,0.07641196013289037,-0.003002945731085977,0.04324560145913535,0.04317349183100367,0.10683617631127598,0.06431561620851474,0.07683639199153854,0.18836789963240608,0.12482827029176002,29.135258907529554,158,0.18440037283246552,0.9596761704916511,0.06746548657276823,0.1431919855468516,11.907735838544122,2.4467505244130208,4,0.6666666666666666,-0.00300294573108598,946.0,0.2141732002066274,0.22202023856986383,0.007847038363236445,0.6168153321433226,0.6391499048827936,0.022334572739470957,11.907735838544122,10.0,0.5465,0.45377311344327836,0.904,-0.0013938750940171761,-0.07423202236284107,0.561111111111111,0.5,6.0,3.0,3.0,0.0,0.1111111111111111,1.0,V6E_INI|cPROBSgrande 50% · TUDO_INI_CALR|bisolo30 38% · TUDO_INI_CALR|bisolo35mais 12%,t10 100 · t15 42 · t20 8 · t25 5 · t30 2 · t35 1,
FIRST_10a35,FIRST,propria,so_INI,ll_entradas,a_cada_2,450,0.06763708404073679,-0.022728242417910733,0.16926156435623696,0.08637873754152824,0.0041437349703993456,0.05681988900319253,0.03202009110360613,0.1100178894728099,0.03785598697147998,0.08575893580292976,0.22827519765263043,0.13229366993598812,30.43668781833156,178,0.17099262819287392,0.9928149377726753,0.06812657774114157,0.14276785879133644,17.00672692964887,1.789685219515662,4,0.6666666666666666,-0.02346309318960293,1054.0,0.2167110654123877,0.22349163028031205,0.00678056486792435,0.6261219744023511,0.645637743263198,0.019515768860846872,17.00672692964887,11.0,0.576,0.424287856071964,0.596,-0.005408043787456245,-0.07304512782819303,0.5092592592592593,0.5,6.0,11.0,6.0,0.0,0.0,0.9955555555555555,V6E_INI|cPROBSgrande 43% · TUDO_INI_CALR|bisolo30 38% · V6WR_INI|cPROBSgrande 11%,t10 113 · t15 44 · t20 13 · t25 5 · t30 2 · t35 1,True
FIRST_10a35,FIRST,propria,so_INI,ll_entradas,bloco_motor,450,0.06474501979451013,-0.007934939312251591,0.1509292837301119,0.07641196013289037,-0.003002945731085977,0.04324560145913535,0.04317349183100367,0.10683617631127598,0.06431561620851474,0.07683639199153854,0.18836789963240608,0.12482827029176002,29.135258907529554,158,0.18440037283246552,0.9596761704916511,0.06746548657276823,0.1431919855468516,11.907735838544122,2.4467505244130208,4,0.6666666666666666,-0.00300294573108598,946.0,0.2141732002066274,0.22202023856986383,0.007847038363236445,0.6168153321433226,0.6391499048827936,0.022334572739470957,11.907735838544122,10.0,0.5465,0.45377311344327836,0.904,-0.0013938750940171761,-0.07423202236284107,0.561111111111111,0.5,6.0,3.0,3.0,0.0,0.1111111111111111,1.0,V6E_INI|cPROBSgrande 50% · TUDO_INI_CALR|bisolo30 38% · TUDO_INI_CALR|bisolo35mais 12%,t10 100 · t15 42 · t20 8 · t25 5 · t30 2 · t35 1,
FIRST_10a35,FIRST,propria,so_INI,ppg,a_cada_2,450,0.10805177952628042,0.010534459596531917,0.19696775437401548,0.013289036544850499,0.14090555003291838,0.0806936005556839,0.16722192678735986,0.07975846579881166,0.014398731159200335,0.12588481145386335,0.09325402487232413,0.14714799008819937,48.62330078682619,275,0.17681200286118615,1.217297633889881,0.0887636486904196,0.18470464623456934,14.700361294956167,3.307626242050888,5,1.0,0.07777039073915509,1631.0,0.21844952295331646,0.22128022972949238,0.0028307067761759105,0.6298245908554149,0.6446636251622181,0.014839034306803165,14.700361294956167,12.0,0.9135,0.08695652173913043,0.7485,0.1592426032444691,0.05119082371818867,0.6333333333333333,0.6666666666666666,6.0,21.0,6.0,0.0,0.0,0.6533333333333333,V6E_INI 35% · TUDO_INI_CALR|bipro30 32% · V6WR_INI|cWRgrande 14%,t10 195 · t15 60 · t20 14 · t25 5 · t30 1,True
FIRST_10a35,FIRST,propria,so_INI,ppg,bloco_motor,450,-0.020510176237510783,-0.09847613287881027,0.045623403767168794,0.6777408637873754,0.024365901671744905,0.02612720153852749,0.01888883415937217,0.12492705060864867,-0.0034577090554101676,0.07533278642909087,-0.14427577068037792,0.08357452805486915,-9.229579306879849,215,-0.04292827584595278,1.0339597738590756,-0.019836532093468306,-0.03677152413234501,31.158978568238886,-0.2962093024540858,8,0.3333333333333333,-0.05014246851120025,1282.0,0.2110271645017637,0.21392739729511542,0.0029002327933517194,0.6150739062962178,0.6275113115235762,0.012437405227358369,31.158978568238886,14.0,0.0085,0.991504247876062,0.0545,0.163855491819253,0.18692944008645263,0.34814814814814815,0.3333333333333333,6.0,6.0,6.0,0.0,0.1111111111111111,0.75,V6WR_INI|cWRgrande 25% · V6E_INI 25% · TUDO_INI_CALR|bipro30 12%,t10 146 · t15 50 · t20 16 · t25 2 · t30 1,
FIRST_10a35,FIRST,propria,so_INI,lucro,a_cada_2,450,0.07278931508038286,-0.04204993700912414,0.17446381057453778,0.07641196013289037,0.14090555003291838,0.0806936005556839,0.01888883415937217,0.12492705060864867,0.013488622882222126,0.11190033656216505,0.08381613577075112,0.11161588476439144,32.75519178617228,321,0.10204109590707876,1.2783448822575607,0.05694027964647281,0.11445590291120912,23.45072404192135,1.3967667577179252,8,0.6666666666666666,-0.004933945792640154,1926.0,0.22118249425636438,0.22503310192690362,0.003850607670539246,0.6356002735324335,0.6543376476853707,0.01873737415293722,23.45072404192135,11.0,0.6355,0.36481759120439783,0.2315,0.11929455822329035,0.04650524314290749,0.5333333333333333,0.6666666666666666,6.0,8.0,4.0,0.0,0.0,0.4311111111111111,V6E_INI 57% · V6E_INI|cWRgrande 28% · V6WR_INI|cWRgrande 14%,t10 226 · t15 76 · t20 18 · t25 1,True
FIRST_10a35,FIRST,propria,so_INI,lucro,bloco_motor,450,0.02675325142246851,-0.05237720094734962,0.11163508399493427,0.29900332225913623,0.024365901671744905,0.02612720153852749,0.01888883415937217,0.12492705060864867,-0.008864191036632347,0.10357318489676447,0.0738161357707511,0.11322640506879349,12.038963140110834,267,0.04508974958843009,1.1973713865368312,0.0223433194773822,0.04445176663270197,27.58702636027509,0.4363994503389739,8,0.6666666666666666,-0.019835821738543112,1619.0,0.21833363746702666,0.22420610294287488,0.00587246547584822,0.6296852688616947,0.6516820620170858,0.021996793155390958,27.58702636027509,11.0,0.163,0.8370814592703648,0.1125,0.12425261068961017,0.09415520283933311,0.48518518518518516,0.3333333333333333,6.0,4.0,3.0,0.0,0.1111111111111111,0.5,V6E_INI 50% · V6WR_INI|cWRgrande 25% · V6E_INI|cWRgrande 25%,t10 180 · t15 69 · t20 17 · t25 1,
FIRST_10a35,FIRST,propria,so_INI,roi,a_cada_2,450,0.074110648247767,-0.03256448522091629,0.18231010388913815,0.10963455149501661,0.0774152902738593,0.06121690830128069,0.02835212879375667,0.09665227262758463,0.02534869252142865,0.15210194266016253,0.1636741603889772,0.1563401619981234,33.34979171149515,201,0.1659193617487321,1.0482792801426104,0.07069742734749543,0.14660134297584376,15.429760191278138,2.1613940397042937,3,0.6666666666666666,-0.021476141256580376,1185.0,0.22348381297318748,0.2259466901066562,0.0024628771334687274,0.6466473588448302,0.6602953740803268,0.013648015235496693,15.429760191278138,10.0,0.648,0.3523238380809595,0.699,0.13917703083357302,0.06506638258580602,0.6037037037037037,0.5,6.0,20.0,8.0,0.0,0.0,0.9955555555555555,V6WR_INI|cWRgrande 36% · TUDO_INI_CALR|bipro30 32% · TUDO_INI_CALR|cWRgrande 17%,t10 132 · t15 49 · t20 13 · t25 6 · t30 1,True
FIRST_10a35,FIRST,propria,so_INI,roi,bloco_motor,450,-0.02641976196393116,-0.10080438342547399,0.033345221054221656,0.7906976744186046,0.024365901671744905,0.02612720153852749,-0.007704301609519519,0.08586668814569806,-0.0034577090554101676,0.07533278642909087,-0.14427577068037792,0.08357452805486915,-11.888892883769024,174,-0.0683269705963737,0.8972418018901845,-0.02944553174882587,-0.052490744380774695,25.706895396265793,-0.4624787513429574,6,0.3333333333333333,-0.05348271905233813,1022.0,0.21914124011542935,0.21873101500119038,-0.0004102251142389694,0.6345929581351188,0.6380445493372733,0.0034515912021543882,25.706895396265793,14.0,0.0055,0.9945027486256871,0.151,0.14559477635983337,0.17531700856925592,0.3296296296296296,0.16666666666666666,6.0,5.0,5.0,0.0,0.1111111111111111,1.0,V6WR_INI|cWRgrande 50% · TUDO_INI_CALR|bipro30 12% · TUDO_INI_CALR|bipro 12%,t10 120 · t15 40 · t20 11 · t25 2 · t30 1,
FIRST_10a35,FIRST,propria,so_INI,sharpe,a_cada_2,450,0.06648418083242819,-0.040437870519240394,0.18808574796279354,0.11960132890365449,0.0774152902738593,0.06121690830128069,0.0180519721499983,0.10176764304518113,0.03132974579616238,0.16002634915409852,0.1336741603889772,0.1637821174177534,29.91788137459269,206,0.14523243385724607,1.0627017976063027,0.06256146454459886,0.12874606257511836,15.29172858448116,1.9564747836915513,5,0.6666666666666666,-0.02834291235241931,1212.0,0.2234506235756755,0.2259953212495969,0.0025446976739214233,0.645735939341432,0.6606001226636816,0.014864183322249674,15.29172858448116,13.0,0.5635,0.4367816091954023,0.707,0.1386447250870134,0.07216054425458521,0.5259259259259259,0.5,6.0,19.0,8.0,0.0,0.0,0.9955555555555555,V6WR_INI|cWRgrande 31% · TUDO_INI_CALR|bipro30 28% · TUDO_INI_CALR|cWRgrande 20%,t10 133 · t15 52 · t20 14 · t25 6 · t30 1,True
FIRST_10a35,FIRST,propria,so_INI,sharpe,bloco_motor,450,0.004902616159832157,-0.08067321990997597,0.09710605152341957,0.4053156146179402,0.024365901671744905,0.02612720153852749,0.06274787651242661,0.09750186454174052,0.06704081437957866,0.1602883499682591,-0.14427577068037792,0.08357452805486915,2.2061772719244743,183,0.012055613507784013,0.9734061270882304,0.005036557736180943,0.009614821333322882,18.47712453967435,0.1194004655425328,6,0.3333333333333333,-0.006514600304374045,1075.0,0.21830325319385507,0.22481078084030062,0.00650752764644555,0.631465205793283,0.6550688267764393,0.023603620983156277,18.47712453967435,14.0,0.051,0.9490254872563718,0.4895,0.14263484439159227,0.1371194012117811,0.462962962962963,0.3333333333333333,6.0,5.0,5.0,0.0,0.1111111111111111,1.0,V6WR_INI|cWRgrande 25% · V6E_INI|cWRgrande 25% · TUDO_INI_CALR|cWRgrande 25%,t10 117 · t15 48 · t20 14 · t25 3 · t30 1,
FIRST_10a35,FIRST,propria,so_INI,sortino,a_cada_2,450,0.0732175489754856,-0.03847507955627305,0.17330353151855066,0.08637873754152824,0.0774152902738593,0.06121690830128069,0.04835212879375666,0.08943302551919688,0.02132974579616238,0.151276960088368,0.14367416038897718,0.167992274221441,32.94789703896852,203,0.1623049115220124,1.0591214386634775,0.06913045690764226,0.14359142729362942,13.29172858448116,2.4788271013476035,5,0.6666666666666666,-0.008142807923247043,1197.0,0.2245150911422657,0.22749075324037918,0.0029756620981135026,0.6487854969718079,0.6643240611748307,0.015538564203022817,13.29172858448116,12.0,0.64,0.36031984007996004,0.838,0.13887370275914634,0.06565615378366074,0.5962962962962962,0.5,6.0,18.0,7.0,0.0,0.0,0.9955555555555555,V6WR_INI|cWRgrande 36% · TUDO_INI_CALR|bipro30 30% · TUDO_INI_CALR|cWRgrande 18%,t10 134 · t15 49 · t20 13 · t25 6 · t30 1,True
FIRST_10a35,FIRST,propria,so_INI,sortino,bloco_motor,450,-0.010753423422822539,-0.07969308463653686,0.08865135352396675,0.6411960132890365,0.024365901671744905,0.02612720153852749,-0.007704301609519519,0.08586668814569806,0.06704081437957866,0.1602883499682591,-0.14427577068037792,0.08357452805486915,-4.839040540270144,182,-0.02658813483664914,0.9538204046130391,-0.011274054707589484,-0.020999647270994244,18.657043052766912,-0.2593680320393802,6,0.3333333333333333,-0.05348271905233813,1075.0,0.2233971129094313,0.22481078084030062,0.0014136679308693453,0.6442001591697962,0.6550688267764393,0.010868667606643062,18.657043052766912,14.0,0.0185,0.9815092453773113,0.478,0.14383545854174323,0.1559330598924186,0.3611111111111111,0.16666666666666666,6.0,4.0,4.0,0.0,0.1111111111111111,1.0,V6WR_INI|cWRgrande 50% · TUDO_INI_CALR|cWRgrande 25% · TUDO_INI_CALR|bipro30 12%,t10 122 · t15 43 · t20 13 · t25 3 · t30 1,
FIRST_10a35,FIRST,propria,so_INI,calmar,a_cada_2,450,0.09296904956583843,0.0026734244096412,0.18499518654095018,0.029900332225913623,0.0774152902738593,0.06121690830128069,0.1114130026446463,0.08029420227769882,0.09260887427226079,0.1638225313771619,0.09821591071857684,0.145263653346536,41.83607230462728,207,0.20210662949095304,1.0699932986406293,0.08688750638340517,0.18311151397273476,13.051577040681991,3.2054419304443837,6,1.0,0.06141719362807831,1224.0,0.2302725333821431,0.23560485472970527,0.005332321347562176,0.661649358427403,0.6844808238240443,0.022831465396641278,13.051577040681991,13.0,0.8265,0.17391304347826086,0.8455,0.13511179847104526,0.042142748905206834,0.6703703703703704,0.6666666666666666,6.0,10.0,6.0,0.0,0.0,0.9955555555555555,V6WR_INI|cWRgrande 36% · TUDO_INI_CALR|bipro30 23% · V6E_INI|cWRgrande 20%,t10 132 · t15 55 · t20 12 · t25 7 · t30 1,True
FIRST_10a35,FIRST,propria,so_INI,calmar,bloco_motor,450,-0.004392426414923124,-0.09512205297528638,0.09944500042960422,0.5481727574750831,0.024365901671744905,0.02612720153852749,-0.007704301609519519,0.08586668814569806,0.06704081437957866,0.1602883499682591,-0.11565128414483059,0.12165549377663357,-1.9765918867154078,184,-0.010742347210409824,0.9614569951202451,-0.0045685105389178466,-0.008577678172833688,17.135977647949193,-0.11534748278292503,6,0.6666666666666666,-0.05348271905233813,1085.0,0.22467780793559344,0.2270309095732778,0.0023531016376843543,0.6464152022105065,0.6585984581090816,0.012183255898575045,17.135977647949193,14.0,0.025,0.9750124937531235,0.5885,0.13661304638031338,0.1415545260971019,0.3611111111111111,0.16666666666666666,6.0,4.0,4.0,0.0,0.1111111111111111,1.0,V6WR_INI|cWRgrande 50% · TUDO_INI_CALR|cWRgrande 25% · TUDO_INI_CALR|bipro30 12%,t10 122 · t15 45 · t20 13 · t25 3 · t30 1,
FIRST_10a35,FIRST,propria,so_INI,maxdd,a_cada_2,450,0.09119602607838671,-0.004017611644318131,0.17487530712397767,0.019933554817275746,0.0774152902738593,0.06121690830128069,0.06719964374286336,0.08037866665760189,0.17008953573148333,0.1588918498052606,0.05697000246760467,0.14448828999248967,41.038211735274025,204,0.2011677045846766,1.0496823179289936,0.08687964398439617,0.1844530447177277,11.819433804070982,3.4720962455189,5,1.0,0.06515239208385355,1196.0,0.23307931401154272,0.23879163036491996,0.005712316353377232,0.6676184040658233,0.6928138755201961,0.025195471454372884,11.819433804070982,5.0,0.8145,0.18590704647676162,0.909,0.11950127389334493,0.028305247814958218,0.6777777777777779,0.5,6.0,10.0,8.0,0.0,0.0,0.9955555555555555,V6WR_INI|cWRgrande 38% · TUDO_INI_CALR|cWRgrande 21% · TUDO_INI|bipro30 19%,t10 137 · t15 51 · t20 12 · t25 3 · t30 1,True
FIRST_10a35,FIRST,propria,so_INI,maxdd,bloco_motor,450,0.010548330346519632,-0.06619883401110571,0.09711366502933437,0.4219269102990033,0.024365901671744905,0.02612720153852749,-0.007704301609519519,0.08586668814569806,0.06704081437957866,0.1602883499682591,-0.04841787871833816,0.11490293255058112,4.746748655933835,179,0.026518148915831482,0.9503998546821663,0.011098834132342346,0.021238727353393494,17.135977647949193,0.27700483470821513,6,0.6666666666666666,-0.05348271905233813,1049.0,0.22758556723527584,0.22915429877279855,0.0015687315375227076,0.6536082860680923,0.6636497392350927,0.010041453167000444,17.135977647949193,14.0,0.0735,0.9265367316341829,0.5885,0.13558011644305124,0.12371324480321666,0.4296296296296296,0.16666666666666666,6.0,4.0,4.0,0.0,0.1111111111111111,1.0,V6WR_INI|cWRgrande 50% · TUDO_INI_CALR|cWRgrande 25% · TUDO_INI_CALR|bipro30 12%,t10 123 · t15 42 · t20 10 · t25 3 · t30 1,
FIRST_10a35,FIRST,propria,so_INI,seq_ruim,a_cada_2,450,0.05180472804615287,-0.058394579695496975,0.16729607733910687,0.17275747508305647,0.053318336448080025,0.05963493694406567,-0.03272833798064904,0.08870638314410939,0.06704081437957866,0.1602883499682591,0.11883129513663825,0.1886701380355958,23.31212762076879,225,0.10360945609230574,1.125298342377423,0.04603643860054462,0.09565081822469716,15.524811494963672,1.5016045527078616,5,0.6666666666666666,-0.07016540996642447,1325.0,0.22794249902236258,0.23007509719219288,0.002132598169830287,0.6519457226698563,0.6672599990671453,0.015314276397289005,15.524811494963672,10.0,0.413,0.5872063968015993,0.691,0.10849429456031484,0.056689566514161974,0.49074074074074076,0.3333333333333333,6.0,14.0,12.0,0.0,0.0,0.8577777777777778,V6E_INI|cPROBSgrande 27% · TUDO_INI_CALR|cWRgrande 19% · TUDO_INI_CALR|bipro30 16%,t10 152 · t15 52 · t20 16 · t25 4 · t30 1,True
FIRST_10a35,FIRST,propria,so_INI,seq_ruim,bloco_motor,450,-0.0019046028291609376,-0.09436016076537937,0.08772299500193201,0.4850498338870432,-0.003002945731085977,0.04324560145913535,0.01888883415937217,0.12492705060864867,0.05609085301735034,0.13398212768526985,-0.07904598131131778,0.09435116609977756,-0.8570712731224224,223,-0.00384336893776871,1.0769966096101047,-0.0017684390202959354,-0.0034025234394339425,22.588060819922287,-0.03794355256766885,8,0.3333333333333333,-0.03575396187307701,1332.0,0.21785531553198734,0.21883861883753514,0.0009833033055477948,0.6289662130601779,0.641049083364684,0.01208287030450617,22.588060819922287,14.0,0.0325,0.9675162418790605,0.256,0.13265766078634283,0.1348003389691489,0.3333333333333333,0.3333333333333333,6.0,5.0,5.0,0.0,0.1111111111111111,0.75,V6E_INI|cPROBSgrande 25% · V6E_INI 25% · TUDO_INI_CALR|bipro30 25%,t10 155 · t15 47 · t20 17 · t25 2 · t30 2,
FIRST_10a35,FIRST,propria,so_INI,brier_com_roi>=0,a_cada_2,450,0.06047002030968075,-0.029468561530583515,0.16053880004657062,0.1461794019933555,-0.006555161989917829,0.06226548554745628,-0.0006486755642538177,0.11241991239698308,0.05466611797969758,0.15020259623499274,0.2279303919629963,0.10933495114380193,27.211509139356338,201,0.13538064248435988,1.054211622481504,0.0573604189330987,0.11910153992728734,23.0889006157858,1.178553695222367,4,0.3333333333333333,-0.08913808788394557,1174.0,0.22669038642827852,0.2341951155551277,0.007504729126849196,0.6475895493857475,0.6760422196579476,0.028452670272200047,23.0889006157858,11.0,0.498,0.5022488755622189,0.241,0.02953095598324184,-0.030939064326438913,0.4888888888888889,0.5,6.0,41.0,14.0,0.0,0.0,0.9555555555555556,V6E_INI|cPROBSgrande 46% · TUDO_INI_CALR|bisolo35mais 16% · TUDO_INI_CALR|bisolo30 9%,t10 135 · t15 46 · t20 16 · t25 1 · t30 2 · t35 1,True
FIRST_10a35,FIRST,propria,so_INI,brier_com_roi>=0,bloco_motor,450,0.06271345391643794,-0.017860443851126794,0.1428577075231487,0.07973421926910298,-0.003002945731085977,0.04324560145913535,0.04317349183100367,0.10683617631127598,0.16968251734567183,0.11570651909830414,0.07385895204392413,0.07966296109617334,28.22105426239707,167,0.16898834887662917,0.9990221673475248,0.06277483720200788,0.1343859726780813,11.907735838544122,2.3699765131712454,4,0.6666666666666666,-0.00300294573108598,991.0,0.22114592696609822,0.23026202394892428,0.009116096982826085,0.6328606601324345,0.6628385058944909,0.02997784576205641,11.907735838544122,10.0,0.521,0.47926036981509246,0.904,0.022305882774731743,-0.04824675288126095,0.5555555555555555,0.5,6.0,5.0,4.0,0.0,0.1111111111111111,1.0,V6E_INI|cPROBSgrande 50% · TUDO_INI_CALR|bisolo35mais 25% · TUDO_INI_CALR|cPROBSgrande 12%,t10 111 · t15 43 · t20 8 · t25 3 · t30 1 · t35 1,
FIRST_10a35,FIRST,propria,so_INI,bsskill_t_ppg>=1_relaxar,a_cada_2,450,0.06520309035880913,-0.029677846385037458,0.16901852317381305,0.11960132890365449,0.07007470950911937,0.05495025385599001,0.10344408713602574,0.08612901006307276,0.04222400574807967,0.15259978114933037,0.0426337494668566,0.14812096363788463,29.341390661464096,208,0.14106437818011586,1.037378925312635,0.06285368708368436,0.1257424018555449,15.640933339821999,1.8759360470363091,6,1.0,0.0285851643049323,1242.0,0.21989109128734477,0.22316746961375397,0.0032763783264091973,0.6348604816239346,0.6508893933767036,0.016028911752768996,15.640933339821999,14.0,0.5545,0.44577711144427784,0.6815,0.12359157889513656,0.05838848853632743,0.6,0.5,6.0,25.0,10.0,0.0,0.0,0.9555555555555556,V6E_INI|cWRgrande 39% · TUDO_INI_CALR|bipro30 24% · TUDO_INI_CALR|cWRgrande 16%,t10 141 · t15 49 · t20 10 · t25 7 · t30 1,True
FIRST_10a35,FIRST,propria,so_INI,bsskill_t_ppg>=1_relaxar,bloco_motor,450,0.033948580203094436,-0.04826079752764886,0.12290686034318121,0.21262458471760798,0.04713506371247932,0.02374535558051302,-0.007704301609519519,0.08586668814569806,0.06704081437957866,0.1602883499682591,0.022729502575146877,0.08568553143876777,15.276861091392497,172,0.08881895983367731,0.9793042118767492,0.03466602082516832,0.07061731537584155,17.135977647949193,0.8915079959398061,3,0.6666666666666666,-0.05348271905233813,1035.0,0.23383133940618134,0.23290176249687175,-0.000929576909309596,0.6656104295543869,0.6719185863110226,0.0063081567566358274,17.135977647949193,7.0,0.2265,0.7736131934032984,0.5885,0.1224202203454751,0.08422806761699386,0.48148148148148145,0.3333333333333333,6.0,6.0,6.0,0.0,0.1111111111111111,1.0,V6E_INI|cWRgrande 25% · V6_INI|cWRgrande 25% · TUDO_INI_CALR|bipro30 12%,t10 120 · t15 40 · t20 7 · t25 4 · t30 1,
FIRST_10a35,FIRST,propria,so_INI,ppg_nao_piorando_ou_nada,a_cada_2,450,0.10805177952628042,0.010534459596531917,0.19696775437401548,0.013289036544850499,0.14090555003291838,0.0806936005556839,0.16722192678735986,0.07975846579881166,0.014398731159200335,0.12588481145386335,0.09325402487232413,0.14714799008819937,48.62330078682619,275,0.17681200286118615,1.217297633889881,0.0887636486904196,0.18470464623456934,14.700361294956167,3.307626242050888,5,1.0,0.07777039073915509,1631.0,0.21844952295331646,0.22128022972949238,0.0028307067761759105,0.6298245908554149,0.6446636251622181,0.014839034306803165,14.700361294956167,12.0,0.9135,0.08695652173913043,0.7485,0.1592426032444691,0.05119082371818867,0.6333333333333333,0.6666666666666666,6.0,21.0,6.0,0.0,0.0,0.6533333333333333,V6E_INI 35% · TUDO_INI_CALR|bipro30 32% · V6WR_INI|cWRgrande 14%,t10 195 · t15 60 · t20 14 · t25 5 · t30 1,True
FIRST_10a35,FIRST,propria,so_INI,ppg_nao_piorando_ou_nada,bloco_motor,450,-0.020510176237510783,-0.09847613287881027,0.045623403767168794,0.6777408637873754,0.024365901671744905,0.02612720153852749,0.01888883415937217,0.12492705060864867,-0.0034577090554101676,0.07533278642909087,-0.14427577068037792,0.08357452805486915,-9.229579306879849,215,-0.04292827584595278,1.0339597738590756,-0.019836532093468306,-0.03677152413234501,31.158978568238886,-0.2962093024540858,8,0.3333333333333333,-0.05014246851120025,1282.0,0.2110271645017637,0.21392739729511542,0.0029002327933517194,0.6150739062962178,0.6275113115235762,0.012437405227358369,31.158978568238886,14.0,0.0085,0.991504247876062,0.0545,0.163855491819253,0.18692944008645263,0.34814814814814815,0.3333333333333333,6.0,6.0,6.0,0.0,0.1111111111111111,0.75,V6WR_INI|cWRgrande 25% · V6E_INI 25% · TUDO_INI_CALR|bipro30 12%,t10 146 · t15 50 · t20 16 · t25 2 · t30 1,
FIRST_10a35,FIRST,propria,so_INI,funcao_menor_vol,a_cada_2,450,0.12114210023856326,0.030964930586092225,0.23710091939644506,0.026578073089700997,0.09814766007683719,0.05989605873565978,0.15120120678242033,0.1147117421848536,0.05216561155126818,0.12093695010286544,0.1945511426245903,0.19653014072675337,54.51394510735346,186,0.29308572638362074,1.0588541996199792,0.11440866956191034,0.2693894970621769,18.12032812616278,3.0084413884671477,5,1.0,0.035480579102385085,1124.0,0.21834615752601527,0.22061008697385534,0.002263929447840071,0.6282423309761568,0.6435380055850062,0.015295674608849454,18.12032812616278,8.0,0.958,0.04247876061969016,0.5125,-0.015418269774830549,-0.1365603700133938,0.662962962962963,0.5,6.0,8.0,6.0,0.0,0.0,1.0,TUDO_INI|bisolo30 38% · V6E_INI|cWRgrande 35% · V6WR_INI|cPROBSgrande 14%,t10 137 · t15 42 · t20 5 · t25 1 · t35 1,True
FIRST_10a35,FIRST,propria,so_INI,funcao_menor_vol,bloco_motor,450,0.059086831765669715,-0.024412402821923144,0.14007500900403214,0.08637873754152824,0.04713506371247932,0.02374535558051302,0.06274787651242661,0.09750186454174052,-0.01665262208982178,0.10228862927607044,0.14909289295418995,0.15378294418702518,26.589074294551374,170,0.15640631937971397,0.9888509469169867,0.059753021372825774,0.12792674334551826,21.14591540221923,1.2574094707557986,5,0.6666666666666666,-0.023488307744277404,1020.0,0.209419535732256,0.2128465763534569,0.0034270406212009302,0.6064000090077221,0.6197636311527396,0.0133636221450175,21.14591540221923,12.0,0.4845,0.5157421289355323,0.329,0.0090552295011844,-0.05741745623519405,0.6,0.5,6.0,3.0,3.0,0.0,0.1111111111111111,1.0,V6E_INI|cWRgrande 50% · TUDO_INI|bisolo30 38% · V6WR_INI|bisolo 12%,t10 124 · t15 37 · t20 7 · t25 1 · t35 1,
FIRST_10a35,FIRST,propria,so_INI,ACASO (média das elegíveis),-,450,0.06010847418839311,-0.01098999049628482,0.12850277152291933,0.04318936877076412,0.08590295985930972,0.059618744012544814,0.024181961975542045,0.06316910877251525,-0.006036649779965133,0.057424640767844516,0.12348838186322755,0.10079717163721429,27.048813384776906,239,0.11274514656492783,0.8128511388685616,0.07394770249330078,0.1546244420152884,14.29663737664984,1.8919703054757977,8,0.6666666666666666,-0.0070207414547065385,,,,,,,,,,0.494,0.5062468765617192,0.7775,,,,,,,,,,,,,
FIRST_10a35,FIRST,propria,so_INI,FIXO_RETROSPECTO (V6E_INI) — ENVIESADO,-,450,0.10142997706556454,-0.002902282143864463,0.22173894243691444,0.06976744186046512,0.20333534568914427,0.08088740769385899,0.01888883415937217,0.12492705060864867,-0.09462468032643397,0.12667692227504804,0.2271677244283858,0.17502921724497938,45.64348967950404,402,0.11354101910324389,1.4335670784264507,0.07075356193091345,0.14344364919731337,27.587026360275097,1.6545273522205344,8,0.6666666666666666,-0.019835821738543112,2415.0,0.21902401209723374,0.22377047666124036,0.004746464564006618,0.6300596341481643,0.6501694067042133,0.02010977255604896,27.587026360275097,10.0,0.8805,0.1199400299850075,0.1125,,,,,,,,,,,,,
FIRST_10a35,FIRST,propria,so_INI,"BASE_V6_MOM (fixo, sem flag)",-,450,0.0755499783373435,-0.040887796568185,0.21252402065021336,0.1362126245847176,0.18866773632002057,0.0954310325732576,0.004566843661573712,0.11742803601360327,-0.11686298329505304,0.1127871950116523,0.16926943767149424,0.15937995769398972,33.997490251804564,410,0.08292070793123064,1.4252210300698376,0.05300930644676318,0.105906559541517,28.539953623416224,1.1912244392685554,8,0.6666666666666666,-0.060715685774431497,2415.0,0.22340858586309767,0.22377047666124036,0.00036189079814267865,0.6429454625315041,0.6501694067042133,0.007223944172709205,28.539953623416224,8.0,0.6605,0.33983008495752126,0.092,,,,,,,,,,,,,
FIRST_10a35,FIRST,propria,so_INI,FIXO_TUDO_INI (sem flag),-,450,0.04567226947107509,-0.044662288286854694,0.15191145274338916,0.1760797342192691,0.0,0.0,0.08816798392915814,0.06846113948417032,-0.07711887139054002,0.11145021791469144,0.19447610008121985,0.19735706604389172,20.552521261983795,254,0.08091543803930629,1.175005030434867,0.038869850160702615,0.0801830222091816,19.37386808767531,1.0608372664134267,8,0.3333333333333333,-0.02835834203889906,1508.0,0.22658588821728462,0.22315742731633906,-0.003428460900945556,0.645263776931139,0.6471551492364742,0.0018913723053351646,19.37386808767531,8.0,0.3455,0.6546726636681659,0.4285,,,,,,,,,,,,,
FIRST_10a35,FIRST,propria,so_INI,FIXO_TUDO_INI_CALR (sem flag),-,450,0.08417755695280031,-0.047620113440959434,0.20818744231165415,0.11960132890365449,0.0,0.0,0.08307105012443015,0.13832223218407924,0.09420779412922359,0.15082798061748642,0.2015201620339476,0.2218196419964864,37.879900628760126,258,0.14682132026651212,1.301730738542946,0.06466587479298674,0.1369550697587023,22.027568046652696,1.7196587725223869,12,0.6666666666666666,0.0,1508.0,0.2170853007727562,0.22315742731633906,0.006072126543582856,0.6239120387814127,0.6471551492364742,0.02324311045506159,22.027568046652696,20.0,0.7405,0.25987006496751625,0.2855,,,,,,,,,,,,,
FIRST_10a35,FIRST,propria,so_INI,FIXO_V6E_INI (sem flag),-,450,0.10142997706556454,-0.002902282143864463,0.22173894243691444,0.06976744186046512,0.20333534568914427,0.08088740769385899,0.01888883415937217,0.12492705060864867,-0.09462468032643397,0.12667692227504804,0.2271677244283858,0.17502921724497938,45.64348967950404,402,0.11354101910324389,1.4335670784264507,0.07075356193091345,0.14344364919731337,27.587026360275097,1.6545273522205344,8,0.6666666666666666,-0.019835821738543112,2415.0,0.21902401209723374,0.22377047666124036,0.004746464564006618,0.6300596341481643,0.6501694067042133,0.02010977255604896,27.587026360275097,10.0,0.8805,0.1199400299850075,0.1125,,,,,,,,,,,,,
FIRST_10a35,FIRST,propria,so_INI,FIXO_V6WR_INI (sem flag),-,450,0.05464482560567665,-0.06239317879972306,0.18018031321228575,0.16279069767441862,0.1586423033968211,0.09230080579317697,-0.038833201386672025,0.11323804495431991,-0.12952642736293887,0.13071446704341227,0.17629788887992426,0.18067884415464872,24.59017152255448,409,0.06012266875930191,1.3832153117550794,0.039505654066496046,0.0767693525079492,32.550352711816224,0.755450232452563,10,0.6666666666666666,-0.09302665886939551,2415.0,0.22314813262205443,0.22377047666124036,0.000622344039185926,0.6421255526815696,0.6501694067042133,0.008043854022643702,32.550352711816224,10.0,0.439,0.5612193903048476,0.0405,,,,,,,,,,,,,
FIRST_10a35,FIRST,propria,so_INI,FIXO_V6_INI (sem flag),-,450,0.05464482560567665,-0.06239317879972306,0.18018031321228575,0.16279069767441862,0.1586423033968211,0.09230080579317697,-0.038833201386672025,0.11323804495431991,-0.12952642736293887,0.13071446704341227,0.17629788887992426,0.18067884415464872,24.59017152255448,409,0.06012266875930191,1.3832153117550794,0.039505654066496046,0.0767693525079492,32.550352711816224,0.755450232452563,10,0.6666666666666666,-0.09302665886939551,2415.0,0.2231027793703854,0.22377047666124036,0.0006676972908549532,0.641997535542296,0.6501694067042133,0.008171871161917282,32.550352711816224,10.0,0.439,0.5612193903048476,0.0405,,,,,,,,,,,,,
FIRST_10a35,FIRST,propria,so_INI,FAVORITO (todos os jogos),-,450,-0.04007594349752468,-0.10958502292349674,0.04010072174763831,0.8704318936877077,-0.014445230000646686,0.0651814747459023,-0.017252729612159446,0.0831046567910281,0.031132436027985388,0.06882540744801009,-0.17255360715371693,0.07019898655202038,-18.034174573886098,448,-0.04025485395956718,0.6884877478826897,-0.05820865167284451,-0.07109220651313325,21.587795480070028,-0.8353875035797587,5,0.0,-0.10241289176237378,,,,,,,,,,0.003,0.9970014992503748,0.304,,,,,,,,,,,,,
FIRST_10a35,FIRST,propria,so_INI,ZEBRA (todos os jogos),-,450,0.019937974516958584,-0.1331494878754722,0.1497853552702815,0.4053156146179402,-0.026196627942547145,0.12828816142954916,-0.0004842444173687177,0.14443243548572268,-0.10051178351008111,0.14043658899011946,0.23001185516758413,0.19798295938842872,8.972088532631357,419,0.021413099123225195,1.541908910778235,0.012930708407992436,0.02527599599051443,39.435784563934476,0.22751134868600212,18,0.3333333333333333,-0.08280753792226124,,,,,,,,,,0.117,0.8830584707646177,0.006,,,,,,,,,,,,,
FIRST_10a35,FIRST,propria,so_INI,VIG_MERCADO (dutching: perde a margem 1/S − 1),-,450,-0.03628993016737471,-0.04097135065123943,-0.030637878809465217,1.0,-0.036792961162656714,0.005282796927992184,-0.033714432482089884,0.003182030700974989,-0.038363148474014334,0.0071460624706136625,-0.03603766305309693,0.005277645254829173,-16.330468575318626,448,-0.03645193878419336,0.058874790673650916,-0.6163916635990022,-0.5759626994349364,16.330468575318626,-1.0,14,0.0,-0.037654591110797095,,,,,,,,,,0.0035,0.9965017491254373,0.6415,,,,,,,,,,,,,
FIRST_10a35,FIRST,comum,todas,bsskill_todas,a_cada_2,450,0.03514804723029059,-0.038736926394954824,0.12116416922250174,0.19933554817275748,0.00822575630609429,0.06634499138434304,0.07366359770042209,0.06311373699258255,-0.06363614102552376,0.07918946237978886,0.13580012140226785,0.11430333086042238,15.816621253630768,196,0.08069704721240188,0.9706872283445123,0.03620944646632972,0.07109042582554036,10.990311508837877,1.43914221547877,5,0.6666666666666666,-0.000951678796280948,1172.0,0.21732120619788955,0.22311710006791194,0.0057958938700223665,0.6264364132581381,0.6477270599383628,0.02129064668022457,10.990311508837877,7.0,0.2335,0.7666166916541729,0.932,0.0890046672233304,0.05385661999303982,0.4871399176954732,0.5,6.0,22.0,9.0,0.0,0.0,1.0,V6E_MOM|cPROBSgrande 35% · V6E_MOM|cWRgrande 28% · TUDO_INI_CALR|bipro30 13%,t10 133 · t15 49 · t20 10 · t25 4,True
FIRST_10a35,FIRST,comum,todas,bsskill_todas,bloco_motor,450,0.01761459034520234,-0.06282868216604062,0.09524369845114054,0.31893687707641194,-0.028086061570504056,0.043832028655663914,0.04793275320907091,0.09799352278182472,0.018386271082198667,0.09656076532410841,0.05507572461789703,0.09594768446209458,7.926565655341052,157,0.050487679333382496,0.9129181490110938,0.019294818888509452,0.038336900852584226,14.136637624159013,0.5607108186599359,6,0.3333333333333333,-0.028086061570504056,957.0,0.2178863846391812,0.22217086804241729,0.004284483403236066,0.6282092193861286,0.6444694919161845,0.016260272530055943,14.136637624159013,11.0,0.1035,0.896551724137931,0.7765,0.08717325928971319,0.06735684515136056,0.47273662551440326,0.5,6.0,5.0,5.0,0.0,0.1111111111111111,1.0,V6E_MOM|cPROBSgrande 50% · TUDO_INI_CALR|bipro30 12% · TUDO_INI_CALR|bisolo 12%,t10 107 · t15 34 · t20 12 · t25 3 · t30 1,
FIRST_10a35,FIRST,comum,todas,llskill_todas,a_cada_2,450,0.04403349540938966,-0.045718111861022516,0.13095307198363662,0.15614617940199335,0.03821315666549063,0.07300451265623528,0.07556167642097492,0.06873774879898026,-0.06717380355618657,0.11662149864337583,0.13244312147922915,0.1322583409728038,19.815072934225334,199,0.09957323082525293,0.9834421375477852,0.044774871574231365,0.08787193633607225,15.988359607002426,1.2393437113803045,6,1.0,0.009996890494898446,1177.0,0.21998657473310032,0.22398241499402624,0.0039958402609259,0.6326015024764987,0.6496743722484977,0.017072869771999,15.988359607002426,11.0,0.3235,0.6766616691654173,0.6645,0.1080924859428864,0.06405899053349673,0.49176954732510286,0.3333333333333333,6.0,30.0,10.0,0.0,0.0,1.0,V6E_MOM|cPROBSgrande 32% · TUDO_INI_CALR|bipro30 30% · V6E_MOM|cWRgrande 27%,t10 129 · t15 51 · t20 13 · t25 5 · t30 1,True
FIRST_10a35,FIRST,comum,todas,llskill_todas,bloco_motor,450,0.01761459034520234,-0.06282868216604062,0.09524369845114054,0.31893687707641194,-0.028086061570504056,0.043832028655663914,0.04793275320907091,0.09799352278182472,0.018386271082198667,0.09656076532410841,0.05507572461789703,0.09594768446209458,7.926565655341052,157,0.050487679333382496,0.9129181490110938,0.019294818888509452,0.038336900852584226,14.136637624159013,0.5607108186599359,6,0.3333333333333333,-0.028086061570504056,957.0,0.2178863846391812,0.22217086804241729,0.004284483403236066,0.6282092193861286,0.6444694919161845,0.016260272530055943,14.136637624159013,11.0,0.1035,0.896551724137931,0.7765,0.08717325928971319,0.06735684515136056,0.47273662551440326,0.5,6.0,5.0,5.0,0.0,0.1111111111111111,1.0,V6E_MOM|cPROBSgrande 50% · TUDO_INI_CALR|bipro30 12% · TUDO_INI_CALR|bisolo 12%,t10 107 · t15 34 · t20 12 · t25 3 · t30 1,
FIRST_10a35,FIRST,comum,todas,brier_todas,a_cada_2,450,0.07617928098508066,-0.017121138708666963,0.17188678478774977,0.0664451827242525,0.0050040077105393856,0.056507966179396414,0.09213470646293481,0.09216014078333803,-0.03317912417385383,0.09898449440860713,0.2763451705779729,0.12878574592016293,34.280676443286296,182,0.18835536507300163,1.0121623378686393,0.07526389605198626,0.1607986651812653,15.305296307094618,2.2397917528323728,4,1.0,0.0050040077105393795,1089.0,0.22117032696229605,0.22868799070456922,0.007517663742273169,0.6353995213775909,0.6598456638395639,0.024446142461973058,15.305296307094618,8.0,0.691,0.30934532733633185,0.7095,-0.022631525325370532,-0.0988108063104512,0.6121399176954733,0.5,6.0,24.0,8.0,0.0,0.0,0.9911111111111112,V6E_MOM|cPROBSgrande 44% · TUDO_INI_CALR|bisolo30 25% · V6E_MOM|bisolo30 21%,t10 116 · t15 41 · t20 19 · t25 4 · t30 1 · t35 1,True
FIRST_10a35,FIRST,comum,todas,brier_todas,bloco_motor,450,0.050931142132466065,-0.031748664669473146,0.13863296685970092,0.09634551495016612,-0.028086061570504056,0.043832028655663914,0.04793275320907091,0.09799352278182472,0.02785598697147998,0.09038055261182815,0.19553049177130255,0.12720741797974777,22.91901395960973,155,0.14786460619103053,0.9542397828671157,0.05337352628438733,0.11388549597989772,16.891386856909115,1.3568461934926987,4,0.3333333333333333,-0.028086061570504056,939.0,0.21058954815358355,0.21634906742796783,0.005759519274384272,0.608299226987974,0.6257056135631685,0.017406386575194378,16.891386856909115,7.0,0.416,0.584207896051974,0.6055,-0.022662654770890717,-0.07996018966991505,0.6003086419753086,0.6666666666666666,6.0,3.0,3.0,0.0,0.1111111111111111,1.0,V6E_MOM|cPROBSgrande 50% · TUDO_INI_CALR|bisolo30 25% · V6E_MOM|bisolo30 25%,t10 98 · t15 39 · t20 12 · t25 3 · t30 2 · t35 1,
FIRST_10a35,FIRST,comum,todas,ll_todas,a_cada_2,450,0.08276939322121336,-0.01102290694827459,0.17918827687842015,0.046511627906976744,0.034648298033406216,0.0646047935335636,0.12457462058457548,0.08782837019407388,-0.043179124173853826,0.09917181308431924,0.23909432603462924,0.12478820618488706,37.24622694954601,185,0.2013309564840325,1.0372427592855462,0.0797975136295239,0.17300450649031252,14.500827400881954,2.5685587394330796,4,1.0,0.03464829803340622,1104.0,0.2231160396773178,0.23142531662662374,0.008309276949305949,0.6402079747908878,0.6666789035704331,0.026470928779545384,14.500827400881954,8.0,0.748,0.25237381309345325,0.7545,-0.020492871964135077,-0.10326226518534844,0.6213991769547326,0.5,6.0,29.0,8.0,0.0,0.0,0.9822222222222222,V6E_MOM|cPROBSgrande 43% · V6E_MOM|bisolo30 24% · TUDO_INI_CALR|bisolo30 23%,t10 120 · t15 40 · t20 19 · t25 4 · t30 1 · t35 1,True
FIRST_10a35,FIRST,comum,todas,ll_todas,bloco_motor,450,0.050931142132466065,-0.031748664669473146,0.13863296685970092,0.09634551495016612,-0.028086061570504056,0.043832028655663914,0.04793275320907091,0.09799352278182472,0.02785598697147998,0.09038055261182815,0.19553049177130255,0.12720741797974777,22.91901395960973,155,0.14786460619103053,0.9542397828671157,0.05337352628438733,0.11388549597989772,16.891386856909115,1.3568461934926987,4,0.3333333333333333,-0.028086061570504056,939.0,0.21058954815358355,0.21634906742796783,0.005759519274384272,0.608299226987974,0.6257056135631685,0.017406386575194378,16.891386856909115,7.0,0.416,0.584207896051974,0.6055,-0.022662654770890717,-0.07996018966991505,0.6003086419753086,0.6666666666666666,6.0,3.0,3.0,0.0,0.1111111111111111,1.0,V6E_MOM|cPROBSgrande 50% · TUDO_INI_CALR|bisolo30 25% · V6E_MOM|bisolo30 25%,t10 98 · t15 39 · t20 12 · t25 3 · t30 2 · t35 1,
FIRST_10a35,FIRST,comum,todas,bsskill_entradas,a_cada_2,450,0.04718495499465004,-0.05751218179178274,0.15874125782889234,0.18272425249169436,0.05695520660954704,0.06160167782365953,0.06702372822994035,0.10131539422951828,-0.024236120078675927,0.1374048209954082,0.08411187941034022,0.13831128837665438,21.23322974759252,207,0.10257598911880444,1.069733266039553,0.04410908447237667,0.09025208553459155,22.380097263363513,0.9487550254015907,4,0.6666666666666666,-0.009505712922567836,1205.0,0.2271637976130844,0.22856139385536234,0.001397596242277944,0.6553748544392731,0.6682254867120684,0.012850632272795273,22.380097263363513,12.0,0.3695,0.6306846576711644,0.266,0.14149026170487317,0.09430530671022314,0.5360082304526749,0.5,6.0,44.0,14.0,0.0,0.0,0.9644444444444444,TUDO_INI_CALR|bipro30 30% · V6WR_INI|cWRgrande 24% · V6_MOM|cWRgrande 14%,t10 136 · t15 53 · t20 13 · t25 4 · t30 1,True
FIRST_10a35,FIRST,comum,todas,bsskill_entradas,bloco_motor,450,-0.02641976196393116,-0.10080438342547399,0.033345221054221656,0.7906976744186046,0.024365901671744905,0.02612720153852749,-0.007704301609519519,0.08586668814569806,-0.0034577090554101676,0.07533278642909087,-0.14427577068037792,0.08357452805486915,-11.888892883769024,174,-0.0683269705963737,0.8972418018901845,-0.02944553174882587,-0.052490744380774695,25.706895396265793,-0.4624787513429574,6,0.3333333333333333,-0.05348271905233813,1022.0,0.21914124011542935,0.21873101500119038,-0.0004102251142389694,0.6345929581351188,0.6380445493372733,0.0034515912021543882,25.706895396265793,14.0,0.005,0.9950024987506247,0.144,0.14559477635983337,0.17531700856925592,0.29732510288065844,0.16666666666666666,6.0,5.0,5.0,0.0,0.1111111111111111,1.0,V6WR_INI|cWRgrande 50% · TUDO_INI_CALR|bipro30 12% · TUDO_INI_CALR|bipro 12%,t10 120 · t15 40 · t20 11 · t25 2 · t30 1,
FIRST_10a35,FIRST,comum,todas,llskill_entradas,a_cada_2,450,0.05482866062746543,-0.02090569575921934,0.1339286298511575,0.09634551495016612,0.07136175230626106,0.05882698971932772,0.11936703634668495,0.08521967955433254,-0.01593516694010163,0.12818112806476603,0.03625447495761956,0.1089651990455016,24.672897282359457,205,0.12035559649931443,1.048288956434386,0.05230300318526463,0.10617524475251597,15.646326049222242,1.5769131491150226,4,1.0,0.030754201628354943,1201.0,0.22427443914242515,0.22627524457353904,0.0020008054311138877,0.6487892683651866,0.6625820413464262,0.0137927729812396,15.646326049222242,10.0,0.4585,0.5417291354322838,0.685,0.1365420359895569,0.08171337536209146,0.5288065843621399,0.5,6.0,39.0,12.0,0.0,0.0,0.9644444444444444,TUDO_INI_CALR|bipro30 29% · V6WR_INI|cWRgrande 24% · TUDO_INI_CALR|cPROBSgrande 16%,t10 138 · t15 51 · t20 10 · t25 5 · t30 1,True
FIRST_10a35,FIRST,comum,todas,llskill_entradas,bloco_motor,450,-0.009464297101748736,-0.07114357234007104,0.04558349362741222,0.6312292358803987,0.024365901671744905,0.02612720153852749,-0.007704301609519519,0.08586668814569806,-0.0034577090554101676,0.07533278642909087,-0.06797617880055698,0.07510725181995057,-4.258933695786931,167,-0.025502596980760066,0.9101670749047284,-0.010398417348528467,-0.019318915561155076,18.197213676331373,-0.23404317669393593,3,0.6666666666666666,-0.05348271905233813,994.0,0.21922761550773714,0.21945813846253437,0.00023052295479722646,0.6350308057340268,0.6403635324551783,0.005332726721151468,18.197213676331373,9.0,0.016,0.984007996001999,0.51,0.14004346734034695,0.1506908015798143,0.3065843621399177,0.16666666666666666,6.0,5.0,5.0,0.0,0.1111111111111111,1.0,V6WR_INI|cWRgrande 50% · TUDO_INI_CALR|bipro30 12% · TUDO_INI_CALR|bipro 12%,t10 120 · t15 36 · t20 9 · t25 1 · t30 1,
FIRST_10a35,FIRST,comum,todas,brier_entradas,a_cada_2,450,0.05521343589861271,-0.023155566396755336,0.1422183009818985,0.11960132890365449,-0.007717808527108859,0.05339311452891474,0.06085612024319069,0.10741939831115996,0.03785598697147998,0.08575893580292976,0.16132506711974984,0.12068014098657963,24.846046154375724,191,0.13008401127945404,1.0195086834758704,0.05415690596216437,0.11067308586386451,18.00672692964887,1.3798202333743181,5,0.3333333333333333,-0.007717808527108859,1126.0,0.21986529300401256,0.2261762106838936,0.006310917679881036,0.6343519546583322,0.6535238659009014,0.019171911242569256,18.00672692964887,12.0,0.462,0.5382308845577212,0.521,0.0015560402226440493,-0.05365739567596866,0.5257201646090536,0.5,6.0,19.0,13.0,0.0,0.0,0.9688888888888889,V6E_MOM|cPROBSgrande 36% · TUDO_INI_CALR|bisolo30 36% · TUDO_INI_CALR|bisolo35mais 9%,t10 123 · t15 46 · t20 13 · t25 6 · t30 2 · t35 1,True
FIRST_10a35,FIRST,comum,todas,brier_entradas,bloco_motor,450,0.057441594820941265,-0.02559517615801888,0.13999515676135582,0.08305647840531562,-0.028086061570504056,0.043832028655663914,0.04793275320907091,0.09799352278182472,0.06431561620851474,0.07683639199153854,0.18836789963240608,0.12482827029176002,25.848717669423564,158,0.1635994789204023,0.9560932486814674,0.06007949004990678,0.12635466244074817,11.90773583854412,2.170750008221875,4,0.6666666666666666,-0.028086061570504056,946.0,0.2141573276986203,0.22202023856986383,0.007862910871243524,0.616850591242836,0.6391499048827936,0.022299313639957484,11.90773583854412,10.0,0.4875,0.512743628185907,0.897,0.0064838799332181726,-0.05813791424034074,0.5704732510288065,0.5,6.0,3.0,3.0,0.0,0.1111111111111111,1.0,V6E_MOM|cPROBSgrande 50% · TUDO_INI_CALR|bisolo30 38% · TUDO_INI_CALR|bisolo35mais 12%,t10 100 · t15 43 · t20 7 · t25 5 · t30 2 · t35 1,
FIRST_10a35,FIRST,comum,todas,ll_entradas,a_cada_2,450,0.049067888052402364,-0.035809975955590156,0.12924286080956368,0.132890365448505,-0.0010511418604421921,0.056842668365324575,0.06085612024319069,0.10741939831115996,0.03785598697147998,0.08575893580292976,0.12367010181180323,0.11948505104231893,22.080549623581064,194,0.11381726610093332,1.0194349690340425,0.04813243565589696,0.0974880081273783,18.00672692964887,1.2262389333635346,5,0.3333333333333333,-0.004239073763213241,1150.0,0.21983219705562984,0.2269431535016949,0.00711095644606503,0.6324406997730205,0.6547705064921757,0.022329806719155246,18.00672692964887,12.0,0.396,0.6041979010494752,0.521,0.00204797471622579,-0.047019913336176576,0.5303497942386831,0.5,6.0,15.0,11.0,0.0,0.0,0.9688888888888889,V6E_MOM|cPROBSgrande 42% · TUDO_INI_CALR|bisolo30 35% · TUDO_INI_CALR|bisolo35mais 8%,t10 126 · t15 47 · t20 11 · t25 7 · t30 2 · t35 1,True
FIRST_10a35,FIRST,comum,todas,ll_entradas,bloco_motor,450,0.057441594820941265,-0.02559517615801888,0.13999515676135582,0.08305647840531562,-0.028086061570504056,0.043832028655663914,0.04793275320907091,0.09799352278182472,0.06431561620851474,0.07683639199153854,0.18836789963240608,0.12482827029176002,25.848717669423564,158,0.1635994789204023,0.9560932486814674,0.06007949004990678,0.12635466244074817,11.90773583854412,2.170750008221875,4,0.6666666666666666,-0.028086061570504056,946.0,0.2141573276986203,0.22202023856986383,0.007862910871243524,0.616850591242836,0.6391499048827936,0.022299313639957484,11.90773583854412,10.0,0.4875,0.512743628185907,0.897,0.0064838799332181726,-0.05813791424034074,0.5704732510288065,0.5,6.0,3.0,3.0,0.0,0.1111111111111111,1.0,V6E_MOM|cPROBSgrande 50% · TUDO_INI_CALR|bisolo30 38% · TUDO_INI_CALR|bisolo35mais 12%,t10 100 · t15 43 · t20 7 · t25 5 · t30 2 · t35 1,
FIRST_10a35,FIRST,comum,todas,ppg,a_cada_2,450,0.056471203763968476,-0.04843733049042977,0.16911098880690348,0.14950166112956811,0.07096396749878067,0.08006881491673806,0.07840217146710421,0.09413686549758254,-0.023981730649741205,0.12437670194984142,0.09325402487232413,0.14714799008819937,25.412041693785817,274,0.09274467771454678,1.1743576387707884,0.048086887588245635,0.09470508779060663,14.700361294956167,1.7286678323004843,5,1.0,0.011413249235541401,1614.0,0.2219990444784224,0.22305338026480828,0.0010543357863858772,0.6390942466161492,0.6499482765893495,0.010854029973200351,14.700361294956167,12.0,0.475,0.5252373813093453,0.7465,0.1608431352394436,0.10437193147547513,0.5699588477366256,0.5,6.0,36.0,12.0,0.0,0.0,0.6888888888888889,TUDO_INI_CALR|bipro30 31% · V6E_INI 26% · TUDO_INI_CALR|cWRgrande 14%,t10 195 · t15 56 · t20 17 · t25 5 · t30 1,True
FIRST_10a35,FIRST,comum,todas,ppg,bloco_motor,450,-0.020510176237510783,-0.09847613287881027,0.045623403767168794,0.6777408637873754,0.024365901671744905,0.02612720153852749,0.01888883415937217,0.12492705060864867,-0.0034577090554101676,0.07533278642909087,-0.14427577068037792,0.08357452805486915,-9.229579306879849,215,-0.04292827584595278,1.0339597738590756,-0.019836532093468306,-0.03677152413234501,31.158978568238886,-0.2962093024540858,8,0.3333333333333333,-0.05014246851120025,1282.0,0.2110271645017637,0.21392739729511542,0.0029002327933517194,0.6150739062962178,0.6275113115235762,0.012437405227358369,31.158978568238886,14.0,0.0085,0.991504247876062,0.0495,0.163855491819253,0.18692944008645263,0.32510288065843623,0.16666666666666666,6.0,6.0,6.0,0.0,0.1111111111111111,0.75,V6WR_INI|cWRgrande 25% · V6E_INI 25% · TUDO_INI_CALR|bipro30 12%,t10 146 · t15 50 · t20 16 · t25 2 · t30 1,
FIRST_10a35,FIRST,comum,todas,lucro,a_cada_2,450,0.056471203763968476,-0.04843733049042977,0.16911098880690348,0.14950166112956811,0.07096396749878067,0.08006881491673806,0.07840217146710421,0.09413686549758254,-0.023981730649741205,0.12437670194984142,0.09325402487232413,0.14714799008819937,25.412041693785817,274,0.09274467771454678,1.1743576387707884,0.048086887588245635,0.09470508779060663,14.700361294956167,1.7286678323004843,5,1.0,0.011413249235541401,1614.0,0.2219990444784224,0.22305338026480828,0.0010543357863858772,0.6390942466161492,0.6499482765893495,0.010854029973200351,14.700361294956167,12.0,0.475,0.5252373813093453,0.7465,0.1608431352394436,0.10437193147547513,0.5699588477366256,0.5,6.0,36.0,12.0,0.0,0.0,0.6888888888888889,TUDO_INI_CALR|bipro30 31% · V6E_INI 26% · TUDO_INI_CALR|cWRgrande 14%,t10 195 · t15 56 · t20 17 · t25 5 · t30 1,True
FIRST_10a35,FIRST,comum,todas,lucro,bloco_motor,450,-0.020510176237510783,-0.09847613287881027,0.045623403767168794,0.6777408637873754,0.024365901671744905,0.02612720153852749,0.01888883415937217,0.12492705060864867,-0.0034577090554101676,0.07533278642909087,-0.14427577068037792,0.08357452805486915,-9.229579306879849,215,-0.04292827584595278,1.0339597738590756,-0.019836532093468306,-0.03677152413234501,31.158978568238886,-0.2962093024540858,8,0.3333333333333333,-0.05014246851120025,1282.0,0.2110271645017637,0.21392739729511542,0.0029002327933517194,0.6150739062962178,0.6275113115235762,0.012437405227358369,31.158978568238886,14.0,0.0085,0.991504247876062,0.0495,0.163855491819253,0.18692944008645263,0.32510288065843623,0.16666666666666666,6.0,6.0,6.0,0.0,0.1111111111111111,0.75,V6WR_INI|cWRgrande 25% · V6E_INI 25% · TUDO_INI_CALR|bipro30 12%,t10 146 · t15 50 · t20 16 · t25 2 · t30 1,
FIRST_10a35,FIRST,comum,todas,roi,a_cada_2,450,0.0788793378778252,-0.0171911135336759,0.20481381804907584,0.09966777408637874,0.0724537524433398,0.06204271176048331,0.08563400068373939,0.10356497841682044,-0.003031769287512902,0.15752180070185967,0.1636741603889772,0.1563401619981234,35.49570204502134,209,0.1698358949522552,1.0828378634566258,0.07284501266517154,0.15338964157120674,17.50135588479462,2.0281686903961775,4,1.0,0.016234468713298186,1232.0,0.22505826161357456,0.22579572859687058,0.0007374669832960375,0.6502819665652957,0.6600727690168768,0.00979080245158121,17.50135588479462,10.0,0.716,0.2843578210894553,0.5645,0.14794271698069156,0.06906337910286636,0.6049382716049383,0.5,6.0,29.0,11.0,0.0,0.0,0.9644444444444444,TUDO_INI_CALR|bipro30 31% · V6WR_MOM|cWRgrande 21% · TUDO_INI_CALR|cWRgrande 16%,t10 137 · t15 52 · t20 13 · t25 6 · t30 1,True
FIRST_10a35,FIRST,comum,todas,roi,bloco_motor,450,-0.020253492882962264,-0.08772435496680311,0.04341183578410438,0.7408637873754153,0.024365901671744905,0.02612720153852749,0.020043909254840547,0.08522219695159886,-0.0034577090554101676,0.07533278642909087,-0.14427577068037792,0.08357452805486915,-9.114071797333018,175,-0.052080410270474393,0.9177987776020164,-0.022067465524283746,-0.04023961000060514,22.932074309829787,-0.39743774044139957,6,0.3333333333333333,-0.05014246851120025,1022.0,0.219360019866179,0.21873101500119038,-0.0006290048649886496,0.6352702629460959,0.6380445493372733,0.0027742863911773925,22.932074309829787,14.0,0.009,0.9910044977511244,0.2415,0.14916023152065955,0.1719454110139921,0.3343621399176954,0.16666666666666666,6.0,6.0,6.0,0.0,0.1111111111111111,1.0,V6WR_INI|cWRgrande 25% · V6WR_MOM|cWRgrande 25% · TUDO_INI_CALR|bipro30 12%,t10 117 · t15 42 · t20 13 · t25 2 · t30 1,
FIRST_10a35,FIRST,comum,todas,sharpe,a_cada_2,450,0.06799129322744761,-0.041029028241846,0.19200824314880044,0.1461794019933555,0.0530231085049587,0.06491988508825998,0.05213820751610149,0.11490540578793278,0.030613788860997526,0.16003660204894138,0.14367416038897718,0.167992274221441,30.596081952351426,213,0.1436435772410865,1.093768872686504,0.06216239547981292,0.12952354312189557,18.97468313707797,1.6124686631822778,5,0.6666666666666666,-0.00609606006512711,1252.0,0.22261578937943133,0.22457154155024184,0.0019557521708105314,0.6445702708995074,0.6575647186260345,0.012994447726527187,18.97468313707797,12.0,0.6045,0.39580209895052476,0.4525,0.14728188039617243,0.07929058716872482,0.5637860082304528,0.5,6.0,26.0,11.0,0.0,0.0,0.9644444444444444,TUDO_INI_CALR|bipro30 27% · V6WR_MOM|cWRgrande 21% · TUDO_INI_CALR|cWRgrande 20%,t10 143 · t15 50 · t20 13 · t25 6 · t30 1,True
FIRST_10a35,FIRST,comum,todas,sharpe,bloco_motor,450,-0.0036475490675471414,-0.08323198947091844,0.08449409729781641,0.5149501661129569,0.027184717494664393,0.02886845768199795,0.020043909254840547,0.08522219695159886,0.06704081437957866,0.1602883499682591,-0.14427577068037792,0.08357452805486915,-1.6413970803962132,182,-0.00901866527690227,0.9711132113340002,-0.0037560492689998224,-0.007153432258542323,18.47712453967435,-0.088834010772173,6,0.3333333333333333,-0.03498391180943142,1075.0,0.22578042522998598,0.22481078084030062,-0.0009696443896853473,0.6487744253788678,0.6550688267764393,0.006294401397571545,18.47712453967435,14.0,0.023,0.9770114942528736,0.4915,0.14718071453749904,0.15128420723848957,0.35802469135802467,0.16666666666666666,6.0,5.0,5.0,0.0,0.1111111111111111,1.0,V6E_MOM|cWRgrande 25% · V6WR_MOM|cWRgrande 25% · TUDO_INI_CALR|cWRgrande 25%,t10 121 · t15 42 · t20 15 · t25 3 · t30 1,
FIRST_10a35,FIRST,comum,todas,sortino,a_cada_2,450,0.07224595231801909,-0.039186793371362764,0.17933504243300602,0.08970099667774087,0.06578708577667314,0.062369769195545086,0.07213820751610149,0.10839240713683196,0.010613788860997526,0.15170929876194314,0.14367416038897718,0.167992274221441,32.5106785431086,213,0.15263229362961783,1.0933289462264242,0.06607888007298512,0.1381870104331598,17.712903594761435,1.83542344535334,5,1.0,0.0005706066015395805,1252.0,0.2254839062080891,0.2279173944284947,0.002433488220405591,0.6517520771902622,0.6672275937845249,0.015475516594262743,17.712903594761435,12.0,0.6505,0.3498250874562719,0.545,0.14722832371064268,0.07498237139262359,0.5761316872427984,0.5,6.0,27.0,10.0,0.0,0.0,0.9644444444444444,TUDO_INI_CALR|bipro30 28% · V6WR_MOM|cWRgrande 21% · TUDO_INI_CALR|cWRgrande 18%,t10 142 · t15 51 · t20 13 · t25 6 · t30 1,True
FIRST_10a35,FIRST,comum,todas,sortino,bloco_motor,450,-0.0036475490675471414,-0.08323198947091844,0.08449409729781641,0.5149501661129569,0.027184717494664393,0.02886845768199795,0.020043909254840547,0.08522219695159886,0.06704081437957866,0.1602883499682591,-0.14427577068037792,0.08357452805486915,-1.6413970803962132,182,-0.00901866527690227,0.9711132113340002,-0.0037560492689998224,-0.007153432258542323,18.47712453967435,-0.088834010772173,6,0.3333333333333333,-0.03498391180943142,1075.0,0.22578042522998598,0.22481078084030062,-0.0009696443896853473,0.6487744253788678,0.6550688267764393,0.006294401397571545,18.47712453967435,14.0,0.023,0.9770114942528736,0.4915,0.14718071453749904,0.15128420723848957,0.35802469135802467,0.16666666666666666,6.0,5.0,5.0,0.0,0.1111111111111111,1.0,V6E_MOM|cWRgrande 25% · V6WR_MOM|cWRgrande 25% · TUDO_INI_CALR|cWRgrande 25%,t10 121 · t15 42 · t20 15 · t25 3 · t30 1,
FIRST_10a35,FIRST,comum,todas,calmar,a_cada_2,450,0.11308609049297436,0.011732237947476284,0.22069310382246932,0.026578073089700997,0.07705897949090548,0.06034954322707095,0.16869487453462903,0.08225342875567981,0.11114968771482742,0.1721668720522698,0.11345437573256997,0.1568564785425054,50.88874072183847,212,0.24004122981999276,1.1010297475107889,0.10270938705211163,0.22178007005369066,12.051577040681984,4.222579381109672,5,1.0,0.07705897949090547,1248.0,0.22934559585864514,0.23440651599815263,0.005060920139507484,0.6600352377526303,0.6827243696774941,0.022689131924863843,12.051577040681984,12.0,0.9335,0.06696651674162919,0.8885,0.14651767749445774,0.03343158700148338,0.6491769547325102,0.6666666666666666,6.0,16.0,10.0,0.0,0.0,0.9644444444444444,TUDO_INI_CALR|bipro30 28% · TUDO_INI_CALR|cWRgrande 23% · V6WR_MOM|cWRgrande 22%,t10 139 · t15 56 · t20 10 · t25 6 · t30 1,True
FIRST_10a35,FIRST,comum,todas,calmar,bloco_motor,450,-0.0045871543418536396,-0.09439954252106708,0.08074946021566541,0.5016611295681063,0.024365901671744905,0.02612720153852749,0.020043909254840547,0.08522219695159886,0.06704081437957866,0.1602883499682591,-0.14427577068037792,0.08357452805486915,-2.064219453834137,183,-0.011279887725869601,0.9730834873455662,-0.004714039855271562,-0.008957949424003247,18.47712453967435,-0.1117175699823755,6,0.3333333333333333,-0.03498391180943142,1075.0,0.22374591763203222,0.22481078084030062,0.0010648632082684132,0.6452047517153092,0.6550688267764393,0.009864075061130089,18.47712453967435,14.0,0.021,0.9790104947526237,0.4915,0.14574367297014398,0.15090422160472933,0.35802469135802467,0.16666666666666666,6.0,5.0,5.0,0.0,0.1111111111111111,1.0,V6WR_INI|cWRgrande 25% · V6WR_MOM|cWRgrande 25% · TUDO_INI_CALR|cWRgrande 25%,t10 119 · t15 46 · t20 14 · t25 3 · t30 1,
FIRST_10a35,FIRST,comum,todas,maxdd,a_cada_2,450,0.09783901661104397,0.007005391944566211,0.21011912896860444,0.046511627906976744,0.0774152902738593,0.06121690830128069,0.12448151563284608,0.08571116694157889,0.17008953573148333,0.1588918498052606,0.029581587974579503,0.12843758944961767,44.02755747496978,208,0.2116709493988932,1.08490302212018,0.09018226939753686,0.19524463726757177,13.819433804070982,3.185916159748887,5,1.0,0.0774152902738593,1221.0,0.2345875668874989,0.23947111287704986,0.004883545989550958,0.6712093396697972,0.6948234493205191,0.023614109650721794,13.819433804070982,7.0,0.863,0.1374312843578211,0.795,0.12214298190143306,0.0243039652903891,0.6471193415637859,0.5,6.0,15.0,11.0,0.0,0.0,0.9644444444444444,V6WR_INI|cWRgrande 38% · TUDO_INI_CALR|cWRgrande 21% · TUDO_INI|bipro30 17%,t10 138 · t15 52 · t20 14 · t25 3 · t30 1,True
FIRST_10a35,FIRST,comum,todas,maxdd,bloco_motor,450,0.010548330346519632,-0.06619883401110571,0.09711366502933437,0.4219269102990033,0.024365901671744905,0.02612720153852749,-0.007704301609519519,0.08586668814569806,0.06704081437957866,0.1602883499682591,-0.04841787871833816,0.11490293255058112,4.746748655933835,179,0.026518148915831482,0.9503998546821663,0.011098834132342346,0.021238727353393494,17.135977647949193,0.27700483470821513,6,0.6666666666666666,-0.05348271905233813,1049.0,0.22758556723527584,0.22915429877279855,0.0015687315375227076,0.6536082860680923,0.6636497392350927,0.010041453167000444,17.135977647949193,14.0,0.0725,0.927536231884058,0.5895,0.13558011644305124,0.12371324480321666,0.397119341563786,0.16666666666666666,6.0,4.0,4.0,0.0,0.1111111111111111,1.0,V6WR_INI|cWRgrande 50% · TUDO_INI_CALR|cWRgrande 25% · TUDO_INI_CALR|bipro30 12%,t10 123 · t15 42 · t20 10 · t25 3 · t30 1,
FIRST_10a35,FIRST,comum,todas,seq_ruim,a_cada_2,450,0.0359747244992157,-0.050665938019154005,0.13124734014385972,0.1760797342192691,0.053318336448080025,0.05963493694406567,0.034907209764611175,0.08744431541875555,0.06704081437957866,0.1602883499682591,-0.020039268569839185,0.08126593182280682,16.188626024647064,214,0.07564778516190217,1.0588452578311096,0.03397543147419359,0.06745260843602945,17.258005170274135,0.9380357616609705,5,0.6666666666666666,-0.025075044802917668,1260.0,0.2202752719777101,0.22489573842427837,0.004620466446568293,0.6338728673832558,0.65441181616564,0.020538948782384235,17.258005170274135,8.0,0.243,0.7571214392803598,0.5825,0.09769884119108713,0.061724116691871424,0.43004115226337447,0.3333333333333333,6.0,14.0,11.0,0.0,0.0,0.8711111111111111,V6E_INI|cPROBSgrande 27% · TUDO_INI_CALR|cWRgrande 19% · V6WR_MOM|bisolo 14%,t10 145 · t15 44 · t20 21 · t25 3 · t30 1,True
FIRST_10a35,FIRST,comum,todas,seq_ruim,bloco_motor,450,-0.0040156917039649775,-0.10621317817435388,0.09816456298737831,0.5581395348837209,-0.003002945731085977,0.04324560145913535,0.01888883415937217,0.12492705060864867,0.05609085301735034,0.13398212768526985,-0.08854588124793594,0.09431800399454676,-1.80706126678424,219,-0.008251421309517079,1.0818616039140612,-0.003711834942137357,-0.007148623888840284,22.588060819922287,-0.08000072609997767,8,0.3333333333333333,-0.03575396187307701,1302.0,0.21402917031461363,0.21664429423648215,0.002615123921868503,0.6197648025835234,0.6348725424147152,0.015107739831191885,22.588060819922287,14.0,0.0225,0.9775112443778111,0.256,0.11482956845293617,0.11934722161989676,0.3168724279835391,0.16666666666666666,6.0,5.0,5.0,0.0,0.1111111111111111,0.75,V6E_INI|cPROBSgrande 25% · V6E_INI 25% · TUDO_INI_CALR|bipro30 25%,t10 154 · t15 43 · t20 18 · t25 2 · t30 2,
FIRST_10a35,FIRST,comum,todas,brier_com_roi>=0,a_cada_2,450,0.04076249480619871,-0.04195271542393377,0.1362482778854168,0.19269102990033224,0.011712835411272252,0.05756040506549843,0.022491385619809387,0.10122681168186493,-0.061183260203591924,0.1154537999436589,0.20455384809476831,0.10911813269165718,18.343122662789423,199,0.09217649579291168,1.030365083461786,0.03956121520465955,0.0799418293998199,20.209025721713886,0.9076698162188187,5,0.6666666666666666,-0.05669998380189386,1177.0,0.22850344550146742,0.2380234984251211,0.009520052923653701,0.6523278119478307,0.6859349413076647,0.0336071293598341,20.209025721713886,10.0,0.2885,0.7116441779110445,0.378,0.03852700631441775,-0.002235488491780957,0.4835390946502058,0.6666666666666666,6.0,44.0,16.0,0.0,0.0,0.9555555555555556,V6E_MOM|cPROBSgrande 45% · TUDO_INI_CALR|bisolo35mais 11% · TUDO_INI_CALR|bisolo30 9%,t10 134 · t15 47 · t20 15 · t25 2 · t35 1,True
FIRST_10a35,FIRST,comum,todas,brier_com_roi>=0,bloco_motor,450,0.03823725213769455,-0.03488573645700914,0.11563173316015174,0.17275747508305647,-0.028086061570504056,0.043832028655663914,0.04793275320907091,0.09799352278182472,0.16968251734567183,0.11570651909830414,-0.0034185435793611728,0.0686653110194887,17.206763461962556,170,0.10121625565860327,1.0041240211315032,0.03808020855293021,0.07915863235233846,11.90773583854412,1.4450071529354915,4,0.6666666666666666,-0.028086061570504056,1022.0,0.224928503330808,0.2332157283878299,0.008287225057021877,0.6419846441377841,0.6715791784503043,0.029594534312520206,11.90773583854412,10.0,0.2645,0.735632183908046,0.897,0.029327588904081058,-0.01368931975082532,0.4830246913580247,0.3333333333333333,6.0,5.0,4.0,0.0,0.1111111111111111,1.0,V6E_MOM|cPROBSgrande 50% · TUDO_INI_CALR|bisolo35mais 25% · TUDO_INI_CALR|cPROBSgrande 12%,t10 110 · t15 46 · t20 9 · t25 3 · t30 1 · t35 1,
FIRST_10a35,FIRST,comum,todas,bsskill_t_ppg>=1_relaxar,a_cada_2,450,0.0530236142505095,-0.018599822870320113,0.13487340130110023,0.11960132890365449,0.05933968451774807,0.06462978927762056,0.11072694673446228,0.08054297443230711,-0.02546580766079705,0.07370083518712368,0.06433559827700544,0.13700962969590078,23.860626412729268,215,0.1109796577336245,1.0206847388473852,0.05194906148042025,0.10141986506573468,13.678185536091966,1.7444292117378717,6,1.0,0.03344040403722335,1267.0,0.22066393624488026,0.2260107969689741,0.005346860724093846,0.6362423089147994,0.657865979225506,0.021623670310706705,13.678185536091966,12.0,0.4365,0.5637181409295352,0.807,0.12277079237053379,0.06974717812002429,0.5246913580246914,0.5,6.0,47.0,14.0,0.0,0.0,0.9555555555555556,V6E_MOM|cWRgrande 42% · TUDO_INI_CALR|bipro30 19% · V6E_INI|cWRgrande 16%,t10 149 · t15 55 · t20 4 · t25 7,True
FIRST_10a35,FIRST,comum,todas,bsskill_t_ppg>=1_relaxar,bloco_motor,450,0.02218862895056168,-0.07135298971682472,0.11400541451500977,0.2691029900332226,0.027184717494664393,0.02886845768199795,0.020043909254840547,0.08522219695159886,0.06704081437957866,0.1602883499682591,-0.02801296959888825,0.12465980265825774,9.984883027752762,183,0.05456220233744678,1.0037771325949925,0.02210513492492006,0.044278969280115814,14.361156561513187,0.6952701187390083,6,0.6666666666666666,-0.03498391180943142,1085.0,0.22679682828656555,0.2270309095732778,0.00023408128671224316,0.6501430478180219,0.6585984581090816,0.00845541029105969,14.361156561513187,11.0,0.132,0.8680659670164917,0.7615,0.1305580140075302,0.10559580643814832,0.3816872427983539,0.16666666666666666,6.0,6.0,5.0,0.0,0.1111111111111111,1.0,V6E_MOM|cWRgrande 38% · V6_MOM|cWRgrande 25% · TUDO_INI_CALR|bipro30 12%,t10 122 · t15 41 · t20 16 · t25 3 · t30 1,
FIRST_10a35,FIRST,comum,todas,ppg_nao_piorando_ou_nada,a_cada_2,450,0.056471203763968476,-0.04843733049042977,0.16911098880690348,0.14950166112956811,0.07096396749878067,0.08006881491673806,0.07840217146710421,0.09413686549758254,-0.023981730649741205,0.12437670194984142,0.09325402487232413,0.14714799008819937,25.412041693785817,274,0.09274467771454678,1.1743576387707884,0.048086887588245635,0.09470508779060663,14.700361294956167,1.7286678323004843,5,1.0,0.011413249235541401,1614.0,0.2219990444784224,0.22305338026480828,0.0010543357863858772,0.6390942466161492,0.6499482765893495,0.010854029973200351,14.700361294956167,12.0,0.475,0.5252373813093453,0.7465,0.1608431352394436,0.10437193147547513,0.5699588477366256,0.5,6.0,36.0,12.0,0.0,0.0,0.6888888888888889,TUDO_INI_CALR|bipro30 31% · V6E_INI 26% · TUDO_INI_CALR|cWRgrande 14%,t10 195 · t15 56 · t20 17 · t25 5 · t30 1,True
FIRST_10a35,FIRST,comum,todas,ppg_nao_piorando_ou_nada,bloco_motor,450,-0.020510176237510783,-0.09847613287881027,0.045623403767168794,0.6777408637873754,0.024365901671744905,0.02612720153852749,0.01888883415937217,0.12492705060864867,-0.0034577090554101676,0.07533278642909087,-0.14427577068037792,0.08357452805486915,-9.229579306879849,215,-0.04292827584595278,1.0339597738590756,-0.019836532093468306,-0.03677152413234501,31.158978568238886,-0.2962093024540858,8,0.3333333333333333,-0.05014246851120025,1282.0,0.2110271645017637,0.21392739729511542,0.0029002327933517194,0.6150739062962178,0.6275113115235762,0.012437405227358369,31.158978568238886,14.0,0.0085,0.991504247876062,0.0495,0.163855491819253,0.18692944008645263,0.32510288065843623,0.16666666666666666,6.0,6.0,6.0,0.0,0.1111111111111111,0.75,V6WR_INI|cWRgrande 25% · V6E_INI 25% · TUDO_INI_CALR|bipro30 12%,t10 146 · t15 50 · t20 16 · t25 2 · t30 1,
FIRST_10a35,FIRST,comum,todas,funcao_menor_vol,a_cada_2,450,0.08947807530549567,-0.01298479314056389,0.1866132613519645,0.036544850498338874,0.121952354639167,0.08031337656521792,0.04791619848667862,0.13821584052884783,0.016217097245078103,0.10586616303420827,0.15558951118422346,0.13959444495538756,40.26513388747305,180,0.22369518826373916,1.0427393890232455,0.0858105833992821,0.19372571574074074,21.989708210930814,1.831089958140406,5,0.6666666666666666,-0.0033725011544246185,1069.0,0.21213323733060752,0.215794342805817,0.0036611054752094707,0.6132808969689129,0.6312193922416909,0.01793849527277805,21.989708210930814,9.0,0.8005,0.19990004997501248,0.285,-0.03995773560929344,-0.12943581091478912,0.6450617283950618,0.6666666666666666,6.0,14.0,11.0,0.0,0.0,1.0,V6WR_INI|bisolo30 20% · V6E_INI|cWRgrande 18% · V6WR_MOM|cWRgrande 17%,t10 130 · t15 38 · t20 10 · t25 1 · t35 1,True
FIRST_10a35,FIRST,comum,todas,funcao_menor_vol,bloco_motor,450,0.0547400929308682,-0.0277757770390367,0.1518505250003691,0.12956810631229235,0.07494380231840189,0.08050372590033242,0.06274787651242661,0.09750186454174052,-0.037146527473030336,0.10413821503913112,0.10831336567190783,0.12875385637011338,24.633041818890685,174,0.1415692058556936,1.013348703873138,0.054019009173885676,0.11497719289340579,18.36085933856571,1.3416061505983379,5,1.0,0.006515284196074068,1020.0,0.2075557691516434,0.2128465763534569,0.005290807201813534,0.6048150589564362,0.6197636311527396,0.014948572196303356,18.36085933856571,8.0,0.458,0.5422288855572214,0.4985,-0.02275246936893941,-0.08433507391616613,0.551954732510288,0.5,6.0,5.0,5.0,0.0,0.1111111111111111,1.0,V6WR_MOM|cWRgrande 25% · V6E_INI|cWRgrande 25% · V6E_MOM|bisolo30 25%,t10 120 · t15 41 · t20 11 · t25 1 · t35 1,
FIRST_10a35,FIRST,comum,todas,ACASO (média das elegíveis),-,450,0.05972034652724078,-0.007997951194754157,0.11572658500304302,0.026578073089700997,0.0925797999768984,0.055307218356918486,0.033953470305185036,0.06174411029665849,-0.018038020694699144,0.05253591108147584,0.11395640979675005,0.09861340536197177,26.874155937258347,239,0.11206788668234792,0.8062750471524414,0.0740694465718093,0.15651489929602974,13.479522925891144,1.9937023057128462,16,0.6666666666666666,-0.003894092727940451,,,,,,,,,,0.518,0.48225887056471767,0.819,,,,,,,,,,,,,
FIRST_10a35,FIRST,comum,todas,FIXO_RETROSPECTO (V6E_INI) — ENVIESADO,-,450,0.10142997706556454,-0.002902282143864463,0.22173894243691444,0.06976744186046512,0.20333534568914427,0.08088740769385899,0.01888883415937217,0.12492705060864867,-0.09462468032643397,0.12667692227504804,0.2271677244283858,0.17502921724497938,45.64348967950404,402,0.11354101910324389,1.4335670784264507,0.07075356193091345,0.14344364919731337,27.587026360275097,1.6545273522205344,8,0.6666666666666666,-0.019835821738543112,2415.0,0.21902401209723374,0.22377047666124036,0.004746464564006618,0.6300596341481643,0.6501694067042133,0.02010977255604896,27.587026360275097,10.0,0.883,0.11744127936031984,0.104,,,,,,,,,,,,,
FIRST_10a35,FIRST,comum,todas,"BASE_V6_MOM (fixo, sem flag)",-,450,0.0755499783373435,-0.040887796568185,0.21252402065021336,0.1362126245847176,0.18866773632002057,0.0954310325732576,0.004566843661573712,0.11742803601360327,-0.11686298329505304,0.1127871950116523,0.16926943767149424,0.15937995769398972,33.997490251804564,410,0.08292070793123064,1.4252210300698376,0.05300930644676318,0.105906559541517,28.539953623416224,1.1912244392685554,8,0.6666666666666666,-0.060715685774431497,2415.0,0.22340858586309767,0.22377047666124036,0.00036189079814267865,0.6429454625315041,0.6501694067042133,0.007223944172709205,28.539953623416224,8.0,0.683,0.3173413293353323,0.0845,,,,,,,,,,,,,
FIRST_10a35,FIRST,comum,todas,FIXO_TUDO_INI (sem flag),-,450,0.04567226947107509,-0.044662288286854694,0.15191145274338916,0.1760797342192691,0.0,0.0,0.08816798392915814,0.06846113948417032,-0.07711887139054002,0.11145021791469144,0.19447610008121985,0.19735706604389172,20.552521261983795,254,0.08091543803930629,1.175005030434867,0.038869850160702615,0.0801830222091816,19.37386808767531,1.0608372664134267,8,0.3333333333333333,-0.02835834203889906,1508.0,0.22658588821728462,0.22315742731633906,-0.003428460900945556,0.645263776931139,0.6471551492364742,0.0018913723053351646,19.37386808767531,8.0,0.3495,0.6506746626686657,0.427,,,,,,,,,,,,,
FIRST_10a35,FIRST,comum,todas,FIXO_TUDO_INI_CALR (sem flag),-,450,0.08417755695280031,-0.047620113440959434,0.20818744231165415,0.11960132890365449,0.0,0.0,0.08307105012443015,0.13832223218407924,0.09420779412922359,0.15082798061748642,0.2015201620339476,0.2218196419964864,37.879900628760126,258,0.14682132026651212,1.301730738542946,0.06466587479298674,0.1369550697587023,22.027568046652696,1.7196587725223869,12,0.6666666666666666,0.0,1508.0,0.2170853007727562,0.22315742731633906,0.006072126543582856,0.6239120387814127,0.6471551492364742,0.02324311045506159,22.027568046652696,20.0,0.759,0.2413793103448276,0.2835,,,,,,,,,,,,,
FIRST_10a35,FIRST,comum,todas,FIXO_TUDO_MOM (sem flag),-,450,0.013923493923698434,-0.0878705838643971,0.12177778696374322,0.3521594684385382,0.0,0.0,0.016307466146376955,0.11806591391788444,-0.11916000037090045,0.09739711119072403,0.1655082568811665,0.19889794632043517,6.265572265664304,251,0.02496243930543547,1.129744670609892,0.01232446081483336,0.024278599375407876,28.033892857754914,0.2234999005473862,10,0.3333333333333333,-0.0702314484481505,1508.0,0.22698443826099804,0.22315742731633906,-0.003827010944658974,0.6462939954557806,0.6471551492364742,0.0008611537806936169,28.033892857754914,10.0,0.086,0.9140429785107447,0.0955,,,,,,,,,,,,,
FIRST_10a35,FIRST,comum,todas,FIXO_V6E_INI (sem flag),-,450,0.10142997706556454,-0.002902282143864463,0.22173894243691444,0.06976744186046512,0.20333534568914427,0.08088740769385899,0.01888883415937217,0.12492705060864867,-0.09462468032643397,0.12667692227504804,0.2271677244283858,0.17502921724497938,45.64348967950404,402,0.11354101910324389,1.4335670784264507,0.07075356193091345,0.14344364919731337,27.587026360275097,1.6545273522205344,8,0.6666666666666666,-0.019835821738543112,2415.0,0.21902401209723374,0.22377047666124036,0.004746464564006618,0.6300596341481643,0.6501694067042133,0.02010977255604896,27.587026360275097,10.0,0.883,0.11744127936031984,0.104,,,,,,,,,,,,,
FIRST_10a35,FIRST,comum,todas,FIXO_V6E_MOM (sem flag),-,450,0.08754910774932001,-0.022611926516957,0.21723092041709727,0.07308970099667775,0.16786246339261163,0.09029193330418721,0.036088009659080045,0.11552425627932994,-0.06903532603685915,0.11052808073599497,0.1751246061608018,0.16999243965616664,39.397098487194,404,0.09751757051285644,1.444622214133228,0.0606034622012575,0.12245994590008534,25.343034948111033,1.5545532951305228,8,0.6666666666666666,-0.029671995598978155,2415.0,0.21907024862605726,0.22377047666124036,0.004700228035183097,0.6302103765209512,0.6501694067042133,0.019959030183262057,25.343034948111033,10.0,0.786,0.2143928035982009,0.1515,,,,,,,,,,,,,
FIRST_10a35,FIRST,comum,todas,FIXO_V6WR_INI (sem flag),-,450,0.05464482560567665,-0.06239317879972306,0.18018031321228575,0.16279069767441862,0.1586423033968211,0.09230080579317697,-0.038833201386672025,0.11323804495431991,-0.12952642736293887,0.13071446704341227,0.17629788887992426,0.18067884415464872,24.59017152255448,409,0.06012266875930191,1.3832153117550794,0.039505654066496046,0.0767693525079492,32.550352711816224,0.755450232452563,10,0.6666666666666666,-0.09302665886939551,2415.0,0.22314813262205443,0.22377047666124036,0.000622344039185926,0.6421255526815696,0.6501694067042133,0.008043854022643702,32.550352711816224,10.0,0.4565,0.543728135932034,0.0355,,,,,,,,,,,,,
FIRST_10a35,FIRST,comum,todas,FIXO_V6WR_MOM (sem flag),-,450,0.07857625682044174,-0.04193370454117211,0.18252505592445722,0.06976744186046512,0.19628394587504014,0.09489804198041198,0.004566843661573712,0.11742803601360327,-0.11686298329505304,0.1127871950116523,0.17146337651290708,0.15829535019633417,35.35931556919879,411,0.08603239797858586,1.4243288697755048,0.055167214881227895,0.11039011089783757,28.539953623416228,1.2389408909265875,8,0.6666666666666666,-0.060715685774431497,2415.0,0.22348211638166307,0.22377047666124036,0.00028836027957727717,0.6431567242118499,0.6501694067042133,0.007012682492363327,28.539953623416228,8.0,0.712,0.28835582208895555,0.0845,,,,,,,,,,,,,
FIRST_10a35,FIRST,comum,todas,FIXO_V6_INI (sem flag),-,450,0.05464482560567665,-0.06239317879972306,0.18018031321228575,0.16279069767441862,0.1586423033968211,0.09230080579317697,-0.038833201386672025,0.11323804495431991,-0.12952642736293887,0.13071446704341227,0.17629788887992426,0.18067884415464872,24.59017152255448,409,0.06012266875930191,1.3832153117550794,0.039505654066496046,0.0767693525079492,32.550352711816224,0.755450232452563,10,0.6666666666666666,-0.09302665886939551,2415.0,0.2231027793703854,0.22377047666124036,0.0006676972908549532,0.641997535542296,0.6501694067042133,0.008171871161917282,32.550352711816224,10.0,0.4565,0.543728135932034,0.0355,,,,,,,,,,,,,
FIRST_10a35,FIRST,comum,todas,FIXO_V6_MOM (sem flag),-,450,0.0755499783373435,-0.040887796568185,0.21252402065021336,0.1362126245847176,0.18866773632002057,0.0954310325732576,0.004566843661573712,0.11742803601360327,-0.11686298329505304,0.1127871950116523,0.16926943767149424,0.15937995769398972,33.997490251804564,410,0.08292070793123064,1.4252210300698376,0.05300930644676318,0.105906559541517,28.539953623416224,1.1912244392685554,8,0.6666666666666666,-0.060715685774431497,2415.0,0.22340858586309767,0.22377047666124036,0.00036189079814267865,0.6429454625315041,0.6501694067042133,0.007223944172709205,28.539953623416224,8.0,0.683,0.3173413293353323,0.0845,,,,,,,,,,,,,
FIRST_10a35,FIRST,comum,todas,FAVORITO (todos os jogos),-,450,-0.04007594349752468,-0.10958502292349674,0.04010072174763831,0.8704318936877077,-0.014445230000646686,0.0651814747459023,-0.017252729612159446,0.0831046567910281,0.031132436027985388,0.06882540744801009,-0.17255360715371693,0.07019898655202038,-18.034174573886098,448,-0.04025485395956718,0.6884877478826897,-0.05820865167284451,-0.07109220651313325,21.587795480070028,-0.8353875035797587,5,0.0,-0.10241289176237378,,,,,,,,,,0.0,1.0,0.3045,,,,,,,,,,,,,
FIRST_10a35,FIRST,comum,todas,ZEBRA (todos os jogos),-,450,0.019937974516958584,-0.1331494878754722,0.1497853552702815,0.4053156146179402,-0.026196627942547145,0.12828816142954916,-0.0004842444173687177,0.14443243548572268,-0.10051178351008111,0.14043658899011946,0.23001185516758413,0.19798295938842872,8.972088532631357,419,0.021413099123225195,1.541908910778235,0.012930708407992436,0.02527599599051443,39.435784563934476,0.22751134868600212,18,0.3333333333333333,-0.08280753792226124,,,,,,,,,,0.1175,0.8825587206396801,0.006,,,,,,,,,,,,,
FIRST_10a35,FIRST,comum,todas,VIG_MERCADO (dutching: perde a margem 1/S − 1),-,450,-0.03628993016737471,-0.04097135065123943,-0.030637878809465217,1.0,-0.036792961162656714,0.005282796927992184,-0.033714432482089884,0.003182030700974989,-0.038363148474014334,0.0071460624706136625,-0.03603766305309693,0.005277645254829173,-16.330468575318626,448,-0.03645193878419336,0.058874790673650916,-0.6163916635990022,-0.5759626994349364,16.330468575318626,-1.0,14,0.0,-0.037654591110797095,,,,,,,,,,0.0005,0.9995002498750625,0.6445,,,,,,,,,,,,,
FIRST_10a35,FIRST,comum,so_INI,bsskill_todas,a_cada_2,450,0.053264811673827545,-0.02962877020588306,0.13109140399171926,0.08305647840531562,0.0332700333988874,0.0649496494898027,0.1139047901607688,0.07963862232450614,-0.1061163792693904,0.07310689715806146,0.18199819154251443,0.11613623922217711,23.969165253222393,195,0.12291879617037124,0.989107873504811,0.05385136758146377,0.10923322699754251,13.756159081408335,1.7424315254987925,4,1.0,0.02587578284395019,1168.0,0.21854339448741025,0.22300989894338377,0.004466504455973535,0.6289199553134932,0.6463863901445405,0.01746643483104731,13.756159081408335,6.0,0.41,0.5902048975512244,0.809,0.08340377987890342,0.030138968205075875,0.4851851851851852,0.5,6.0,26.0,8.0,0.0,0.0,1.0,V6E_INI|cPROBSgrande 35% · V6E_INI|cWRgrande 28% · V6_INI|cPROBSgrande 14%,t10 132 · t15 46 · t20 13 · t25 4,True
FIRST_10a35,FIRST,comum,so_INI,bsskill_todas,bloco_motor,450,0.03296203090549267,-0.05099529675358958,0.1254807199039544,0.21926910299003322,-0.003002945731085977,0.04324560145913535,0.04317349183100367,0.10683617631127598,0.018386271082198667,0.09656076532410841,0.09127379475814364,0.10880572438342709,14.832913907471696,157,0.09447715864631653,0.9270526847772822,0.03555572563107518,0.07250680106302779,14.136637624159015,1.0492533162286604,6,0.3333333333333333,-0.019564190091989318,957.0,0.2180603047667519,0.22217086804241729,0.004110563275665387,0.6284926667307352,0.6444694919161845,0.015976825185449347,14.136637624159015,11.0,0.203,0.7971014492753623,0.7855,0.07882923578344454,0.04174695101476529,0.5055555555555555,0.5,6.0,5.0,5.0,0.0,0.1111111111111111,1.0,V6E_INI|cPROBSgrande 50% · TUDO_INI_CALR|bipro30 12% · TUDO_INI_CALR|bisolo 12%,t10 107 · t15 33 · t20 13 · t25 3 · t30 1,
FIRST_10a35,FIRST,comum,so_INI,llskill_todas,a_cada_2,450,0.06021637198029779,-0.036379881337949796,0.1645773025033319,0.11960132890365449,0.0699241004249504,0.07006601010086738,0.00787370872774713,0.07176986018977975,-0.0356935241872789,0.10672810075163489,0.19390733873344623,0.14673150887458195,27.097367391134007,197,0.13755008827986806,0.9754003831927335,0.06173503006344358,0.12291615459446319,13.093327525460628,2.069555453985385,6,0.6666666666666666,-0.035128421300586736,1163.0,0.21846385766229406,0.22198451458405064,0.003520656921756583,0.6288200254071242,0.6444575096836644,0.015637484276540214,13.093327525460628,8.0,0.4815,0.5187406296851574,0.8385,0.10159763016562888,0.04138125818533109,0.5259259259259258,0.3333333333333333,6.0,27.0,6.0,0.0,0.0,1.0,TUDO_INI_CALR|bipro30 31% · V6E_INI|cPROBSgrande 29% · V6E_INI|cWRgrande 28%,t10 127 · t15 51 · t20 13 · t25 5 · t30 1,True
FIRST_10a35,FIRST,comum,so_INI,llskill_todas,bloco_motor,450,0.03296203090549267,-0.05099529675358958,0.1254807199039544,0.21926910299003322,-0.003002945731085977,0.04324560145913535,0.04317349183100367,0.10683617631127598,0.018386271082198667,0.09656076532410841,0.09127379475814364,0.10880572438342709,14.832913907471696,157,0.09447715864631653,0.9270526847772822,0.03555572563107518,0.07250680106302779,14.136637624159015,1.0492533162286604,6,0.3333333333333333,-0.019564190091989318,957.0,0.2180603047667519,0.22217086804241729,0.004110563275665387,0.6284926667307352,0.6444694919161845,0.015976825185449347,14.136637624159015,11.0,0.203,0.7971014492753623,0.7855,0.07882923578344454,0.04174695101476529,0.5055555555555555,0.5,6.0,5.0,5.0,0.0,0.1111111111111111,1.0,V6E_INI|cPROBSgrande 50% · TUDO_INI_CALR|bipro30 12% · TUDO_INI_CALR|bisolo 12%,t10 107 · t15 33 · t20 13 · t25 3 · t30 1,
FIRST_10a35,FIRST,comum,so_INI,brier_todas,a_cada_2,450,0.0738584591422525,-0.007111727535139121,0.16541449399469163,0.06976744186046512,0.009148275240534373,0.0557353844487485,0.08226096579870648,0.10206020567269661,-0.015514619300077146,0.0980980871193307,0.25189430678070535,0.1303679054803529,33.23630661401363,186,0.17868982050544963,1.0163827835151023,0.07266795575463922,0.153634881671627,16.30529630709462,2.03837489292066,4,1.0,0.00914827524053437,1101.0,0.21974695097329533,0.22679284094025254,0.007045889966957207,0.6320636085162125,0.6552715471589918,0.02320793864277938,16.30529630709462,8.0,0.638,0.36231884057971014,0.63,-0.023610983024387567,-0.09746944216664007,0.5777777777777777,0.6666666666666666,6.0,23.0,6.0,0.0,0.0,0.9822222222222222,V6E_INI|cPROBSgrande 43% · TUDO_INI_CALR|bisolo30 30% · V6E_INI|bisolo30 19%,t10 119 · t15 42 · t20 19 · t25 4 · t30 1 · t35 1,True
FIRST_10a35,FIRST,comum,so_INI,brier_todas,bloco_motor,450,0.03572098643424912,-0.04058698115956481,0.11276621452788675,0.1760797342192691,-0.003002945731085977,0.04324560145913535,0.04317349183100367,0.10683617631127598,0.02785598697147998,0.09038055261182815,0.09421937874826632,0.10987038151935291,16.074443895412102,155,0.10370608964782002,0.9265841694394216,0.03855125914341934,0.07857569409449297,16.891386856909115,0.95163553067504,4,0.3333333333333333,-0.02269415937133792,939.0,0.21049501010682745,0.21634906742796783,0.005854057321140392,0.6082442605387812,0.6257056135631685,0.01746135302438716,16.891386856909115,10.0,0.2285,0.7716141929035483,0.586,-0.01709445609266008,-0.05728056583119033,0.48888888888888893,0.5,6.0,3.0,3.0,0.0,0.1111111111111111,1.0,V6E_INI|cPROBSgrande 50% · TUDO_INI_CALR|bisolo30 38% · V6E_INI|bisolo30 12%,t10 100 · t15 38 · t20 10 · t25 4 · t30 2 · t35 1,
FIRST_10a35,FIRST,comum,so_INI,ll_todas,a_cada_2,450,0.09650290351869924,0.011373109748774684,0.17344762828019725,0.016611295681063124,0.04672383919795711,0.06549001931755062,0.11470087992034714,0.09851994492304585,-0.011228173235227273,0.09270197566268712,0.26070460035209103,0.13145505824901288,43.42630658341466,194,0.22384694115162196,1.0526907456559873,0.09167260557473902,0.19883539875021683,14.500827400881954,2.9947468087768168,4,1.0,0.02499076602155772,1153.0,0.22313547060331987,0.23001699482388177,0.006881524220561922,0.6401625209855915,0.6629648457700315,0.02280232478444002,14.500827400881954,7.0,0.848,0.15242378810594703,0.758,-0.014701484091914283,-0.11120438761061352,0.6333333333333333,0.6666666666666666,6.0,35.0,6.0,0.0,0.0,0.9511111111111111,V6E_INI|cPROBSgrande 41% · TUDO_INI_CALR|bisolo30 35% · V6E_INI|bisolo30 13%,t10 125 · t15 46 · t20 17 · t25 4 · t30 1 · t35 1,True
FIRST_10a35,FIRST,comum,so_INI,ll_todas,bloco_motor,450,0.03572098643424912,-0.04058698115956481,0.11276621452788675,0.1760797342192691,-0.003002945731085977,0.04324560145913535,0.04317349183100367,0.10683617631127598,0.02785598697147998,0.09038055261182815,0.09421937874826632,0.10987038151935291,16.074443895412102,155,0.10370608964782002,0.9265841694394216,0.03855125914341934,0.07857569409449297,16.891386856909115,0.95163553067504,4,0.3333333333333333,-0.02269415937133792,939.0,0.21049501010682745,0.21634906742796783,0.005854057321140392,0.6082442605387812,0.6257056135631685,0.01746135302438716,16.891386856909115,10.0,0.2285,0.7716141929035483,0.586,-0.01709445609266008,-0.05728056583119033,0.48888888888888893,0.5,6.0,3.0,3.0,0.0,0.1111111111111111,1.0,V6E_INI|cPROBSgrande 50% · TUDO_INI_CALR|bisolo30 38% · V6E_INI|bisolo30 12%,t10 100 · t15 38 · t20 10 · t25 4 · t30 2 · t35 1,
FIRST_10a35,FIRST,comum,so_INI,bsskill_entradas,a_cada_2,450,0.04916201370826804,-0.05044377758483232,0.12916454459001234,0.16611295681063123,0.06614339655962695,0.06580319119880404,0.06213820751610148,0.10746673942766023,-0.024236120078675927,0.1374048209954082,0.08411187941034022,0.13831128837665438,22.122906168720625,210,0.10534717223200298,1.0739168218363508,0.045778232269612036,0.0936537297680272,23.38009726336351,0.9462281495033429,4,0.6666666666666666,-0.012762726731793777,1222.0,0.22466629948661296,0.22622817648213703,0.001561876995524066,0.6495138931809248,0.6624918756323922,0.012977982451467446,23.38009726336351,12.0,0.364,0.6361819090454772,0.214,0.13648904731862718,0.08732703361035915,0.5444444444444445,0.5,6.0,40.0,10.0,0.0,0.0,0.9644444444444444,V6WR_INI|cWRgrande 40% · TUDO_INI_CALR|bipro30 30% · TUDO_INI_CALR|cWRgrande 8%,t10 138 · t15 54 · t20 12 · t25 5 · t30 1,True
FIRST_10a35,FIRST,comum,so_INI,bsskill_entradas,bloco_motor,450,-0.02641976196393116,-0.10080438342547399,0.033345221054221656,0.7906976744186046,0.024365901671744905,0.02612720153852749,-0.007704301609519519,0.08586668814569806,-0.0034577090554101676,0.07533278642909087,-0.14427577068037792,0.08357452805486915,-11.888892883769024,174,-0.0683269705963737,0.8972418018901845,-0.02944553174882587,-0.052490744380774695,25.706895396265793,-0.4624787513429574,6,0.3333333333333333,-0.05348271905233813,1022.0,0.21914124011542935,0.21873101500119038,-0.0004102251142389694,0.6345929581351188,0.6380445493372733,0.0034515912021543882,25.706895396265793,14.0,0.0075,0.992503748125937,0.1445,0.14559477635983337,0.17531700856925592,0.3296296296296296,0.16666666666666666,6.0,5.0,5.0,0.0,0.1111111111111111,1.0,V6WR_INI|cWRgrande 50% · TUDO_INI_CALR|bipro30 12% · TUDO_INI_CALR|bipro 12%,t10 120 · t15 40 · t20 11 · t25 2 · t30 1,
FIRST_10a35,FIRST,comum,so_INI,llskill_entradas,a_cada_2,450,0.0579830575691451,-0.027076534230414433,0.14664663857200635,0.12956810631229235,0.0774152902738593,0.06121690830128069,0.12448151563284608,0.08571116694157889,-0.01593516694010163,0.12818112806476603,0.03625447495761956,0.1089651990455016,26.092375906115308,204,0.12790380346134955,1.0488292654407978,0.055283599990677425,0.1127545014577781,15.646326049222242,1.6676359564558816,4,1.0,0.034163854485795696,1198.0,0.22313880811158843,0.22597313836369234,0.0028343302521039323,0.6463322197127747,0.662106209328918,0.015773989616143246,15.646326049222242,10.0,0.459,0.5412293853073463,0.681,0.13305119298559018,0.07506813541644508,0.5407407407407407,0.5,6.0,35.0,9.0,0.0,0.0,0.9644444444444444,V6WR_INI|cWRgrande 41% · TUDO_INI_CALR|bipro30 29% · TUDO_INI_CALR|cPROBSgrande 16%,t10 138 · t15 50 · t20 10 · t25 5 · t30 1,True
FIRST_10a35,FIRST,comum,so_INI,llskill_entradas,bloco_motor,450,-0.009464297101748736,-0.07114357234007104,0.04558349362741222,0.6312292358803987,0.024365901671744905,0.02612720153852749,-0.007704301609519519,0.08586668814569806,-0.0034577090554101676,0.07533278642909087,-0.06797617880055698,0.07510725181995057,-4.258933695786931,167,-0.025502596980760066,0.9101670749047284,-0.010398417348528467,-0.019318915561155076,18.197213676331373,-0.23404317669393593,3,0.6666666666666666,-0.05348271905233813,994.0,0.21922761550773714,0.21945813846253437,0.00023052295479722646,0.6350308057340268,0.6403635324551783,0.005332726721151468,18.197213676331373,9.0,0.022,0.9780109945027486,0.502,0.14004346734034695,0.1506908015798143,0.3462962962962963,0.16666666666666666,6.0,5.0,5.0,0.0,0.1111111111111111,1.0,V6WR_INI|cWRgrande 50% · TUDO_INI_CALR|bipro30 12% · TUDO_INI_CALR|bipro 12%,t10 120 · t15 36 · t20 9 · t25 1 · t30 1,
FIRST_10a35,FIRST,comum,so_INI,brier_entradas,a_cada_2,450,0.059708858742061124,-0.03213010520837314,0.14973860452954682,0.08305647840531562,0.0041437349703993456,0.05681988900319253,0.04585025057630048,0.11296891506955625,0.03785598697147998,0.08575893580292976,0.17876802433589556,0.1233798641139428,26.8689864339275,192,0.13994263767670573,1.0230163056016093,0.058365500544928166,0.1196839780543258,18.00672692964887,1.4921638196049127,5,0.6666666666666666,-0.014242986874473378,1132.0,0.2211593086939753,0.22671099311875323,0.005551684424777928,0.6365062538962024,0.6545702808445244,0.018064026948321973,18.00672692964887,12.0,0.4775,0.5227386306846576,0.513,-0.00401746142498994,-0.06372632016705107,0.512962962962963,0.5,6.0,19.0,12.0,0.0,0.0,0.9688888888888889,TUDO_INI_CALR|bisolo30 37% · V6E_INI|cPROBSgrande 35% · TUDO_INI_CALR|bisolo35mais 9%,t10 125 · t15 47 · t20 11 · t25 6 · t30 2 · t35 1,True
FIRST_10a35,FIRST,comum,so_INI,brier_entradas,bloco_motor,450,0.06474501979451013,-0.007934939312251591,0.1509292837301119,0.07641196013289037,-0.003002945731085977,0.04324560145913535,0.04317349183100367,0.10683617631127598,0.06431561620851474,0.07683639199153854,0.18836789963240608,0.12482827029176002,29.135258907529554,158,0.18440037283246552,0.9596761704916511,0.06746548657276823,0.1431919855468516,11.907735838544122,2.4467505244130208,4,0.6666666666666666,-0.00300294573108598,946.0,0.2141732002066274,0.22202023856986383,0.007847038363236445,0.6168153321433226,0.6391499048827936,0.022334572739470957,11.907735838544122,10.0,0.538,0.4622688655672164,0.899,-0.0013938750940171761,-0.07423202236284107,0.561111111111111,0.5,6.0,3.0,3.0,0.0,0.1111111111111111,1.0,V6E_INI|cPROBSgrande 50% · TUDO_INI_CALR|bisolo30 38% · TUDO_INI_CALR|bisolo35mais 12%,t10 100 · t15 42 · t20 8 · t25 5 · t30 2 · t35 1,
FIRST_10a35,FIRST,comum,so_INI,ll_entradas,a_cada_2,450,0.05896246114481316,-0.012654954243856473,0.14958775627602175,0.09966777408637874,0.0041437349703993456,0.05681988900319253,0.04585025057630048,0.11296891506955625,0.03785598697147998,0.08575893580292976,0.1754092351482797,0.12322295920594349,26.533107515165913,191,0.13891679327311995,1.0177637074834613,0.05793335006079621,0.11871903848298895,18.00672692964887,1.4735108506298267,5,0.6666666666666666,-0.014242986874473378,1128.0,0.21945974750259573,0.2251463114875145,0.005686563984918773,0.6330282026410138,0.6512089901966194,0.018180787555605666,18.00672692964887,12.0,0.471,0.5292353823088456,0.513,-0.004862921227742562,-0.06382538237255572,0.512962962962963,0.5,6.0,15.0,11.0,0.0,0.0,0.9688888888888889,TUDO_INI_CALR|bisolo30 37% · V6E_INI|cPROBSgrande 33% · V6WR_INI|cPROBSgrande 11%,t10 125 · t15 46 · t20 11 · t25 6 · t30 2 · t35 1,True
FIRST_10a35,FIRST,comum,so_INI,ll_entradas,bloco_motor,450,0.06474501979451013,-0.007934939312251591,0.1509292837301119,0.07641196013289037,-0.003002945731085977,0.04324560145913535,0.04317349183100367,0.10683617631127598,0.06431561620851474,0.07683639199153854,0.18836789963240608,0.12482827029176002,29.135258907529554,158,0.18440037283246552,0.9596761704916511,0.06746548657276823,0.1431919855468516,11.907735838544122,2.4467505244130208,4,0.6666666666666666,-0.00300294573108598,946.0,0.2141732002066274,0.22202023856986383,0.007847038363236445,0.6168153321433226,0.6391499048827936,0.022334572739470957,11.907735838544122,10.0,0.538,0.4622688655672164,0.899,-0.0013938750940171761,-0.07423202236284107,0.561111111111111,0.5,6.0,3.0,3.0,0.0,0.1111111111111111,1.0,V6E_INI|cPROBSgrande 50% · TUDO_INI_CALR|bisolo30 38% · TUDO_INI_CALR|bisolo35mais 12%,t10 100 · t15 42 · t20 8 · t25 5 · t30 2 · t35 1,
FIRST_10a35,FIRST,comum,so_INI,ppg,a_cada_2,450,0.08955777335125407,-0.008808247590963846,0.18455675731691176,0.03986710963455149,0.14090555003291838,0.0806936005556839,0.11166340387351799,0.09744504419133124,-0.013265773714576344,0.1260678419923931,0.09325402487232413,0.14714799008819937,40.300998008064326,274,0.1470839343360012,1.1882788729331066,0.07536763918910108,0.15259619167098348,14.700361294956174,2.7414971101351067,5,1.0,0.04073137546326051,1626.0,0.21726515365525254,0.21961135665529932,0.002346203000046801,0.6269693060684826,0.6401710630450366,0.013201756976553998,14.700361294956174,12.0,0.795,0.20539730134932535,0.7505,0.16000257230265832,0.07044479895140425,0.611111111111111,0.6666666666666666,6.0,24.0,7.0,0.0,0.0,0.6577777777777778,V6E_INI 34% · TUDO_INI_CALR|bipro30 32% · V6WR_INI|cWRgrande 14%,t10 195 · t15 59 · t20 14 · t25 5 · t30 1,True
FIRST_10a35,FIRST,comum,so_INI,ppg,bloco_motor,450,-0.020510176237510783,-0.09847613287881027,0.045623403767168794,0.6777408637873754,0.024365901671744905,0.02612720153852749,0.01888883415937217,0.12492705060864867,-0.0034577090554101676,0.07533278642909087,-0.14427577068037792,0.08357452805486915,-9.229579306879849,215,-0.04292827584595278,1.0339597738590756,-0.019836532093468306,-0.03677152413234501,31.158978568238886,-0.2962093024540858,8,0.3333333333333333,-0.05014246851120025,1282.0,0.2110271645017637,0.21392739729511542,0.0029002327933517194,0.6150739062962178,0.6275113115235762,0.012437405227358369,31.158978568238886,14.0,0.0105,0.9895052473763118,0.0515,0.163855491819253,0.18692944008645263,0.34814814814814815,0.3333333333333333,6.0,6.0,6.0,0.0,0.1111111111111111,0.75,V6WR_INI|cWRgrande 25% · V6E_INI 25% · TUDO_INI_CALR|bipro30 12%,t10 146 · t15 50 · t20 16 · t25 2 · t30 1,
FIRST_10a35,FIRST,comum,so_INI,lucro,a_cada_2,450,0.08955777335125407,-0.008808247590963846,0.18455675731691176,0.03986710963455149,0.14090555003291838,0.0806936005556839,0.11166340387351799,0.09744504419133124,-0.013265773714576344,0.1260678419923931,0.09325402487232413,0.14714799008819937,40.300998008064326,274,0.1470839343360012,1.1882788729331066,0.07536763918910108,0.15259619167098348,14.700361294956174,2.7414971101351067,5,1.0,0.04073137546326051,1626.0,0.21726515365525254,0.21961135665529932,0.002346203000046801,0.6269693060684826,0.6401710630450366,0.013201756976553998,14.700361294956174,12.0,0.795,0.20539730134932535,0.7505,0.16000257230265832,0.07044479895140425,0.611111111111111,0.6666666666666666,6.0,24.0,7.0,0.0,0.0,0.6577777777777778,V6E_INI 34% · TUDO_INI_CALR|bipro30 32% · V6WR_INI|cWRgrande 14%,t10 195 · t15 59 · t20 14 · t25 5 · t30 1,True
FIRST_10a35,FIRST,comum,so_INI,lucro,bloco_motor,450,-0.020510176237510783,-0.09847613287881027,0.045623403767168794,0.6777408637873754,0.024365901671744905,0.02612720153852749,0.01888883415937217,0.12492705060864867,-0.0034577090554101676,0.07533278642909087,-0.14427577068037792,0.08357452805486915,-9.229579306879849,215,-0.04292827584595278,1.0339597738590756,-0.019836532093468306,-0.03677152413234501,31.158978568238886,-0.2962093024540858,8,0.3333333333333333,-0.05014246851120025,1282.0,0.2110271645017637,0.21392739729511542,0.0029002327933517194,0.6150739062962178,0.6275113115235762,0.012437405227358369,31.158978568238886,14.0,0.0105,0.9895052473763118,0.0515,0.163855491819253,0.18692944008645263,0.34814814814814815,0.3333333333333333,6.0,6.0,6.0,0.0,0.1111111111111111,0.75,V6WR_INI|cWRgrande 25% · V6E_INI 25% · TUDO_INI_CALR|bipro30 12%,t10 146 · t15 50 · t20 16 · t25 2 · t30 1,
FIRST_10a35,FIRST,comum,so_INI,roi,a_cada_2,450,0.08069228536247945,-0.015892969887443903,0.18937674366395474,0.08305647840531562,0.0774152902738593,0.06121690830128069,0.08563400068373939,0.10356497841682044,-0.0023158123523480388,0.15757849503733962,0.1636741603889772,0.1563401619981234,36.31152841311575,205,0.17712940689324758,1.0796987430958846,0.07473592599645494,0.15825059140756928,17.429760191278135,2.0833062540519673,4,1.0,0.016711773336741422,1208.0,0.22385541261666517,0.22595464926627992,0.002099236649614737,0.6477736097435391,0.6610600639464801,0.013286454202941039,17.429760191278135,10.0,0.7175,0.28285857071464265,0.551,0.1419584731524777,0.06126618778999825,0.6222222222222223,0.5,6.0,24.0,8.0,0.0,0.0,0.9644444444444444,V6WR_INI|cWRgrande 36% · TUDO_INI_CALR|bipro30 32% · TUDO_INI_CALR|cWRgrande 16%,t10 134 · t15 50 · t20 14 · t25 6 · t30 1,True
FIRST_10a35,FIRST,comum,so_INI,roi,bloco_motor,450,-0.02641976196393116,-0.10080438342547399,0.033345221054221656,0.7906976744186046,0.024365901671744905,0.02612720153852749,-0.007704301609519519,0.08586668814569806,-0.0034577090554101676,0.07533278642909087,-0.14427577068037792,0.08357452805486915,-11.888892883769024,174,-0.0683269705963737,0.8972418018901845,-0.02944553174882587,-0.052490744380774695,25.706895396265793,-0.4624787513429574,6,0.3333333333333333,-0.05348271905233813,1022.0,0.21914124011542935,0.21873101500119038,-0.0004102251142389694,0.6345929581351188,0.6380445493372733,0.0034515912021543882,25.706895396265793,14.0,0.0075,0.992503748125937,0.1445,0.14559477635983337,0.17531700856925592,0.3296296296296296,0.16666666666666666,6.0,5.0,5.0,0.0,0.1111111111111111,1.0,V6WR_INI|cWRgrande 50% · TUDO_INI_CALR|bipro30 12% · TUDO_INI_CALR|bipro 12%,t10 120 · t15 40 · t20 11 · t25 2 · t30 1,
FIRST_10a35,FIRST,comum,so_INI,sharpe,a_cada_2,450,0.08143570791909101,-0.03662937000284389,0.19781131800395707,0.07973421926910298,0.0774152902738593,0.06121690830128069,0.075333844039981,0.10896254065330552,0.03132974579616238,0.16002634915409852,0.14367416038897718,0.167992274221441,36.64606856359096,209,0.17534004097411943,1.0943010622893947,0.07441801047759088,0.1576995702786255,15.065204376427092,2.432497273049411,5,1.0,0.009845002240902522,1226.0,0.22428995138474878,0.2269191453257138,0.002629193940965042,0.6481667378787028,0.6637549487186165,0.015588210839913711,15.065204376427092,12.0,0.7255,0.2748625687156422,0.72,0.14160873736710097,0.060173029448009965,0.6222222222222222,0.5,6.0,20.0,8.0,0.0,0.0,0.9644444444444444,V6WR_INI|cWRgrande 31% · TUDO_INI_CALR|bipro30 28% · TUDO_INI_CALR|cWRgrande 20%,t10 135 · t15 53 · t20 14 · t25 6 · t30 1,True
FIRST_10a35,FIRST,comum,so_INI,sharpe,bloco_motor,450,0.004902616159832157,-0.08067321990997597,0.09710605152341957,0.4053156146179402,0.024365901671744905,0.02612720153852749,0.06274787651242661,0.09750186454174052,0.06704081437957866,0.1602883499682591,-0.14427577068037792,0.08357452805486915,2.2061772719244743,183,0.012055613507784013,0.9734061270882304,0.005036557736180943,0.009614821333322882,18.47712453967435,0.1194004655425328,6,0.3333333333333333,-0.006514600304374045,1075.0,0.21830325319385507,0.22481078084030062,0.00650752764644555,0.631465205793283,0.6550688267764393,0.023603620983156277,18.47712453967435,14.0,0.0505,0.9495252373813093,0.483,0.14263484439159227,0.1371194012117811,0.462962962962963,0.3333333333333333,6.0,5.0,5.0,0.0,0.1111111111111111,1.0,V6WR_INI|cWRgrande 25% · V6E_INI|cWRgrande 25% · TUDO_INI_CALR|cWRgrande 25%,t10 117 · t15 48 · t20 14 · t25 3 · t30 1,
FIRST_10a35,FIRST,comum,so_INI,sortino,a_cada_2,450,0.0859468538399262,1.0513919943190905e-05,0.19590440581463103,0.08970099667774087,0.0774152902738593,0.06121690830128069,0.10563400068373939,0.09552869748587199,0.02132974579616238,0.151276960088368,0.14367416038897718,0.167992274221441,38.67608422796679,207,0.1868409866085352,1.0919299826210305,0.07871095693665485,0.16783990955472047,13.291728584481167,2.9097858854207477,5,1.0,0.030045106670074755,1220.0,0.2246269257470364,0.2274695247262398,0.002842598979203394,0.6493479425504063,0.6650052788429777,0.01565733629257143,13.291728584481167,12.0,0.768,0.23238380809595202,0.8285,0.14170546030663353,0.05575860646670733,0.6148148148148148,0.5,6.0,20.0,7.0,0.0,0.0,0.9644444444444444,V6WR_INI|cWRgrande 36% · TUDO_INI_CALR|bipro30 30% · TUDO_INI_CALR|cWRgrande 18%,t10 136 · t15 50 · t20 14 · t25 6 · t30 1,True
FIRST_10a35,FIRST,comum,so_INI,sortino,bloco_motor,450,-0.010753423422822539,-0.07969308463653686,0.08865135352396675,0.6411960132890365,0.024365901671744905,0.02612720153852749,-0.007704301609519519,0.08586668814569806,0.06704081437957866,0.1602883499682591,-0.14427577068037792,0.08357452805486915,-4.839040540270144,182,-0.02658813483664914,0.9538204046130391,-0.011274054707589484,-0.020999647270994244,18.657043052766912,-0.2593680320393802,6,0.3333333333333333,-0.05348271905233813,1075.0,0.2233971129094313,0.22481078084030062,0.0014136679308693453,0.6442001591697962,0.6550688267764393,0.010868667606643062,18.657043052766912,14.0,0.0205,0.9795102448775612,0.472,0.14383545854174323,0.1559330598924186,0.3611111111111111,0.16666666666666666,6.0,4.0,4.0,0.0,0.1111111111111111,1.0,V6WR_INI|cWRgrande 50% · TUDO_INI_CALR|cWRgrande 25% · TUDO_INI_CALR|bipro30 12%,t10 122 · t15 43 · t20 13 · t25 3 · t30 1,
FIRST_10a35,FIRST,comum,so_INI,calmar,a_cada_2,450,0.1282579443927673,0.02108449770130199,0.24368637484175104,0.013289036544850499,0.0774152902738593,0.06121690830128069,0.16869487453462903,0.08225342875567981,0.11114968771482742,0.1721668720522698,0.1811932521072074,0.19584231420788867,57.71607497674528,212,0.27224563668276075,1.1316832318247023,0.11333378527308113,0.25261639746202397,12.051577040681984,4.789088994902131,5,1.0,0.0774152902738593,1242.0,0.22833043805567743,0.23475029916673754,0.006419861111060102,0.6569341239437348,0.6835357918661855,0.026601667922450643,12.051577040681984,12.0,0.9755,0.02498750624687656,0.893,0.14084617181740416,0.01258822742463686,0.6851851851851851,0.6666666666666666,6.0,10.0,6.0,0.0,0.0,0.9644444444444444,V6WR_INI|cWRgrande 36% · TUDO_INI_CALR|bipro30 28% · TUDO_INI_CALR|cWRgrande 23%,t10 140 · t15 54 · t20 11 · t25 6 · t30 1,True
FIRST_10a35,FIRST,comum,so_INI,calmar,bloco_motor,450,0.047026748380996346,-0.06206473831177141,0.15638261575273496,0.19933554817275748,0.024365901671744905,0.02612720153852749,-0.007704301609519519,0.08586668814569806,0.06704081437957866,0.1602883499682591,0.11573500243680705,0.1864980504279493,21.162036771448356,180,0.11756687095249087,1.0201710799155388,0.046096923650187915,0.09468686079879603,17.135977647949193,1.2349477343057222,6,0.6666666666666666,-0.05348271905233813,1049.0,0.22588108438269355,0.22915429877279855,0.0032732143901049913,0.6489646994752422,0.6636497392350927,0.014685039759850613,17.135977647949193,14.0,0.3395,0.6606696651674163,0.5705,0.14096194318813204,0.08805685125951115,0.5037037037037037,0.3333333333333333,6.0,4.0,3.0,0.0,0.1111111111111111,1.0,V6WR_INI|cWRgrande 50% · TUDO_INI_CALR|bipro30 25% · TUDO_INI_CALR|cWRgrande 25%,t10 123 · t15 41 · t20 10 · t25 5 · t30 1,
FIRST_10a35,FIRST,comum,so_INI,maxdd,a_cada_2,450,0.10392533094282733,0.013956337730867463,0.2196571370877173,0.046511627906976744,0.0774152902738593,0.06121690830128069,0.12448151563284608,0.08571116694157889,0.17008953573148333,0.1588918498052606,0.05697000246760467,0.14448828999248967,46.7663989242723,208,0.22483845636669375,1.08256505913447,0.09599915503084634,0.2092503454571999,11.819433804070982,3.9567376660770748,5,1.0,0.0774152902738593,1219.0,0.23302965124848027,0.2385571603393952,0.005527509090914912,0.6678259731738853,0.6929581083546476,0.025132135180762218,11.819433804070982,5.0,0.9,0.10044977511244378,0.9035,0.12221910372057809,0.018293772777750766,0.6777777777777779,0.5,6.0,12.0,8.0,0.0,0.0,0.9644444444444444,V6WR_INI|cWRgrande 38% · TUDO_INI_CALR|cWRgrande 21% · TUDO_INI|bipro30 19%,t10 139 · t15 52 · t20 13 · t25 3 · t30 1,True
FIRST_10a35,FIRST,comum,so_INI,maxdd,bloco_motor,450,0.010548330346519632,-0.06619883401110571,0.09711366502933437,0.4219269102990033,0.024365901671744905,0.02612720153852749,-0.007704301609519519,0.08586668814569806,0.06704081437957866,0.1602883499682591,-0.04841787871833816,0.11490293255058112,4.746748655933835,179,0.026518148915831482,0.9503998546821663,0.011098834132342346,0.021238727353393494,17.135977647949193,0.27700483470821513,6,0.6666666666666666,-0.05348271905233813,1049.0,0.22758556723527584,0.22915429877279855,0.0015687315375227076,0.6536082860680923,0.6636497392350927,0.010041453167000444,17.135977647949193,14.0,0.073,0.9270364817591205,0.5705,0.13558011644305124,0.12371324480321666,0.4296296296296296,0.16666666666666666,6.0,4.0,4.0,0.0,0.1111111111111111,1.0,V6WR_INI|cWRgrande 50% · TUDO_INI_CALR|cWRgrande 25% · TUDO_INI_CALR|bipro30 12%,t10 123 · t15 42 · t20 10 · t25 3 · t30 1,
FIRST_10a35,FIRST,comum,so_INI,seq_ruim,a_cada_2,450,0.055289311247447584,-0.05283294349960209,0.19082723104629273,0.2026578073089701,0.053318336448080025,0.05963493694406567,-0.017047713574822824,0.08877376330997272,0.06704081437957866,0.1602883499682591,0.11883129513663825,0.1886701380355958,24.880190061351414,229,0.10864711817184024,1.1394925367644493,0.04852099462137745,0.10094400986383713,15.06430533589808,1.6515988959718033,5,0.6666666666666666,-0.05971166036254032,1349.0,0.22827723593778104,0.2310018987411328,0.0027246628033517676,0.6531472070216149,0.6712112511816016,0.018064044159986758,15.06430533589808,10.0,0.4295,0.5707146426786607,0.72,0.1148039552015462,0.05951464395409861,0.49074074074074076,0.3333333333333333,6.0,16.0,12.0,0.0,0.0,0.8266666666666667,V6E_INI|cPROBSgrande 27% · TUDO_INI_CALR|cWRgrande 19% · TUDO_INI_CALR|bipro30 17%,t10 152 · t15 53 · t20 19 · t25 4 · t30 1,True
FIRST_10a35,FIRST,comum,so_INI,seq_ruim,bloco_motor,450,-0.0019046028291609376,-0.09436016076537937,0.08772299500193201,0.4850498338870432,-0.003002945731085977,0.04324560145913535,0.01888883415937217,0.12492705060864867,0.05609085301735034,0.13398212768526985,-0.07904598131131778,0.09435116609977756,-0.8570712731224224,223,-0.00384336893776871,1.0769966096101047,-0.0017684390202959354,-0.0034025234394339425,22.588060819922287,-0.03794355256766885,8,0.3333333333333333,-0.03575396187307701,1332.0,0.21785531553198734,0.21883861883753514,0.0009833033055477948,0.6289662130601779,0.641049083364684,0.01208287030450617,22.588060819922287,14.0,0.035,0.9650174912543729,0.25,0.13265766078634283,0.1348003389691489,0.3333333333333333,0.3333333333333333,6.0,5.0,5.0,0.0,0.1111111111111111,0.75,V6E_INI|cPROBSgrande 25% · V6E_INI 25% · TUDO_INI_CALR|bipro30 25%,t10 155 · t15 47 · t20 17 · t25 2 · t30 2,
FIRST_10a35,FIRST,comum,so_INI,brier_com_roi>=0,a_cada_2,450,0.06198333179056304,-0.030397251587293266,0.14901775864434302,0.08637873754152824,-0.006555161989917829,0.06226548554745628,0.02706110397720483,0.1169823109584604,0.05714278397043719,0.11924868825322654,0.20455384809476831,0.10911813269165718,27.89249930575337,208,0.1340985543545835,1.0678922854013568,0.058042681493168775,0.12003020588364972,20.209025721713886,1.3802000991954728,5,0.3333333333333333,-0.053653504896963564,1218.0,0.22846296148715473,0.23656766161525158,0.008104700128096866,0.6515058478848751,0.6825881581795864,0.031082310294711375,20.209025721713886,10.0,0.507,0.49325337331334335,0.372,0.03622677114009316,-0.025756560650469884,0.5296296296296296,0.6666666666666666,6.0,44.0,14.0,0.0,0.0,0.9244444444444444,V6E_INI|cPROBSgrande 43% · TUDO_INI_CALR|bisolo35mais 14% · TUDO_INI_CALR|bisolo30 9%,t10 139 · t15 49 · t20 16 · t25 2 · t30 1 · t35 1,True
FIRST_10a35,FIRST,comum,so_INI,brier_com_roi>=0,bloco_motor,450,0.04554067711126342,-0.0345384759189945,0.12482147359050845,0.1461794019933555,-0.003002945731085977,0.04324560145913535,0.04317349183100367,0.10683617631127598,0.16968251734567183,0.11570651909830414,-0.0034185435793611728,0.0686653110194887,20.49330470006854,170,0.12054885117687375,1.0076756628773713,0.04519378485456731,0.09473033448692858,11.907735838544122,1.721007669126637,4,0.6666666666666666,-0.00300294573108598,1022.0,0.22494319549575395,0.2332157283878299,0.008272532892075935,0.6419520070456708,0.6715791784503043,0.02962717140463357,11.907735838544122,10.0,0.325,0.6751624187906047,0.899,0.021449833876845705,-0.029783427873325653,0.4851851851851851,0.3333333333333333,6.0,5.0,4.0,0.0,0.1111111111111111,1.0,V6E_INI|cPROBSgrande 50% · TUDO_INI_CALR|bisolo35mais 25% · TUDO_INI_CALR|cPROBSgrande 12%,t10 110 · t15 45 · t20 10 · t25 3 · t30 1 · t35 1,
FIRST_10a35,FIRST,comum,so_INI,bsskill_t_ppg>=1_relaxar,a_cada_2,450,0.05814196032510886,-0.016509948650029794,0.14469912331015022,0.09634551495016612,0.07007470950911937,0.05495025385599001,0.12263427176730404,0.08101003489236595,-0.06794604590466369,0.06957220812909969,0.1018385313366705,0.1447822908028013,26.16388214629898,212,0.1234145384259386,1.0058164480900404,0.05780573626084111,0.11259142202749951,14.306402346453972,1.828823313695217,6,1.0,0.04137862072578452,1258.0,0.2189565033736703,0.22323513852342888,0.004278635149758573,0.6316787406033566,0.6497460573468278,0.018067316743471187,14.306402346453972,12.0,0.461,0.5392303848075962,0.77,0.11788577041368199,0.05974381008857313,0.5148148148148148,0.3333333333333333,6.0,40.0,11.0,0.0,0.0,0.9466666666666667,V6E_INI|cWRgrande 54% · TUDO_INI_CALR|bipro30 20% · V6_INI|cWRgrande 7%,t10 147 · t15 51 · t20 7 · t25 7,True
FIRST_10a35,FIRST,comum,so_INI,bsskill_t_ppg>=1_relaxar,bloco_motor,450,0.03071649086225255,-0.05665995731944373,0.1332823181899694,0.29900332225913623,0.04713506371247932,0.02374535558051302,-0.007704301609519519,0.08586668814569806,0.06704081437957866,0.1602883499682591,0.008185100541358343,0.13723496804453425,13.82242088801365,181,0.07636696623211961,0.9933080237670167,0.030923429718974257,0.062127161744052306,17.135977647949193,0.806631589512367,6,0.6666666666666666,-0.05348271905233813,1085.0,0.22652211629210708,0.2270309095732778,0.0005087932811707189,0.6492403585215818,0.6585984581090816,0.0093580995874998,17.135977647949193,11.0,0.1865,0.8135932033983009,0.5705,0.11580682546716384,0.08125077324712972,0.44259259259259265,0.16666666666666666,6.0,5.0,4.0,0.0,0.1111111111111111,1.0,V6E_INI|cWRgrande 50% · V6_INI|cWRgrande 25% · TUDO_INI_CALR|bipro30 12%,t10 123 · t15 41 · t20 13 · t25 3 · t30 1,
FIRST_10a35,FIRST,comum,so_INI,ppg_nao_piorando_ou_nada,a_cada_2,450,0.08955777335125407,-0.008808247590963846,0.18455675731691176,0.03986710963455149,0.14090555003291838,0.0806936005556839,0.11166340387351799,0.09744504419133124,-0.013265773714576344,0.1260678419923931,0.09325402487232413,0.14714799008819937,40.300998008064326,274,0.1470839343360012,1.1882788729331066,0.07536763918910108,0.15259619167098348,14.700361294956174,2.7414971101351067,5,1.0,0.04073137546326051,1626.0,0.21726515365525254,0.21961135665529932,0.002346203000046801,0.6269693060684826,0.6401710630450366,0.013201756976553998,14.700361294956174,12.0,0.795,0.20539730134932535,0.7505,0.16000257230265832,0.07044479895140425,0.611111111111111,0.6666666666666666,6.0,24.0,7.0,0.0,0.0,0.6577777777777778,V6E_INI 34% · TUDO_INI_CALR|bipro30 32% · V6WR_INI|cWRgrande 14%,t10 195 · t15 59 · t20 14 · t25 5 · t30 1,True
FIRST_10a35,FIRST,comum,so_INI,ppg_nao_piorando_ou_nada,bloco_motor,450,-0.020510176237510783,-0.09847613287881027,0.045623403767168794,0.6777408637873754,0.024365901671744905,0.02612720153852749,0.01888883415937217,0.12492705060864867,-0.0034577090554101676,0.07533278642909087,-0.14427577068037792,0.08357452805486915,-9.229579306879849,215,-0.04292827584595278,1.0339597738590756,-0.019836532093468306,-0.03677152413234501,31.158978568238886,-0.2962093024540858,8,0.3333333333333333,-0.05014246851120025,1282.0,0.2110271645017637,0.21392739729511542,0.0029002327933517194,0.6150739062962178,0.6275113115235762,0.012437405227358369,31.158978568238886,14.0,0.0105,0.9895052473763118,0.0515,0.163855491819253,0.18692944008645263,0.34814814814814815,0.3333333333333333,6.0,6.0,6.0,0.0,0.1111111111111111,0.75,V6WR_INI|cWRgrande 25% · V6E_INI 25% · TUDO_INI_CALR|bipro30 12%,t10 146 · t15 50 · t20 16 · t25 2 · t30 1,
FIRST_10a35,FIRST,comum,so_INI,funcao_menor_vol,a_cada_2,450,0.061130217896595014,-0.03287799407409547,0.16257479339762446,0.11960132890365449,0.09814766007683719,0.05989605873565978,0.0601144338509898,0.13548857940188058,-0.061823641131290547,0.08037727840473258,0.12957369769972255,0.13320673229630015,27.508598053467757,178,0.15454268569363908,0.9891512425870296,0.061800678465221186,0.13235080409332353,22.148837065591117,1.2419883704053785,5,1.0,0.00475965575511618,1069.0,0.21220183090800968,0.215794342805817,0.0035925118978073108,0.6136756178204041,0.6312193922416909,0.017543774421286715,22.148837065591117,9.0,0.4945,0.5057471264367817,0.2685,-0.04132370515971795,-0.10245392305631296,0.5259259259259259,0.3333333333333333,6.0,5.0,6.0,0.0,0.0,1.0,V6WR_INI|bisolo30 37% · V6E_INI|cWRgrande 35% · V6WR_INI|bisolo 11%,t10 130 · t15 39 · t20 7 · t25 1 · t35 1,True
FIRST_10a35,FIRST,comum,so_INI,funcao_menor_vol,bloco_motor,450,0.04471122858879501,-0.03329991653558358,0.1278051063708085,0.13953488372093023,0.04713506371247932,0.02374535558051302,0.06274787651242661,0.09750186454174052,-0.061823641131290547,0.08037727840473258,0.12957369769972255,0.13320673229630015,20.12005286495776,170,0.11835325214681035,0.9713022261777658,0.046032251737691425,0.09580977554741787,18.51998819322601,1.0863966356262043,5,1.0,0.006515284196074068,1020.0,0.20736929530961531,0.2128465763534569,0.005477281043841612,0.6019738673149503,0.6197636311527396,0.01778976383778921,18.51998819322601,7.0,0.314,0.6861569215392304,0.479,-0.018840159466158267,-0.06914029162855267,0.5351851851851853,0.3333333333333333,6.0,3.0,3.0,0.0,0.1111111111111111,1.0,V6E_INI|cWRgrande 50% · V6WR_INI|bisolo30 38% · V6WR_INI|bisolo 12%,t10 121 · t15 39 · t20 8 · t25 1 · t35 1,
FIRST_10a35,FIRST,comum,so_INI,ACASO (média das elegíveis),-,450,0.06010847418839311,-0.01098999049628482,0.12850277152291933,0.04318936877076412,0.08590295985930972,0.059618744012544814,0.024181961975542045,0.06316910877251525,-0.006036649779965133,0.057424640767844516,0.12348838186322755,0.10079717163721429,27.048813384776906,239,0.11274514656492783,0.8128511388685616,0.07394770249330078,0.1546244420152884,14.29663737664984,1.8919703054757977,8,0.6666666666666666,-0.0070207414547065385,,,,,,,,,,0.4805,0.5197401299350325,0.7715,,,,,,,,,,,,,
FIRST_10a35,FIRST,comum,so_INI,FIXO_RETROSPECTO (V6E_INI) — ENVIESADO,-,450,0.10142997706556454,-0.002902282143864463,0.22173894243691444,0.06976744186046512,0.20333534568914427,0.08088740769385899,0.01888883415937217,0.12492705060864867,-0.09462468032643397,0.12667692227504804,0.2271677244283858,0.17502921724497938,45.64348967950404,402,0.11354101910324389,1.4335670784264507,0.07075356193091345,0.14344364919731337,27.587026360275097,1.6545273522205344,8,0.6666666666666666,-0.019835821738543112,2415.0,0.21902401209723374,0.22377047666124036,0.004746464564006618,0.6300596341481643,0.6501694067042133,0.02010977255604896,27.587026360275097,10.0,0.884,0.11644177911044477,0.1075,,,,,,,,,,,,,
FIRST_10a35,FIRST,comum,so_INI,"BASE_V6_MOM (fixo, sem flag)",-,450,0.0755499783373435,-0.040887796568185,0.21252402065021336,0.1362126245847176,0.18866773632002057,0.0954310325732576,0.004566843661573712,0.11742803601360327,-0.11686298329505304,0.1127871950116523,0.16926943767149424,0.15937995769398972,33.997490251804564,410,0.08292070793123064,1.4252210300698376,0.05300930644676318,0.105906559541517,28.539953623416224,1.1912244392685554,8,0.6666666666666666,-0.060715685774431497,2415.0,0.22340858586309767,0.22377047666124036,0.00036189079814267865,0.6429454625315041,0.6501694067042133,0.007223944172709205,28.539953623416224,8.0,0.66,0.3403298350824588,0.09,,,,,,,,,,,,,
FIRST_10a35,FIRST,comum,so_INI,FIXO_TUDO_INI (sem flag),-,450,0.04567226947107509,-0.044662288286854694,0.15191145274338916,0.1760797342192691,0.0,0.0,0.08816798392915814,0.06846113948417032,-0.07711887139054002,0.11145021791469144,0.19447610008121985,0.19735706604389172,20.552521261983795,254,0.08091543803930629,1.175005030434867,0.038869850160702615,0.0801830222091816,19.37386808767531,1.0608372664134267,8,0.3333333333333333,-0.02835834203889906,1508.0,0.22658588821728462,0.22315742731633906,-0.003428460900945556,0.645263776931139,0.6471551492364742,0.0018913723053351646,19.37386808767531,8.0,0.326,0.6741629185407296,0.424,,,,,,,,,,,,,
FIRST_10a35,FIRST,comum,so_INI,FIXO_TUDO_INI_CALR (sem flag),-,450,0.08417755695280031,-0.047620113440959434,0.20818744231165415,0.11960132890365449,0.0,0.0,0.08307105012443015,0.13832223218407924,0.09420779412922359,0.15082798061748642,0.2015201620339476,0.2218196419964864,37.879900628760126,258,0.14682132026651212,1.301730738542946,0.06466587479298674,0.1369550697587023,22.027568046652696,1.7196587725223869,12,0.6666666666666666,0.0,1508.0,0.2170853007727562,0.22315742731633906,0.006072126543582856,0.6239120387814127,0.6471551492364742,0.02324311045506159,22.027568046652696,20.0,0.751,0.2493753123438281,0.274,,,,,,,,,,,,,
FIRST_10a35,FIRST,comum,so_INI,FIXO_V6E_INI (sem flag),-,450,0.10142997706556454,-0.002902282143864463,0.22173894243691444,0.06976744186046512,0.20333534568914427,0.08088740769385899,0.01888883415937217,0.12492705060864867,-0.09462468032643397,0.12667692227504804,0.2271677244283858,0.17502921724497938,45.64348967950404,402,0.11354101910324389,1.4335670784264507,0.07075356193091345,0.14344364919731337,27.587026360275097,1.6545273522205344,8,0.6666666666666666,-0.019835821738543112,2415.0,0.21902401209723374,0.22377047666124036,0.004746464564006618,0.6300596341481643,0.6501694067042133,0.02010977255604896,27.587026360275097,10.0,0.884,0.11644177911044477,0.1075,,,,,,,,,,,,,
FIRST_10a35,FIRST,comum,so_INI,FIXO_V6WR_INI (sem flag),-,450,0.05464482560567665,-0.06239317879972306,0.18018031321228575,0.16279069767441862,0.1586423033968211,0.09230080579317697,-0.038833201386672025,0.11323804495431991,-0.12952642736293887,0.13071446704341227,0.17629788887992426,0.18067884415464872,24.59017152255448,409,0.06012266875930191,1.3832153117550794,0.039505654066496046,0.0767693525079492,32.550352711816224,0.755450232452563,10,0.6666666666666666,-0.09302665886939551,2415.0,0.22314813262205443,0.22377047666124036,0.000622344039185926,0.6421255526815696,0.6501694067042133,0.008043854022643702,32.550352711816224,10.0,0.423,0.5772113943028486,0.039,,,,,,,,,,,,,
FIRST_10a35,FIRST,comum,so_INI,FIXO_V6_INI (sem flag),-,450,0.05464482560567665,-0.06239317879972306,0.18018031321228575,0.16279069767441862,0.1586423033968211,0.09230080579317697,-0.038833201386672025,0.11323804495431991,-0.12952642736293887,0.13071446704341227,0.17629788887992426,0.18067884415464872,24.59017152255448,409,0.06012266875930191,1.3832153117550794,0.039505654066496046,0.0767693525079492,32.550352711816224,0.755450232452563,10,0.6666666666666666,-0.09302665886939551,2415.0,0.2231027793703854,0.22377047666124036,0.0006676972908549532,0.641997535542296,0.6501694067042133,0.008171871161917282,32.550352711816224,10.0,0.423,0.5772113943028486,0.039,,,,,,,,,,,,,
FIRST_10a35,FIRST,comum,so_INI,FAVORITO (todos os jogos),-,450,-0.04007594349752468,-0.10958502292349674,0.04010072174763831,0.8704318936877077,-0.014445230000646686,0.0651814747459023,-0.017252729612159446,0.0831046567910281,0.031132436027985388,0.06882540744801009,-0.17255360715371693,0.07019898655202038,-18.034174573886098,448,-0.04025485395956718,0.6884877478826897,-0.05820865167284451,-0.07109220651313325,21.587795480070028,-0.8353875035797587,5,0.0,-0.10241289176237378,,,,,,,,,,0.001,0.999000499750125,0.298,,,,,,,,,,,,,
FIRST_10a35,FIRST,comum,so_INI,ZEBRA (todos os jogos),-,450,0.019937974516958584,-0.1331494878754722,0.1497853552702815,0.4053156146179402,-0.026196627942547145,0.12828816142954916,-0.0004842444173687177,0.14443243548572268,-0.10051178351008111,0.14043658899011946,0.23001185516758413,0.19798295938842872,8.972088532631357,419,0.021413099123225195,1.541908910778235,0.012930708407992436,0.02527599599051443,39.435784563934476,0.22751134868600212,18,0.3333333333333333,-0.08280753792226124,,,,,,,,,,0.1195,0.88055972013993,0.006,,,,,,,,,,,,,
FIRST_10a35,FIRST,comum,so_INI,VIG_MERCADO (dutching: perde a margem 1/S − 1),-,450,-0.03628993016737471,-0.04097135065123943,-0.030637878809465217,1.0,-0.036792961162656714,0.005282796927992184,-0.033714432482089884,0.003182030700974989,-0.038363148474014334,0.0071460624706136625,-0.03603766305309693,0.005277645254829173,-16.330468575318626,448,-0.03645193878419336,0.058874790673650916,-0.6163916635990022,-0.5759626994349364,16.330468575318626,-1.0,14,0.0,-0.037654591110797095,,,,,,,,,,0.0025,0.9975012493753124,0.6285,,,,,,,,,,,,,
MULTI_10a35,MULTI,propria,todas,bsskill_todas,a_cada_2,450,0.22234090065996895,-0.12817391363357716,0.5783807541765733,0.08305647840531562,0.15629847425633459,0.22620186239951973,0.5005873248816635,0.29983095258454817,0.013487545461304453,0.4711427797979927,0.2520114712423906,0.5171931173781634,100.05340529698606,729,0.13724746954319075,3.464151620016825,0.06418336292650177,0.13033866181661857,47.005321507607526,2.1285548548113433,4,1.0,0.15629847425633459,1126.0,0.2105733846495996,0.21346002195363653,0.0028866373040369493,0.6111416224841499,0.6219643826093688,0.010822760125218897,47.00532150760754,29.0,0.0545,0.9455272363818091,0.2985,0.6170469430758468,0.3947060424158779,0.3636831275720165,0.3333333333333333,6.0,20.0,7.0,0.0,0.0,1.0,V6E_MOM|cPROBSgrande 36% · TUDO_INI_CALR|bipro30 26% · TUDO_INI_CALR|cWRgrande 15%,t10 123 · t15 142 · t20 137 · t25 136 · t30 100 · t35 91,True
MULTI_10a35,MULTI,propria,todas,bsskill_todas,bloco_motor,450,0.25767227582537194,0.03185655025259161,0.5176139318479707,0.029900332225913623,0.2942786898807059,0.18073196196801453,0.42398330355136776,0.3542456970031304,-0.057107959939319386,0.3196570420702682,0.35123186278106666,0.26803246998716346,115.95252412141734,578,0.20060990332425147,3.0038646846115404,0.08578025406583656,0.1879941247003507,52.63587479901827,2.202918153524828,3,1.0,0.049828865428769784,919.0,0.21898769679717653,0.22230444094200502,0.0033167441448284794,0.6293127624289232,0.6437443146735252,0.014431552244602052,53.67014003664282,21.0,0.106,0.8940529735132434,0.184,0.6006814433863995,0.31080013308285603,0.3786008230452675,0.3333333333333333,6.0,4.0,4.0,0.0,0.1111111111111111,1.0,V6E_MOM|cPROBSgrande 50% · TUDO_INI_CALR|bisolo 25% · TUDO_INI_CALR|bipro30 12%,t10 100 · t15 118 · t20 112 · t25 106 · t30 76 · t35 66,
MULTI_10a35,MULTI,propria,todas,llskill_todas,a_cada_2,450,0.30604223881599796,-0.03414527875870991,0.6977822902250909,0.036544850498338874,0.089776214328532,0.23032407028190613,0.5649333270157436,0.33006675230723226,0.02054828114182053,0.4543913397997445,0.6570441450216289,0.533747667414319,137.7190074671991,743,0.18535532633539584,3.676309403417591,0.08324713870151769,0.18099220912251554,44.82072806811003,3.0726633279566524,4,1.0,0.08977621432853201,1135.0,0.2161109439459584,0.2211754145967961,0.005064470650837711,0.623027841564115,0.6436558607378311,0.020628019173716188,45.293310458286,42.0,0.21,0.7901049475262368,0.3515,0.5499738640467482,0.24393162523075024,0.4495884773662551,0.3333333333333333,6.0,20.0,8.0,0.0,0.0,1.0,TUDO_INI_CALR|bipro30 47% · V6E_MOM|cPROBSgrande 32% · V6E_MOM|cWRgrande 12%,t10 126 · t15 148 · t20 141 · t25 134 · t30 103 · t35 91,True
MULTI_10a35,MULTI,propria,todas,llskill_todas,bloco_motor,450,0.31475709395781465,-0.009108478639347968,0.6237241993952635,0.026578073089700997,0.2942786898807059,0.18073196196801453,0.42398330355136776,0.3542456970031304,-0.057107959939319386,0.3196570420702682,0.6081135443770587,0.5611972652189768,141.64069228101656,578,0.24505310083220858,3.3627979986197674,0.09359976248558614,0.20858714053710745,52.63587479901827,2.6909535145345083,3,1.0,0.049828865428769784,892.0,0.21448085209383402,0.2210559831340513,0.006575131040217288,0.6196694679203483,0.6426148539909063,0.022945386070558172,53.67014003664282,42.0,0.2345,0.7656171914042978,0.184,0.5646061184329249,0.21050438773038338,0.44753086419753085,0.3333333333333333,6.0,4.0,3.0,0.0,0.1111111111111111,1.0,V6E_MOM|cPROBSgrande 50% · TUDO_INI_CALR|bipro30 38% · TUDO_INI_CALR|bisolo 12%,t10 102 · t15 111 · t20 112 · t25 106 · t30 81 · t35 66,
MULTI_10a35,MULTI,propria,todas,brier_todas,a_cada_2,450,0.4976891857653408,0.1712758842679644,0.8427596728036948,0.0033222591362126247,0.5611820282769366,0.2883233610939428,0.7283656508506019,0.43403909761962617,0.005351541811063374,0.31821092856815963,0.6641111008669633,0.41448783650429344,223.9601335944034,703,0.3185777149280276,3.796572160299299,0.13108908898655203,0.30710633592234265,58.64498807995653,3.8189134472848103,4,1.0,0.31976706774635255,1099.0,0.22034374248127703,0.23007306457352636,0.009729322092249344,0.6330146862725445,0.6632318608827535,0.030217174610208956,58.64498807995656,23.0,0.828,0.1724137931034483,0.1045,0.14019355153822088,-0.35749563422711994,0.4465020576131687,0.3333333333333333,6.0,12.0,4.0,0.0,0.0,0.9911111111111112,TUDO_INI_CALR|bisolo30 47% · V6E_MOM|cPROBSgrande 44% · V6E_INI|bisolo35mais 9%,t10 120 · t15 134 · t20 136 · t25 129 · t30 99 · t35 85,True
MULTI_10a35,MULTI,propria,todas,brier_todas,bloco_motor,450,0.38321526131797184,0.11158247654122634,0.6780257703691576,0.006644518272425249,0.2942786898807059,0.18073196196801453,0.42398330355136776,0.3542456970031304,0.1949562366914833,0.30732736746610545,0.6641111008669633,0.41448783650429344,172.44686759308726,615,0.2804014107204671,3.4498035878518363,0.11108321142323258,0.2632334872761526,47.10728573863295,3.660726040338652,4,1.0,0.24324863280047643,946.0,0.213827547203988,0.22202023856986383,0.008192691365875833,0.6153091354878765,0.6391499048827936,0.023840769394917038,47.10728573863294,23.0,0.4705,0.5297351324337831,0.2955,0.1803903070235503,-0.250726861959168,0.47633744855967075,0.3333333333333333,6.0,3.0,3.0,0.0,0.1111111111111111,1.0,V6E_MOM|cPROBSgrande 50% · TUDO_INI_CALR|bisolo30 38% · V6E_INI|bisolo35mais 12%,t10 100 · t15 124 · t20 115 · t25 113 · t30 90 · t35 73,
MULTI_10a35,MULTI,propria,todas,ll_todas,a_cada_2,450,0.5325949937795162,0.16903816674520772,0.8418997419741389,0.0033222591362126247,0.6658994523194628,0.2809425177802758,0.7283656508506019,0.43403909761962617,0.005351541811063374,0.31821092856815963,0.6641111008669633,0.41448783650429344,239.66774720078232,710,0.3375602073250455,3.83491269562811,0.13888060460585896,0.32836800517254267,58.64498807995653,4.086755834514272,4,1.0,0.31976706774635255,1116.0,0.22216077641653662,0.232173763509969,0.01001298709343238,0.6373737499782105,0.6683166416748784,0.03094289169666788,58.64498807995656,23.0,0.897,0.10344827586206896,0.1045,0.13919656673662528,-0.39339842704289096,0.5205761316872427,0.3333333333333333,6.0,14.0,4.0,0.0,0.0,0.9822222222222222,TUDO_INI_CALR|bisolo30 47% · V6E_MOM|cPROBSgrande 43% · V6E_INI|bisolo35mais 9%,t10 121 · t15 135 · t20 138 · t25 130 · t30 100 · t35 86,True
MULTI_10a35,MULTI,propria,todas,ll_todas,bloco_motor,450,0.38321526131797184,0.11158247654122634,0.6780257703691576,0.006644518272425249,0.2942786898807059,0.18073196196801453,0.42398330355136776,0.3542456970031304,0.1949562366914833,0.30732736746610545,0.6641111008669633,0.41448783650429344,172.44686759308726,615,0.2804014107204671,3.4498035878518363,0.11108321142323258,0.2632334872761526,47.10728573863295,3.660726040338652,4,1.0,0.24324863280047643,946.0,0.213827547203988,0.22202023856986383,0.008192691365875833,0.6153091354878765,0.6391499048827936,0.023840769394917038,47.10728573863294,23.0,0.4705,0.5297351324337831,0.2955,0.1803903070235503,-0.250726861959168,0.47633744855967075,0.3333333333333333,6.0,3.0,3.0,0.0,0.1111111111111111,1.0,V6E_MOM|cPROBSgrande 50% · TUDO_INI_CALR|bisolo30 38% · V6E_INI|bisolo35mais 12%,t10 100 · t15 124 · t20 115 · t25 113 · t30 90 · t35 73,
MULTI_10a35,MULTI,propria,todas,bsskill_entradas,a_cada_2,450,0.23516018846557638,-0.0858651265853427,0.578731853613043,0.07308970099667775,0.37816654840855063,0.2604903164040756,0.593869733579557,0.2870193850028795,0.31320016894946273,0.5352982309068064,-0.41609887704675186,0.11512389807667742,105.82208480950933,712,0.14862652360886142,3.7951028669920785,0.06196411446732657,0.1321883128464615,59.86967191781282,1.7675407500942801,4,0.6666666666666666,-0.14641297048030555,1103.0,0.21352042021348142,0.2151057632153242,0.0015853430018427735,0.6195476364730392,0.6321153883852085,0.012567751912169257,59.86967191781282,23.0,0.0715,0.928535732133933,0.0905,0.6363523114560801,0.40119212299050366,0.32818930041152267,0.3333333333333333,6.0,39.0,13.0,0.0,0.0,1.0,TUDO_INI_CALR|bisolo 39% · V6E_MOM|cPROBSgrande 26% · TUDO_INI_CALR|cWRgrande 12%,t10 127 · t15 144 · t20 133 · t25 126 · t30 92 · t35 90,True
MULTI_10a35,MULTI,propria,todas,bsskill_entradas,bloco_motor,450,0.32159101178418803,0.02971765472148021,0.6488136979690555,0.029900332225913623,0.22396966123632733,0.17097067853505246,0.42398330355136776,0.3542456970031304,0.7045506460986397,0.4699895077101464,-0.01732888847565219,0.19378833823899144,144.71595530288457,616,0.2349284988683191,3.621850575790779,0.08879190487144083,0.20602647355337106,36.85729675792935,3.926385493036759,3,1.0,0.183202104662161,965.0,0.2153349636182762,0.2208806482569778,0.005545684638701598,0.6216631730642498,0.6418244845562167,0.020161311491966878,36.857296757929376,19.0,0.2555,0.7446276861569215,0.5955,0.6141738425171931,0.2523839542599816,0.4284979423868313,0.3333333333333333,6.0,3.0,3.0,0.0,0.1111111111111111,1.0,TUDO_INI_CALR|bisolo 50% · V6E_INI|cPROBSgrande 25% · V6E_MOM|cPROBSgrande 25%,t10 103 · t15 127 · t20 113 · t25 110 · t30 85 · t35 78,
MULTI_10a35,MULTI,propria,todas,llskill_entradas,a_cada_2,450,0.20178369136052074,-0.10403045339787358,0.5548818965986567,0.1362126245847176,0.38156795378779906,0.2621774496326568,0.5527671127084116,0.29572188932197446,0.00022711679541590258,0.5334701232921986,-0.2173195490631827,0.15643941267307157,90.80266111223429,684,0.1327524285266583,3.5587727081209377,0.056700359340190694,0.11857735116609651,66.538271654923,1.364668165460472,5,0.6666666666666666,-0.0647125010406784,1078.0,0.2084781421000868,0.21027984122883164,0.0018016991287448203,0.6070378325494801,0.6181706466157366,0.01113281406625656,66.538271654923,25.0,0.0395,0.960519740129935,0.043,0.6359278794722252,0.4341441881117044,0.24999999999999997,0.16666666666666666,6.0,27.0,11.0,0.0,0.0,1.0,TUDO_INI_CALR|bisolo 44% · V6E_MOM|cPROBSgrande 30% · V6E_INI|cPROBSgrande 9%,t10 122 · t15 141 · t20 129 · t25 122 · t30 86 · t35 84,True
MULTI_10a35,MULTI,propria,todas,llskill_entradas,bloco_motor,450,0.32159101178418803,0.02971765472148021,0.6488136979690555,0.029900332225913623,0.22396966123632733,0.17097067853505246,0.42398330355136776,0.3542456970031304,0.7045506460986397,0.4699895077101464,-0.01732888847565219,0.19378833823899144,144.71595530288457,616,0.2349284988683191,3.621850575790779,0.08879190487144083,0.20602647355337106,36.85729675792935,3.926385493036759,3,1.0,0.183202104662161,965.0,0.2153349636182762,0.2208806482569778,0.005545684638701598,0.6216631730642498,0.6418244845562167,0.020161311491966878,36.857296757929376,19.0,0.2555,0.7446276861569215,0.5955,0.6141738425171931,0.2523839542599816,0.4284979423868313,0.3333333333333333,6.0,3.0,3.0,0.0,0.1111111111111111,1.0,TUDO_INI_CALR|bisolo 50% · V6E_INI|cPROBSgrande 25% · V6E_MOM|cPROBSgrande 25%,t10 103 · t15 127 · t20 113 · t25 110 · t30 85 · t35 78,
MULTI_10a35,MULTI,propria,todas,brier_entradas,a_cada_2,450,0.4197153589523875,0.10807685226785317,0.7213828739291566,0.009966777408637873,0.3808908779333752,0.2604581525631948,0.6579201557076543,0.3232837589132644,-0.004648458188936555,0.3238201983363384,0.6641111008669633,0.41448783650429344,188.87191152857437,696,0.27136768897783675,3.744797285739162,0.11207959388101899,0.24557460650993934,61.656537697810364,3.0632909109212254,4,1.0,0.2661367376510541,1065.0,0.23223967287634403,0.23802469849274438,0.005785025616400346,0.6641907258071444,0.6849055870453389,0.020714861238194455,61.656537697810364,23.0,0.5875,0.4127936031984008,0.0775,0.03302230342608945,-0.386693055526298,0.5,0.5,6.0,16.0,7.0,0.0,0.0,1.0,TUDO_INI_CALR|bisolo30 51% · V6_INI|cWRgrande 32% · V6_INI|cPROBSgrande 6%,t10 120 · t15 140 · t20 136 · t25 122 · t30 100 · t35 78,True
MULTI_10a35,MULTI,propria,todas,brier_entradas,bloco_motor,450,0.3508943033069163,0.08556641968441497,0.6496776797976972,0.0033222591362126247,0.35842868154610164,0.2143689986038768,0.38191869988394417,0.21002110005971647,-0.004648458188936555,0.3238201983363384,0.6641111008669633,0.41448783650429344,157.90243648811233,655,0.24107242211925548,3.5275920854696476,0.09947133761646361,0.21586052911830997,57.91349342211052,2.7265223898205995,4,1.0,0.08213576710191409,993.0,0.2203164501595493,0.22376452178636097,0.003448071626811691,0.6349246460448443,0.6448444904542691,0.00991984440942473,57.91349342211052,23.0,0.356,0.6441779110444777,0.113,0.03766744152010811,-0.3570886497001728,0.41203703703703703,0.16666666666666666,6.0,2.0,2.0,0.0,0.1111111111111111,1.0,V6_INI|cWRgrande 50% · TUDO_INI_CALR|bisolo30 50%,t10 115 · t15 133 · t20 128 · t25 116 · t30 95 · t35 68,
MULTI_10a35,MULTI,propria,todas,ll_entradas,a_cada_2,450,0.4252031247087493,0.17785772974561248,0.7634423062728289,0.0033222591362126247,0.3392856571207576,0.2513913077465066,0.7450229328302087,0.2889221574140383,-0.004648458188936555,0.3238201983363384,0.6641111008669633,0.41448783650429344,191.34140611893721,691,0.27690507397820147,3.7706000495861116,0.11276802607463571,0.2516175618797524,61.656537697810364,3.103343347898246,4,1.0,0.3242052557327571,1062.0,0.23338727735334874,0.2395580541986569,0.006170776845308148,0.6671909155246231,0.6893285684984175,0.022137652973794386,61.656537697810364,23.0,0.6055,0.39480259870064965,0.0775,0.039591009470452285,-0.385612115238297,0.5185185185185186,0.5,6.0,20.0,7.0,0.0,0.0,1.0,TUDO_INI_CALR|bisolo30 51% · V6_INI|cWRgrande 31% · V6_INI|cPROBSgrande 6%,t10 120 · t15 140 · t20 134 · t25 120 · t30 98 · t35 79,True
MULTI_10a35,MULTI,propria,todas,ll_entradas,bloco_motor,450,0.3508943033069163,0.08556641968441497,0.6496776797976972,0.0033222591362126247,0.35842868154610164,0.2143689986038768,0.38191869988394417,0.21002110005971647,-0.004648458188936555,0.3238201983363384,0.6641111008669633,0.41448783650429344,157.90243648811233,655,0.24107242211925548,3.5275920854696476,0.09947133761646361,0.21586052911830997,57.91349342211052,2.7265223898205995,4,1.0,0.08213576710191409,993.0,0.2203164501595493,0.22376452178636097,0.003448071626811691,0.6349246460448443,0.6448444904542691,0.00991984440942473,57.91349342211052,23.0,0.356,0.6441779110444777,0.113,0.03766744152010811,-0.3570886497001728,0.41203703703703703,0.16666666666666666,6.0,2.0,2.0,0.0,0.1111111111111111,1.0,V6_INI|cWRgrande 50% · TUDO_INI_CALR|bisolo30 50%,t10 115 · t15 133 · t20 128 · t25 116 · t30 95 · t35 68,
MULTI_10a35,MULTI,propria,todas,ppg,a_cada_2,450,0.292957416945816,-0.04646221518651696,0.6721829204380974,0.07641196013289037,0.2862181799650502,0.2361348261985361,0.526453279249505,0.4743988998034905,0.2169251528221266,0.534436950663943,0.145602674236965,0.39246224744596797,131.83083762561716,921,0.14313880306798824,3.971448324847276,0.07376588916263485,0.15137154188567517,53.684711197439555,2.4556495636304128,9,1.0,0.18264758308251214,1438.0,0.21927733496881488,0.22327756410848656,0.004000229139671687,0.6319024802046456,0.652408786276388,0.020506306071742354,53.684711197439555,29.0,0.177,0.823088455772114,0.1695,0.6927537728874542,0.3997963559416382,0.4063786008230453,0.5,6.0,33.0,14.0,0.0,0.0,0.7644444444444445,TUDO_INI_CALR|bisolo 19% · TUDO_INI_CALR|cWRgrande 16% · V6E_INI|cPROBSgrande 11%,t10 166 · t15 188 · t20 176 · t25 152 · t30 126 · t35 113,True
MULTI_10a35,MULTI,propria,todas,ppg,bloco_motor,450,0.23578905811330753,-0.022367624624792956,0.5375074013199579,0.08637873754152824,0.22396966123632733,0.17097067853505246,0.7045243654787814,0.49662639278610415,-0.057107959939319386,0.3196570420702682,0.07767986411593057,0.21381913379310127,106.10507615098828,777,0.1365573695636915,3.6241942295587437,0.06505971898256004,0.1353122881205832,63.646580193981436,1.6670978366410614,8,1.0,0.22396966123632733,1238.0,0.21230199890860535,0.21472035557718624,0.0024183566685808794,0.6161255387852733,0.6289390854054018,0.012813546620128508,64.68084543160599,21.0,0.073,0.9270364817591205,0.063,0.6624050316486821,0.3971423412712112,0.3395061728395062,0.16666666666666666,6.0,5.0,5.0,0.0,0.1111111111111111,0.75,V6E_INI|cPROBSgrande 25% · V6E_MOM 25% · TUDO_INI_CALR|bisolo 25%,t10 142 · t15 159 · t20 150 · t25 135 · t30 101 · t35 90,
MULTI_10a35,MULTI,propria,todas,lucro,a_cada_2,450,0.49365491752513346,0.12937067727151963,0.8733902025036939,0.009966777408637873,0.2862181799650502,0.2361348261985361,0.5915390531437432,0.5026784157326144,0.33512140590499917,0.4829218164971374,0.8654593998667827,0.44358361754515085,222.14471288631,1310,0.16957611670710687,4.142896800735385,0.11915694289983454,0.26669932883819536,48.45716472980574,4.584352265036052,9,1.0,0.2862181799650502,2054.0,0.21942544547969867,0.22439043491747934,0.004964989437780676,0.6309992996940158,0.6524387748104186,0.021439475116402807,49.49142996743029,16.0,0.815,0.1854072963518241,0.265,0.48849523473386386,-0.005159682791269604,0.6893004115226337,0.6666666666666666,6.0,13.0,8.0,0.0,0.0,0.28,V6E_MOM 64% · V6E_INI|cPROBSgrande 11% · V6E_MOM|cPROBSgrande 10%,t10 236 · t15 265 · t20 255 · t25 221 · t30 190 · t35 143,True
MULTI_10a35,MULTI,propria,todas,lucro,bloco_motor,450,0.4980132584677899,0.09782990474880102,0.9006051930401484,0.006644518272425249,0.22396966123632733,0.17097067853505246,0.7045243654787814,0.49662639278610415,0.33512140590499917,0.4829218164971374,0.8654593998667827,0.44358361754515085,224.10596631050538,1171,0.19137998830956907,4.087169882997897,0.1218479468004159,0.278637015787243,48.45716472980574,4.624826226629372,8,1.0,0.22396966123632733,1859.0,0.21613086277275578,0.22140880803040824,0.0052779452576524775,0.6229722829315524,0.6438340901922733,0.020861807260720937,49.49142996743029,16.0,0.8295,0.17091454272863568,0.265,0.4678496007579022,-0.09241531501836137,0.6707818930041153,0.6666666666666666,6.0,2.0,2.0,0.0,0.1111111111111111,0.25,V6E_MOM 75% · V6E_INI|cPROBSgrande 25%,t10 204 · t15 236 · t20 228 · t25 202 · t30 171 · t35 130,
MULTI_10a35,MULTI,propria,todas,roi,a_cada_2,450,0.2480590700332796,-0.08553609762007118,0.5619950094807807,0.0664451827242525,0.2399226552760346,0.20204420757598038,0.42004885169609635,0.3370441872263409,0.43474989646110557,0.5183649900791636,-0.09841691592149558,0.21111169224031365,111.62658151497578,713,0.1565590203576098,3.6147798621671554,0.0686235620125873,0.14547869821954648,47.82995835045904,2.3338214241598743,3,1.0,0.07096404748266577,1108.0,0.21113059811363244,0.21606548633015074,0.004934888216518304,0.6128050498376799,0.6317340845718531,0.018929034734173275,47.82995835045898,18.0,0.088,0.9120439780109945,0.278,0.6580881820240966,0.410029111990817,0.3539094650205761,0.16666666666666666,6.0,24.0,9.0,0.0,0.0,1.0,TUDO_INI_CALR|bisolo 31% · V6E_MOM|cPROBSgrande 25% · TUDO_INI_CALR|cWRgrande 19%,t10 122 · t15 143 · t20 135 · t25 126 · t30 95 · t35 92,True
MULTI_10a35,MULTI,propria,todas,roi,bloco_motor,450,0.32159101178418803,0.02971765472148021,0.6488136979690555,0.029900332225913623,0.22396966123632733,0.17097067853505246,0.42398330355136776,0.3542456970031304,0.7045506460986397,0.4699895077101464,-0.01732888847565219,0.19378833823899144,144.71595530288457,616,0.2349284988683191,3.621850575790779,0.08879190487144083,0.20602647355337106,36.85729675792935,3.926385493036759,3,1.0,0.183202104662161,965.0,0.2153349636182762,0.2208806482569778,0.005545684638701598,0.6216631730642498,0.6418244845562167,0.020161311491966878,36.857296757929376,19.0,0.2555,0.7446276861569215,0.5955,0.6141738425171931,0.2523839542599816,0.4284979423868313,0.3333333333333333,6.0,3.0,3.0,0.0,0.1111111111111111,1.0,TUDO_INI_CALR|bisolo 50% · V6E_INI|cPROBSgrande 25% · V6E_MOM|cPROBSgrande 25%,t10 103 · t15 127 · t20 113 · t25 110 · t30 85 · t35 78,
MULTI_10a35,MULTI,propria,todas,sharpe,a_cada_2,450,0.2672743681185999,-0.036171629816660854,0.584211518425054,0.05647840531561462,0.2660512003067241,0.1997015156493947,0.36004885169609635,0.3538527262406689,0.5165874060692688,0.5622079287647483,-0.07297840169175171,0.21626170710363207,120.2734656533699,717,0.16774541932129694,3.578842372387009,0.07468179380594898,0.15759097877458395,37.15270443553216,3.2372735035230056,3,1.0,0.1424813967079372,1120.0,0.20904210531097123,0.21362780948539567,0.004585704174424445,0.6076565260716519,0.6246709693951639,0.017014443323511992,37.15270443553216,17.0,0.119,0.8810594702648675,0.582,0.6592301248073557,0.39195575668875576,0.3302469135802469,0.16666666666666666,6.0,21.0,8.0,0.0,0.0,1.0,TUDO_INI_CALR|bisolo 28% · V6E_MOM|cPROBSgrande 25% · TUDO_INI_CALR|cWRgrande 21%,t10 121 · t15 144 · t20 136 · t25 128 · t30 96 · t35 92,True
MULTI_10a35,MULTI,propria,todas,sharpe,bloco_motor,450,0.32159101178418803,0.02971765472148021,0.6488136979690555,0.029900332225913623,0.22396966123632733,0.17097067853505246,0.42398330355136776,0.3542456970031304,0.7045506460986397,0.4699895077101464,-0.01732888847565219,0.19378833823899144,144.71595530288457,616,0.2349284988683191,3.621850575790779,0.08879190487144083,0.20602647355337106,36.85729675792935,3.926385493036759,3,1.0,0.183202104662161,965.0,0.2153349636182762,0.2208806482569778,0.005545684638701598,0.6216631730642498,0.6418244845562167,0.020161311491966878,36.857296757929376,19.0,0.2555,0.7446276861569215,0.5955,0.6141738425171931,0.2523839542599816,0.4284979423868313,0.3333333333333333,6.0,3.0,3.0,0.0,0.1111111111111111,1.0,TUDO_INI_CALR|bisolo 50% · V6E_INI|cPROBSgrande 25% · V6E_MOM|cPROBSgrande 25%,t10 103 · t15 127 · t20 113 · t25 110 · t30 85 · t35 78,
MULTI_10a35,MULTI,propria,todas,sortino,a_cada_2,450,0.21654996687233716,-0.10456152807762399,0.513740523955207,0.08970099667774087,0.2660512003067241,0.1997015156493947,0.36004885169609635,0.3538527262406689,0.43474989646110557,0.5183649900791636,-0.21940069769177079,0.2515752061791814,97.44748509255169,718,0.13572073132667367,3.5642614332135745,0.0607559156167435,0.12570734867666084,51.77373727597458,1.8821798506280876,3,0.6666666666666666,-0.00969180703085101,1117.0,0.20859557054706257,0.21247746986876556,0.0038818993217029922,0.6069230787859585,0.6225466874512945,0.015623608665335973,51.773737275974554,18.0,0.05,0.9500249875062469,0.195,0.6585918291342039,0.4420418622618667,0.26440329218106995,0.16666666666666666,6.0,25.0,9.0,0.0,0.0,1.0,TUDO_INI_CALR|bisolo 30% · V6E_MOM|cPROBSgrande 25% · TUDO_INI_CALR|cWRgrande 19%,t10 122 · t15 143 · t20 136 · t25 128 · t30 97 · t35 92,True
MULTI_10a35,MULTI,propria,todas,sortino,bloco_motor,450,0.32159101178418803,0.02971765472148021,0.6488136979690555,0.029900332225913623,0.22396966123632733,0.17097067853505246,0.42398330355136776,0.3542456970031304,0.7045506460986397,0.4699895077101464,-0.01732888847565219,0.19378833823899144,144.71595530288457,616,0.2349284988683191,3.621850575790779,0.08879190487144083,0.20602647355337106,36.85729675792935,3.926385493036759,3,1.0,0.183202104662161,965.0,0.2153349636182762,0.2208806482569778,0.005545684638701598,0.6216631730642498,0.6418244845562167,0.020161311491966878,36.857296757929376,19.0,0.2555,0.7446276861569215,0.5955,0.6141738425171931,0.2523839542599816,0.4284979423868313,0.3333333333333333,6.0,3.0,3.0,0.0,0.1111111111111111,1.0,TUDO_INI_CALR|bisolo 50% · V6E_INI|cPROBSgrande 25% · V6E_MOM|cPROBSgrande 25%,t10 103 · t15 127 · t20 113 · t25 110 · t30 85 · t35 78,
MULTI_10a35,MULTI,propria,todas,calmar,a_cada_2,450,0.2516161655439399,-0.026761821584050688,0.5992921546750908,0.0664451827242525,0.27280116672665106,0.1978937491808474,0.32208691697158015,0.32050052726449235,0.19771864257656216,0.5317268514059238,0.2032654353096106,0.2802527170190893,113.22727449477294,764,0.14820323886750386,3.233973306309457,0.07780403290683899,0.15572688986641775,36.61931431541375,3.092009684275095,3,1.0,0.15559718517931748,1176.0,0.22445740962861008,0.22840668796547045,0.0039492783368603795,0.6450769943102046,0.6650378483945022,0.019960854084297625,38.268297340051916,21.0,0.0935,0.9065467266366817,0.605,0.5373341161774856,0.2857179506335457,0.352880658436214,0.0,6.0,16.0,10.0,0.0,0.0,1.0,V6WR_MOM|cWRgrande 34% · V6E_INI|cPROBSgrande 22% · TUDO_INI_CALR|cWRgrande 14%,t10 137 · t15 154 · t20 148 · t25 129 · t30 106 · t35 90,True
MULTI_10a35,MULTI,propria,todas,calmar,bloco_motor,450,0.23547790338489868,-0.041264144674364,0.502590436369628,0.046511627906976744,0.22396966123632733,0.17097067853505246,0.38191869988394417,0.21002110005971647,0.13851193818399857,0.4984287569404548,0.2032654353096106,0.2802527170190893,105.96505652320444,716,0.14799588899888888,3.121828857236473,0.07542947232326824,0.1493947862267993,32.02309585161605,3.3090197466918836,3,1.0,0.12884385802383544,1088.0,0.22607235664893235,0.22591710323306446,-0.0001552534158678816,0.6478093672204794,0.6551626253543393,0.007353258133859969,32.023095851616034,20.0,0.072,0.9280359820089955,0.7785,0.4798570350538459,0.21494439374583485,0.3662551440329218,0.16666666666666666,6.0,5.0,5.0,0.0,0.1111111111111111,1.0,V6E_INI|cPROBSgrande 25% · V6_INI|cWRgrande 25% · V6WR_MOM|cWRgrande 25%,t10 129 · t15 143 · t20 140 · t25 129 · t30 95 · t35 80,
MULTI_10a35,MULTI,propria,todas,maxdd,a_cada_2,450,0.2999671896775907,0.008174806535034686,0.5763117787767558,0.019933554817275746,0.28405333680080314,0.25586271554494466,0.395603416555371,0.30645102249693956,0.13136082502427915,0.2808035216928733,0.39680810676830297,0.4288807456381905,134.98523535491577,802,0.16831076727545607,3.2327828514092634,0.09278915518461944,0.19237805409742792,28.242412893142955,4.779522056618936,3,1.0,0.2586267580823278,1187.0,0.22924578189419997,0.23392002269954332,0.004674240805343336,0.6560909199524141,0.6779357124866933,0.021844792534279102,29.576783392661795,20.0,0.1965,0.8035982008995503,0.897,0.3794825350677641,0.07951534539017341,0.4346707818930042,0.3333333333333333,6.0,11.0,11.0,0.0,0.0,1.0,V6_INI|cWRgrande 29% · TUDO_MOM|cWRgrande 25% · V6WR_INI|bipro35mais 14%,t10 153 · t15 162 · t20 161 · t25 132 · t30 109 · t35 85,True
MULTI_10a35,MULTI,propria,todas,maxdd,bloco_motor,450,0.21645629254376242,0.025416504676087595,0.43599938128956456,0.029900332225913623,0.35842868154610164,0.2143689986038768,0.38191869988394417,0.21002110005971647,-0.04962880839203247,0.2404528037818456,0.10412040263586682,0.24532805984490014,97.40533164469306,714,0.1364220331158166,2.9363087287336698,0.0737171437136696,0.1461864059726626,30.02309585161605,3.2443466898317896,3,1.0,0.12884385802383544,1057.0,0.22233978582125993,0.22358367822165784,0.001243892400397897,0.639750194352276,0.6508180432685307,0.011067848916254678,30.023095851616034,20.0,0.05,0.9500249875062469,0.8505,0.36882707361014605,0.12531374449841332,0.3410493827160494,0.0,6.0,4.0,4.0,0.0,0.1111111111111111,1.0,V6_INI|cWRgrande 50% · TUDO_MOM|cWRgrande 25% · V6E_MOM|bipro30 12%,t10 137 · t15 145 · t20 145 · t25 123 · t30 96 · t35 68,
MULTI_10a35,MULTI,propria,todas,seq_ruim,a_cada_2,450,0.38260463565491376,0.09807941120000449,0.6717705276991749,0.0033222591362126247,0.3240955652867884,0.2593791044552217,0.39580815462536284,0.38510137876922357,0.1270221452536142,0.27951900257608264,0.712747212637952,0.3073318187616431,172.17208604471116,726,0.23715163367040104,3.3339125300175074,0.11476144986110495,0.2764229019380418,24.388998123459356,7.059416101192849,4,1.0,0.26234155907537077,1130.0,0.22914241146994518,0.2355334722824215,0.006391060812476336,0.6549405122995311,0.6808215250902948,0.02588101279076378,24.388998123459356,13.0,0.469,0.5312343828085957,0.974,0.33565413602457556,-0.046950499630338205,0.5051440329218106,0.5,6.0,9.0,8.0,0.0,0.0,1.0,V6WR_INI|cPROBSgrande 41% · V6E_INI|bipro35mais 28% · V6E_INI|cPROBSgrande 14%,t10 132 · t15 138 · t20 140 · t25 128 · t30 102 · t35 86,True
MULTI_10a35,MULTI,propria,todas,seq_ruim,bloco_motor,450,0.38477958436309856,0.11126339998336199,0.645709579860439,0.009966777408637873,0.34753121380945107,0.19648155034875764,0.3999203797179316,0.3443899762732558,-0.05232431832055137,0.24589745853330702,0.8626152475223868,0.36083852633755115,173.15081296339437,635,0.27267844561164467,3.045121107608368,0.12635936987915192,0.31878642717170347,35.02951487880887,4.942997742402139,4,1.0,0.1455187334209728,987.0,0.22304564129108445,0.22912234042998275,0.00607669913889832,0.6386414997754994,0.6602361375070591,0.021594637731559698,36.07064342200415,13.0,0.4735,0.526736631684158,0.6615,0.2682478971467066,-0.1646291352617793,0.5298353909465021,0.3333333333333333,6.0,4.0,4.0,0.0,0.1111111111111111,1.0,V6WR_INI|cPROBSgrande 50% · V6E_INI|bipro35mais 25% · V6E_INI|bipro30 12%,t10 113 · t15 125 · t20 123 · t25 115 · t30 85 · t35 74,
MULTI_10a35,MULTI,propria,todas,brier_com_roi>=0,a_cada_2,450,0.3681274879286365,0.06018397751016217,0.6513402908257635,0.009966777408637873,0.41965922022697116,0.2351106060856929,0.329427791725272,0.45183075191736555,0.18569075864762055,0.35399821403974213,0.511966314965515,0.3237789954186974,165.65736956788643,712,0.2326648448987169,3.357683348561595,0.10963734507196439,0.25676572612568144,37.17531950053254,4.45611152220261,4,1.0,0.11795314812948195,1110.0,0.21570071075952985,0.22217519313274417,0.006474482373214322,0.6227451669900681,0.6445451418691233,0.021799974879055148,37.17531950053251,20.0,0.4195,0.5807096451774113,0.581,0.2811215087155171,-0.08700597921311937,0.43004115226337447,0.3333333333333333,6.0,22.0,9.0,0.0,0.0,0.9955555555555555,V6E_MOM|cPROBSgrande 41% · V6E_INI|bisolo35mais 40% · TUDO_INI_CALR|bisolo30 11%,t10 127 · t15 138 · t20 136 · t25 128 · t30 99 · t35 84,True
MULTI_10a35,MULTI,propria,todas,brier_com_roi>=0,bloco_motor,450,0.4065505612008763,0.12115858648713569,0.6801238401910192,0.0033222591362126247,0.2942786898807059,0.18073196196801453,0.42398330355136776,0.3542456970031304,0.5404337009560273,0.4945419311556842,0.4236424860754894,0.2582047935344004,182.94775254039428,653,0.28016501154731127,3.314165385049319,0.12267057131031688,0.30183394898089994,35.46915624421753,5.15793923263173,3,1.0,0.24324863280047643,1022.0,0.22431537473094,0.2332157283878299,0.008900353656889888,0.6392735013772323,0.6715791784503043,0.032305677073072005,36.50342148184208,16.0,0.5475,0.4527736131934033,0.6425,0.2888610776142222,-0.16850830373676362,0.5555555555555555,0.5,6.0,4.0,3.0,0.0,0.1111111111111111,1.0,V6E_MOM|cPROBSgrande 50% · V6E_INI|bisolo35mais 38% · TUDO_INI_CALR|cPROBSgrande 12%,t10 112 · t15 134 · t20 121 · t25 119 · t30 92 · t35 75,
MULTI_10a35,MULTI,propria,todas,bsskill_t_ppg>=1_relaxar,a_cada_2,450,0.24766207612035715,-0.07376007023896812,0.5691108755431131,0.08970099667774087,0.2322620006374991,0.2246476079403983,0.5005873248816635,0.29983095258454817,0.013487545461304453,0.4711427797979927,0.2520114712423906,0.5171931173781634,111.44793425416069,723,0.15414652040686125,3.459498092964966,0.07158901940833219,0.14617548859270166,47.005321507607526,2.370964194684287,4,1.0,0.17824958239287358,1119.0,0.2095510364808677,0.2131684800870558,0.0036174436061880877,0.609423375770398,0.6215166272701426,0.012093251499744561,47.00532150760753,29.0,0.087,0.9130434782608695,0.2985,0.6206530758852701,0.3729909997649129,0.3683127572016461,0.3333333333333333,6.0,22.0,9.0,0.0,0.0,1.0,V6E_MOM|cPROBSgrande 34% · TUDO_INI_CALR|bipro30 26% · TUDO_INI_CALR|cWRgrande 15%,t10 123 · t15 141 · t20 135 · t25 133 · t30 101 · t35 90,True
MULTI_10a35,MULTI,propria,todas,bsskill_t_ppg>=1_relaxar,bloco_motor,450,0.23423593294391243,-0.037377066166462795,0.47391441885258784,0.03322259136212625,0.22396966123632733,0.17097067853505246,0.42398330355136776,0.3542456970031304,-0.057107959939319386,0.3196570420702682,0.35123186278106666,0.26803246998716346,105.40616982476057,580,0.181734775559932,2.9924255316491744,0.07827627804486122,0.16823181880215154,52.63587479901826,2.002553775865554,3,1.0,0.049828865428769784,919.0,0.21916489206888845,0.22230444094200502,0.0031395488731165615,0.629621289273467,0.6437443146735252,0.014123025400058213,53.67014003664281,21.0,0.07,0.9300349825087456,0.184,0.604057648923743,0.3405422243618415,0.36471193415637865,0.3333333333333333,6.0,5.0,5.0,0.0,0.1111111111111111,1.0,V6E_INI|cPROBSgrande 25% · V6E_MOM|cPROBSgrande 25% · TUDO_INI_CALR|bisolo 25%,t10 100 · t15 120 · t20 110 · t25 106 · t30 76 · t35 68,
MULTI_10a35,MULTI,propria,todas,ppg_nao_piorando_ou_nada,a_cada_2,450,0.292957416945816,-0.04646221518651696,0.6721829204380974,0.07641196013289037,0.2862181799650502,0.2361348261985361,0.526453279249505,0.4743988998034905,0.2169251528221266,0.534436950663943,0.145602674236965,0.39246224744596797,131.83083762561716,921,0.14313880306798824,3.971448324847276,0.07376588916263485,0.15137154188567517,53.684711197439555,2.4556495636304128,9,1.0,0.18264758308251214,1438.0,0.21927733496881488,0.22327756410848656,0.004000229139671687,0.6319024802046456,0.652408786276388,0.020506306071742354,53.684711197439555,29.0,0.177,0.823088455772114,0.1695,0.6927537728874542,0.3997963559416382,0.4063786008230453,0.5,6.0,33.0,14.0,0.0,0.0,0.7644444444444445,TUDO_INI_CALR|bisolo 19% · TUDO_INI_CALR|cWRgrande 16% · V6E_INI|cPROBSgrande 11%,t10 166 · t15 188 · t20 176 · t25 152 · t30 126 · t35 113,True
MULTI_10a35,MULTI,propria,todas,ppg_nao_piorando_ou_nada,bloco_motor,450,0.23578905811330753,-0.022367624624792956,0.5375074013199579,0.08637873754152824,0.22396966123632733,0.17097067853505246,0.7045243654787814,0.49662639278610415,-0.057107959939319386,0.3196570420702682,0.07767986411593057,0.21381913379310127,106.10507615098828,777,0.1365573695636915,3.6241942295587437,0.06505971898256004,0.1353122881205832,63.646580193981436,1.6670978366410614,8,1.0,0.22396966123632733,1238.0,0.21230199890860535,0.21472035557718624,0.0024183566685808794,0.6161255387852733,0.6289390854054018,0.012813546620128508,64.68084543160599,21.0,0.073,0.9270364817591205,0.063,0.6624050316486821,0.3971423412712112,0.3395061728395062,0.16666666666666666,6.0,5.0,5.0,0.0,0.1111111111111111,0.75,V6E_INI|cPROBSgrande 25% · V6E_MOM 25% · TUDO_INI_CALR|bisolo 25%,t10 142 · t15 159 · t20 150 · t25 135 · t30 101 · t35 90,
MULTI_10a35,MULTI,propria,todas,funcao_menor_vol,a_cada_2,450,0.3176143717024754,0.014568304905853568,0.6319069025909476,0.026578073089700997,0.1622149597744015,0.24158065359445477,0.6051810688877136,0.362671337191032,0.10476549962683275,0.34094906865726365,0.4759956644849904,0.3230883754437168,142.92646726611395,710,0.20130488347339992,3.1069831624053945,0.10222597133631765,0.22406474844029137,45.311403290904956,3.1543156222399005,5,1.0,0.1622149597744015,1068.0,0.22440100478616448,0.2284394575182781,0.0040384527321136125,0.6429199668955657,0.6622818266120097,0.019361859716444055,47.86236824258106,18.0,0.2425,0.7576211894052973,0.339,-0.07260508520564524,-0.39021945690812065,0.4506172839506173,0.5,6.0,13.0,6.0,0.0,0.0,1.0,V6WR_INI|bisolo30 30% · TUDO_MOM|bisolo30 25% · V6E_INI|cWRgrande 15%,t10 130 · t15 148 · t20 135 · t25 126 · t30 96 · t35 75,True
MULTI_10a35,MULTI,propria,todas,funcao_menor_vol,bloco_motor,450,0.3772782468881667,0.13650998443486498,0.658994684615314,0.006644518272425249,0.35842868154610164,0.2143689986038768,0.6387475797616807,0.23651730454671935,0.045365844430926394,0.3266188534175666,0.4759956644849904,0.3230883754437168,169.77521109967506,653,0.2599926663088439,3.077480973232843,0.12259320209276293,0.28450594821407504,40.6507210655589,4.176437874887198,5,1.0,0.252430941153556,993.0,0.214132399931653,0.22376452178636097,0.009632121854707978,0.6182872787761736,0.6448444904542691,0.026557211678095424,41.650721065558926,17.0,0.452,0.5482258870564718,0.464,-0.0717785035284596,-0.4962165312776471,0.5041152263374485,0.3333333333333333,6.0,4.0,4.0,0.0,0.1111111111111111,1.0,V6_INI|cWRgrande 25% · V6E_INI|cWRgrande 25% · TUDO_MOM|bisolo30 25%,t10 119 · t15 133 · t20 127 · t25 115 · t30 92 · t35 67,
MULTI_10a35,MULTI,propria,todas,ACASO (média das elegíveis),-,450,0.39553263838318115,0.13642313224227876,0.6173889616820862,0.0033222591362126247,0.4218041887140951,0.22421795428282446,0.4096237421789091,0.2887621138956568,0.30957711965885815,0.2646155544669524,0.42798972781540534,0.23272847016979528,177.98968727243147,925,0.19224360093029733,2.8233594196031264,0.14009291046578135,0.33227471805504893,30.303677220014336,5.873534290250313,9,1.0,0.26342252503296154,,,,,,,,,,0.5115,0.48875562218890556,0.843,,,,,,,,,,,,,
MULTI_10a35,MULTI,propria,todas,FIXO_RETROSPECTO (V6E_MOM) — ENVIESADO,-,450,0.6646658915948367,0.2560318944330348,1.0348229502062518,0.0033222591362126247,0.7239275606174683,0.39216684145664876,0.7045243654787814,0.49662639278610415,0.33512140590499917,0.4829218164971374,0.8654593998667827,0.44358361754515085,299.0996512176766,1554,0.19247081802939292,4.588404816546745,0.14485772685049778,0.3352438212828924,48.4571647298057,6.172454638760618,10,1.0,0.45149811744262425,2415.0,0.21907024862605726,0.22377047666124036,0.004700228035183097,0.6302103765209512,0.6501694067042133,0.019959030183262057,49.49142996743035,16.0,0.9915,0.008995502248875561,0.265,,,,,,,,,,,,,
MULTI_10a35,MULTI,propria,todas,"BASE_V6_MOM (fixo, sem flag)",-,450,0.5346785248374307,0.1748433583279554,0.8923874900109667,0.0033222591362126247,0.6534723306574425,0.30358845275765795,0.3092978392140299,0.4322100998132575,0.5205825236613218,0.46347251596926115,0.5959645029069223,0.4019063211817317,240.6053361768436,1562,0.1540367068993877,4.514827354926051,0.11842723603905965,0.25538745813554303,65.81392820680583,3.6558422013771024,9,1.0,0.14441486625131209,2415.0,0.22340858586309767,0.22377047666124036,0.00036189079814267865,0.6429454625315041,0.6501694067042133,0.007223944172709205,66.85505675000114,15.0,0.9025,0.09795102448775612,0.0475,,,,,,,,,,,,,
MULTI_10a35,MULTI,propria,todas,FIXO_TUDO_INI (sem flag),-,450,0.3069779126224684,0.01081886253050636,0.614281486476657,0.029900332225913623,0.0,0.0,0.2766735260418484,0.3377357089286528,0.306823549006525,0.4299733762409223,0.7979035317527344,0.5056927781811549,138.14006068011082,1016,0.1359646266536524,3.903530330028531,0.07864109835678532,0.1654582947778969,56.305705235192725,2.453393667712543,7,0.6666666666666666,0.0,1508.0,0.22658588821728462,0.22315742731633906,-0.003428460900945556,0.645263776931139,0.6471551492364742,0.0018913723053351646,57.305705235192704,28.0,0.2115,0.7886056971514243,0.138,,,,,,,,,,,,,
MULTI_10a35,MULTI,propria,todas,FIXO_TUDO_INI_CALR (sem flag),-,450,0.46173384981776777,-0.05235455296959529,0.9490862008710388,0.04318936877076412,0.0,0.0,0.6941684608806564,0.6343456274272109,0.34445120646929456,0.6681989964359479,1.0391826568300042,0.6841135502338421,207.78023241799553,986,0.21073045884178046,5.069467472374648,0.09108133198090758,0.19530966066470998,74.271333897014,2.797583152419309,10,0.6666666666666666,0.0,1508.0,0.2170853007727562,0.22315742731633906,0.006072126543582856,0.6239120387814127,0.6471551492364742,0.02324311045506159,74.27133389701397,30.0,0.729,0.27136431784107945,0.0155,,,,,,,,,,,,,
MULTI_10a35,MULTI,propria,todas,FIXO_TUDO_MOM (sem flag),-,450,0.20477456285940024,-0.12225200681234549,0.5232514819613707,0.11295681063122924,0.0,0.0,0.042453110366728934,0.47165047203313043,0.18569519282343472,0.4530437625265455,0.6933372296771374,0.4689146886954966,92.14855328673009,1004,0.0917814275764244,3.799561980445737,0.053894255157110924,0.10737560052562403,60.75027181778243,1.5168418268666406,7,0.3333333333333333,-0.0660388163077823,1508.0,0.22698443826099804,0.22315742731633906,-0.003827010944658974,0.6462939954557806,0.6471551492364742,0.0008611537806936169,61.399254842420596,27.0,0.0405,0.95952023988006,0.0855,,,,,,,,,,,,,
MULTI_10a35,MULTI,propria,todas,FIXO_V6E_INI (sem flag),-,450,0.6165779394457157,0.22892890371705815,1.075256017304477,0.006644518272425249,0.6726579004058515,0.38056536569661026,0.583050303263278,0.544273420098973,0.2851067465278251,0.5079338392727163,0.897456827105841,0.42132266808073177,277.4600727505722,1540,0.18016887840946247,4.52496025186577,0.13626151504678588,0.3123086400439982,53.973617471321745,5.140661044222158,14,1.0,0.36417645846145896,2415.0,0.21902401209723374,0.22377047666124036,0.004746464564006618,0.6300596341481643,0.6501694067042133,0.02010977255604896,55.007882708946426,16.0,0.9765,0.0239880059970015,0.165,,,,,,,,,,,,,
MULTI_10a35,MULTI,propria,todas,FIXO_V6E_MOM (sem flag),-,450,0.6646658915948367,0.2560318944330348,1.0348229502062518,0.0033222591362126247,0.7239275606174683,0.39216684145664876,0.7045243654787814,0.49662639278610415,0.33512140590499917,0.4829218164971374,0.8654593998667827,0.44358361754515085,299.0996512176766,1554,0.19247081802939292,4.588404816546745,0.14485772685049778,0.3352438212828924,48.4571647298057,6.172454638760618,10,1.0,0.45149811744262425,2415.0,0.21907024862605726,0.22377047666124036,0.004700228035183097,0.6302103765209512,0.6501694067042133,0.019959030183262057,49.49142996743035,16.0,0.9915,0.008995502248875561,0.265,,,,,,,,,,,,,
MULTI_10a35,MULTI,propria,todas,FIXO_V6WR_INI (sem flag),-,450,0.5144567692334964,0.09086965168850308,0.9261049255918898,0.009966777408637873,0.6809103105578477,0.3104523942468576,0.2589791057213153,0.40040644437792333,0.3654472952411632,0.42570472876203735,0.6692635947514836,0.4551099106986418,231.5055461550733,1575,0.14698764835242747,4.508935741242374,0.11409716144939892,0.2497464839015966,62.71580951073044,3.691342708658868,9,1.0,0.08607912704946495,2415.0,0.22314813262205443,0.22377047666124036,0.000622344039185926,0.6421255526815696,0.6501694067042133,0.008043854022643702,63.75693805392575,15.0,0.863,0.1374312843578211,0.0695,,,,,,,,,,,,,
MULTI_10a35,MULTI,propria,todas,FIXO_V6WR_MOM (sem flag),-,450,0.5464666975958625,0.20010108918748445,0.8989133314176987,0.006644518272425249,0.6817891038995445,0.31336739085546905,0.30303217314921504,0.4303030594344414,0.5242993153126746,0.46459144448221573,0.6090849948701746,0.40021227881078203,245.9100139181379,1566,0.15703066022869597,4.535198412053331,0.12049455127332506,0.2607595667255863,66.06881564815203,3.722028486596855,9,1.0,0.13604894997567069,2415.0,0.22348211638166307,0.22377047666124036,0.00028836027957727717,0.6431567242118499,0.6501694067042133,0.007012682492363327,67.10994419134734,15.0,0.9195,0.08095952023988005,0.046,,,,,,,,,,,,,
MULTI_10a35,MULTI,propria,todas,FIXO_V6_INI (sem flag),-,450,0.5153108692246785,0.149207879120657,0.8654011110926356,0.0033222591362126247,0.6839277691373059,0.30856421956238106,0.2730995403156246,0.3917647493811425,0.34798192014374296,0.41465575082780054,0.6719257973457268,0.4547503012012918,231.88989115110522,1579,0.146858702438952,4.5133565347963085,0.11417464258624871,0.2505755897596471,62.64083175727434,3.701896744437407,9,1.0,0.09599260180204529,2415.0,0.2231027793703854,0.22377047666124036,0.0006676972908549532,0.641997535542296,0.6501694067042133,0.008171871161917282,63.681960300469655,15.0,0.864,0.136431784107946,0.07,,,,,,,,,,,,,
MULTI_10a35,MULTI,propria,todas,FIXO_V6_MOM (sem flag),-,450,0.5346785248374307,0.1748433583279554,0.8923874900109667,0.0033222591362126247,0.6534723306574425,0.30358845275765795,0.3092978392140299,0.4322100998132575,0.5205825236613218,0.46347251596926115,0.5959645029069223,0.4019063211817317,240.6053361768436,1562,0.1540367068993877,4.514827354926051,0.11842723603905965,0.25538745813554303,65.81392820680583,3.6558422013771024,9,1.0,0.14441486625131209,2415.0,0.22340858586309767,0.22377047666124036,0.00036189079814267865,0.6429454625315041,0.6501694067042133,0.007223944172709205,66.85505675000114,15.0,0.9025,0.09795102448775612,0.0475,,,,,,,,,,,,,
MULTI_10a35,MULTI,propria,todas,FAVORITO (todos os jogos),-,450,-0.4684409303618407,-0.7921291580363877,-0.18430796371999233,0.9966777408637874,-0.2907225859390736,0.277543160819841,-0.47331391098865966,0.35888368365664164,-0.37421102347852736,0.32245892419322814,-0.824375373252486,0.3606324624792771,-210.79841866282845,2374,-0.0887946161174509,3.077783888246736,-0.15220072213344674,-0.17128062327841054,227.27050195834912,-0.9275221238410455,5,0.0,-0.6901822656068723,,,,,,,,,,0.0,1.0,0.0,,,,,,,,,,,,,
MULTI_10a35,MULTI,propria,todas,ZEBRA (todos os jogos),-,450,0.45700316135269253,-0.24041823443185178,1.0436086302873508,0.0664451827242525,0.2691419569728438,0.586442085288367,0.5668527026256767,0.709240377119834,0.05441007546352939,0.6986280772404193,1.031538512538645,0.7586070025802805,205.65142260871164,1990,0.10334242342146313,6.814273475996747,0.06706557389609978,0.1340104171443158,93.69834513775429,2.1948244902977225,13,1.0,0.26914195697284365,,,,,,,,,,0.7125,0.28785607196401797,0.0005,,,,,,,,,,,,,
MULTI_10a35,MULTI,propria,todas,VIG_MERCADO (dutching: perde a margem 1/S − 1),-,450,-0.18854996404759378,-0.19981436979398218,-0.17571198354945158,1.0,-0.1894393668437526,0.009969762611049487,-0.1761825000934097,0.01706813732215408,-0.19157529308939875,0.014758485509023396,-0.19655799476573457,0.01211846310746499,-84.84748382141727,2374,-0.035740304895289496,0.13178658406085086,-1.4307219918571765,-0.8261343751290293,84.84748382141727,-1.0,45,0.0,-0.1894393668437526,,,,,,,,,,0.0,1.0,0.0035,,,,,,,,,,,,,
MULTI_10a35,MULTI,propria,so_INI,bsskill_todas,a_cada_2,450,0.20974573414192654,-0.1321153224954795,0.5523090626857878,0.10963455149501661,0.10091807223877095,0.21081064802862726,0.526979678576818,0.2984649010121163,0.013487545461304453,0.4711427797979927,0.2520114712423906,0.5171931173781634,94.38558036386698,736,0.12824127766829752,3.4812063790704126,0.06025087607645226,0.12083521096096915,47.005321507607526,2.0079764872705157,4,1.0,0.10091807223877092,1142.0,0.21190250780361608,0.21418490129199108,0.0022823934883749917,0.6144359840971052,0.6243093035362571,0.009873319439151922,47.00532150760753,29.0,0.0435,0.9565217391304348,0.3365,0.6066599199510552,0.39691418580912863,0.36666666666666664,0.3333333333333333,6.0,22.0,8.0,0.0,0.0,1.0,V6E_INI|cPROBSgrande 34% · TUDO_INI_CALR|bipro30 26% · TUDO_INI_CALR|cWRgrande 15%,t10 125 · t15 144 · t20 136 · t25 137 · t30 100 · t35 94,True
MULTI_10a35,MULTI,propria,so_INI,bsskill_todas,bloco_motor,450,0.23167217633039552,0.01599351766228927,0.5281698104020388,0.059800664451827246,0.22396966123632733,0.17097067853505246,0.41244639879054157,0.369148736000563,-0.057107959939319386,0.3196570420702682,0.35123186278106666,0.26803246998716346,104.25247934867794,576,0.18099388775812142,2.9736742283862974,0.07790771904968065,0.1675306170522818,52.31853855750182,1.9926489199253339,3,1.0,0.04213759558821896,919.0,0.21900403563566917,0.22230444094200502,0.003300405306335852,0.6292764674255066,0.6437443146735252,0.014467847248018657,53.35280379512637,21.0,0.0675,0.9325337331334332,0.2205,0.592562808821594,0.331931610449899,0.37777777777777777,0.16666666666666666,6.0,4.0,4.0,0.0,0.1111111111111111,1.0,V6E_INI|cPROBSgrande 50% · TUDO_INI_CALR|bisolo 25% · TUDO_INI_CALR|bipro30 12%,t10 100 · t15 118 · t20 109 · t25 106 · t30 75 · t35 68,
MULTI_10a35,MULTI,propria,so_INI,llskill_todas,a_cada_2,450,0.2728992159610987,-0.024617677143188757,0.641182257412989,0.06976744186046512,0.07025497750529093,0.2231726331099078,0.44507157940355824,0.22458113694226284,0.02054828114182053,0.4543913397997445,0.6570441450216289,0.533747667414319,122.80464718249442,741,0.16572826880228667,3.630728863575665,0.07516375532717093,0.15956881725733957,44.820728068110014,2.7399074596887245,4,1.0,0.0702549775052909,1135.0,0.21496939473529855,0.21939084168138057,0.004421446946082021,0.6201449044055883,0.6388772459012213,0.01873234149563303,45.293310458286015,42.0,0.128,0.872063968015992,0.385,0.5364265161540985,0.26352730019299986,0.44814814814814813,0.3333333333333333,6.0,20.0,6.0,0.0,0.0,1.0,TUDO_INI_CALR|bipro30 47% · V6E_INI|cPROBSgrande 29% · V6E_INI|cWRgrande 16%,t10 126 · t15 146 · t20 140 · t25 135 · t30 101 · t35 93,True
MULTI_10a35,MULTI,propria,so_INI,llskill_todas,bloco_motor,450,0.2887569944628382,-0.016984625041235338,0.5874604953948258,0.036544850498338874,0.22396966123632733,0.17097067853505246,0.41244639879054157,0.369148736000563,-0.057107959939319386,0.3196570420702682,0.6081135443770587,0.5611972652189768,129.94064750827715,576,0.22559140192409227,3.336303461275727,0.08654997898555189,0.18995819879242523,52.31853855750182,2.483644442121851,3,1.0,0.04213759558821896,892.0,0.21449768549358147,0.2210559831340513,0.006558297640469839,0.6196320743013574,0.6426148539909063,0.022982779689549045,53.35280379512637,42.0,0.157,0.8430784607696152,0.2205,0.5564874838681192,0.23163586509742623,0.45740740740740743,0.16666666666666666,6.0,4.0,3.0,0.0,0.1111111111111111,1.0,V6E_INI|cPROBSgrande 50% · TUDO_INI_CALR|bipro30 38% · TUDO_INI_CALR|bisolo 12%,t10 102 · t15 111 · t20 109 · t25 106 · t30 80 · t35 68,
MULTI_10a35,MULTI,propria,so_INI,brier_todas,a_cada_2,450,0.45874221021680506,0.14383746206028097,0.7879878047546361,0.006644518272425249,0.45702331376235605,0.27756237593102034,0.7093423326540617,0.43379547024687803,0.005351541811063374,0.31821092856815963,0.6641111008669633,0.41448783650429344,206.43399459756236,712,0.2899353856707336,3.776774732321739,0.12146401168459346,0.2805320725964161,58.64498807995652,3.5200620096658635,4,1.0,0.3070848556153257,1111.0,0.21904131652558034,0.22818001256907977,0.009138696043499423,0.6300099191965796,0.6586623407838985,0.028652421587318923,58.64498807995652,23.0,0.687,0.31334332833583206,0.1265,0.13147755724292232,-0.32726465297388274,0.425925925925926,0.3333333333333333,6.0,14.0,4.0,0.0,0.0,0.9822222222222222,TUDO_INI_CALR|bisolo30 47% · V6E_INI|cPROBSgrande 43% · V6E_INI|bisolo35mais 9%,t10 121 · t15 139 · t20 135 · t25 130 · t30 99 · t35 88,True
MULTI_10a35,MULTI,propria,so_INI,brier_todas,bloco_motor,450,0.35721516182299534,0.056220373585328894,0.6938867842823382,0.019933554817275746,0.22396966123632733,0.17097067853505246,0.41244639879054157,0.369148736000563,0.1949562366914833,0.30732736746610545,0.6641111008669633,0.41448783650429344,160.7468228203479,613,0.2622297272762608,3.4245033169279213,0.10431152455225202,0.24344815310852744,47.10728573863295,3.41235586597422,4,1.0,0.22396966123632733,946.0,0.21384341971199514,0.22202023856986383,0.008176818857868695,0.615273876388363,0.6391499048827936,0.02387602849443063,47.10728573863294,23.0,0.343,0.6571714142928535,0.3335,0.1722716724587447,-0.22959538459212508,0.47222222222222227,0.16666666666666666,6.0,3.0,3.0,0.0,0.1111111111111111,1.0,V6E_INI|cPROBSgrande 50% · TUDO_INI_CALR|bisolo30 38% · V6E_INI|bisolo35mais 12%,t10 100 · t15 124 · t20 112 · t25 113 · t30 89 · t35 75,
MULTI_10a35,MULTI,propria,so_INI,ll_todas,a_cada_2,450,0.4792433210915346,0.14890719443447864,0.8240868115765826,0.013289036544850499,0.5185266463865449,0.2739423529368192,0.7093423326540617,0.43379547024687803,0.005351541811063374,0.31821092856815963,0.6641111008669633,0.41448783650429344,215.65949449119066,752,0.28678124267445565,3.8302642141508,0.12512017299511194,0.2884425345243758,58.64498807995653,3.677372978525644,4,1.0,0.3070848556153257,1165.0,0.22195316874333565,0.2307484682860673,0.008795299542731649,0.6366458288659659,0.6645719568585855,0.027926127992619638,58.64498807995653,23.0,0.7465,0.2538730634682659,0.1265,0.1288802892915141,-0.3503630318000205,0.4444444444444445,0.3333333333333333,6.0,22.0,4.0,0.0,0.0,0.9511111111111111,TUDO_INI_CALR|bisolo30 47% · V6E_INI|cPROBSgrande 40% · V6E_INI|bisolo35mais 9%,t10 128 · t15 145 · t20 143 · t25 136 · t30 106 · t35 94,True
MULTI_10a35,MULTI,propria,so_INI,ll_todas,bloco_motor,450,0.35721516182299534,0.056220373585328894,0.6938867842823382,0.019933554817275746,0.22396966123632733,0.17097067853505246,0.41244639879054157,0.369148736000563,0.1949562366914833,0.30732736746610545,0.6641111008669633,0.41448783650429344,160.7468228203479,613,0.2622297272762608,3.4245033169279213,0.10431152455225202,0.24344815310852744,47.10728573863295,3.41235586597422,4,1.0,0.22396966123632733,946.0,0.21384341971199514,0.22202023856986383,0.008176818857868695,0.615273876388363,0.6391499048827936,0.02387602849443063,47.10728573863294,23.0,0.343,0.6571714142928535,0.3335,0.1722716724587447,-0.22959538459212508,0.47222222222222227,0.16666666666666666,6.0,3.0,3.0,0.0,0.1111111111111111,1.0,V6E_INI|cPROBSgrande 50% · TUDO_INI_CALR|bisolo30 38% · V6E_INI|bisolo35mais 12%,t10 100 · t15 124 · t20 112 · t25 113 · t30 89 · t35 75,
MULTI_10a35,MULTI,propria,so_INI,bsskill_entradas,a_cada_2,450,0.23694333916994684,-0.06665837283293134,0.5710992940896191,0.06976744186046512,0.37034087741384497,0.2493272103054442,0.6136324182412823,0.28666533703680647,0.31320016894946273,0.5352982309068064,-0.41609887704675186,0.11512389807667742,106.62450262647607,698,0.15275716708664194,3.7828806475563366,0.0626356899002371,0.13398406464472826,59.86967191781282,1.780943492939911,4,0.6666666666666666,-0.14641297048030555,1082.0,0.21541316455393603,0.21780118461182535,0.0023880200578893338,0.6238397166941352,0.6385814559858202,0.014741739291684944,59.86967191781282,23.0,0.0725,0.927536231884058,0.1115,0.6208598476167565,0.3839165084468097,0.3444444444444445,0.3333333333333333,6.0,36.0,9.0,0.0,0.0,1.0,TUDO_INI_CALR|bisolo 39% · V6E_INI|cPROBSgrande 36% · TUDO_INI_CALR|cWRgrande 12%,t10 125 · t15 143 · t20 129 · t25 123 · t30 89 · t35 89,True
MULTI_10a35,MULTI,propria,so_INI,bsskill_entradas,bloco_motor,450,0.3091054477260252,0.06674021898145502,0.5757892432137272,0.013289036544850499,0.22396966123632733,0.17097067853505246,0.36779826528963483,0.21028242829560922,0.7045506460986397,0.4699895077101464,-0.01732888847565219,0.19378833823899144,139.09745147671126,669,0.20791846259598096,3.7134563230963296,0.0832392845994992,0.1845201992998965,36.85729675792935,3.7739461032715678,3,1.0,0.183202104662161,1022.0,0.22594734546593562,0.22667856440072987,0.0007312189347942589,0.6474748515329883,0.6559601221322804,0.008485270599292044,36.857296757929376,20.0,0.202,0.7981009495252374,0.6245,0.5860089301639877,0.23826530147220942,0.3833333333333333,0.16666666666666666,6.0,3.0,3.0,0.0,0.1111111111111111,1.0,TUDO_INI_CALR|bisolo 50% · V6E_INI|cPROBSgrande 25% · V6WR_INI|cWRgrande 25%,t10 121 · t15 136 · t20 125 · t25 118 · t30 91 · t35 78,
MULTI_10a35,MULTI,propria,so_INI,llskill_entradas,a_cada_2,450,0.1836426179239652,-0.08709847131493598,0.5370629345625951,0.1461794019933555,0.326087427121063,0.25292972611890885,0.5543530722440159,0.31402304688295163,0.00022711679541590258,0.5334701232921986,-0.2173195490631827,0.15643941267307157,82.63917806578431,689,0.11994075190970147,3.5294538682865433,0.052031454377138193,0.10642015748870354,66.538271654923,1.2419796308260442,5,0.6666666666666666,-0.0647125010406784,1093.0,0.20896511034597703,0.21077498427242342,0.0018098739264463665,0.6082558686792463,0.6186544413532307,0.010398572673984424,66.538271654923,25.0,0.028,0.9720139930034982,0.053,0.6283940691814446,0.4447514512574794,0.26296296296296295,0.16666666666666666,6.0,24.0,9.0,0.0,0.0,1.0,TUDO_INI_CALR|bisolo 44% · V6E_INI|cPROBSgrande 36% · TUDO_INI_CALR|cWRgrande 5%,t10 124 · t15 141 · t20 128 · t25 123 · t30 86 · t35 87,True
MULTI_10a35,MULTI,propria,so_INI,llskill_entradas,bloco_motor,450,0.3091054477260252,0.06674021898145502,0.5757892432137272,0.013289036544850499,0.22396966123632733,0.17097067853505246,0.36779826528963483,0.21028242829560922,0.7045506460986397,0.4699895077101464,-0.01732888847565219,0.19378833823899144,139.09745147671126,669,0.20791846259598096,3.7134563230963296,0.0832392845994992,0.1845201992998965,36.85729675792935,3.7739461032715678,3,1.0,0.183202104662161,1022.0,0.22594734546593562,0.22667856440072987,0.0007312189347942589,0.6474748515329883,0.6559601221322804,0.008485270599292044,36.857296757929376,20.0,0.202,0.7981009495252374,0.6245,0.5860089301639877,0.23826530147220942,0.3833333333333333,0.16666666666666666,6.0,3.0,3.0,0.0,0.1111111111111111,1.0,TUDO_INI_CALR|bisolo 50% · V6E_INI|cPROBSgrande 25% · V6WR_INI|cWRgrande 25%,t10 121 · t15 136 · t20 125 · t25 118 · t30 91 · t35 78,
MULTI_10a35,MULTI,propria,so_INI,brier_entradas,a_cada_2,450,0.3934847620649189,0.05551079169896996,0.665273696490469,0.009966777408637873,0.2640920583720993,0.256761589577692,0.7150806990559593,0.3340942661504436,-0.004648458188936555,0.3238201983363384,0.6641111008669633,0.41448783650429344,177.0681429292135,709,0.24974350201581594,3.7013859396419586,0.10630741254260596,0.2305678859440076,61.656537697810364,2.8718470018062954,4,1.0,0.26409205837209937,1081.0,0.22818070469556637,0.2335259146587179,0.005345209963151522,0.6549481199260858,0.6742365498106467,0.019288429884560997,61.656537697810364,23.0,0.46,0.5402298850574713,0.0955,0.02972614416671357,-0.3637586178982053,0.487037037037037,0.3333333333333333,6.0,8.0,6.0,0.0,0.0,1.0,TUDO_INI_CALR|bisolo30 51% · V6_INI|cWRgrande 38% · V6_INI|cPROBSgrande 6%,t10 123 · t15 145 · t20 138 · t25 125 · t30 101 · t35 77,True
MULTI_10a35,MULTI,propria,so_INI,brier_entradas,bloco_motor,450,0.3508943033069163,0.08556641968441497,0.6496776797976972,0.0033222591362126247,0.35842868154610164,0.2143689986038768,0.38191869988394417,0.21002110005971647,-0.004648458188936555,0.3238201983363384,0.6641111008669633,0.41448783650429344,157.90243648811233,655,0.24107242211925548,3.5275920854696476,0.09947133761646361,0.21586052911830997,57.91349342211052,2.7265223898205995,4,1.0,0.08213576710191409,993.0,0.2203164501595493,0.22376452178636097,0.003448071626811691,0.6349246460448443,0.6448444904542691,0.00991984440942473,57.91349342211052,23.0,0.3215,0.6786606696651675,0.1335,0.03766744152010811,-0.3570886497001728,0.39444444444444443,0.16666666666666666,6.0,2.0,2.0,0.0,0.1111111111111111,1.0,V6_INI|cWRgrande 50% · TUDO_INI_CALR|bisolo30 50%,t10 115 · t15 133 · t20 128 · t25 116 · t30 95 · t35 68,
MULTI_10a35,MULTI,propria,so_INI,ll_entradas,a_cada_2,450,0.4104551221418715,0.10762699473543655,0.7336963377260568,0.006644518272425249,0.2640920583720993,0.256761589577692,0.7914473194022462,0.3282071129053062,-0.004648458188936555,0.3238201983363384,0.6641111008669633,0.41448783650429344,184.70480496384218,706,0.26162153677598043,3.7513212229290374,0.10941614907117646,0.24171368488254677,61.656537697810364,2.9957051086636297,4,1.0,0.26409205837209937,1087.0,0.22731884023095744,0.2335011703180077,0.0061823300870502765,0.653293717770969,0.6746249904393746,0.021331272668405635,61.656537697810364,23.0,0.523,0.47726136931534235,0.0955,0.0307814954813349,-0.3796736266605366,0.487037037037037,0.3333333333333333,6.0,12.0,7.0,0.0,0.0,1.0,TUDO_INI_CALR|bisolo30 51% · V6_INI|cWRgrande 36% · V6_INI|cPROBSgrande 8%,t10 123 · t15 144 · t20 137 · t25 125 · t30 100 · t35 77,True
MULTI_10a35,MULTI,propria,so_INI,ll_entradas,bloco_motor,450,0.3508943033069163,0.08556641968441497,0.6496776797976972,0.0033222591362126247,0.35842868154610164,0.2143689986038768,0.38191869988394417,0.21002110005971647,-0.004648458188936555,0.3238201983363384,0.6641111008669633,0.41448783650429344,157.90243648811233,655,0.24107242211925548,3.5275920854696476,0.09947133761646361,0.21586052911830997,57.91349342211052,2.7265223898205995,4,1.0,0.08213576710191409,993.0,0.2203164501595493,0.22376452178636097,0.003448071626811691,0.6349246460448443,0.6448444904542691,0.00991984440942473,57.91349342211052,23.0,0.3215,0.6786606696651675,0.1335,0.03766744152010811,-0.3570886497001728,0.39444444444444443,0.16666666666666666,6.0,2.0,2.0,0.0,0.1111111111111111,1.0,V6_INI|cWRgrande 50% · TUDO_INI_CALR|bisolo30 50%,t10 115 · t15 133 · t20 128 · t25 116 · t30 95 · t35 68,
MULTI_10a35,MULTI,propria,so_INI,ppg,a_cada_2,450,0.3425789244941771,-0.03295776984978406,0.7500760873091709,0.04983388704318937,0.41395937508983116,0.28724747794180755,0.5581382705299588,0.4934148997648327,0.2169251528221266,0.534436950663943,0.145602674236965,0.39246224744596797,154.16051602237965,937,0.1645256307602771,4.111236305291323,0.0833274711193965,0.1759078477051397,53.684711197439555,2.8715906742128885,11,1.0,0.18264758308251214,1471.0,0.21858073405068765,0.2236204112499117,0.0050396771992240385,0.6291989415917111,0.6524811498290551,0.023282208237344,53.684711197439555,29.0,0.2945,0.7056471764117941,0.1945,0.6765612035841331,0.333982279089956,0.3925925925925926,0.5,6.0,27.0,10.0,0.0,0.0,0.7422222222222222,V6E_INI 19% · V6E_INI|cPROBSgrande 19% · TUDO_INI_CALR|bisolo 19%,t10 168 · t15 191 · t20 181 · t25 156 · t30 125 · t35 116,True
MULTI_10a35,MULTI,propria,so_INI,ppg,bloco_motor,450,0.20879482206541783,-0.08388531116693815,0.48738331048908456,0.06976744186046512,0.22396966123632733,0.17097067853505246,0.583050303263278,0.544273420098973,-0.057107959939319386,0.3196570420702682,0.07767986411593057,0.21381913379310127,93.95766992943794,770,0.12202294796030902,3.5624792535263077,0.05860941417658587,0.1202469695618371,67.66395431007336,1.3885926545006866,9,1.0,0.15587353190337658,1238.0,0.21225607279697156,0.21472035557718624,0.002464282780214673,0.6161524940131641,0.6289390854054018,0.012786591392237737,68.6982195476979,21.0,0.0435,0.9565217391304348,0.047,0.6599656548339392,0.4250714800103441,0.35555555555555557,0.16666666666666666,6.0,5.0,5.0,0.0,0.1111111111111111,0.75,V6E_INI|cPROBSgrande 25% · V6E_INI 25% · TUDO_INI_CALR|bisolo 25%,t10 142 · t15 155 · t20 147 · t25 135 · t30 101 · t35 90,
MULTI_10a35,MULTI,propria,so_INI,lucro,a_cada_2,450,0.530345097673709,0.10509619334236425,0.9480628836589358,0.016611295681063124,0.41395937508983116,0.28724747794180755,0.583050303263278,0.544273420098973,0.2851067465278251,0.5079338392727163,0.897456827105841,0.42132266808073177,238.65529395316906,1317,0.18121130900012838,4.249404299344396,0.12480457502138156,0.28663011063431837,53.973617471321774,4.421702771358167,11,1.0,0.36417645846145896,2087.0,0.2189697503806616,0.22461449021615668,0.005644739835495075,0.6291905410793345,0.6524893053156178,0.023298764236283256,55.00788270894634,16.0,0.872,0.12843578210894552,0.192,0.4506246200711951,-0.07972047760251388,0.648148148148148,0.6666666666666666,6.0,7.0,4.0,0.0,0.0,0.2577777777777778,V6E_INI 74% · V6E_INI|cPROBSgrande 19% · V6_INI|cWRgrande 4%,t10 238 · t15 266 · t20 255 · t25 224 · t30 188 · t35 146,True
MULTI_10a35,MULTI,propria,so_INI,lucro,bloco_motor,450,0.4670151930558744,0.046827429151050974,0.8579013809014712,0.013289036544850499,0.22396966123632733,0.17097067853505246,0.583050303263278,0.544273420098973,0.2851067465278251,0.5079338392727163,0.897456827105841,0.42132266808073177,210.15683687514345,1157,0.18163944414446279,4.01634794930678,0.11627856922517905,0.2640948441366353,53.97361747132183,3.893695600203331,9,1.0,0.22396966123632733,1859.0,0.2161473930620915,0.22140880803040824,0.0052614149683167565,0.6230338408530991,0.6438340901922733,0.020800249339174234,55.00788270894637,16.0,0.7135,0.2868565717141429,0.192,0.441908229719064,-0.08348386246879475,0.6296296296296297,0.6666666666666666,6.0,2.0,2.0,0.0,0.1111111111111111,0.25,V6E_INI 75% · V6E_INI|cPROBSgrande 25%,t10 204 · t15 232 · t20 221 · t25 201 · t30 169 · t35 130,
MULTI_10a35,MULTI,propria,so_INI,roi,a_cada_2,450,0.2471502834282131,-0.04457741953208613,0.6212629502326861,0.09302325581395349,0.28700314024482887,0.24713931915540518,0.34533858452010563,0.35226307845230226,0.43474989646110557,0.5183649900791636,-0.09841691592149558,0.21111169224031365,111.21762754269588,722,0.15404103537769512,3.714971900363574,0.06652817034875154,0.14281661879128713,47.82995835045904,2.325271260488741,4,1.0,0.07096404748266577,1121.0,0.2116091932541744,0.2168290819605856,0.005219888706411178,0.6132657369276522,0.6331667187396682,0.019900981812016053,47.82995835045898,18.0,0.0875,0.912543728135932,0.314,0.6378050547970674,0.3906547713688543,0.27777777777777773,0.16666666666666666,6.0,24.0,7.0,0.0,0.0,1.0,V6E_INI|cPROBSgrande 37% · TUDO_INI_CALR|bisolo 31% · TUDO_INI_CALR|cWRgrande 19%,t10 124 · t15 144 · t20 135 · t25 128 · t30 94 · t35 97,True
MULTI_10a35,MULTI,propria,so_INI,roi,bloco_motor,450,0.3190272551706711,0.014700193617673852,0.6340918969152634,0.029900332225913623,0.22396966123632733,0.17097067853505246,0.41244639879054157,0.369148736000563,0.7045506460986397,0.4699895077101464,-0.01732888847565219,0.19378833823899144,143.56226482680196,612,0.23457886409608164,3.6064356862923823,0.08846054190935787,0.20549596574213266,36.85729675792935,3.8950839441559557,3,1.0,0.183202104662161,965.0,0.215181774952858,0.2208806482569778,0.005698873304119791,0.6213347883199227,0.6418244845562167,0.020489696236293858,36.857296757929376,19.0,0.227,0.7731134432783608,0.6245,0.6026790024150439,0.24377334034803894,0.4481481481481482,0.16666666666666666,6.0,2.0,2.0,0.0,0.1111111111111111,1.0,V6E_INI|cPROBSgrande 50% · TUDO_INI_CALR|bisolo 50%,t10 103 · t15 125 · t20 112 · t25 110 · t30 84 · t35 78,
MULTI_10a35,MULTI,propria,so_INI,sharpe,a_cada_2,450,0.2885431344444283,-0.004843265241789914,0.6316642544996242,0.04318936877076412,0.31226259682077273,0.23544400086457434,0.386441205391251,0.3398556646177506,0.5165874060692688,0.5622079287647483,-0.07297840169175171,0.21626170710363207,129.8444104999927,732,0.17738307445354196,3.711226529084149,0.07774872597594698,0.16727581679548312,37.15270443553216,3.4948844901802603,3,1.0,0.1424813967079372,1133.0,0.21353249154296466,0.21751623113924196,0.0039837395962772845,0.6185438977240919,0.6342834944453073,0.015739596721215415,37.15270443553216,17.0,0.157,0.8430784607696152,0.6135,0.6388404099745346,0.3502972755301063,0.36296296296296293,0.16666666666666666,6.0,20.0,7.0,0.0,0.0,1.0,V6E_INI|cPROBSgrande 36% · TUDO_INI_CALR|bisolo 28% · TUDO_INI_CALR|cWRgrande 21%,t10 124 · t15 148 · t20 138 · t25 131 · t30 95 · t35 96,True
MULTI_10a35,MULTI,propria,so_INI,sharpe,bloco_motor,450,0.3190272551706711,0.014700193617673852,0.6340918969152634,0.029900332225913623,0.22396966123632733,0.17097067853505246,0.41244639879054157,0.369148736000563,0.7045506460986397,0.4699895077101464,-0.01732888847565219,0.19378833823899144,143.56226482680196,612,0.23457886409608164,3.6064356862923823,0.08846054190935787,0.20549596574213266,36.85729675792935,3.8950839441559557,3,1.0,0.183202104662161,965.0,0.215181774952858,0.2208806482569778,0.005698873304119791,0.6213347883199227,0.6418244845562167,0.020489696236293858,36.857296757929376,19.0,0.227,0.7731134432783608,0.6245,0.6026790024150439,0.24377334034803894,0.4481481481481482,0.16666666666666666,6.0,2.0,2.0,0.0,0.1111111111111111,1.0,V6E_INI|cPROBSgrande 50% · TUDO_INI_CALR|bisolo 50%,t10 103 · t15 125 · t20 112 · t25 110 · t30 84 · t35 78,
MULTI_10a35,MULTI,propria,so_INI,sortino,a_cada_2,450,0.23900088322680416,-0.13000257026522113,0.5421962904953006,0.07641196013289037,0.31226259682077273,0.23544400086457434,0.28533858452010563,0.37764840457676724,0.43474989646110557,0.5183649900791636,-0.1129784016917517,0.22060576885711858,107.55039745206184,729,0.1475314093992618,3.668543750571056,0.06514870735550056,0.1377344200291291,41.13150767597267,2.614793464400245,3,1.0,0.06125639030249502,1126.0,0.21091197576151618,0.21446669063661372,0.0035547148750975353,0.612380402935669,0.6268456681825955,0.014465265246926429,41.13150767597264,18.0,0.075,0.9250374812593704,0.4825,0.6385379015762774,0.3995370183494733,0.27777777777777773,0.16666666666666666,6.0,22.0,7.0,0.0,0.0,1.0,V6E_INI|cPROBSgrande 36% · TUDO_INI_CALR|bisolo 30% · TUDO_INI_CALR|cWRgrande 20%,t10 123 · t15 146 · t20 138 · t25 131 · t30 95 · t35 96,True
MULTI_10a35,MULTI,propria,so_INI,sortino,bloco_motor,450,0.3190272551706711,0.014700193617673852,0.6340918969152634,0.029900332225913623,0.22396966123632733,0.17097067853505246,0.41244639879054157,0.369148736000563,0.7045506460986397,0.4699895077101464,-0.01732888847565219,0.19378833823899144,143.56226482680196,612,0.23457886409608164,3.6064356862923823,0.08846054190935787,0.20549596574213266,36.85729675792935,3.8950839441559557,3,1.0,0.183202104662161,965.0,0.215181774952858,0.2208806482569778,0.005698873304119791,0.6213347883199227,0.6418244845562167,0.020489696236293858,36.857296757929376,19.0,0.227,0.7731134432783608,0.6245,0.6026790024150439,0.24377334034803894,0.4481481481481482,0.16666666666666666,6.0,2.0,2.0,0.0,0.1111111111111111,1.0,V6E_INI|cPROBSgrande 50% · TUDO_INI_CALR|bisolo 50%,t10 103 · t15 125 · t20 112 · t25 110 · t30 84 · t35 78,
MULTI_10a35,MULTI,propria,so_INI,calmar,a_cada_2,450,0.23991061774411182,-0.04177545819154432,0.5471502246570824,0.05647840531561462,0.22772922399813184,0.20071097918065198,0.3065592060468699,0.3315403549560305,0.23680467114297538,0.5304474918232922,0.19464006666145997,0.27799922771560787,107.95977798485036,753,0.14337287912994737,3.2492422044087865,0.073835867765901,0.14693886938819573,34.93951819359278,3.0899045999051027,3,1.0,0.17796939694045297,1174.0,0.2240911579230408,0.22708218692303267,0.0029910289999918694,0.6448708995072087,0.6618261731303567,0.016955273623148078,36.58850121823096,22.0,0.077,0.9230384807596201,0.6915,0.5384733735932901,0.29856275584917824,0.337037037037037,0.0,6.0,10.0,7.0,0.0,0.0,1.0,V6E_INI|cPROBSgrande 31% · V6WR_INI|cWRgrande 26% · TUDO_INI_CALR|cWRgrande 14%,t10 134 · t15 151 · t20 146 · t25 132 · t30 100 · t35 90,True
MULTI_10a35,MULTI,propria,so_INI,calmar,bloco_motor,450,0.197875134227527,-0.054085649205928704,0.4979264983589762,0.09966777408637874,0.22396966123632733,0.17097067853505246,0.38191869988394417,0.21002110005971647,-0.022075154376023497,0.5315208737915892,0.19464006666145997,0.27799922771560787,89.0438104023872,712,0.12506153146402696,3.1296014478110084,0.06322694359881839,0.12243879350610903,48.08180510761825,1.8519232005347233,3,1.0,0.02178579631715408,1088.0,0.22703567080585957,0.22591710323306446,-0.0011185675727950941,0.6500983193057042,0.6551626253543393,0.005064306048635229,48.08180510761825,20.0,0.0355,0.9645177411294353,0.3095,0.500115019027004,0.2775054930210361,0.32962962962962955,0.16666666666666666,6.0,5.0,5.0,0.0,0.1111111111111111,1.0,V6E_INI|cPROBSgrande 25% · V6_INI|cWRgrande 25% · V6WR_INI|cWRgrande 25%,t10 128 · t15 140 · t20 141 · t25 128 · t30 95 · t35 80,
MULTI_10a35,MULTI,propria,so_INI,maxdd,a_cada_2,450,0.31426728666602616,0.05122168805966186,0.5867788044882551,0.013289036544850499,0.30283177831763036,0.25220178565605095,0.40712129088020077,0.3043531113545002,0.1258287460051104,0.2343907393035925,0.42700508563536077,0.3946819907044945,141.4202789997117,756,0.18706386111072978,3.078547984377299,0.10208295867429636,0.22563528729481905,30.175827090841196,4.686541932188988,3,1.0,0.22454039038908932,1141.0,0.226347496922062,0.23055013974566277,0.004202642823600791,0.6501182388163457,0.6689259376793767,0.01880769886303103,30.35835521858992,20.0,0.214,0.7861069465267366,0.858,0.33072494203275743,0.016457655366731272,0.47962962962962963,0.16666666666666666,6.0,8.0,7.0,0.0,0.0,1.0,V6WR_INI|bipro35mais 36% · V6_INI|cWRgrande 29% · V6WR_INI|cWRgrande 15%,t10 143 · t15 155 · t20 144 · t25 129 · t30 102 · t35 83,True
MULTI_10a35,MULTI,propria,so_INI,maxdd,bloco_motor,450,0.30245866212303607,0.08908872717449624,0.5534791738160251,0.013289036544850499,0.35842868154610164,0.2143689986038768,0.38191869988394417,0.21002110005971647,0.014497171715204892,0.23057272762685754,0.42700508563536077,0.3946819907044945,136.1063979553662,680,0.20015646758142086,3.017830061256011,0.10022388802010733,0.2249575691808848,28.322032525444172,4.80567197403964,3,1.0,0.1335176135316479,1025.0,0.22482802811261002,0.22648295612539213,0.0016549280127821097,0.645611095736115,0.6553841287110737,0.00977303297495859,28.328895831014904,20.0,0.188,0.8120939530234883,0.9075,0.3013649963322513,-0.038900998556164246,0.4222222222222222,0.16666666666666666,6.0,3.0,3.0,0.0,0.1111111111111111,1.0,V6_INI|cWRgrande 50% · V6WR_INI|bipro35mais 38% · V6E_INI|bipro30 12%,t10 125 · t15 137 · t20 135 · t25 122 · t30 92 · t35 69,
MULTI_10a35,MULTI,propria,so_INI,seq_ruim,a_cada_2,450,0.36943576493100555,0.06541440933364011,0.6557767685058629,0.006644518272425249,0.2845889531150638,0.260947895852379,0.39580815462536284,0.38510137876922357,0.1270221452536142,0.27951900257608264,0.712747212637952,0.3073318187616431,166.24609421895246,727,0.22867413235069114,3.3359665198334345,0.11074324719225646,0.26654211446291237,26.317520284240665,6.316936110371431,4,1.0,0.26234155907537077,1130.0,0.22928675341012028,0.2355334722824215,0.006246718872301222,0.6548682093870299,0.6808215250902948,0.025953315703264885,27.32384443935059,13.0,0.376,0.6241879060469765,0.954,0.33377912159793055,-0.035656643333075,0.47592592592592586,0.5,6.0,8.0,7.0,0.0,0.0,1.0,V6WR_INI|cPROBSgrande 41% · V6E_INI|bipro35mais 28% · V6E_INI|cPROBSgrande 14%,t10 132 · t15 139 · t20 141 · t25 130 · t30 99 · t35 86,True
MULTI_10a35,MULTI,propria,so_INI,seq_ruim,bloco_motor,450,0.38477958436309856,0.11126339998336199,0.645709579860439,0.009966777408637873,0.34753121380945107,0.19648155034875764,0.3999203797179316,0.3443899762732558,-0.05232431832055137,0.24589745853330702,0.8626152475223868,0.36083852633755115,173.15081296339437,635,0.27267844561164467,3.045121107608368,0.12635936987915192,0.31878642717170347,35.02951487880887,4.942997742402139,4,1.0,0.1455187334209728,987.0,0.22304564129108445,0.22912234042998275,0.00607669913889832,0.6386414997754994,0.6602361375070591,0.021594637731559698,36.07064342200415,13.0,0.4315,0.5687156421789106,0.69,0.2682478971467066,-0.1646291352617793,0.5,0.3333333333333333,6.0,4.0,4.0,0.0,0.1111111111111111,1.0,V6WR_INI|cPROBSgrande 50% · V6E_INI|bipro35mais 25% · V6E_INI|bipro30 12%,t10 113 · t15 125 · t20 123 · t25 115 · t30 85 · t35 74,
MULTI_10a35,MULTI,propria,so_INI,brier_com_roi>=0,a_cada_2,450,0.34676666424106545,0.03666776724244371,0.6491196600166359,0.019933554817275746,0.3682589612952848,0.21982884205174932,0.3104044735287317,0.44681867275351,0.18569075864762055,0.35399821403974213,0.511966314965515,0.3237789954186974,156.04499890847944,710,0.21978168860349218,3.322647382199793,0.10436456967982109,0.24440492881302742,37.17531950053254,4.197542913013676,4,1.0,0.10527093599845512,1100.0,0.21508396671166802,0.2224700400531444,0.007386073341476421,0.6218056498045276,0.6453550145922605,0.023549364787732906,37.17531950053251,20.0,0.304,0.696151924037981,0.612,0.2718722742205032,-0.07489439002056225,0.3888888888888889,0.3333333333333333,6.0,21.0,8.0,0.0,0.0,0.9911111111111112,V6E_INI|cPROBSgrande 40% · V6E_INI|bisolo35mais 40% · TUDO_INI_CALR|bisolo30 11%,t10 126 · t15 142 · t20 132 · t25 128 · t30 97 · t35 85,True
MULTI_10a35,MULTI,propria,so_INI,brier_com_roi>=0,bloco_motor,450,0.3805504617058998,0.10296001583680588,0.6832847647216784,0.006644518272425249,0.22396966123632733,0.17097067853505246,0.41244639879054157,0.369148736000563,0.5404337009560273,0.4945419311556842,0.4236424860754894,0.2582047935344004,171.24770776765493,651,0.26305331454324876,3.288006465189954,0.1157389639390246,0.2799457115758066,35.151820002701086,4.871659781897385,3,1.0,0.22396966123632733,1022.0,0.22433006689588594,0.2332157283878299,0.008885661491943945,0.6392408642851191,0.6715791784503043,0.032338314165185254,36.18608524032564,16.0,0.417,0.5832083958020989,0.686,0.28074244304941653,-0.14737682636972071,0.5481481481481482,0.3333333333333333,6.0,4.0,3.0,0.0,0.1111111111111111,1.0,V6E_INI|cPROBSgrande 50% · V6E_INI|bisolo35mais 38% · TUDO_INI_CALR|cPROBSgrande 12%,t10 112 · t15 134 · t20 118 · t25 119 · t30 91 · t35 77,
MULTI_10a35,MULTI,propria,so_INI,bsskill_t_ppg>=1_relaxar,a_cada_2,450,0.21460945656855596,-0.0994490522197104,0.5892216519472974,0.14950166112956811,0.11550923951865914,0.21328302883142697,0.526979678576818,0.2984649010121163,0.013487545461304453,0.4711427797979927,0.2520114712423906,0.5171931173781634,96.57425545585022,731,0.1321125245634066,3.4793764519595176,0.06168043600102313,0.12385620673346091,47.005321507607526,2.0545387704713445,4,1.0,0.11550923951865912,1135.0,0.21106781065442823,0.21390193988817138,0.0028341292337431554,0.6128026674839531,0.6238823222339612,0.011079654750008234,47.00532150760754,29.0,0.046,0.9540229885057471,0.3365,0.6079840083415757,0.3933745517730198,0.36666666666666664,0.3333333333333333,6.0,22.0,8.0,0.0,0.0,1.0,V6E_INI|cPROBSgrande 35% · TUDO_INI_CALR|bipro30 26% · TUDO_INI_CALR|cWRgrande 15%,t10 125 · t15 143 · t20 135 · t25 136 · t30 99 · t35 93,True
MULTI_10a35,MULTI,propria,so_INI,bsskill_t_ppg>=1_relaxar,bloco_motor,450,0.23167217633039552,0.01599351766228927,0.5281698104020388,0.059800664451827246,0.22396966123632733,0.17097067853505246,0.41244639879054157,0.369148736000563,-0.057107959939319386,0.3196570420702682,0.35123186278106666,0.26803246998716346,104.25247934867794,576,0.18099388775812142,2.9736742283862974,0.07790771904968065,0.1675306170522818,52.31853855750182,1.9926489199253339,3,1.0,0.04213759558821896,919.0,0.21900403563566917,0.22230444094200502,0.003300405306335852,0.6292764674255066,0.6437443146735252,0.014467847248018657,53.35280379512637,21.0,0.0675,0.9325337331334332,0.2205,0.592562808821594,0.331931610449899,0.37777777777777777,0.16666666666666666,6.0,4.0,4.0,0.0,0.1111111111111111,1.0,V6E_INI|cPROBSgrande 50% · TUDO_INI_CALR|bisolo 25% · TUDO_INI_CALR|bipro30 12%,t10 100 · t15 118 · t20 109 · t25 106 · t30 75 · t35 68,
MULTI_10a35,MULTI,propria,so_INI,ppg_nao_piorando_ou_nada,a_cada_2,450,0.3425789244941771,-0.03295776984978406,0.7500760873091709,0.04983388704318937,0.41395937508983116,0.28724747794180755,0.5581382705299588,0.4934148997648327,0.2169251528221266,0.534436950663943,0.145602674236965,0.39246224744596797,154.16051602237965,937,0.1645256307602771,4.111236305291323,0.0833274711193965,0.1759078477051397,53.684711197439555,2.8715906742128885,11,1.0,0.18264758308251214,1471.0,0.21858073405068765,0.2236204112499117,0.0050396771992240385,0.6291989415917111,0.6524811498290551,0.023282208237344,53.684711197439555,29.0,0.2945,0.7056471764117941,0.1945,0.6765612035841331,0.333982279089956,0.3925925925925926,0.5,6.0,27.0,10.0,0.0,0.0,0.7422222222222222,V6E_INI 19% · V6E_INI|cPROBSgrande 19% · TUDO_INI_CALR|bisolo 19%,t10 168 · t15 191 · t20 181 · t25 156 · t30 125 · t35 116,True
MULTI_10a35,MULTI,propria,so_INI,ppg_nao_piorando_ou_nada,bloco_motor,450,0.20879482206541783,-0.08388531116693815,0.48738331048908456,0.06976744186046512,0.22396966123632733,0.17097067853505246,0.583050303263278,0.544273420098973,-0.057107959939319386,0.3196570420702682,0.07767986411593057,0.21381913379310127,93.95766992943794,770,0.12202294796030902,3.5624792535263077,0.05860941417658587,0.1202469695618371,67.66395431007336,1.3885926545006866,9,1.0,0.15587353190337658,1238.0,0.21225607279697156,0.21472035557718624,0.002464282780214673,0.6161524940131641,0.6289390854054018,0.012786591392237737,68.6982195476979,21.0,0.0435,0.9565217391304348,0.047,0.6599656548339392,0.4250714800103441,0.35555555555555557,0.16666666666666666,6.0,5.0,5.0,0.0,0.1111111111111111,0.75,V6E_INI|cPROBSgrande 25% · V6E_INI 25% · TUDO_INI_CALR|bisolo 25%,t10 142 · t15 155 · t20 147 · t25 135 · t30 101 · t35 90,
MULTI_10a35,MULTI,propria,so_INI,funcao_menor_vol,a_cada_2,450,0.3059734519795418,0.03466957763032229,0.5714612313228493,0.019933554817275746,0.1622149597744015,0.24158065359445477,0.5577549251696676,0.3703542392724828,0.09980750459167811,0.3377998600524323,0.4759956644849904,0.3230883754437168,137.68805339079384,704,0.19557962129374126,3.0808042476625785,0.09931609650684083,0.21392121665755837,46.36498430662269,2.969655990396329,5,1.0,0.1622149597744015,1068.0,0.2253008155540369,0.2284394575182781,0.0031386419642412027,0.645557350560502,0.6622818266120097,0.01672447605150772,48.15475345464604,18.0,0.1955,0.8045977011494253,0.35,-0.052879456545534706,-0.3588529085250765,0.4518518518518519,0.5,6.0,15.0,6.0,0.0,0.0,1.0,V6WR_INI|bisolo30 34% · TUDO_INI|bisolo30 21% · V6E_INI|cWRgrande 15%,t10 129 · t15 145 · t20 134 · t25 126 · t30 96 · t35 74,True
MULTI_10a35,MULTI,propria,so_INI,funcao_menor_vol,bloco_motor,450,0.39200576763852346,0.10144883632491367,0.6469019432227295,0.0033222591362126247,0.35842868154610164,0.2143689986038768,0.6387475797616807,0.23651730454671935,0.1116396878075317,0.3283835150149732,0.4759956644849904,0.3230883754437168,176.40259543733555,652,0.2705561279713735,3.098906836222516,0.12649808088983014,0.2956642739327162,38.87427410892195,4.537772073713134,5,1.0,0.2693485595554875,993.0,0.21436322058564555,0.22376452178636097,0.00940130120071541,0.6189140390238199,0.6448444904542691,0.025930451430449187,39.11307830526921,17.0,0.457,0.5432283858070964,0.561,-0.05681142703972635,-0.4978179156330652,0.5499999999999999,0.5,6.0,4.0,4.0,0.0,0.1111111111111111,1.0,V6_INI|cWRgrande 25% · V6E_INI|cWRgrande 25% · TUDO_INI|bisolo30 25%,t10 118 · t15 133 · t20 128 · t25 114 · t30 92 · t35 67,
MULTI_10a35,MULTI,propria,so_INI,ACASO (média das elegíveis),-,450,0.39941238567135157,0.15954580590960227,0.6406593171148739,0.0033222591362126247,0.42635778447882927,0.22248357267784394,0.4010631503276196,0.28132074682290376,0.29665108217446884,0.2660435706799306,0.4601048263007499,0.2464974086897504,179.73557355210818,927,0.19372464544963217,2.8612559854447372,0.13959337707047878,0.33289568898323524,30.422888150327864,5.90790633236349,9,1.0,0.25756835116383164,,,,,,,,,,0.4815,0.5187406296851574,0.8485,,,,,,,,,,,,,
MULTI_10a35,MULTI,propria,so_INI,FIXO_RETROSPECTO (V6E_INI) — ENVIESADO,-,450,0.6165779394457157,0.22892890371705815,1.075256017304477,0.006644518272425249,0.6726579004058515,0.38056536569661026,0.583050303263278,0.544273420098973,0.2851067465278251,0.5079338392727163,0.897456827105841,0.42132266808073177,277.4600727505722,1540,0.18016887840946247,4.52496025186577,0.13626151504678588,0.3123086400439982,53.973617471321745,5.140661044222158,14,1.0,0.36417645846145896,2415.0,0.21902401209723374,0.22377047666124036,0.004746464564006618,0.6300596341481643,0.6501694067042133,0.02010977255604896,55.007882708946426,16.0,0.975,0.025487256371814093,0.192,,,,,,,,,,,,,
MULTI_10a35,MULTI,propria,so_INI,"BASE_V6_MOM (fixo, sem flag)",-,450,0.5346785248374307,0.1748433583279554,0.8923874900109667,0.0033222591362126247,0.6534723306574425,0.30358845275765795,0.3092978392140299,0.4322100998132575,0.5205825236613218,0.46347251596926115,0.5959645029069223,0.4019063211817317,240.6053361768436,1562,0.1540367068993877,4.514827354926051,0.11842723603905965,0.25538745813554303,65.81392820680583,3.6558422013771024,9,1.0,0.14441486625131209,2415.0,0.22340858586309767,0.22377047666124036,0.00036189079814267865,0.6429454625315041,0.6501694067042133,0.007223944172709205,66.85505675000114,15.0,0.881,0.11944027986006997,0.0575,,,,,,,,,,,,,
MULTI_10a35,MULTI,propria,so_INI,FIXO_TUDO_INI (sem flag),-,450,0.3069779126224684,0.01081886253050636,0.614281486476657,0.029900332225913623,0.0,0.0,0.2766735260418484,0.3377357089286528,0.306823549006525,0.4299733762409223,0.7979035317527344,0.5056927781811549,138.14006068011082,1016,0.1359646266536524,3.903530330028531,0.07864109835678532,0.1654582947778969,56.305705235192725,2.453393667712543,7,0.6666666666666666,0.0,1508.0,0.22658588821728462,0.22315742731633906,-0.003428460900945556,0.645263776931139,0.6471551492364742,0.0018913723053351646,57.305705235192704,28.0,0.1985,0.8015992003998001,0.155,,,,,,,,,,,,,
MULTI_10a35,MULTI,propria,so_INI,FIXO_TUDO_INI_CALR (sem flag),-,450,0.46173384981776777,-0.05235455296959529,0.9490862008710388,0.04318936877076412,0.0,0.0,0.6941684608806564,0.6343456274272109,0.34445120646929456,0.6681989964359479,1.0391826568300042,0.6841135502338421,207.78023241799553,986,0.21073045884178046,5.069467472374648,0.09108133198090758,0.19530966066470998,74.271333897014,2.797583152419309,10,0.6666666666666666,0.0,1508.0,0.2170853007727562,0.22315742731633906,0.006072126543582856,0.6239120387814127,0.6471551492364742,0.02324311045506159,74.27133389701397,30.0,0.6955,0.30484757621189407,0.0215,,,,,,,,,,,,,
MULTI_10a35,MULTI,propria,so_INI,FIXO_V6E_INI (sem flag),-,450,0.6165779394457157,0.22892890371705815,1.075256017304477,0.006644518272425249,0.6726579004058515,0.38056536569661026,0.583050303263278,0.544273420098973,0.2851067465278251,0.5079338392727163,0.897456827105841,0.42132266808073177,277.4600727505722,1540,0.18016887840946247,4.52496025186577,0.13626151504678588,0.3123086400439982,53.973617471321745,5.140661044222158,14,1.0,0.36417645846145896,2415.0,0.21902401209723374,0.22377047666124036,0.004746464564006618,0.6300596341481643,0.6501694067042133,0.02010977255604896,55.007882708946426,16.0,0.975,0.025487256371814093,0.192,,,,,,,,,,,,,
MULTI_10a35,MULTI,propria,so_INI,FIXO_V6WR_INI (sem flag),-,450,0.5144567692334964,0.09086965168850308,0.9261049255918898,0.009966777408637873,0.6809103105578477,0.3104523942468576,0.2589791057213153,0.40040644437792333,0.3654472952411632,0.42570472876203735,0.6692635947514836,0.4551099106986418,231.5055461550733,1575,0.14698764835242747,4.508935741242374,0.11409716144939892,0.2497464839015966,62.71580951073044,3.691342708658868,9,1.0,0.08607912704946495,2415.0,0.22314813262205443,0.22377047666124036,0.000622344039185926,0.6421255526815696,0.6501694067042133,0.008043854022643702,63.75693805392575,15.0,0.8365,0.16391804097951024,0.084,,,,,,,,,,,,,
MULTI_10a35,MULTI,propria,so_INI,FIXO_V6_INI (sem flag),-,450,0.5153108692246785,0.149207879120657,0.8654011110926356,0.0033222591362126247,0.6839277691373059,0.30856421956238106,0.2730995403156246,0.3917647493811425,0.34798192014374296,0.41465575082780054,0.6719257973457268,0.4547503012012918,231.88989115110522,1579,0.146858702438952,4.5133565347963085,0.11417464258624871,0.2505755897596471,62.64083175727434,3.701896744437407,9,1.0,0.09599260180204529,2415.0,0.2231027793703854,0.22377047666124036,0.0006676972908549532,0.641997535542296,0.6501694067042133,0.008171871161917282,63.681960300469655,15.0,0.84,0.16041979010494753,0.084,,,,,,,,,,,,,
MULTI_10a35,MULTI,propria,so_INI,FAVORITO (todos os jogos),-,450,-0.4684409303618407,-0.7921291580363877,-0.18430796371999233,0.9966777408637874,-0.2907225859390736,0.277543160819841,-0.47331391098865966,0.35888368365664164,-0.37421102347852736,0.32245892419322814,-0.824375373252486,0.3606324624792771,-210.79841866282845,2374,-0.0887946161174509,3.077783888246736,-0.15220072213344674,-0.17128062327841054,227.27050195834912,-0.9275221238410455,5,0.0,-0.6901822656068723,,,,,,,,,,0.0,1.0,0.0,,,,,,,,,,,,,
MULTI_10a35,MULTI,propria,so_INI,ZEBRA (todos os jogos),-,450,0.45700316135269253,-0.24041823443185178,1.0436086302873508,0.0664451827242525,0.2691419569728438,0.586442085288367,0.5668527026256767,0.709240377119834,0.05441007546352939,0.6986280772404193,1.031538512538645,0.7586070025802805,205.65142260871164,1990,0.10334242342146313,6.814273475996747,0.06706557389609978,0.1340104171443158,93.69834513775429,2.1948244902977225,13,1.0,0.26914195697284365,,,,,,,,,,0.6825,0.31784107946026985,0.0015,,,,,,,,,,,,,
MULTI_10a35,MULTI,propria,so_INI,VIG_MERCADO (dutching: perde a margem 1/S − 1),-,450,-0.18854996404759378,-0.19981436979398218,-0.17571198354945158,1.0,-0.1894393668437526,0.009969762611049487,-0.1761825000934097,0.01706813732215408,-0.19157529308939875,0.014758485509023396,-0.19655799476573457,0.01211846310746499,-84.84748382141727,2374,-0.035740304895289496,0.13178658406085086,-1.4307219918571765,-0.8261343751290293,84.84748382141727,-1.0,45,0.0,-0.1894393668437526,,,,,,,,,,0.0,1.0,0.006,,,,,,,,,,,,,
MULTI_10a35,MULTI,comum,todas,bsskill_todas,a_cada_2,450,0.259358264856782,-0.06278237587779686,0.5419098579809764,0.036544850498338874,0.15629847425633459,0.22620186239951973,0.5630352482951908,0.30110090417581037,-0.19094913970562857,0.31500189130450784,0.560578371881455,0.35051926958399693,116.71121918555193,759,0.15376972224710397,3.2246739418061154,0.08042929906628556,0.17187225678104445,41.95141815642544,2.7820565862724234,4,1.0,0.1553982842461407,1172.0,0.21732120619788955,0.22311710006791194,0.0057958938700223665,0.6264364132581381,0.6477270599383628,0.02129064668022457,42.6004011810636,18.0,0.1055,0.894552723638181,0.427,0.5813078939325856,0.32194962907580366,0.3616255144032922,0.5,6.0,22.0,9.0,0.0,0.0,1.0,V6E_MOM|cPROBSgrande 35% · V6E_MOM|cWRgrande 28% · TUDO_INI_CALR|bipro30 13%,t10 133 · t15 156 · t20 144 · t25 130 · t30 108 · t35 88,True
MULTI_10a35,MULTI,comum,todas,bsskill_todas,bloco_motor,450,0.25348148384992114,-0.005192893827367902,0.5499428989711659,0.053156146179401995,0.2942786898807059,0.18073196196801453,0.42398330355136776,0.3542456970031304,-0.057107959939319386,0.3196570420702682,0.332373298891538,0.3015643674466866,114.06666773246451,607,0.18791872773058405,2.9899747082449806,0.0847771331145161,0.18376620319192893,52.63587479901827,2.167089806486735,3,1.0,0.049828865428769784,957.0,0.2178863846391812,0.22217086804241729,0.004284483403236066,0.6282092193861286,0.6444694919161845,0.016260272530055943,53.67014003664282,21.0,0.095,0.9050474762618691,0.181,0.5854926184873039,0.3003259491561427,0.3693415637860082,0.3333333333333333,6.0,5.0,5.0,0.0,0.1111111111111111,1.0,V6E_MOM|cPROBSgrande 50% · TUDO_INI_CALR|bipro30 12% · TUDO_INI_CALR|bisolo 12%,t10 107 · t15 120 · t20 120 · t25 108 · t30 84 · t35 68,
MULTI_10a35,MULTI,comum,todas,llskill_todas,a_cada_2,450,0.25780187519739683,-0.0897773670758553,0.5534185770900328,0.046511627906976744,0.089776214328532,0.23032407028190613,0.5649333270157436,0.33006675230723226,-0.15290992228012631,0.40703622184574156,0.6134207121598704,0.3960421042376842,116.01084383882858,768,0.1510557862484747,3.4560348924202113,0.07459469687728236,0.16226441757946833,39.057197357689375,2.97028081089359,4,1.0,0.08977621432853201,1177.0,0.21998657473310032,0.22398241499402624,0.0039958402609259,0.6326015024764987,0.6496743722484977,0.017072869771999,39.057197357689375,23.0,0.1035,0.896551724137931,0.523,0.5741332554147615,0.3163313802173646,0.37345679012345673,0.5,6.0,30.0,10.0,0.0,0.0,1.0,V6E_MOM|cPROBSgrande 32% · TUDO_INI_CALR|bipro30 30% · V6E_MOM|cWRgrande 27%,t10 129 · t15 151 · t20 146 · t25 137 · t30 111 · t35 94,True
MULTI_10a35,MULTI,comum,todas,llskill_todas,bloco_motor,450,0.25348148384992114,-0.005192893827367902,0.5499428989711659,0.053156146179401995,0.2942786898807059,0.18073196196801453,0.42398330355136776,0.3542456970031304,-0.057107959939319386,0.3196570420702682,0.332373298891538,0.3015643674466866,114.06666773246451,607,0.18791872773058405,2.9899747082449806,0.0847771331145161,0.18376620319192893,52.63587479901827,2.167089806486735,3,1.0,0.049828865428769784,957.0,0.2178863846391812,0.22217086804241729,0.004284483403236066,0.6282092193861286,0.6444694919161845,0.016260272530055943,53.67014003664282,21.0,0.095,0.9050474762618691,0.181,0.5854926184873039,0.3003259491561427,0.3693415637860082,0.3333333333333333,6.0,5.0,5.0,0.0,0.1111111111111111,1.0,V6E_MOM|cPROBSgrande 50% · TUDO_INI_CALR|bipro30 12% · TUDO_INI_CALR|bisolo 12%,t10 107 · t15 120 · t20 120 · t25 108 · t30 84 · t35 68,
MULTI_10a35,MULTI,comum,todas,brier_todas,a_cada_2,450,0.4290523587504369,0.05892323086711203,0.736749082244209,0.0033222591362126247,0.5611820282769366,0.2883233610939428,0.6046881469232449,0.42110260780591413,-0.19590120814348924,0.2922629050661799,0.6801756331818056,0.3110165102947757,193.0735614376966,691,0.27941181105310653,3.4186961843666093,0.12550175143157055,0.2957537674765296,52.3465034180154,3.6883755137549272,4,1.0,0.19011266069976562,1089.0,0.22117032696229605,0.22868799070456922,0.007517663742273169,0.6353995213775909,0.6598456638395639,0.024446142461973058,52.678696933485384,19.0,0.637,0.3633183408295852,0.1865,0.13495719736332587,-0.294095161387111,0.39403292181069965,0.3333333333333333,6.0,24.0,8.0,0.0,0.0,0.9911111111111112,V6E_MOM|cPROBSgrande 44% · TUDO_INI_CALR|bisolo30 25% · V6E_MOM|bisolo30 21%,t10 116 · t15 129 · t20 136 · t25 122 · t30 102 · t35 86,True
MULTI_10a35,MULTI,comum,todas,brier_todas,bloco_motor,450,0.3074151301829087,0.02664632563278105,0.5587104748610535,0.016611295681063124,0.2942786898807059,0.18073196196801453,0.42398330355136776,0.3542456970031304,-0.004648458188936555,0.3238201983363384,0.5226152056395993,0.28084232419097654,138.33680858230892,597,0.2317199473740518,3.127525943072351,0.09829339093536564,0.22699076241211966,59.467563113510536,2.3262565563390294,4,1.0,0.1101788362135298,939.0,0.21058954815358355,0.21634906742796783,0.005759519274384272,0.608299226987974,0.6257056135631685,0.017406386575194378,60.50182835113509,20.0,0.2125,0.7876061969015492,0.0915,0.12551495039770696,-0.22032707105806534,0.42283950617283955,0.3333333333333333,6.0,3.0,3.0,0.0,0.1111111111111111,1.0,V6E_MOM|cPROBSgrande 50% · TUDO_INI_CALR|bisolo30 25% · V6E_MOM|bisolo30 25%,t10 98 · t15 118 · t20 116 · t25 110 · t30 86 · t35 69,
MULTI_10a35,MULTI,comum,todas,ll_todas,a_cada_2,450,0.4977092620579957,0.22080225168216788,0.8835343904148196,0.009966777408637873,0.6658994523194628,0.2809425177802758,0.692720175268865,0.3910159055601571,-0.09807524457140701,0.3484600672842262,0.6461975700843289,0.3008923656893079,223.9691679260981,703,0.3185905660399688,3.5452402417503603,0.14038802115488402,0.3424518741682208,54.59215257883609,4.102589059895853,4,1.0,0.28065578802768965,1104.0,0.2231160396773178,0.23142531662662374,0.008309276949305949,0.6402079747908878,0.6666789035704331,0.026470928779545384,54.59215257883612,19.0,0.829,0.1714142928535732,0.1455,0.13739075724862165,-0.36031850480937405,0.4969135802469136,0.3333333333333333,6.0,29.0,8.0,0.0,0.0,0.9822222222222222,V6E_MOM|cPROBSgrande 43% · V6E_MOM|bisolo30 24% · TUDO_INI_CALR|bisolo30 23%,t10 120 · t15 129 · t20 139 · t25 125 · t30 103 · t35 87,True
MULTI_10a35,MULTI,comum,todas,ll_todas,bloco_motor,450,0.3074151301829087,0.02664632563278105,0.5587104748610535,0.016611295681063124,0.2942786898807059,0.18073196196801453,0.42398330355136776,0.3542456970031304,-0.004648458188936555,0.3238201983363384,0.5226152056395993,0.28084232419097654,138.33680858230892,597,0.2317199473740518,3.127525943072351,0.09829339093536564,0.22699076241211966,59.467563113510536,2.3262565563390294,4,1.0,0.1101788362135298,939.0,0.21058954815358355,0.21634906742796783,0.005759519274384272,0.608299226987974,0.6257056135631685,0.017406386575194378,60.50182835113509,20.0,0.2125,0.7876061969015492,0.0915,0.12551495039770696,-0.22032707105806534,0.42283950617283955,0.3333333333333333,6.0,3.0,3.0,0.0,0.1111111111111111,1.0,V6E_MOM|cPROBSgrande 50% · TUDO_INI_CALR|bisolo30 25% · V6E_MOM|bisolo30 25%,t10 98 · t15 118 · t20 116 · t25 110 · t30 86 · t35 69,
MULTI_10a35,MULTI,comum,todas,bsskill_entradas,a_cada_2,450,0.3625778652343464,0.0174938552589095,0.6235516404549277,0.006644518272425249,0.37816654840855063,0.2604903164040756,0.4845378017288928,0.31539253432495207,0.31040791398212675,0.36923720880131655,0.269404855230713,0.3067006646451744,163.16003935545584,766,0.2130026623439371,3.5237548090069235,0.1028953161858981,0.2313005321096635,32.708841898990144,4.988254853513883,3,1.0,0.2998057898650018,1193.0,0.2281184037016095,0.23267989636272648,0.0045614926611170035,0.6528907502177517,0.6741789349338579,0.02128818471610626,32.708841898990144,18.0,0.3835,0.6166916541729135,0.761,0.5866471815641955,0.2240693163298491,0.4238683127572016,0.5,6.0,45.0,13.0,0.0,0.0,1.0,V6E_MOM|cPROBSgrande 25% · V6E_MOM|cWRgrande 17% · TUDO_INI_CALR|bisolo 15%,t10 141 · t15 155 · t20 144 · t25 134 · t30 105 · t35 87,True
MULTI_10a35,MULTI,comum,todas,bsskill_entradas,bloco_motor,450,0.3801364545002093,0.09742413282021078,0.6804617861604255,0.006644518272425249,0.22396966123632733,0.17097067853505246,0.42398330355136776,0.3542456970031304,0.7010037891889881,0.4730670135754636,0.2496724606560947,0.20024222329436633,171.0614045250941,664,0.25762259717634656,3.3195181091589667,0.1145155537640735,0.27249852096036803,31.576212774704956,5.417413600092276,3,1.0,0.22396966123632733,1055.0,0.22772975700528464,0.2350546124882232,0.0073248554829385805,0.6506135566399125,0.6768423571585488,0.026228800518636325,32.61047801232951,13.0,0.459,0.5412293853073463,0.798,0.562316115269563,0.13466260395682766,0.4871399176954732,0.5,6.0,6.0,5.0,0.0,0.1111111111111111,1.0,V6E_INI|cPROBSgrande 25% · V6E_MOM|cPROBSgrande 25% · TUDO_INI_CALR|bisolo 25%,t10 108 · t15 143 · t20 124 · t25 116 · t30 94 · t35 79,
MULTI_10a35,MULTI,comum,todas,llskill_entradas,a_cada_2,450,0.26091109174799565,0.023699381483512378,0.5790097128861962,0.046511627906976744,0.38156795378779906,0.2621774496326568,0.49343518085774746,0.3074564348558,-0.035172861218951856,0.35663737078576824,0.1434856625454863,0.28336735867522633,117.40999128659809,717,0.16375173122259148,3.279600889344218,0.07955574490655992,0.16771305030702538,43.50900977258517,2.6985213384602833,3,1.0,0.13423494489225526,1122.0,0.21941136484240292,0.22256643483547806,0.003155069993075156,0.630702957036387,0.6459800439643335,0.015277086927946557,44.15799279722334,17.0,0.1075,0.8925537231384307,0.382,0.6044696698421363,0.3435585780941407,0.32613168724279834,0.16666666666666666,6.0,31.0,12.0,0.0,0.0,1.0,V6E_MOM|cPROBSgrande 29% · TUDO_INI_CALR|bisolo 22% · V6WR_INI|cPROBSgrande 12%,t10 130 · t15 144 · t20 139 · t25 129 · t30 91 · t35 84,True
MULTI_10a35,MULTI,comum,todas,llskill_entradas,bloco_motor,450,0.32159101178418803,0.02971765472148021,0.6488136979690555,0.029900332225913623,0.22396966123632733,0.17097067853505246,0.42398330355136776,0.3542456970031304,0.7045506460986397,0.4699895077101464,-0.01732888847565219,0.19378833823899144,144.71595530288457,616,0.2349284988683191,3.621850575790779,0.08879190487144083,0.20602647355337106,36.85729675792935,3.926385493036759,3,1.0,0.183202104662161,965.0,0.2153349636182762,0.2208806482569778,0.005545684638701598,0.6216631730642498,0.6418244845562167,0.020161311491966878,36.857296757929376,19.0,0.2515,0.7486256871564217,0.6065,0.6141738425171931,0.2523839542599816,0.4284979423868313,0.3333333333333333,6.0,3.0,3.0,0.0,0.1111111111111111,1.0,TUDO_INI_CALR|bisolo 50% · V6E_INI|cPROBSgrande 25% · V6E_MOM|cPROBSgrande 25%,t10 103 · t15 127 · t20 113 · t25 110 · t30 85 · t35 78,
MULTI_10a35,MULTI,comum,todas,brier_entradas,a_cada_2,450,0.40860424784127636,0.08521684733972477,0.6961214300714925,0.009966777408637873,0.3808908779333752,0.2604581525631948,0.6079201557076543,0.3299911414349969,-0.004648458188936555,0.3238201983363384,0.6641111008669633,0.41448783650429344,183.87191152857437,701,0.26229944583248843,3.753453083183263,0.10886089123425076,0.23683198728848917,65.60019223779571,2.802917266797827,4,1.0,0.23280340431772079,1071.0,0.23174906318611188,0.23730219930413537,0.0055531361180234905,0.663137642407067,0.6832771158747457,0.020139473467678786,65.60019223779571,23.0,0.5615,0.4387806096951524,0.048,0.03373589146397356,-0.3748683563773028,0.49074074074074076,0.5,6.0,16.0,8.0,0.0,0.0,1.0,TUDO_INI_CALR|bisolo30 51% · V6_INI|cWRgrande 32% · V6_INI|cPROBSgrande 6%,t10 121 · t15 141 · t20 137 · t25 123 · t30 101 · t35 78,True
MULTI_10a35,MULTI,comum,todas,brier_entradas,bloco_motor,450,0.3508943033069163,0.08556641968441497,0.6496776797976972,0.0033222591362126247,0.35842868154610164,0.2143689986038768,0.38191869988394417,0.21002110005971647,-0.004648458188936555,0.3238201983363384,0.6641111008669633,0.41448783650429344,157.90243648811233,655,0.24107242211925548,3.5275920854696476,0.09947133761646361,0.21586052911830997,57.91349342211052,2.7265223898205995,4,1.0,0.08213576710191409,993.0,0.2203164501595493,0.22376452178636097,0.003448071626811691,0.6349246460448443,0.6448444904542691,0.00991984440942473,57.91349342211052,23.0,0.3425,0.657671164417791,0.1085,0.03766744152010811,-0.3570886497001728,0.41203703703703703,0.16666666666666666,6.0,2.0,2.0,0.0,0.1111111111111111,1.0,V6_INI|cWRgrande 50% · TUDO_INI_CALR|bisolo30 50%,t10 115 · t15 133 · t20 128 · t25 116 · t30 95 · t35 68,
MULTI_10a35,MULTI,comum,todas,ll_entradas,a_cada_2,450,0.4096475691531937,0.09229134799833802,0.72504150011087,0.013289036544850499,0.3392856571207576,0.2513913077465066,0.6750229328302088,0.2957916171598717,-0.004648458188936555,0.3238201983363384,0.6641111008669633,0.41448783650429344,184.34140611893716,698,0.26409943570048305,3.7808766439639427,0.10834724528957693,0.2397226062414287,65.60019223779571,2.8100741755559735,4,1.0,0.27753858906609047,1074.0,0.2319831640575925,0.2377118718275588,0.005728707769966262,0.6641064039666037,0.6850263185053355,0.020919914538731734,65.60019223779571,23.0,0.564,0.4362818590704648,0.048,0.03953615625722699,-0.3701114128959667,0.5,0.5,6.0,19.0,8.0,0.0,0.0,1.0,TUDO_INI_CALR|bisolo30 51% · V6_INI|cWRgrande 31% · V6_INI|cPROBSgrande 6%,t10 122 · t15 141 · t20 135 · t25 122 · t30 99 · t35 79,True
MULTI_10a35,MULTI,comum,todas,ll_entradas,bloco_motor,450,0.3508943033069163,0.08556641968441497,0.6496776797976972,0.0033222591362126247,0.35842868154610164,0.2143689986038768,0.38191869988394417,0.21002110005971647,-0.004648458188936555,0.3238201983363384,0.6641111008669633,0.41448783650429344,157.90243648811233,655,0.24107242211925548,3.5275920854696476,0.09947133761646361,0.21586052911830997,57.91349342211052,2.7265223898205995,4,1.0,0.08213576710191409,993.0,0.2203164501595493,0.22376452178636097,0.003448071626811691,0.6349246460448443,0.6448444904542691,0.00991984440942473,57.91349342211052,23.0,0.3425,0.657671164417791,0.1085,0.03766744152010811,-0.3570886497001728,0.41203703703703703,0.16666666666666666,6.0,2.0,2.0,0.0,0.1111111111111111,1.0,V6_INI|cWRgrande 50% · TUDO_INI_CALR|bisolo30 50%,t10 115 · t15 133 · t20 128 · t25 116 · t30 95 · t35 68,
MULTI_10a35,MULTI,comum,todas,ppg,a_cada_2,450,0.24235707023155592,-0.14871004919631386,0.6814198759863981,0.12956810631229235,0.2862181799650502,0.2361348261985361,0.3335798577551309,0.5542460531405079,0.2169251528221266,0.534436950663943,0.11077453551716882,0.414731804195484,109.06068160420014,994,0.10971899557766614,3.972848698035975,0.0610033476360094,0.1220282615295286,65.18152720917558,1.6731838954035385,9,1.0,0.15942882393598143,1543.0,0.22054889610980027,0.22345720853886838,0.002908312429068113,0.6350427253902133,0.6520060000090979,0.0169632746188846,66.21579244680012,29.0,0.0765,0.9235382308845578,0.049,0.7010457792836999,0.458688709052144,0.324074074074074,0.3333333333333333,6.0,33.0,14.0,0.0,0.0,0.6933333333333334,TUDO_INI_CALR|bisolo 18% · V6E_MOM 16% · TUDO_INI_CALR|cWRgrande 15%,t10 178 · t15 203 · t20 189 · t25 168 · t30 137 · t35 119,True
MULTI_10a35,MULTI,comum,todas,ppg,bloco_motor,450,0.23578905811330753,-0.022367624624792956,0.5375074013199579,0.08637873754152824,0.22396966123632733,0.17097067853505246,0.7045243654787814,0.49662639278610415,-0.057107959939319386,0.3196570420702682,0.07767986411593057,0.21381913379310127,106.10507615098828,777,0.1365573695636915,3.6241942295587437,0.06505971898256004,0.1353122881205832,63.646580193981436,1.6670978366410614,8,1.0,0.22396966123632733,1238.0,0.21230199890860535,0.21472035557718624,0.0024183566685808794,0.6161255387852733,0.6289390854054018,0.012813546620128508,64.68084543160599,21.0,0.069,0.9310344827586207,0.0585,0.6624050316486821,0.3971423412712112,0.3395061728395062,0.16666666666666666,6.0,5.0,5.0,0.0,0.1111111111111111,0.75,V6E_INI|cPROBSgrande 25% · V6E_MOM 25% · TUDO_INI_CALR|bisolo 25%,t10 142 · t15 159 · t20 150 · t25 135 · t30 101 · t35 90,
MULTI_10a35,MULTI,comum,todas,lucro,a_cada_2,450,0.24235707023155592,-0.14871004919631386,0.6814198759863981,0.12956810631229235,0.2862181799650502,0.2361348261985361,0.3335798577551309,0.5542460531405079,0.2169251528221266,0.534436950663943,0.11077453551716882,0.414731804195484,109.06068160420014,994,0.10971899557766614,3.972848698035975,0.0610033476360094,0.1220282615295286,65.18152720917558,1.6731838954035385,9,1.0,0.15942882393598143,1543.0,0.22054889610980027,0.22345720853886838,0.002908312429068113,0.6350427253902133,0.6520060000090979,0.0169632746188846,66.21579244680012,29.0,0.0765,0.9235382308845578,0.049,0.7010457792836999,0.458688709052144,0.324074074074074,0.3333333333333333,6.0,33.0,14.0,0.0,0.0,0.6933333333333334,TUDO_INI_CALR|bisolo 18% · V6E_MOM 16% · TUDO_INI_CALR|cWRgrande 15%,t10 178 · t15 203 · t20 189 · t25 168 · t30 137 · t35 119,True
MULTI_10a35,MULTI,comum,todas,lucro,bloco_motor,450,0.23578905811330753,-0.022367624624792956,0.5375074013199579,0.08637873754152824,0.22396966123632733,0.17097067853505246,0.7045243654787814,0.49662639278610415,-0.057107959939319386,0.3196570420702682,0.07767986411593057,0.21381913379310127,106.10507615098828,777,0.1365573695636915,3.6241942295587437,0.06505971898256004,0.1353122881205832,63.646580193981436,1.6670978366410614,8,1.0,0.22396966123632733,1238.0,0.21230199890860535,0.21472035557718624,0.0024183566685808794,0.6161255387852733,0.6289390854054018,0.012813546620128508,64.68084543160599,21.0,0.069,0.9310344827586207,0.0585,0.6624050316486821,0.3971423412712112,0.3395061728395062,0.16666666666666666,6.0,5.0,5.0,0.0,0.1111111111111111,0.75,V6E_INI|cPROBSgrande 25% · V6E_MOM 25% · TUDO_INI_CALR|bisolo 25%,t10 142 · t15 159 · t20 150 · t25 135 · t30 101 · t35 90,
MULTI_10a35,MULTI,comum,todas,roi,a_cada_2,450,0.2385291993518163,-0.02779864378884611,0.5666100967965148,0.10299003322259136,0.2399226552760346,0.20204420757598038,0.38004885169609637,0.3277227855311465,0.43474989646110557,0.5183649900791636,-0.10130133398808042,0.21034400481208124,107.33813970831733,728,0.147442499599337,3.6267904017513266,0.06576867503471771,0.13836468975132618,47.82995835045901,2.2441612623166174,3,1.0,0.06904110210494255,1131.0,0.21433683296965372,0.2182656941687655,0.003928861199111792,0.6202049012935059,0.6368204083426044,0.01661550704909858,47.82995835045898,18.0,0.0715,0.928535732133933,0.279,0.6553826964159958,0.4168534970641795,0.2983539094650206,0.16666666666666666,6.0,26.0,11.0,0.0,0.0,1.0,TUDO_INI_CALR|bisolo 30% · V6E_MOM|cPROBSgrande 25% · TUDO_INI_CALR|cWRgrande 18%,t10 124 · t15 146 · t20 140 · t25 127 · t30 97 · t35 94,True
MULTI_10a35,MULTI,comum,todas,roi,bloco_motor,450,0.32159101178418803,0.02971765472148021,0.6488136979690555,0.029900332225913623,0.22396966123632733,0.17097067853505246,0.42398330355136776,0.3542456970031304,0.7045506460986397,0.4699895077101464,-0.01732888847565219,0.19378833823899144,144.71595530288457,616,0.2349284988683191,3.621850575790779,0.08879190487144083,0.20602647355337106,36.85729675792935,3.926385493036759,3,1.0,0.183202104662161,965.0,0.2153349636182762,0.2208806482569778,0.005545684638701598,0.6216631730642498,0.6418244845562167,0.020161311491966878,36.857296757929376,19.0,0.2515,0.7486256871564217,0.6065,0.6141738425171931,0.2523839542599816,0.4284979423868313,0.3333333333333333,6.0,3.0,3.0,0.0,0.1111111111111111,1.0,TUDO_INI_CALR|bisolo 50% · V6E_INI|cPROBSgrande 25% · V6E_MOM|cPROBSgrande 25%,t10 103 · t15 127 · t20 113 · t25 110 · t30 85 · t35 78,
MULTI_10a35,MULTI,comum,todas,sharpe,a_cada_2,450,0.2683570193980853,-0.027225319349102054,0.6044260041973478,0.0664451827242525,0.2660512003067241,0.1997015156493947,0.32004885169609637,0.3442058800793252,0.5165874060692688,0.5622079287647483,-0.02810647093406736,0.15727302142476235,120.76065872913834,715,0.1688960261945991,3.5396479655647517,0.07581460699165006,0.16103198422743686,37.15270443553216,3.2503867635984283,3,1.0,0.1723960172130601,1122.0,0.21356969695277486,0.21694636497140188,0.0033766680186270276,0.6176548924927481,0.6321653076014984,0.01451041510875027,37.15270443553216,17.0,0.1255,0.8745627186406797,0.592,0.6548700959770548,0.3865130765789695,0.33847736625514396,0.16666666666666666,6.0,24.0,10.0,0.0,0.0,1.0,TUDO_INI_CALR|bisolo 25% · V6E_MOM|cPROBSgrande 25% · TUDO_INI_CALR|cWRgrande 20%,t10 121 · t15 146 · t20 137 · t25 127 · t30 94 · t35 90,True
MULTI_10a35,MULTI,comum,todas,sharpe,bloco_motor,450,0.32159101178418803,0.02971765472148021,0.6488136979690555,0.029900332225913623,0.22396966123632733,0.17097067853505246,0.42398330355136776,0.3542456970031304,0.7045506460986397,0.4699895077101464,-0.01732888847565219,0.19378833823899144,144.71595530288457,616,0.2349284988683191,3.621850575790779,0.08879190487144083,0.20602647355337106,36.85729675792935,3.926385493036759,3,1.0,0.183202104662161,965.0,0.2153349636182762,0.2208806482569778,0.005545684638701598,0.6216631730642498,0.6418244845562167,0.020161311491966878,36.857296757929376,19.0,0.2515,0.7486256871564217,0.6065,0.6141738425171931,0.2523839542599816,0.4284979423868313,0.3333333333333333,6.0,3.0,3.0,0.0,0.1111111111111111,1.0,TUDO_INI_CALR|bisolo 50% · V6E_INI|cPROBSgrande 25% · V6E_MOM|cPROBSgrande 25%,t10 103 · t15 127 · t20 113 · t25 110 · t30 85 · t35 78,
MULTI_10a35,MULTI,comum,todas,sortino,a_cada_2,450,0.19763261815182254,-0.12823093854892145,0.526602904771286,0.09302325581395349,0.2660512003067241,0.1997015156493947,0.32004885169609637,0.3442058800793252,0.43474989646110557,0.5183649900791636,-0.26452876693408645,0.22787114924243076,88.93467816832013,725,0.12266852161147604,3.5402840501201545,0.055823943885269615,0.11471137890135595,53.661169834000646,1.6573376697421454,3,0.6666666666666666,-0.03977718652572811,1130.0,0.2120656571232748,0.21425643965667962,0.00219078253340482,0.6146820659240961,0.6264829921662548,0.011800926242158694,54.351139877890475,18.0,0.039,0.9610194902548725,0.159,0.6544056335902896,0.45677301543846704,0.26440329218106995,0.16666666666666666,6.0,29.0,11.0,0.0,0.0,1.0,TUDO_INI_CALR|bisolo 28% · V6E_MOM|cPROBSgrande 25% · TUDO_INI_CALR|cWRgrande 17%,t10 124 · t15 146 · t20 139 · t25 129 · t30 96 · t35 91,True
MULTI_10a35,MULTI,comum,todas,sortino,bloco_motor,450,0.32159101178418803,0.02971765472148021,0.6488136979690555,0.029900332225913623,0.22396966123632733,0.17097067853505246,0.42398330355136776,0.3542456970031304,0.7045506460986397,0.4699895077101464,-0.01732888847565219,0.19378833823899144,144.71595530288457,616,0.2349284988683191,3.621850575790779,0.08879190487144083,0.20602647355337106,36.85729675792935,3.926385493036759,3,1.0,0.183202104662161,965.0,0.2153349636182762,0.2208806482569778,0.005545684638701598,0.6216631730642498,0.6418244845562167,0.020161311491966878,36.857296757929376,19.0,0.2515,0.7486256871564217,0.6065,0.6141738425171931,0.2523839542599816,0.4284979423868313,0.3333333333333333,6.0,3.0,3.0,0.0,0.1111111111111111,1.0,TUDO_INI_CALR|bisolo 50% · V6E_INI|cPROBSgrande 25% · V6E_MOM|cPROBSgrande 25%,t10 103 · t15 127 · t20 113 · t25 110 · t30 85 · t35 78,
MULTI_10a35,MULTI,comum,todas,calmar,a_cada_2,450,0.20334064505211136,-0.06958840667677602,0.4355829235240259,0.046511627906976744,0.27280116672665106,0.1978937491808474,0.22264426488954417,0.3266291235347422,0.2695334542985395,0.31154069633429016,0.013653433456440656,0.31588478665371117,91.50329027345009,759,0.12055769469492765,2.8804966001345185,0.0705922183843631,0.1383818454731246,33.52238541809619,2.729617511767358,3,1.0,0.13572835375256095,1174.0,0.21946787117040417,0.22429198927822852,0.004824118107824334,0.633504515187653,0.6570322807747461,0.0235277655870931,35.59287238473834,20.0,0.042,0.9580209895052474,0.7315,0.5737138996755736,0.37037325462346227,0.2376543209876543,0.0,6.0,21.0,15.0,0.0,0.0,1.0,V6E_MOM|cWRgrande 27% · V6E_INI|cPROBSgrande 22% · V6WR_MOM|cWRgrande 10%,t10 137 · t15 154 · t20 147 · t25 123 · t30 106 · t35 92,True
MULTI_10a35,MULTI,comum,todas,calmar,bloco_motor,450,0.18177752479184298,-0.05145560931881817,0.38546069671889227,0.053156146179401995,0.22396966123632733,0.17097067853505246,0.38191869988394417,0.21002110005971647,0.09993227571105123,0.28059013647451464,0.00019339411380704164,0.29432367430163325,81.79988615632934,695,0.11769767792277602,2.899149073251531,0.06270030281263564,0.1243556276222572,36.742609979962054,2.226294925726281,3,1.0,0.12884385802383544,1078.0,0.22247016433445257,0.22369282081065947,0.001222656476206898,0.6399866246331691,0.6516109444543969,0.011624319821227753,37.81309694660422,20.0,0.0275,0.9725137431284357,0.6125,0.5301440658734881,0.3256443504826647,0.28497942386831276,0.0,6.0,5.0,5.0,0.0,0.1111111111111111,1.0,V6E_INI|cPROBSgrande 25% · V6_INI|cWRgrande 25% · V6E_MOM|cWRgrande 25%,t10 126 · t15 142 · t20 138 · t25 120 · t30 94 · t35 75,
MULTI_10a35,MULTI,comum,todas,maxdd,a_cada_2,450,0.3496905639154818,0.026946003274784927,0.6768487339496104,0.023255813953488372,0.28405333680080314,0.25586271554494466,0.28158354242229805,0.33405753930959775,0.5051817371904792,0.3314343396005824,0.360762252805686,0.3918824715354106,157.3607537619668,778,0.20226317964263085,3.295011144132338,0.10612727806344473,0.23734083283292678,31.707137228056524,4.962944230194451,3,1.0,0.28405333680080314,1190.0,0.22808521177567762,0.23337148492181337,0.0052862731461357365,0.6544338653768562,0.6778510461773254,0.02341718080046916,32.041507727575365,20.0,0.337,0.663168415792104,0.7935,0.43982390852083486,0.09013334460535305,0.477880658436214,0.3333333333333333,6.0,12.0,11.0,0.0,0.0,1.0,V6_INI|cWRgrande 29% · V6E_INI|cWRgrande 27% · V6WR_INI|bipro35mais 12%,t10 143 · t15 158 · t20 153 · t25 126 · t30 112 · t35 86,True
MULTI_10a35,MULTI,comum,todas,maxdd,bloco_motor,450,0.2271816544630398,-0.001750131527963073,0.46179757984934555,0.036544850498338874,0.35842868154610164,0.2143689986038768,0.38191869988394417,0.21002110005971647,0.08569794470581811,0.2860549653356211,0.017057778174764397,0.2798367785607932,102.23174450836791,689,0.14837698767542512,2.8230746471096277,0.08047313049112503,0.16336789601410281,34.05663887710203,3.0018154427183767,3,1.0,0.12884385802383544,1057.0,0.22116992591390242,0.22358367822165784,0.0024137523077554144,0.6382344704186642,0.6508180432685307,0.012583572849866425,35.127125843744196,20.0,0.0575,0.9425287356321839,0.7145,0.417797649873903,0.1622182886029832,0.35133744855967075,0.0,6.0,4.0,4.0,0.0,0.1111111111111111,1.0,V6_INI|cWRgrande 50% · V6E_INI|cWRgrande 25% · V6E_MOM|bipro30 12%,t10 128 · t15 140 · t20 138 · t25 119 · t30 96 · t35 68,
MULTI_10a35,MULTI,comum,todas,seq_ruim,a_cada_2,450,0.32037821011659756,0.0826356096243926,0.5922847476242108,0.019933554817275746,0.3240955652867884,0.2593791044552217,0.35089663575037383,0.38013086914432803,-0.11964396418973733,0.2939469059726009,0.7243059260338701,0.2507554787057515,144.17019455246887,732,0.1969538176946296,3.2466592362006956,0.09867934600106368,0.225789295706087,52.24078908105279,2.7597246727798366,4,1.0,0.06795647352981025,1138.0,0.22749703637392826,0.23065176068132168,0.0031547243073934026,0.6518244474691541,0.6681390892839046,0.01631464181475054,53.281917624248074,13.0,0.2465,0.7536231884057971,0.188,0.311496354716251,-0.008881855400346583,0.4115226337448559,0.3333333333333333,6.0,12.0,7.0,0.0,0.0,1.0,V6WR_INI|cPROBSgrande 42% · V6E_INI|bipro35mais 22% · V6WR_MOM|cPROBSgrande 22%,t10 135 · t15 143 · t20 141 · t25 124 · t30 105 · t35 84,True
MULTI_10a35,MULTI,comum,todas,seq_ruim,bloco_motor,450,0.3632749668197659,0.09454772001171798,0.6276819692014745,0.013289036544850499,0.34753121380945107,0.19648155034875764,0.3999203797179316,0.3443899762732558,-0.07407238124922386,0.3018416132742893,0.7875925315060622,0.33377283447182843,163.4737350688946,657,0.24881847042449712,3.051988052832342,0.11902896096943602,0.29418288128907505,49.14097309765014,3.3266279596061095,4,1.0,0.13102002480185773,1016.0,0.2229254460675381,0.22593836639185372,0.0030129203243155988,0.6382056585037955,0.6497998750699633,0.01159421656616778,50.18210164084543,13.0,0.3895,0.6106946526736632,0.2455,0.2556215363041469,-0.15306280136808975,0.4845679012345679,0.3333333333333333,6.0,4.0,4.0,0.0,0.1111111111111111,1.0,V6WR_INI|cPROBSgrande 50% · V6E_INI|bipro35mais 25% · V6E_INI|cPROBSgrande 12%,t10 118 · t15 130 · t20 128 · t25 116 · t30 91 · t35 74,
MULTI_10a35,MULTI,comum,todas,brier_com_roi>=0,a_cada_2,450,0.4842241231064663,0.12974691578876496,0.7966277508341846,0.0033222591362126247,0.41965922022697116,0.2351106060856929,0.45443569244278026,0.4439762058345503,0.3170510547103665,0.3389621393681509,0.7780329764854947,0.339898680393374,217.9008553979098,706,0.3086414382406654,3.589126551628145,0.13491419601429389,0.3392392062070264,43.4592154192697,5.013915996773682,4,1.0,0.2721315762280571,1119.0,0.2240850496940596,0.23343874473881893,0.00935369504475935,0.6417318311352607,0.67370159841987,0.031969767284609346,43.45921541926968,16.0,0.797,0.20339830084957522,0.3825,0.3116246324609193,-0.17259949064554697,0.6234567901234568,0.6666666666666666,6.0,34.0,12.0,0.0,0.0,0.9955555555555555,V6E_MOM|cPROBSgrande 43% · V6E_INI|bisolo35mais 28% · TUDO_INI_CALR|bisolo30 10%,t10 124 · t15 136 · t20 138 · t25 124 · t30 99 · t35 85,True
MULTI_10a35,MULTI,comum,todas,brier_com_roi>=0,bloco_motor,450,0.36753628560450885,0.1369400742017179,0.6377563404852735,0.009966777408637873,0.2942786898807059,0.18073196196801453,0.42398330355136776,0.3542456970031304,0.3648694607723739,0.3796248251842938,0.4236424860754894,0.2582047935344004,165.39132852202903,646,0.25602372836227405,3.0691360415755535,0.11975236047726076,0.294369234865123,35.46915624421753,4.662962022080592,3,1.0,0.24324863280047643,1022.0,0.22424114792014954,0.2332157283878299,0.00897458046768035,0.6396590426022651,0.6715791784503043,0.03192013584803918,36.50342148184208,16.0,0.4075,0.592703648175912,0.6615,0.3352030928628787,-0.07827522844219376,0.5308641975308642,0.5,6.0,4.0,2.0,0.0,0.1111111111111111,1.0,V6E_MOM|cPROBSgrande 62% · V6E_INI|bisolo35mais 38%,t10 111 · t15 132 · t20 122 · t25 115 · t30 94 · t35 72,
MULTI_10a35,MULTI,comum,todas,bsskill_t_ppg>=1_relaxar,a_cada_2,450,0.2846794403171702,0.005488886839927606,0.5380097693902504,0.016611295681063124,0.2322620006374991,0.2246476079403983,0.5630352482951908,0.30110090417581037,-0.19094913970562857,0.31500189130450784,0.560578371881455,0.35051926958399693,128.10574814272658,753,0.17012715556803,3.2193825212639315,0.08842672109849341,0.19030628072741287,41.95141815642544,3.053669071807181,4,1.0,0.1553982842461407,1165.0,0.21637977027516597,0.22289509508773686,0.006515324812570883,0.6248779115094081,0.6474517814119327,0.02257386990252456,42.60040118106362,18.0,0.1555,0.8445777111444278,0.427,0.584914026742009,0.3002345864248388,0.3662551440329218,0.5,6.0,24.0,10.0,0.0,0.0,1.0,V6E_MOM|cPROBSgrande 34% · V6E_MOM|cWRgrande 25% · TUDO_INI_CALR|bipro30 13%,t10 133 · t15 155 · t20 142 · t25 127 · t30 109 · t35 87,True
MULTI_10a35,MULTI,comum,todas,bsskill_t_ppg>=1_relaxar,bloco_motor,450,0.23004514096846163,-0.01933157891672581,0.4909937213241781,0.03986710963455149,0.22396966123632733,0.17097067853505246,0.42398330355136776,0.3542456970031304,-0.057107959939319386,0.3196570420702682,0.332373298891538,0.3015643674466866,103.52031343580774,609,0.16998409431167116,2.9784491608532226,0.07723655115286965,0.16420835695476274,52.63587479901826,1.966725428827461,3,1.0,0.049828865428769784,957.0,0.2180565439439913,0.22217086804241729,0.00411432409842598,0.6285054954259779,0.6444694919161845,0.015963996490206633,53.67014003664281,21.0,0.061,0.9390304847576212,0.181,0.5888688240246475,0.3300680404351281,0.35545267489711935,0.3333333333333333,6.0,6.0,6.0,0.0,0.1111111111111111,1.0,V6E_INI|cPROBSgrande 25% · V6E_MOM|cPROBSgrande 25% · TUDO_INI_CALR|bipro30 12%,t10 107 · t15 122 · t20 118 · t25 108 · t30 84 · t35 70,
MULTI_10a35,MULTI,comum,todas,ppg_nao_piorando_ou_nada,a_cada_2,450,0.24235707023155592,-0.14871004919631386,0.6814198759863981,0.12956810631229235,0.2862181799650502,0.2361348261985361,0.3335798577551309,0.5542460531405079,0.2169251528221266,0.534436950663943,0.11077453551716882,0.414731804195484,109.06068160420014,994,0.10971899557766614,3.972848698035975,0.0610033476360094,0.1220282615295286,65.18152720917558,1.6731838954035385,9,1.0,0.15942882393598143,1543.0,0.22054889610980027,0.22345720853886838,0.002908312429068113,0.6350427253902133,0.6520060000090979,0.0169632746188846,66.21579244680012,29.0,0.0765,0.9235382308845578,0.049,0.7010457792836999,0.458688709052144,0.324074074074074,0.3333333333333333,6.0,33.0,14.0,0.0,0.0,0.6933333333333334,TUDO_INI_CALR|bisolo 18% · V6E_MOM 16% · TUDO_INI_CALR|cWRgrande 15%,t10 178 · t15 203 · t20 189 · t25 168 · t30 137 · t35 119,True
MULTI_10a35,MULTI,comum,todas,ppg_nao_piorando_ou_nada,bloco_motor,450,0.23578905811330753,-0.022367624624792956,0.5375074013199579,0.08637873754152824,0.22396966123632733,0.17097067853505246,0.7045243654787814,0.49662639278610415,-0.057107959939319386,0.3196570420702682,0.07767986411593057,0.21381913379310127,106.10507615098828,777,0.1365573695636915,3.6241942295587437,0.06505971898256004,0.1353122881205832,63.646580193981436,1.6670978366410614,8,1.0,0.22396966123632733,1238.0,0.21230199890860535,0.21472035557718624,0.0024183566685808794,0.6161255387852733,0.6289390854054018,0.012813546620128508,64.68084543160599,21.0,0.069,0.9310344827586207,0.0585,0.6624050316486821,0.3971423412712112,0.3395061728395062,0.16666666666666666,6.0,5.0,5.0,0.0,0.1111111111111111,0.75,V6E_INI|cPROBSgrande 25% · V6E_MOM 25% · TUDO_INI_CALR|bisolo 25%,t10 142 · t15 159 · t20 150 · t25 135 · t30 101 · t35 90,
MULTI_10a35,MULTI,comum,todas,funcao_menor_vol,a_cada_2,450,0.29008102664374735,-0.010424545578523035,0.5816487404386705,0.029900332225913623,0.1622149597744015,0.24158065359445477,0.5465243081152913,0.3604983190890122,-0.0298018816499975,0.27965073081805136,0.5453197537699672,0.28137709066103417,130.53646198968627,697,0.18728330271117113,3.0450689281468333,0.09526254856249994,0.20984545332151378,48.13337830857331,2.7119738230889077,5,1.0,0.1622149597744015,1068.0,0.2229337220251034,0.2284394575182781,0.0055057354931747045,0.6393089012097817,0.6622818266120097,0.022972925402228093,49.684343260249406,18.0,0.1715,0.8285857071464268,0.2735,-0.01867677938967216,-0.3087578060334195,0.4115226337448559,0.3333333333333333,6.0,13.0,7.0,0.0,0.0,1.0,V6E_MOM|bisolo30 39% · V6E_INI|cWRgrande 15% · V6WR_INI|cWRgrande 15%,t10 127 · t15 137 · t20 142 · t25 120 · t30 95 · t35 76,True
MULTI_10a35,MULTI,comum,todas,funcao_menor_vol,bloco_motor,450,0.37737445653811974,0.14584935532727375,0.6458457409425646,0.006644518272425249,0.35842868154610164,0.2143689986038768,0.6387475797616807,0.23651730454671935,-0.023525301429261746,0.2779935646129657,0.5453197537699672,0.28137709066103417,169.81850544215388,637,0.2665910603487502,3.0336566001880523,0.12439590443912696,0.2949140946210778,38.89194838336135,4.3664180505496395,4,1.0,0.27954754758174727,993.0,0.2151897696865075,0.22376452178636097,0.008574752099853474,0.6209440205292998,0.6448444904542691,0.023900469924969296,38.89194838336137,17.0,0.448,0.552223888055972,0.528,-0.03312492922568473,-0.45767119283106944,0.5164609053497943,0.3333333333333333,6.0,4.0,4.0,0.0,0.1111111111111111,1.0,V6E_MOM|bisolo30 38% · V6_INI|cWRgrande 25% · V6E_INI|cWRgrande 25%,t10 111 · t15 127 · t20 133 · t25 108 · t30 92 · t35 66,
MULTI_10a35,MULTI,comum,todas,ACASO (média das elegíveis),-,450,0.39553263838318115,0.13642313224227876,0.6173889616820862,0.0033222591362126247,0.4218041887140951,0.22421795428282446,0.4096237421789091,0.2887621138956568,0.30957711965885815,0.2646155544669524,0.42798972781540534,0.23272847016979528,177.98968727243147,925,0.19224360093029733,2.8233594196031264,0.14009291046578135,0.33227471805504893,30.303677220014336,5.873534290250313,9,1.0,0.26342252503296154,,,,,,,,,,0.5105,0.4897551224387806,0.8375,,,,,,,,,,,,,
MULTI_10a35,MULTI,comum,todas,FIXO_RETROSPECTO (V6E_MOM) — ENVIESADO,-,450,0.6646658915948367,0.2560318944330348,1.0348229502062518,0.0033222591362126247,0.7239275606174683,0.39216684145664876,0.7045243654787814,0.49662639278610415,0.33512140590499917,0.4829218164971374,0.8654593998667827,0.44358361754515085,299.0996512176766,1554,0.19247081802939292,4.588404816546745,0.14485772685049778,0.3352438212828924,48.4571647298057,6.172454638760618,10,1.0,0.45149811744262425,2415.0,0.21907024862605726,0.22377047666124036,0.004700228035183097,0.6302103765209512,0.6501694067042133,0.019959030183262057,49.49142996743035,16.0,0.992,0.00849575212393803,0.2625,,,,,,,,,,,,,
MULTI_10a35,MULTI,comum,todas,"BASE_V6_MOM (fixo, sem flag)",-,450,0.5346785248374307,0.1748433583279554,0.8923874900109667,0.0033222591362126247,0.6534723306574425,0.30358845275765795,0.3092978392140299,0.4322100998132575,0.5205825236613218,0.46347251596926115,0.5959645029069223,0.4019063211817317,240.6053361768436,1562,0.1540367068993877,4.514827354926051,0.11842723603905965,0.25538745813554303,65.81392820680583,3.6558422013771024,9,1.0,0.14441486625131209,2415.0,0.22340858586309767,0.22377047666124036,0.00036189079814267865,0.6429454625315041,0.6501694067042133,0.007223944172709205,66.85505675000114,15.0,0.9075,0.09295352323838081,0.047,,,,,,,,,,,,,
MULTI_10a35,MULTI,comum,todas,FIXO_TUDO_INI (sem flag),-,450,0.3069779126224684,0.01081886253050636,0.614281486476657,0.029900332225913623,0.0,0.0,0.2766735260418484,0.3377357089286528,0.306823549006525,0.4299733762409223,0.7979035317527344,0.5056927781811549,138.14006068011082,1016,0.1359646266536524,3.903530330028531,0.07864109835678532,0.1654582947778969,56.305705235192725,2.453393667712543,7,0.6666666666666666,0.0,1508.0,0.22658588821728462,0.22315742731633906,-0.003428460900945556,0.645263776931139,0.6471551492364742,0.0018913723053351646,57.305705235192704,28.0,0.212,0.7881059470264867,0.1275,,,,,,,,,,,,,
MULTI_10a35,MULTI,comum,todas,FIXO_TUDO_INI_CALR (sem flag),-,450,0.46173384981776777,-0.05235455296959529,0.9490862008710388,0.04318936877076412,0.0,0.0,0.6941684608806564,0.6343456274272109,0.34445120646929456,0.6681989964359479,1.0391826568300042,0.6841135502338421,207.78023241799553,986,0.21073045884178046,5.069467472374648,0.09108133198090758,0.19530966066470998,74.271333897014,2.797583152419309,10,0.6666666666666666,0.0,1508.0,0.2170853007727562,0.22315742731633906,0.006072126543582856,0.6239120387814127,0.6471551492364742,0.02324311045506159,74.27133389701397,30.0,0.7355,0.26486756621689156,0.0115,,,,,,,,,,,,,
MULTI_10a35,MULTI,comum,todas,FIXO_TUDO_MOM (sem flag),-,450,0.20477456285940024,-0.12225200681234549,0.5232514819613707,0.11295681063122924,0.0,0.0,0.042453110366728934,0.47165047203313043,0.18569519282343472,0.4530437625265455,0.6933372296771374,0.4689146886954966,92.14855328673009,1004,0.0917814275764244,3.799561980445737,0.053894255157110924,0.10737560052562403,60.75027181778243,1.5168418268666406,7,0.3333333333333333,-0.0660388163077823,1508.0,0.22698443826099804,0.22315742731633906,-0.003827010944658974,0.6462939954557806,0.6471551492364742,0.0008611537806936169,61.399254842420596,27.0,0.0435,0.9565217391304348,0.0775,,,,,,,,,,,,,
MULTI_10a35,MULTI,comum,todas,FIXO_V6E_INI (sem flag),-,450,0.6165779394457157,0.22892890371705815,1.075256017304477,0.006644518272425249,0.6726579004058515,0.38056536569661026,0.583050303263278,0.544273420098973,0.2851067465278251,0.5079338392727163,0.897456827105841,0.42132266808073177,277.4600727505722,1540,0.18016887840946247,4.52496025186577,0.13626151504678588,0.3123086400439982,53.973617471321745,5.140661044222158,14,1.0,0.36417645846145896,2415.0,0.21902401209723374,0.22377047666124036,0.004746464564006618,0.6300596341481643,0.6501694067042133,0.02010977255604896,55.007882708946426,16.0,0.978,0.022488755622188907,0.1545,,,,,,,,,,,,,
MULTI_10a35,MULTI,comum,todas,FIXO_V6E_MOM (sem flag),-,450,0.6646658915948367,0.2560318944330348,1.0348229502062518,0.0033222591362126247,0.7239275606174683,0.39216684145664876,0.7045243654787814,0.49662639278610415,0.33512140590499917,0.4829218164971374,0.8654593998667827,0.44358361754515085,299.0996512176766,1554,0.19247081802939292,4.588404816546745,0.14485772685049778,0.3352438212828924,48.4571647298057,6.172454638760618,10,1.0,0.45149811744262425,2415.0,0.21907024862605726,0.22377047666124036,0.004700228035183097,0.6302103765209512,0.6501694067042133,0.019959030183262057,49.49142996743035,16.0,0.992,0.00849575212393803,0.2625,,,,,,,,,,,,,
MULTI_10a35,MULTI,comum,todas,FIXO_V6WR_INI (sem flag),-,450,0.5144567692334964,0.09086965168850308,0.9261049255918898,0.009966777408637873,0.6809103105578477,0.3104523942468576,0.2589791057213153,0.40040644437792333,0.3654472952411632,0.42570472876203735,0.6692635947514836,0.4551099106986418,231.5055461550733,1575,0.14698764835242747,4.508935741242374,0.11409716144939892,0.2497464839015966,62.71580951073044,3.691342708658868,9,1.0,0.08607912704946495,2415.0,0.22314813262205443,0.22377047666124036,0.000622344039185926,0.6421255526815696,0.6501694067042133,0.008043854022643702,63.75693805392575,15.0,0.8715,0.12893553223388307,0.0635,,,,,,,,,,,,,
MULTI_10a35,MULTI,comum,todas,FIXO_V6WR_MOM (sem flag),-,450,0.5464666975958625,0.20010108918748445,0.8989133314176987,0.006644518272425249,0.6817891038995445,0.31336739085546905,0.30303217314921504,0.4303030594344414,0.5242993153126746,0.46459144448221573,0.6090849948701746,0.40021227881078203,245.9100139181379,1566,0.15703066022869597,4.535198412053331,0.12049455127332506,0.2607595667255863,66.06881564815203,3.722028486596855,9,1.0,0.13604894997567069,2415.0,0.22348211638166307,0.22377047666124036,0.00028836027957727717,0.6431567242118499,0.6501694067042133,0.007012682492363327,67.10994419134734,15.0,0.924,0.07646176911544228,0.046,,,,,,,,,,,,,
MULTI_10a35,MULTI,comum,todas,FIXO_V6_INI (sem flag),-,450,0.5153108692246785,0.149207879120657,0.8654011110926356,0.0033222591362126247,0.6839277691373059,0.30856421956238106,0.2730995403156246,0.3917647493811425,0.34798192014374296,0.41465575082780054,0.6719257973457268,0.4547503012012918,231.88989115110522,1579,0.146858702438952,4.5133565347963085,0.11417464258624871,0.2505755897596471,62.64083175727434,3.701896744437407,9,1.0,0.09599260180204529,2415.0,0.2231027793703854,0.22377047666124036,0.0006676972908549532,0.641997535542296,0.6501694067042133,0.008171871161917282,63.681960300469655,15.0,0.8725,0.127936031984008,0.064,,,,,,,,,,,,,
MULTI_10a35,MULTI,comum,todas,FIXO_V6_MOM (sem flag),-,450,0.5346785248374307,0.1748433583279554,0.8923874900109667,0.0033222591362126247,0.6534723306574425,0.30358845275765795,0.3092978392140299,0.4322100998132575,0.5205825236613218,0.46347251596926115,0.5959645029069223,0.4019063211817317,240.6053361768436,1562,0.1540367068993877,4.514827354926051,0.11842723603905965,0.25538745813554303,65.81392820680583,3.6558422013771024,9,1.0,0.14441486625131209,2415.0,0.22340858586309767,0.22377047666124036,0.00036189079814267865,0.6429454625315041,0.6501694067042133,0.007223944172709205,66.85505675000114,15.0,0.9075,0.09295352323838081,0.047,,,,,,,,,,,,,
MULTI_10a35,MULTI,comum,todas,FAVORITO (todos os jogos),-,450,-0.4684409303618407,-0.7921291580363877,-0.18430796371999233,0.9966777408637874,-0.2907225859390736,0.277543160819841,-0.47331391098865966,0.35888368365664164,-0.37421102347852736,0.32245892419322814,-0.824375373252486,0.3606324624792771,-210.79841866282845,2374,-0.0887946161174509,3.077783888246736,-0.15220072213344674,-0.17128062327841054,227.27050195834912,-0.9275221238410455,5,0.0,-0.6901822656068723,,,,,,,,,,0.0,1.0,0.0,,,,,,,,,,,,,
MULTI_10a35,MULTI,comum,todas,ZEBRA (todos os jogos),-,450,0.45700316135269253,-0.24041823443185178,1.0436086302873508,0.0664451827242525,0.2691419569728438,0.586442085288367,0.5668527026256767,0.709240377119834,0.05441007546352939,0.6986280772404193,1.031538512538645,0.7586070025802805,205.65142260871164,1990,0.10334242342146313,6.814273475996747,0.06706557389609978,0.1340104171443158,93.69834513775429,2.1948244902977225,13,1.0,0.26914195697284365,,,,,,,,,,0.718,0.28235882058970513,0.0,,,,,,,,,,,,,
MULTI_10a35,MULTI,comum,todas,VIG_MERCADO (dutching: perde a margem 1/S − 1),-,450,-0.18854996404759378,-0.19981436979398218,-0.17571198354945158,1.0,-0.1894393668437526,0.009969762611049487,-0.1761825000934097,0.01706813732215408,-0.19157529308939875,0.014758485509023396,-0.19655799476573457,0.01211846310746499,-84.84748382141727,2374,-0.035740304895289496,0.13178658406085086,-1.4307219918571765,-0.8261343751290293,84.84748382141727,-1.0,45,0.0,-0.1894393668437526,,,,,,,,,,0.0,1.0,0.002,,,,,,,,,,,,,
MULTI_10a35,MULTI,comum,so_INI,bsskill_todas,a_cada_2,450,0.24500569240284847,-0.04978852828975962,0.5134433876809842,0.04983388704318937,0.10091807223877095,0.21081064802862726,0.5894276019903454,0.2946993676123273,-0.2492970853464457,0.29556275677087407,0.6110179908107619,0.30974683131144426,110.25256158128184,754,0.1462235564738486,3.2079760571128655,0.07637391552833167,0.1624624705300283,41.95141815642543,2.628100942146461,4,1.0,0.10091807223877092,1168.0,0.21854339448741025,0.22300989894338377,0.004466504455973535,0.6289199553134932,0.6463863901445405,0.01746643483104731,42.600401181063596,16.0,0.071,0.9290354822588706,0.442,0.5688346989029361,0.32382900650008767,0.38888888888888884,0.5,6.0,26.0,8.0,0.0,0.0,1.0,V6E_INI|cPROBSgrande 35% · V6E_INI|cWRgrande 28% · V6_INI|cPROBSgrande 14%,t10 132 · t15 154 · t20 140 · t25 129 · t30 108 · t35 91,True
MULTI_10a35,MULTI,comum,so_INI,bsskill_todas,bloco_motor,450,0.2266890930362342,-0.04788995846957336,0.5199566841729455,0.053156146179401995,0.22396966123632733,0.17097067853505246,0.41244639879054157,0.369148736000563,-0.057107959939319386,0.3196570420702682,0.3288079879573407,0.29206115450321696,102.01009186630537,604,0.16889088057335327,2.939589553688048,0.07711589965062539,0.16411668010000904,52.31853855750182,1.9497886347530329,3,1.0,0.04213759558821896,957.0,0.2180603047667519,0.22217086804241729,0.004110563275665387,0.6284926667307352,0.6444694919161845,0.015976825185449347,53.35280379512637,21.0,0.0515,0.9485257371314343,0.199,0.5739367953700991,0.3189115657043357,0.37592592592592594,0.16666666666666666,6.0,5.0,5.0,0.0,0.1111111111111111,1.0,V6E_INI|cPROBSgrande 50% · TUDO_INI_CALR|bipro30 12% · TUDO_INI_CALR|bisolo 12%,t10 107 · t15 121 · t20 115 · t25 108 · t30 83 · t35 70,
MULTI_10a35,MULTI,comum,so_INI,llskill_todas,a_cada_2,450,0.23879639668488684,-0.06426701247443321,0.5343364271710701,0.08637873754152824,0.07025497750529093,0.2231726331099078,0.44507157940355824,0.22458113694226284,-0.09895255713186835,0.3975611801998329,0.6230822965523641,0.4121719972750166,107.45837850819908,754,0.14251774337957437,3.390995977874222,0.07042072542786844,0.14999126553920689,39.05719735768936,2.751307973382869,4,1.0,0.0702549775052909,1163.0,0.21846385766229406,0.22198451458405064,0.003520656921756583,0.6288200254071242,0.6444575096836644,0.015637484276540214,39.05719735768936,22.0,0.0655,0.9345327336331835,0.537,0.5525984206223918,0.313802023937505,0.37407407407407406,0.5,6.0,27.0,6.0,0.0,0.0,1.0,TUDO_INI_CALR|bipro30 31% · V6E_INI|cPROBSgrande 29% · V6E_INI|cWRgrande 28%,t10 127 · t15 150 · t20 140 · t25 137 · t30 105 · t35 95,True
MULTI_10a35,MULTI,comum,so_INI,llskill_todas,bloco_motor,450,0.2266890930362342,-0.04788995846957336,0.5199566841729455,0.053156146179401995,0.22396966123632733,0.17097067853505246,0.41244639879054157,0.369148736000563,-0.057107959939319386,0.3196570420702682,0.3288079879573407,0.29206115450321696,102.01009186630537,604,0.16889088057335327,2.939589553688048,0.07711589965062539,0.16411668010000904,52.31853855750182,1.9497886347530329,3,1.0,0.04213759558821896,957.0,0.2180603047667519,0.22217086804241729,0.004110563275665387,0.6284926667307352,0.6444694919161845,0.015976825185449347,53.35280379512637,21.0,0.0515,0.9485257371314343,0.199,0.5739367953700991,0.3189115657043357,0.37592592592592594,0.16666666666666666,6.0,5.0,5.0,0.0,0.1111111111111111,1.0,V6E_INI|cPROBSgrande 50% · TUDO_INI_CALR|bipro30 12% · TUDO_INI_CALR|bisolo 12%,t10 107 · t15 121 · t20 115 · t25 108 · t30 83 · t35 70,
MULTI_10a35,MULTI,comum,so_INI,brier_todas,a_cada_2,450,0.38275849489245917,0.055374389944831105,0.7469479413859478,0.026578073089700997,0.45702331376235605,0.27756237593102034,0.5856648287267047,0.4202251991107077,-0.12979745703548065,0.33094142938526966,0.5810108846813081,0.32209722078660463,172.2413227016066,706,0.2439678791807459,3.4440040012789495,0.11113764523801939,0.2545686061813565,54.34650341801543,3.169317469732744,4,1.0,0.16409711523540546,1101.0,0.21974695097329533,0.22679284094025254,0.007045889966957207,0.6320636085162125,0.6552715471589918,0.02320793864277938,54.678696933485384,19.0,0.446,0.5542228885557221,0.166,0.12489225308070319,-0.257866241811756,0.3814814814814815,0.3333333333333333,6.0,23.0,6.0,0.0,0.0,0.9822222222222222,V6E_INI|cPROBSgrande 43% · TUDO_INI_CALR|bisolo30 30% · V6E_INI|bisolo30 19%,t10 119 · t15 136 · t20 135 · t25 125 · t30 102 · t35 89,True
MULTI_10a35,MULTI,comum,so_INI,brier_todas,bloco_motor,450,0.2694051868537857,-0.003204579264471261,0.5610484903951157,0.04318936877076412,0.22396966123632733,0.17097067853505246,0.41244639879054157,0.369148736000563,-0.004648458188936555,0.3238201983363384,0.4685709083859399,0.3813462217687908,121.2323340842035,598,0.20272965565920317,3.306220482397104,0.08148433786801154,0.17712022861499277,59.1502268719941,2.0495666795422465,4,1.0,0.10248756637297897,939.0,0.21049501010682745,0.21634906742796783,0.005854057321140392,0.6082442605387812,0.6257056135631685,0.01746135302438716,60.18449210961865,23.0,0.114,0.8860569715142429,0.101,0.12235775049194034,-0.18072308471856866,0.3796296296296296,0.16666666666666666,6.0,3.0,3.0,0.0,0.1111111111111111,1.0,V6E_INI|cPROBSgrande 50% · TUDO_INI_CALR|bisolo30 38% · V6E_INI|bisolo30 12%,t10 100 · t15 119 · t20 112 · t25 111 · t30 83 · t35 73,
MULTI_10a35,MULTI,comum,so_INI,ll_todas,a_cada_2,450,0.43913748075367526,0.11852617915707807,0.7316454170643424,0.0033222591362126247,0.5185266463865449,0.2739423529368192,0.6736968570723247,0.3905352120097277,-0.02621446169487686,0.33193076359026624,0.5508462984342737,0.322261267673241,197.61186633915392,748,0.2641869870844304,3.669688055491447,0.11966616075078504,0.27458559869099786,57.26276841779949,3.4509659906301087,4,1.0,0.2766545385608344,1153.0,0.22313547060331987,0.23001699482388177,0.006881524220561922,0.6401625209855915,0.6629648457700315,0.02280232478444002,57.26276841779949,19.0,0.6305,0.3698150924537731,0.127,0.12854717381873076,-0.3105903069349445,0.42962962962962964,0.3333333333333333,6.0,35.0,6.0,0.0,0.0,0.9511111111111111,V6E_INI|cPROBSgrande 41% · TUDO_INI_CALR|bisolo30 35% · V6E_INI|bisolo30 13%,t10 125 · t15 144 · t20 142 · t25 133 · t30 108 · t35 96,True
MULTI_10a35,MULTI,comum,so_INI,ll_todas,bloco_motor,450,0.2694051868537857,-0.003204579264471261,0.5610484903951157,0.04318936877076412,0.22396966123632733,0.17097067853505246,0.41244639879054157,0.369148736000563,-0.004648458188936555,0.3238201983363384,0.4685709083859399,0.3813462217687908,121.2323340842035,598,0.20272965565920317,3.306220482397104,0.08148433786801154,0.17712022861499277,59.1502268719941,2.0495666795422465,4,1.0,0.10248756637297897,939.0,0.21049501010682745,0.21634906742796783,0.005854057321140392,0.6082442605387812,0.6257056135631685,0.01746135302438716,60.18449210961865,23.0,0.114,0.8860569715142429,0.101,0.12235775049194034,-0.18072308471856866,0.3796296296296296,0.16666666666666666,6.0,3.0,3.0,0.0,0.1111111111111111,1.0,V6E_INI|cPROBSgrande 50% · TUDO_INI_CALR|bisolo30 38% · V6E_INI|bisolo30 12%,t10 100 · t15 119 · t20 112 · t25 111 · t30 83 · t35 73,
MULTI_10a35,MULTI,comum,so_INI,bsskill_entradas,a_cada_2,450,0.3386628843557446,0.05918275508428615,0.6440330063070426,0.016611295681063124,0.37034087741384497,0.2493272103054442,0.5234263503851174,0.3136192968948841,0.17124502058572957,0.37636558412792026,0.2738002925092362,0.3016576772996588,152.3982979600851,722,0.2110779750139683,3.4895167002895495,0.09705151556593593,0.21768701115835806,32.708841898990144,4.65923857624535,3,1.0,0.20996081911975256,1118.0,0.2284600544235411,0.23260102148963716,0.004140967066096054,0.653333239943064,0.6722683120116486,0.018935072068584545,32.708841898990144,17.0,0.305,0.6951524237881059,0.763,0.5770616464335538,0.23839876207780925,0.3888888888888889,0.5,6.0,35.0,9.0,0.0,0.0,1.0,V6E_INI|cPROBSgrande 37% · V6E_INI|cWRgrande 20% · TUDO_INI_CALR|bisolo 19%,t10 132 · t15 148 · t20 134 · t25 129 · t30 95 · t35 84,True
MULTI_10a35,MULTI,comum,so_INI,bsskill_entradas,bloco_motor,450,0.36843908086641336,0.13398202696583014,0.6614912443702691,0.016611295681063124,0.22396966123632733,0.17097067853505246,0.36779826528963483,0.21028242829560922,0.7045506460986397,0.4699895077101464,0.2496724606560947,0.20024222329436633,165.79758638988594,681,0.2434619477090836,3.5564049704325744,0.10359874196824082,0.2344774345326634,30.022143083304947,5.522510033005756,3,1.0,0.22396966123632733,1050.0,0.2355615200560312,0.23694203455721224,0.0013805145011810368,0.6698519988170002,0.6800548573933769,0.010202858576376672,30.022143083304947,20.0,0.395,0.6051974012993503,0.8465,0.5646764147308327,0.15018244875611775,0.44629629629629625,0.3333333333333333,6.0,4.0,4.0,0.0,0.1111111111111111,1.0,TUDO_INI_CALR|bisolo 38% · V6E_INI|cPROBSgrande 25% · V6WR_INI|cWRgrande 25%,t10 122 · t15 142 · t20 129 · t25 120 · t30 93 · t35 75,
MULTI_10a35,MULTI,comum,so_INI,llskill_entradas,a_cada_2,450,0.23863851633116556,-0.042765846172387975,0.48086748220739406,0.04318936877076412,0.326087427121063,0.25292972611890885,0.5734263503851175,0.2974112646964818,-0.1165652674004765,0.32979865544744963,0.12788109982400955,0.2801810864028271,107.38733234902455,718,0.1495645297340175,3.346156200278189,0.07131720758024562,0.14727850927957964,43.50900977258517,2.46816309794963,3,1.0,0.06957029895692098,1135.0,0.21930543540197386,0.22190515873313046,0.0025997233311566025,0.6309919485825145,0.6451466891615902,0.014154740579075757,44.15799279722334,17.0,0.0655,0.9345327336331835,0.4,0.5940416376089585,0.3554031212777929,0.32962962962962966,0.16666666666666666,6.0,30.0,9.0,0.0,0.0,1.0,V6E_INI|cPROBSgrande 37% · TUDO_INI_CALR|bisolo 24% · V6E_INI|cWRgrande 15%,t10 131 · t15 146 · t20 136 · t25 127 · t30 91 · t35 87,True
MULTI_10a35,MULTI,comum,so_INI,llskill_entradas,bloco_motor,450,0.3091054477260252,0.06674021898145502,0.5757892432137272,0.013289036544850499,0.22396966123632733,0.17097067853505246,0.36779826528963483,0.21028242829560922,0.7045506460986397,0.4699895077101464,-0.01732888847565219,0.19378833823899144,139.09745147671126,669,0.20791846259598096,3.7134563230963296,0.0832392845994992,0.1845201992998965,36.85729675792935,3.7739461032715678,3,1.0,0.183202104662161,1022.0,0.22594734546593562,0.22667856440072987,0.0007312189347942589,0.6474748515329883,0.6559601221322804,0.008485270599292044,36.857296757929376,20.0,0.2115,0.7886056971514243,0.62,0.5860089301639877,0.23826530147220942,0.3833333333333333,0.16666666666666666,6.0,3.0,3.0,0.0,0.1111111111111111,1.0,TUDO_INI_CALR|bisolo 50% · V6E_INI|cPROBSgrande 25% · V6WR_INI|cWRgrande 25%,t10 121 · t15 136 · t20 125 · t25 118 · t30 91 · t35 78,
MULTI_10a35,MULTI,comum,so_INI,brier_entradas,a_cada_2,450,0.3823736509538078,0.05557175465854387,0.6388869123399332,0.006644518272425249,0.2640920583720993,0.256761589577692,0.6650806990559593,0.34152719816655924,-0.004648458188936555,0.3238201983363384,0.6641111008669633,0.41448783650429344,172.0681429292135,714,0.24099179681962676,3.7100642865294966,0.10306388823022024,0.22195030104968022,65.60019223779572,2.6229822971475376,4,1.0,0.26409205837209937,1087.0,0.2277197210992886,0.2328388825262468,0.00511916142695822,0.6539615544374044,0.6726909395067856,0.018729385069381165,65.60019223779572,23.0,0.4445,0.5557221389305347,0.0465,0.030595398851929686,-0.35177825210187813,0.487037037037037,0.3333333333333333,6.0,8.0,6.0,0.0,0.0,1.0,TUDO_INI_CALR|bisolo30 51% · V6_INI|cWRgrande 38% · V6_INI|cPROBSgrande 6%,t10 124 · t15 146 · t20 139 · t25 126 · t30 102 · t35 77,True
MULTI_10a35,MULTI,comum,so_INI,brier_entradas,bloco_motor,450,0.3508943033069163,0.08556641968441497,0.6496776797976972,0.0033222591362126247,0.35842868154610164,0.2143689986038768,0.38191869988394417,0.21002110005971647,-0.004648458188936555,0.3238201983363384,0.6641111008669633,0.41448783650429344,157.90243648811233,655,0.24107242211925548,3.5275920854696476,0.09947133761646361,0.21586052911830997,57.91349342211052,2.7265223898205995,4,1.0,0.08213576710191409,993.0,0.2203164501595493,0.22376452178636097,0.003448071626811691,0.6349246460448443,0.6448444904542691,0.00991984440942473,57.91349342211052,23.0,0.3355,0.6646676661669165,0.1175,0.03766744152010811,-0.3570886497001728,0.39444444444444443,0.16666666666666666,6.0,2.0,2.0,0.0,0.1111111111111111,1.0,V6_INI|cWRgrande 50% · TUDO_INI_CALR|bisolo30 50%,t10 115 · t15 133 · t20 128 · t25 116 · t30 95 · t35 68,
MULTI_10a35,MULTI,comum,so_INI,ll_entradas,a_cada_2,450,0.3993440110307604,0.06425087516472074,0.70377378022537,0.0033222591362126247,0.2640920583720993,0.256761589577692,0.7414473194022462,0.33704140812246036,-0.004648458188936555,0.3238201983363384,0.6641111008669633,0.41448783650429344,179.70480496384218,711,0.2527493740701015,3.7599345755773474,0.1062103616442422,0.23293722624489474,65.60019223779572,2.7393944870226274,4,1.0,0.26409205837209937,1093.0,0.22686511838066806,0.23281804546718265,0.005952927086514584,0.6523216498173863,0.6730857323935654,0.02076408257617905,65.60019223779572,23.0,0.507,0.49325337331334335,0.0465,0.03165075016655102,-0.3676932608642094,0.487037037037037,0.3333333333333333,6.0,12.0,7.0,0.0,0.0,1.0,TUDO_INI_CALR|bisolo30 51% · V6_INI|cWRgrande 36% · V6_INI|cPROBSgrande 8%,t10 124 · t15 145 · t20 138 · t25 126 · t30 101 · t35 77,True
MULTI_10a35,MULTI,comum,so_INI,ll_entradas,bloco_motor,450,0.3508943033069163,0.08556641968441497,0.6496776797976972,0.0033222591362126247,0.35842868154610164,0.2143689986038768,0.38191869988394417,0.21002110005971647,-0.004648458188936555,0.3238201983363384,0.6641111008669633,0.41448783650429344,157.90243648811233,655,0.24107242211925548,3.5275920854696476,0.09947133761646361,0.21586052911830997,57.91349342211052,2.7265223898205995,4,1.0,0.08213576710191409,993.0,0.2203164501595493,0.22376452178636097,0.003448071626811691,0.6349246460448443,0.6448444904542691,0.00991984440942473,57.91349342211052,23.0,0.3355,0.6646676661669165,0.1175,0.03766744152010811,-0.3570886497001728,0.39444444444444443,0.16666666666666666,6.0,2.0,2.0,0.0,0.1111111111111111,1.0,V6_INI|cWRgrande 50% · TUDO_INI_CALR|bisolo30 50%,t10 115 · t15 133 · t20 128 · t25 116 · t30 95 · t35 68,
MULTI_10a35,MULTI,comum,so_INI,ppg,a_cada_2,450,0.3332216889202266,-0.09428668902193618,0.7385950751064684,0.04983388704318937,0.41395937508983116,0.28724747794180755,0.5160307104471813,0.4987013187065071,0.2169251528221266,0.534436950663943,0.145602674236965,0.39246224744596797,149.94976001410188,968,0.1549067768740722,4.142725143524068,0.08043538428831579,0.16880658553948238,53.684711197439555,2.793155754580153,11,1.0,0.18264758308251214,1515.0,0.21818828003113158,0.22247711195565037,0.004288831924518776,0.628829196568102,0.6492886824422349,0.02045948587413285,53.684711197439555,29.0,0.2865,0.7136431784107946,0.176,0.678189873195047,0.3449681842748204,0.3925925925925926,0.5,6.0,29.0,10.0,0.0,0.0,0.7111111111111111,V6E_INI 22% · V6E_INI|cPROBSgrande 19% · TUDO_INI_CALR|bisolo 19%,t10 173 · t15 196 · t20 188 · t25 163 · t30 130 · t35 118,True
MULTI_10a35,MULTI,comum,so_INI,ppg,bloco_motor,450,0.20879482206541783,-0.08388531116693815,0.48738331048908456,0.06976744186046512,0.22396966123632733,0.17097067853505246,0.583050303263278,0.544273420098973,-0.057107959939319386,0.3196570420702682,0.07767986411593057,0.21381913379310127,93.95766992943794,770,0.12202294796030902,3.5624792535263077,0.05860941417658587,0.1202469695618371,67.66395431007336,1.3885926545006866,9,1.0,0.15587353190337658,1238.0,0.21225607279697156,0.21472035557718624,0.002464282780214673,0.6161524940131641,0.6289390854054018,0.012786591392237737,68.6982195476979,21.0,0.034,0.9660169915042479,0.0355,0.6599656548339392,0.4250714800103441,0.35555555555555557,0.16666666666666666,6.0,5.0,5.0,0.0,0.1111111111111111,0.75,V6E_INI|cPROBSgrande 25% · V6E_INI 25% · TUDO_INI_CALR|bisolo 25%,t10 142 · t15 155 · t20 147 · t25 135 · t30 101 · t35 90,
MULTI_10a35,MULTI,comum,so_INI,lucro,a_cada_2,450,0.3332216889202266,-0.09428668902193618,0.7385950751064684,0.04983388704318937,0.41395937508983116,0.28724747794180755,0.5160307104471813,0.4987013187065071,0.2169251528221266,0.534436950663943,0.145602674236965,0.39246224744596797,149.94976001410188,968,0.1549067768740722,4.142725143524068,0.08043538428831579,0.16880658553948238,53.684711197439555,2.793155754580153,11,1.0,0.18264758308251214,1515.0,0.21818828003113158,0.22247711195565037,0.004288831924518776,0.628829196568102,0.6492886824422349,0.02045948587413285,53.684711197439555,29.0,0.2865,0.7136431784107946,0.176,0.678189873195047,0.3449681842748204,0.3925925925925926,0.5,6.0,29.0,10.0,0.0,0.0,0.7111111111111111,V6E_INI 22% · V6E_INI|cPROBSgrande 19% · TUDO_INI_CALR|bisolo 19%,t10 173 · t15 196 · t20 188 · t25 163 · t30 130 · t35 118,True
MULTI_10a35,MULTI,comum,so_INI,lucro,bloco_motor,450,0.20879482206541783,-0.08388531116693815,0.48738331048908456,0.06976744186046512,0.22396966123632733,0.17097067853505246,0.583050303263278,0.544273420098973,-0.057107959939319386,0.3196570420702682,0.07767986411593057,0.21381913379310127,93.95766992943794,770,0.12202294796030902,3.5624792535263077,0.05860941417658587,0.1202469695618371,67.66395431007336,1.3885926545006866,9,1.0,0.15587353190337658,1238.0,0.21225607279697156,0.21472035557718624,0.002464282780214673,0.6161524940131641,0.6289390854054018,0.012786591392237737,68.6982195476979,21.0,0.034,0.9660169915042479,0.0355,0.6599656548339392,0.4250714800103441,0.35555555555555557,0.16666666666666666,6.0,5.0,5.0,0.0,0.1111111111111111,0.75,V6E_INI|cPROBSgrande 25% · V6E_INI 25% · TUDO_INI_CALR|bisolo 25%,t10 142 · t15 155 · t20 147 · t25 135 · t30 101 · t35 90,
MULTI_10a35,MULTI,comum,so_INI,roi,a_cada_2,450,0.2395740991582664,-0.08900418414573844,0.5420332445933175,0.0664451827242525,0.28700314024482887,0.24713931915540518,0.3112457553053456,0.34564854403748896,0.43474989646110557,0.5183649900791636,-0.09841691592149558,0.21111169224031365,107.80834462121987,727,0.14829208338544686,3.718951307677114,0.0644197999214747,0.1378455268019937,47.82995835045901,2.253992023812525,4,1.0,0.07096404748266577,1127.0,0.21126116011349103,0.21618601895075,0.004924858837258975,0.612587216786402,0.6317285905151159,0.01914137372871379,47.82995835045898,18.0,0.0675,0.9325337331334332,0.291,0.6359054001927386,0.3963313010344721,0.27777777777777773,0.16666666666666666,6.0,26.0,8.0,0.0,0.0,1.0,V6E_INI|cPROBSgrande 37% · TUDO_INI_CALR|bisolo 31% · TUDO_INI_CALR|cWRgrande 19%,t10 124 · t15 145 · t20 136 · t25 129 · t30 95 · t35 98,True
MULTI_10a35,MULTI,comum,so_INI,roi,bloco_motor,450,0.3190272551706711,0.014700193617673852,0.6340918969152634,0.029900332225913623,0.22396966123632733,0.17097067853505246,0.41244639879054157,0.369148736000563,0.7045506460986397,0.4699895077101464,-0.01732888847565219,0.19378833823899144,143.56226482680196,612,0.23457886409608164,3.6064356862923823,0.08846054190935787,0.20549596574213266,36.85729675792935,3.8950839441559557,3,1.0,0.183202104662161,965.0,0.215181774952858,0.2208806482569778,0.005698873304119791,0.6213347883199227,0.6418244845562167,0.020489696236293858,36.857296757929376,19.0,0.24,0.760119940029985,0.62,0.6026790024150439,0.24377334034803894,0.4481481481481482,0.16666666666666666,6.0,2.0,2.0,0.0,0.1111111111111111,1.0,V6E_INI|cPROBSgrande 50% · TUDO_INI_CALR|bisolo 50%,t10 103 · t15 125 · t20 112 · t25 110 · t30 84 · t35 78,
MULTI_10a35,MULTI,comum,so_INI,sharpe,a_cada_2,450,0.2759334616388108,-0.044957166709700694,0.6053282470993459,0.06312292358803986,0.31226259682077273,0.23544400086457434,0.32969767776597225,0.3310750777739924,0.5165874060692688,0.5622079287647483,-0.07297840169175171,0.21626170710363207,124.17005773746482,741,0.16757092812073524,3.7172099141191057,0.07423133694729767,0.15897417676063053,37.15270443553216,3.342153946099032,3,1.0,0.1424813967079372,1145.0,0.21265713494660876,0.2162549366548976,0.0035978017082888376,0.6167147600406467,0.6314674378274129,0.014752677786766158,37.15270443553216,17.0,0.13,0.8700649675162418,0.609,0.6359838604921495,0.3600503988533387,0.3259259259259259,0.16666666666666666,6.0,24.0,8.0,0.0,0.0,1.0,V6E_INI|cPROBSgrande 36% · TUDO_INI_CALR|bisolo 28% · TUDO_INI_CALR|cWRgrande 21%,t10 125 · t15 150 · t20 139 · t25 133 · t30 97 · t35 97,True
MULTI_10a35,MULTI,comum,so_INI,sharpe,bloco_motor,450,0.3190272551706711,0.014700193617673852,0.6340918969152634,0.029900332225913623,0.22396966123632733,0.17097067853505246,0.41244639879054157,0.369148736000563,0.7045506460986397,0.4699895077101464,-0.01732888847565219,0.19378833823899144,143.56226482680196,612,0.23457886409608164,3.6064356862923823,0.08846054190935787,0.20549596574213266,36.85729675792935,3.8950839441559557,3,1.0,0.183202104662161,965.0,0.215181774952858,0.2208806482569778,0.005698873304119791,0.6213347883199227,0.6418244845562167,0.020489696236293858,36.857296757929376,19.0,0.24,0.760119940029985,0.62,0.6026790024150439,0.24377334034803894,0.4481481481481482,0.16666666666666666,6.0,2.0,2.0,0.0,0.1111111111111111,1.0,V6E_INI|cPROBSgrande 50% · TUDO_INI_CALR|bisolo 50%,t10 103 · t15 125 · t20 112 · t25 110 · t30 84 · t35 78,
MULTI_10a35,MULTI,comum,so_INI,sortino,a_cada_2,450,0.23137890609993192,-0.08268056549555036,0.5584510512720057,0.10299003322259136,0.31226259682077273,0.23544400086457434,0.25103968744918065,0.37083708371326657,0.43474989646110557,0.5183649900791636,-0.1129784016917517,0.22060576885711858,104.12050774496933,737,0.141276129911763,3.6715591705320483,0.0630192502294339,0.13293419725145098,41.13150767597267,2.531405086465922,3,1.0,0.06125639030249502,1138.0,0.20998427132434594,0.21322979459220007,0.0032455232678541245,0.6103590845256097,0.624090720104971,0.013731635579361298,41.13150767597264,18.0,0.056,0.9440279860069966,0.4615,0.634512150410236,0.40313324431030406,0.24074074074074073,0.16666666666666666,6.0,24.0,8.0,0.0,0.0,1.0,V6E_INI|cPROBSgrande 36% · TUDO_INI_CALR|bisolo 30% · TUDO_INI_CALR|cWRgrande 20%,t10 125 · t15 147 · t20 139 · t25 133 · t30 97 · t35 96,True
MULTI_10a35,MULTI,comum,so_INI,sortino,bloco_motor,450,0.3190272551706711,0.014700193617673852,0.6340918969152634,0.029900332225913623,0.22396966123632733,0.17097067853505246,0.41244639879054157,0.369148736000563,0.7045506460986397,0.4699895077101464,-0.01732888847565219,0.19378833823899144,143.56226482680196,612,0.23457886409608164,3.6064356862923823,0.08846054190935787,0.20549596574213266,36.85729675792935,3.8950839441559557,3,1.0,0.183202104662161,965.0,0.215181774952858,0.2208806482569778,0.005698873304119791,0.6213347883199227,0.6418244845562167,0.020489696236293858,36.857296757929376,19.0,0.24,0.760119940029985,0.62,0.6026790024150439,0.24377334034803894,0.4481481481481482,0.16666666666666666,6.0,2.0,2.0,0.0,0.1111111111111111,1.0,V6E_INI|cPROBSgrande 50% · TUDO_INI_CALR|bisolo 50%,t10 103 · t15 125 · t20 112 · t25 110 · t30 84 · t35 78,
MULTI_10a35,MULTI,comum,so_INI,calmar,a_cada_2,450,0.23134892668074436,-0.0055134678939879845,0.4989819033714983,0.05647840531561462,0.22772922399813184,0.20071097918065198,0.2399553699944403,0.3396236285877411,0.2695037797096523,0.327092792498142,0.1900171843620592,0.31794187772069354,104.10701700633494,769,0.13537973602904413,2.9552215153598524,0.07828480047208014,0.15438703980100538,31.048322546411228,3.3530641422162217,3,1.0,0.156738861433389,1187.0,0.21965019439752062,0.22304551464465344,0.003395320247132841,0.632125902802906,0.6501758125006495,0.018049909697743418,32.697305571049384,20.0,0.0555,0.9445277361319341,0.816,0.5681073584261448,0.33675843174540043,0.3074074074074074,0.16666666666666666,6.0,15.0,9.0,0.0,0.0,1.0,V6E_INI|cPROBSgrande 31% · V6E_INI|cWRgrande 30% · V6_INI|cWRgrande 12%,t10 141 · t15 155 · t20 145 · t25 132 · t30 106 · t35 90,True
MULTI_10a35,MULTI,comum,so_INI,calmar,bloco_motor,450,0.14667596045755454,-0.08338994360105621,0.34791057315029283,0.11627906976744186,0.22396966123632733,0.17097067853505246,0.38191869988394417,0.21002110005971647,-0.07488914785420396,0.3380083502728144,0.017057778174764397,0.2798367785607932,66.00418220589955,687,0.09607595663158595,2.8415818210988757,0.051617714953157,0.09893174241005424,45.84404478783487,1.4397547710147591,3,1.0,0.02178579631715408,1060.0,0.22266702915294825,0.22245020689703782,-0.00021682225591045483,0.6398000602341446,0.6473134727094383,0.007513412475293749,45.84404478783487,20.0,0.0075,0.992503748125937,0.337,0.5203825432449851,0.3553720877302362,0.24629629629629626,0.0,6.0,5.0,5.0,0.0,0.1111111111111111,1.0,V6E_INI|cPROBSgrande 25% · V6_INI|cWRgrande 25% · V6E_INI|cWRgrande 25%,t10 128 · t15 136 · t20 135 · t25 121 · t30 94 · t35 73,
MULTI_10a35,MULTI,comum,so_INI,maxdd,a_cada_2,450,0.37981765035737997,0.019455955593215238,0.6711262188450606,0.006644518272425249,0.30283177831763036,0.25220178565605095,0.3210270209228782,0.3664960120656695,0.5051817371904792,0.3314343396005824,0.42872300101840666,0.4304462818774148,170.9179426608209,782,0.2185651440675459,3.29732239892657,0.11518972196380557,0.2682558608812824,31.969405886453984,5.346297121312533,3,1.0,0.30283177831763036,1185.0,0.23011152767190338,0.23564622002479685,0.005534692352893493,0.6593286445045782,0.6832376563002343,0.023909011795656063,32.14507070863195,20.0,0.432,0.568215892053973,0.788,0.421566862515319,0.04174921215793903,0.5055555555555556,0.3333333333333333,6.0,12.0,10.0,0.0,0.0,1.0,V6_INI|cWRgrande 29% · V6E_INI|cWRgrande 27% · V6WR_INI|cWRgrande 16%,t10 146 · t15 161 · t20 150 · t25 128 · t30 112 · t35 85,True
MULTI_10a35,MULTI,comum,so_INI,maxdd,bloco_motor,450,0.22873957296564393,-0.0025934740757943327,0.4536554536508669,0.026578073089700997,0.35842868154610164,0.2143689986038768,0.38191869988394417,0.21002110005971647,0.09270857796753681,0.2842816133435167,0.017057778174764397,0.2798367785607932,102.9328078345398,687,0.14982941460631702,2.820858746030939,0.08108863064748975,0.16499100429361202,34.05663887710203,3.0224006604405886,3,1.0,0.1335176135316479,1057.0,0.22110623882471694,0.22358367822165784,0.0024774393969408813,0.6380204101735835,0.6508180432685307,0.012797633094947188,35.127125843744196,20.0,0.0535,0.9465267366316842,0.7165,0.3970330403588917,0.1397010207725422,0.3481481481481481,0.0,6.0,4.0,4.0,0.0,0.1111111111111111,1.0,V6_INI|cWRgrande 50% · V6E_INI|cWRgrande 25% · V6E_INI|bipro30 12%,t10 128 · t15 140 · t20 137 · t25 118 · t30 96 · t35 68,
MULTI_10a35,MULTI,comum,so_INI,seq_ruim,a_cada_2,450,0.32935679437899706,0.07564023422858354,0.6179417890050035,0.023255813953488372,0.2845889531150638,0.260947895852379,0.2723506356190272,0.36455778221376284,0.07012429677591168,0.2962525030517258,0.712747212637952,0.3073318187616431,148.21055747054862,740,0.200284537122363,3.3650271530867117,0.09787641507643728,0.2307896182787925,35.099078824420715,4.222633825005939,4,1.0,0.14210464741934514,1145.0,0.22742795529337717,0.23135405973952924,0.003926104446152076,0.6506120160865889,0.6701141790953035,0.01950216300871455,36.099078824420715,13.0,0.2715,0.7286356821589205,0.684,0.30646208115422113,-0.02289471322477593,0.4092592592592592,0.3333333333333333,6.0,10.0,6.0,0.0,0.0,1.0,V6WR_INI|cPROBSgrande 42% · V6E_INI|bipro35mais 28% · V6E_INI|cPROBSgrande 23%,t10 135 · t15 140 · t20 142 · t25 136 · t30 100 · t35 87,True
MULTI_10a35,MULTI,comum,so_INI,seq_ruim,bloco_motor,450,0.3799466814900603,0.09608478659110889,0.6488836118066308,0.009966777408637873,0.34753121380945107,0.19648155034875764,0.3999203797179316,0.3443899762732558,-0.07407238124922386,0.3018416132742893,0.8626152475223868,0.36083852633755115,170.9760066705271,655,0.26103207125271316,3.091081257064529,0.12291707978291058,0.3023785601666372,49.14097309765014,3.479296316146881,4,1.0,0.13102002480185773,1016.0,0.2214542430886974,0.22593836639185372,0.004484123303156302,0.6335162210236012,0.6497998750699633,0.01628365404636212,50.18210164084543,13.0,0.4325,0.5677161419290355,0.2605,0.23981525022113118,-0.18762476645518658,0.47962962962962963,0.3333333333333333,6.0,4.0,3.0,0.0,0.1111111111111111,1.0,V6WR_INI|cPROBSgrande 50% · V6E_INI|cPROBSgrande 25% · V6E_INI|bipro35mais 25%,t10 115 · t15 129 · t20 128 · t25 118 · t30 89 · t35 76,
MULTI_10a35,MULTI,comum,so_INI,brier_com_roi>=0,a_cada_2,450,0.4788147603253973,0.18415046604870916,0.8055211823048896,0.0033222591362126247,0.3682589612952848,0.21982884205174932,0.43541237424624,0.4424258051493418,0.388832628789626,0.40403496169825287,0.7780329764854947,0.339898680393374,215.46664214642877,710,0.30347414386820953,3.6318990241208717,0.13183592306542663,0.3359464115129393,43.4592154192697,4.957904556438252,4,1.0,0.2594493640970303,1109.0,0.22348970146885044,0.23383276379066834,0.010343062321817875,0.6409576731120321,0.6747678063197424,0.03381013320771027,43.45921541926968,16.0,0.7485,0.2518740629685157,0.4015,0.3004677751162109,-0.1783469852091864,0.6111111111111112,0.6666666666666666,6.0,29.0,10.0,0.0,0.0,0.9911111111111112,V6E_INI|cPROBSgrande 48% · V6E_INI|bisolo35mais 28% · TUDO_INI_CALR|bisolo30 10%,t10 126 · t15 141 · t20 134 · t25 125 · t30 97 · t35 87,True
MULTI_10a35,MULTI,comum,so_INI,brier_com_roi>=0,bloco_motor,450,0.3805504617058998,0.10296001583680588,0.6832847647216784,0.006644518272425249,0.22396966123632733,0.17097067853505246,0.41244639879054157,0.369148736000563,0.5404337009560273,0.4945419311556842,0.4236424860754894,0.2582047935344004,171.24770776765493,651,0.26305331454324876,3.288006465189954,0.1157389639390246,0.2799457115758066,35.151820002701086,4.871659781897385,3,1.0,0.22396966123632733,1022.0,0.22433006689588594,0.2332157283878299,0.008885661491943945,0.6392408642851191,0.6715791784503043,0.032338314165185254,36.18608524032564,16.0,0.4355,0.5647176411794103,0.682,0.31410019070256423,-0.11401907871657302,0.5481481481481482,0.3333333333333333,6.0,4.0,3.0,0.0,0.1111111111111111,1.0,V6E_INI|cPROBSgrande 50% · V6E_INI|bisolo35mais 38% · TUDO_INI_CALR|cPROBSgrande 12%,t10 112 · t15 134 · t20 118 · t25 119 · t30 91 · t35 77,
MULTI_10a35,MULTI,comum,so_INI,bsskill_t_ppg>=1_relaxar,a_cada_2,450,0.24986941482947786,-0.043083439042454395,0.49739570804083716,0.029900332225913623,0.11550923951865914,0.21328302883142697,0.5894276019903454,0.2946993676123273,-0.2492970853464457,0.29556275677087407,0.6110179908107619,0.30974683131144426,112.44123667326505,749,0.15012181131277044,3.2059365668371815,0.07793960036956897,0.16607671618466383,41.95141815642543,2.680272601369571,4,1.0,0.11550923951865912,1161.0,0.2177674297522322,0.22278648274202664,0.0050190529897944265,0.6274105439806653,0.646102079919004,0.018691535938338694,42.600401181063596,16.0,0.081,0.9190404797601199,0.442,0.5701587872934566,0.3202893724639787,0.38888888888888884,0.5,6.0,26.0,8.0,0.0,0.0,1.0,V6E_INI|cPROBSgrande 35% · V6E_INI|cWRgrande 28% · V6_INI|cPROBSgrande 14%,t10 132 · t15 153 · t20 139 · t25 128 · t30 107 · t35 90,True
MULTI_10a35,MULTI,comum,so_INI,bsskill_t_ppg>=1_relaxar,bloco_motor,450,0.2266890930362342,-0.04788995846957336,0.5199566841729455,0.053156146179401995,0.22396966123632733,0.17097067853505246,0.41244639879054157,0.369148736000563,-0.057107959939319386,0.3196570420702682,0.3288079879573407,0.29206115450321696,102.01009186630537,604,0.16889088057335327,2.939589553688048,0.07711589965062539,0.16411668010000904,52.31853855750182,1.9497886347530329,3,1.0,0.04213759558821896,957.0,0.2180603047667519,0.22217086804241729,0.004110563275665387,0.6284926667307352,0.6444694919161845,0.015976825185449347,53.35280379512637,21.0,0.0515,0.9485257371314343,0.199,0.5739367953700991,0.3189115657043357,0.37592592592592594,0.16666666666666666,6.0,5.0,5.0,0.0,0.1111111111111111,1.0,V6E_INI|cPROBSgrande 50% · TUDO_INI_CALR|bipro30 12% · TUDO_INI_CALR|bisolo 12%,t10 107 · t15 121 · t20 115 · t25 108 · t30 83 · t35 70,
MULTI_10a35,MULTI,comum,so_INI,ppg_nao_piorando_ou_nada,a_cada_2,450,0.3332216889202266,-0.09428668902193618,0.7385950751064684,0.04983388704318937,0.41395937508983116,0.28724747794180755,0.5160307104471813,0.4987013187065071,0.2169251528221266,0.534436950663943,0.145602674236965,0.39246224744596797,149.94976001410188,968,0.1549067768740722,4.142725143524068,0.08043538428831579,0.16880658553948238,53.684711197439555,2.793155754580153,11,1.0,0.18264758308251214,1515.0,0.21818828003113158,0.22247711195565037,0.004288831924518776,0.628829196568102,0.6492886824422349,0.02045948587413285,53.684711197439555,29.0,0.2865,0.7136431784107946,0.176,0.678189873195047,0.3449681842748204,0.3925925925925926,0.5,6.0,29.0,10.0,0.0,0.0,0.7111111111111111,V6E_INI 22% · V6E_INI|cPROBSgrande 19% · TUDO_INI_CALR|bisolo 19%,t10 173 · t15 196 · t20 188 · t25 163 · t30 130 · t35 118,True
MULTI_10a35,MULTI,comum,so_INI,ppg_nao_piorando_ou_nada,bloco_motor,450,0.20879482206541783,-0.08388531116693815,0.48738331048908456,0.06976744186046512,0.22396966123632733,0.17097067853505246,0.583050303263278,0.544273420098973,-0.057107959939319386,0.3196570420702682,0.07767986411593057,0.21381913379310127,93.95766992943794,770,0.12202294796030902,3.5624792535263077,0.05860941417658587,0.1202469695618371,67.66395431007336,1.3885926545006866,9,1.0,0.15587353190337658,1238.0,0.21225607279697156,0.21472035557718624,0.002464282780214673,0.6161524940131641,0.6289390854054018,0.012786591392237737,68.6982195476979,21.0,0.034,0.9660169915042479,0.0355,0.6599656548339392,0.4250714800103441,0.35555555555555557,0.16666666666666666,6.0,5.0,5.0,0.0,0.1111111111111111,0.75,V6E_INI|cPROBSgrande 25% · V6E_INI 25% · TUDO_INI_CALR|bisolo 25%,t10 142 · t15 155 · t20 147 · t25 135 · t30 101 · t35 90,
MULTI_10a35,MULTI,comum,so_INI,funcao_menor_vol,a_cada_2,450,0.2769963662594783,0.01593671187479908,0.5703953521997134,0.03986710963455149,0.1622149597744015,0.24158065359445477,0.5396976705304557,0.36329404568266344,-0.06428713606369485,0.2842886446118629,0.5277506740392895,0.27265559195557965,124.64836481676522,698,0.17857931922172668,3.0297764671132446,0.09142468735437735,0.19925376451752866,50.22810792570785,2.4816456355698686,5,1.0,0.1622149597744015,1068.0,0.22313337620361792,0.2284394575182781,0.005306081314660163,0.6398664213320943,0.6622818266120097,0.022415405279915514,51.779072877383946,18.0,0.1315,0.8685657171414293,0.236,-0.028599778776173156,-0.30559614503565147,0.3944444444444444,0.3333333333333333,6.0,14.0,6.0,0.0,0.0,1.0,V6E_INI|bisolo30 47% · V6E_INI|cWRgrande 15% · V6_INI|cWRgrande 15%,t10 128 · t15 141 · t20 138 · t25 120 · t30 95 · t35 76,True
MULTI_10a35,MULTI,comum,so_INI,funcao_menor_vol,bloco_motor,450,0.36417544807045976,0.15460077118252566,0.6542435651792101,0.0033222591362126247,0.35842868154610164,0.2143689986038768,0.6387475797616807,0.23651730454671935,-0.06535175980305408,0.2823078497955797,0.5277506740392895,0.27265559195557965,163.87895163170688,636,0.2576713075970234,3.0164222338862756,0.12073092552472872,0.28386520300210943,41.038134638021845,3.9933333490229592,5,1.0,0.27320859674425096,993.0,0.2152253790284102,0.22376452178636097,0.008539142757950764,0.6209600258915102,0.6448444904542691,0.023884464562758875,41.038134638021845,17.0,0.381,0.6191904047976012,0.466,-0.03998679431809296,-0.4496841733973602,0.4870370370370371,0.3333333333333333,6.0,3.0,3.0,0.0,0.1111111111111111,1.0,V6E_INI|bisolo30 50% · V6_INI|cWRgrande 25% · V6E_INI|cWRgrande 25%,t10 112 · t15 131 · t20 130 · t25 106 · t30 91 · t35 66,
MULTI_10a35,MULTI,comum,so_INI,ACASO (média das elegíveis),-,450,0.39941238567135157,0.15954580590960227,0.6406593171148739,0.0033222591362126247,0.42635778447882927,0.22248357267784394,0.4010631503276196,0.28132074682290376,0.29665108217446884,0.2660435706799306,0.4601048263007499,0.2464974086897504,179.73557355210818,927,0.19372464544963217,2.8612559854447372,0.13959337707047878,0.33289568898323524,30.422888150327864,5.90790633236349,9,1.0,0.25756835116383164,,,,,,,,,,0.507,0.49325337331334335,0.8375,,,,,,,,,,,,,
MULTI_10a35,MULTI,comum,so_INI,FIXO_RETROSPECTO (V6E_INI) — ENVIESADO,-,450,0.6165779394457157,0.22892890371705815,1.075256017304477,0.006644518272425249,0.6726579004058515,0.38056536569661026,0.583050303263278,0.544273420098973,0.2851067465278251,0.5079338392727163,0.897456827105841,0.42132266808073177,277.4600727505722,1540,0.18016887840946247,4.52496025186577,0.13626151504678588,0.3123086400439982,53.973617471321745,5.140661044222158,14,1.0,0.36417645846145896,2415.0,0.21902401209723374,0.22377047666124036,0.004746464564006618,0.6300596341481643,0.6501694067042133,0.02010977255604896,55.007882708946426,16.0,0.9725,0.02798600699650175,0.1725,,,,,,,,,,,,,
MULTI_10a35,MULTI,comum,so_INI,"BASE_V6_MOM (fixo, sem flag)",-,450,0.5346785248374307,0.1748433583279554,0.8923874900109667,0.0033222591362126247,0.6534723306574425,0.30358845275765795,0.3092978392140299,0.4322100998132575,0.5205825236613218,0.46347251596926115,0.5959645029069223,0.4019063211817317,240.6053361768436,1562,0.1540367068993877,4.514827354926051,0.11842723603905965,0.25538745813554303,65.81392820680583,3.6558422013771024,9,1.0,0.14441486625131209,2415.0,0.22340858586309767,0.22377047666124036,0.00036189079814267865,0.6429454625315041,0.6501694067042133,0.007223944172709205,66.85505675000114,15.0,0.881,0.11944027986006997,0.0455,,,,,,,,,,,,,
MULTI_10a35,MULTI,comum,so_INI,FIXO_TUDO_INI (sem flag),-,450,0.3069779126224684,0.01081886253050636,0.614281486476657,0.029900332225913623,0.0,0.0,0.2766735260418484,0.3377357089286528,0.306823549006525,0.4299733762409223,0.7979035317527344,0.5056927781811549,138.14006068011082,1016,0.1359646266536524,3.903530330028531,0.07864109835678532,0.1654582947778969,56.305705235192725,2.453393667712543,7,0.6666666666666666,0.0,1508.0,0.22658588821728462,0.22315742731633906,-0.003428460900945556,0.645263776931139,0.6471551492364742,0.0018913723053351646,57.305705235192704,28.0,0.204,0.7961019490254873,0.1385,,,,,,,,,,,,,
MULTI_10a35,MULTI,comum,so_INI,FIXO_TUDO_INI_CALR (sem flag),-,450,0.46173384981776777,-0.05235455296959529,0.9490862008710388,0.04318936877076412,0.0,0.0,0.6941684608806564,0.6343456274272109,0.34445120646929456,0.6681989964359479,1.0391826568300042,0.6841135502338421,207.78023241799553,986,0.21073045884178046,5.069467472374648,0.09108133198090758,0.19530966066470998,74.271333897014,2.797583152419309,10,0.6666666666666666,0.0,1508.0,0.2170853007727562,0.22315742731633906,0.006072126543582856,0.6239120387814127,0.6471551492364742,0.02324311045506159,74.27133389701397,30.0,0.7005,0.29985007496251875,0.015,,,,,,,,,,,,,
MULTI_10a35,MULTI,comum,so_INI,FIXO_V6E_INI (sem flag),-,450,0.6165779394457157,0.22892890371705815,1.075256017304477,0.006644518272425249,0.6726579004058515,0.38056536569661026,0.583050303263278,0.544273420098973,0.2851067465278251,0.5079338392727163,0.897456827105841,0.42132266808073177,277.4600727505722,1540,0.18016887840946247,4.52496025186577,0.13626151504678588,0.3123086400439982,53.973617471321745,5.140661044222158,14,1.0,0.36417645846145896,2415.0,0.21902401209723374,0.22377047666124036,0.004746464564006618,0.6300596341481643,0.6501694067042133,0.02010977255604896,55.007882708946426,16.0,0.9725,0.02798600699650175,0.1725,,,,,,,,,,,,,
MULTI_10a35,MULTI,comum,so_INI,FIXO_V6WR_INI (sem flag),-,450,0.5144567692334964,0.09086965168850308,0.9261049255918898,0.009966777408637873,0.6809103105578477,0.3104523942468576,0.2589791057213153,0.40040644437792333,0.3654472952411632,0.42570472876203735,0.6692635947514836,0.4551099106986418,231.5055461550733,1575,0.14698764835242747,4.508935741242374,0.11409716144939892,0.2497464839015966,62.71580951073044,3.691342708658868,9,1.0,0.08607912704946495,2415.0,0.22314813262205443,0.22377047666124036,0.000622344039185926,0.6421255526815696,0.6501694067042133,0.008043854022643702,63.75693805392575,15.0,0.833,0.16741629185407297,0.0665,,,,,,,,,,,,,
MULTI_10a35,MULTI,comum,so_INI,FIXO_V6_INI (sem flag),-,450,0.5153108692246785,0.149207879120657,0.8654011110926356,0.0033222591362126247,0.6839277691373059,0.30856421956238106,0.2730995403156246,0.3917647493811425,0.34798192014374296,0.41465575082780054,0.6719257973457268,0.4547503012012918,231.88989115110522,1579,0.146858702438952,4.5133565347963085,0.11417464258624871,0.2505755897596471,62.64083175727434,3.701896744437407,9,1.0,0.09599260180204529,2415.0,0.2231027793703854,0.22377047666124036,0.0006676972908549532,0.641997535542296,0.6501694067042133,0.008171871161917282,63.681960300469655,15.0,0.8345,0.16591704147926037,0.0665,,,,,,,,,,,,,
MULTI_10a35,MULTI,comum,so_INI,FAVORITO (todos os jogos),-,450,-0.4684409303618407,-0.7921291580363877,-0.18430796371999233,0.9966777408637874,-0.2907225859390736,0.277543160819841,-0.47331391098865966,0.35888368365664164,-0.37421102347852736,0.32245892419322814,-0.824375373252486,0.3606324624792771,-210.79841866282845,2374,-0.0887946161174509,3.077783888246736,-0.15220072213344674,-0.17128062327841054,227.27050195834912,-0.9275221238410455,5,0.0,-0.6901822656068723,,,,,,,,,,0.0,1.0,0.0,,,,,,,,,,,,,
MULTI_10a35,MULTI,comum,so_INI,ZEBRA (todos os jogos),-,450,0.45700316135269253,-0.24041823443185178,1.0436086302873508,0.0664451827242525,0.2691419569728438,0.586442085288367,0.5668527026256767,0.709240377119834,0.05441007546352939,0.6986280772404193,1.031538512538645,0.7586070025802805,205.65142260871164,1990,0.10334242342146313,6.814273475996747,0.06706557389609978,0.1340104171443158,93.69834513775429,2.1948244902977225,13,1.0,0.26914195697284365,,,,,,,,,,0.683,0.3173413293353323,0.0005,,,,,,,,,,,,,
MULTI_10a35,MULTI,comum,so_INI,VIG_MERCADO (dutching: perde a margem 1/S − 1),-,450,-0.18854996404759378,-0.19981436979398218,-0.17571198354945158,1.0,-0.1894393668437526,0.009969762611049487,-0.1761825000934097,0.01706813732215408,-0.19157529308939875,0.014758485509023396,-0.19655799476573457,0.01211846310746499,-84.84748382141727,2374,-0.035740304895289496,0.13178658406085086,-1.4307219918571765,-0.8261343751290293,84.84748382141727,-1.0,45,0.0,-0.1894393668437526,,,,,,,,,,0.0,1.0,0.0005,,,,,,,,,,,,,
